FEHM V3.4.0lbUbuntu16 24-03-17   05/06/2025    14:11:09

Copyright  2015.   Los Alamos National Security, LLC.  This material was
produced under U.S. Government contract DE-AC52-06NA25396 for Los Alamos
National  Laboratory  (LANL),  which is operated by  Los Alamos National
Security, LLC  for the U. S. Department of Energy.  The U. S. Government
has rights to use, reproduce, and distribute this software.  Neither the
U. S. Government nor Los Alamos National Security, LLC or persons acting
on their behalf,  make any warranty,  express or implied, or assumes any
liability for the accuracy, completeness, or usefulness of the software,
any information pertaining to the software,  or  represents that its use
would not infringe privately owned rights.

The  software  being licensed  may  be Export Controlled.  It may not be
distributed  or  used by individuals  or entities prohibited from having
access to the software package, pursuant to United States export control
laws and regulations. An export control review and determination must be
completed before LANS will provide access to the identified Software.

 n0 =       532436

 "Earth gravity; 100 km x 100 km x 100 km box; uniform properites (aka 1 layer); 



 File purpose - Variable - Unit number - File name

    control       - iocntl -  1 - fehmn.files                                                                                         
    input         - inpt   - 11 - eu_p15un_cold_ft.dat                                                                                
    geometry      - incoor - 12 - eu_p15un_cold_ft.fehm                                                                               
    zone          - inzone - 13 - eu_p15un_cold_ft_material.zone                                                                      
    output        - iout   - 14 - eu_p15un_cold_ft.out                                                                                
    initial state - iread  -  0 - not using                                                                                           
    final state   - isave  - 16 - eu_p15un_cold_ft.fin                                                                                
    time history  - ishis  - 17 - eu_p15un_cold_ft.hist                                                                               
    time his.(tr) - istrc  -  0 - not using                                                                                           
    contour plot  - iscon  -  0 - not using                                                                                           
    con plot (dp) - iscon1 -  0 - not using                                                                                           
    fe coef stor  - isstor - 21 - eu_p15un_cold_ft.stor                                                                               
    input check   - ischk  - 22 - eu_p15un_cold_ft.chk                                                                                
 Value provided to subroutine user: not using

 **** input title : coor **** incoor =  12 ****
 **** input title : elem **** incoor =  12 ****
 **** input title : stop **** incoor =  12 ****
 **** input title : zone **** inzone =  13 ****
 **** input title : stop **** inzone =  13 ****
 **** input title : cont **** inpt =  11 ****
 **** contour format defined  : avs  ****
 **** input title : sol  **** inpt =  11 ****
 **** input title : node **** inpt =  11 ****
 **** input title : eos  **** inpt =  11 ****
 **** input title : pres **** inpt =  11 ****
 **** input title : flow **** inpt =  11 ****
 **** input title : perm **** inpt =  11 ****
 **** input title : rock **** inpt =  11 ****
 **** input title : cond **** inpt =  11 ****
 **** input title : ppor **** inpt =  11 ****
 **** input title : hflx **** inpt =  11 ****
 **** input title : time **** inpt =  11 ****
 **** input title : ctrl **** inpt =  11 ****
 **** input title : stop **** inpt =  11 ****
 !!!!!!!!!!!!!!!!!!!!!!!!!!!!!!!!!!!!!!!
 Coefficients read from file eu_p15un_cold_ft.stor
 !!!!!!!!!!!!!!!!!!!!!!!!!!!!!!!!!!!!!!!

 storage for geometric coefficients         19 in common(nr)         19
 gmres method chosen 
 >>>reading nop from file nop.temp .....
 >>>reading nop was succesful .....

 storage needed for ncon        4892943 available    4892943
 storage needed for nop         8748543 available    8748543
 storage needed for a matrix   17442024 available   17442024
 storage needed for b matrix   32864424 available   59688428
 storage for acceleration  27686672 available   27686672
 storage available for b matrix resized to   32864424<<<<<<


 time for reading input, forming coefficients   9.13    



 **** analysis of input data on file eu_p15un_cold_ft.chk             ****

*********************************************************************
 Time Step         1

                    Timing Information
           Years              Days         Step Size (Days)
     0.273785079E-06     0.100000000E-03    0.100000000E-03
 Cpu Sec for Time Step =   1.811     Current Total =     1.827    

                    Equation Performance
 Number of N-R Iterations:          2
 Avg # of Linear Equation Solver Iterations:   1.0
 Number of Active Nodes:    532436.
 Total Number of Iterations, N-R:          2 , Solver:          2
 Phase Changes This Time Step:        0 Total           0
 Nodes Liq Phase:   532436 change        0
 Nodes Two Phase:        0 change        0
 Nodes Gas Phase:         0 change        0
 Nodes SC Phase:        0 change        0
 Number of restarted time steps            0
                    Largest Residuals
 EQ1 R=  0.4659E-06 node= 266236 zone=     4 x= 0.000     y= 0.000     z=0.2500E+05
 EQ2 R=  0.7843E-07 node= 266236 zone=     4 x= 0.000     y= 0.000     z=0.2500E+05
   Node   Equation 1 Residual   Equation 2 Residual
 266236      0.465887E-06           0.784270E-07
 266234      0.403109E-12           0.146754E-14
 266231      0.144815E-18           0.116183E-17
 266226      0.402895E-12          -0.190132E-15
 266221      0.402796E-12          -0.984756E-15
 266210      0.403036E-12           0.940056E-15
 266201     -0.135101E-11          -0.278236E-12

                    Nodal Information (Water)
                                                  source/sink  E source/sink
   Node   P (MPa)    E (MJ)    L sat     Temp (C)    (kg/s)       (MJ/s)
 266236    29.24     0.698E-01  1.00        2.000  0.8090E+06  0.565E+05
 266234    29.25     0.659E-01  1.00        2.000   0.000       0.00    
 266231    29.25     0.633E-01  1.00        2.000   0.000       0.00    
 266226    29.25     0.568E-01  1.00        2.000   0.000       0.00    
 266221    29.25     0.503E-01  1.00        2.000   0.000       0.00    
 266210    29.25     0.282E-01  1.00        2.000   0.000       0.00    
 266201    29.25     0.481E-02  1.00        2.000   0.000      0.643E-04

                    Global Mass & Energy Balances
 Total mass in system at this time:            0.152098E+18 kg
 Total mass of steam in system at this time:   0.000000E+00 kg
 Total enthalpy in system at this time:        0.277171E+16 MJ

 Water discharge this time step:   0.698970E+07 kg (0.808993E+06 kg/s)
 Water input this time step:       0.000000E+00 kg (0.000000E+00 kg/s)
 Total water discharge:            0.698970E+07 kg (0.808993E+06 kg/s)
 Total water input:                0.000000E+00 kg (0.000000E+00 kg/s)

 Enthalpy discharge this time step:  0.487736E+06 MJ (0.564509E+05 MJ/s)
 Enthalpy input this time step:      0.147877E+01 MJ (0.171154E+00 MJ/s)
 Total enthalpy discharge:           0.487736E+06 MJ (0.564509E+05 MJ/s)
 Total enthalpy input:               0.147877E+01 MJ (0.171154E+00 MJ/s)

 Net kg water discharge (total out-total in):   0.698970E+07
 Net MJ energy discharge (total out-total in):   0.487734E+06
 Conservation Errors:   0.129575E-02 (mass),   0.138840E-02 (energy)

 Enthalpy discharge this time step:  0.581916E+06 MJ (0.561261E+05 MJ/s)
 Enthalpy input this time step:      0.390142E+01 MJ (0.376294E+00 MJ/s)
 Total enthalpy discharge:           0.106965E+07 MJ (0.562738E+05 MJ/s)
 Total enthalpy input:               0.538019E+01 MJ (0.283049E+00 MJ/s)

 Water discharge this time step:   0.834423E+07 kg (0.804806E+06 kg/s)
 Water input this time step:       0.000000E+00 kg (0.000000E+00 kg/s)
 Total water discharge:            0.153339E+08 kg (0.806709E+06 kg/s)
 Total water input:                0.000000E+00 kg (0.000000E+00 kg/s)

 Enthalpy discharge this time step:  0.581916E+06 MJ (0.561261E+05 MJ/s)
 Enthalpy input this time step:      0.390142E+01 MJ (0.376294E+00 MJ/s)
 Total enthalpy discharge:           0.106965E+07 MJ (0.562738E+05 MJ/s)
 Total enthalpy input:               0.538019E+01 MJ (0.283049E+00 MJ/s)

 Enthalpy discharge this time step:  0.693483E+06 MJ (0.557391E+05 MJ/s)
 Enthalpy input this time step:      0.774032E+01 MJ (0.622132E+00 MJ/s)
 Total enthalpy discharge:           0.176313E+07 MJ (0.560622E+05 MJ/s)
 Total enthalpy input:               0.131205E+02 MJ (0.417192E+00 MJ/s)

 Water discharge this time step:   0.995095E+07 kg (0.799813E+06 kg/s)
 Water input this time step:       0.000000E+00 kg (0.000000E+00 kg/s)
 Total water discharge:            0.252849E+08 kg (0.803981E+06 kg/s)
 Total water input:                0.000000E+00 kg (0.000000E+00 kg/s)

 Enthalpy discharge this time step:  0.693483E+06 MJ (0.557391E+05 MJ/s)
 Enthalpy input this time step:      0.774032E+01 MJ (0.622132E+00 MJ/s)
 Total enthalpy discharge:           0.176313E+07 MJ (0.560622E+05 MJ/s)
 Total enthalpy input:               0.131205E+02 MJ (0.417192E+00 MJ/s)

 Enthalpy discharge this time step:  0.825300E+06 MJ (0.552783E+05 MJ/s)
 Enthalpy input this time step:      0.136853E+02 MJ (0.916634E+00 MJ/s)
 Total enthalpy discharge:           0.258843E+07 MJ (0.558099E+05 MJ/s)
 Total enthalpy input:               0.268058E+02 MJ (0.577966E+00 MJ/s)

 Water discharge this time step:   0.118523E+08 kg (0.793865E+06 kg/s)
 Water input this time step:       0.000000E+00 kg (0.000000E+00 kg/s)
 Total water discharge:            0.371372E+08 kg (0.800724E+06 kg/s)
 Total water input:                0.000000E+00 kg (0.000000E+00 kg/s)

 Enthalpy discharge this time step:  0.825300E+06 MJ (0.552783E+05 MJ/s)
 Enthalpy input this time step:      0.136853E+02 MJ (0.916634E+00 MJ/s)
 Total enthalpy discharge:           0.258843E+07 MJ (0.558099E+05 MJ/s)
 Total enthalpy input:               0.268058E+02 MJ (0.577966E+00 MJ/s)

 Enthalpy discharge this time step:  0.980549E+06 MJ (0.547307E+05 MJ/s)
 Enthalpy input this time step:      0.227410E+02 MJ (0.126932E+01 MJ/s)
 Total enthalpy discharge:           0.356898E+07 MJ (0.555091E+05 MJ/s)
 Total enthalpy input:               0.495468E+02 MJ (0.770612E+00 MJ/s)

 Water discharge this time step:   0.140961E+08 kg (0.786792E+06 kg/s)
 Water input this time step:       0.000000E+00 kg (0.000000E+00 kg/s)
 Total water discharge:            0.512333E+08 kg (0.796842E+06 kg/s)
 Total water input:                0.000000E+00 kg (0.000000E+00 kg/s)

 Enthalpy discharge this time step:  0.980549E+06 MJ (0.547307E+05 MJ/s)
 Enthalpy input this time step:      0.227410E+02 MJ (0.126932E+01 MJ/s)
 Total enthalpy discharge:           0.356898E+07 MJ (0.555091E+05 MJ/s)
 Total enthalpy input:               0.495468E+02 MJ (0.770612E+00 MJ/s)

 Enthalpy discharge this time step:  0.116269E+07 MJ (0.540811E+05 MJ/s)
 Enthalpy input this time step:      0.363663E+02 MJ (0.169153E+01 MJ/s)
 Total enthalpy discharge:           0.473168E+07 MJ (0.551513E+05 MJ/s)
 Total enthalpy input:               0.859131E+02 MJ (0.100138E+01 MJ/s)

 Water discharge this time step:   0.167348E+08 kg (0.778395E+06 kg/s)
 Water input this time step:       0.000000E+00 kg (0.000000E+00 kg/s)
 Total water discharge:            0.679681E+08 kg (0.792219E+06 kg/s)
 Total water input:                0.000000E+00 kg (0.000000E+00 kg/s)

 Enthalpy discharge this time step:  0.116269E+07 MJ (0.540811E+05 MJ/s)
 Enthalpy input this time step:      0.363663E+02 MJ (0.169153E+01 MJ/s)
 Total enthalpy discharge:           0.473168E+07 MJ (0.551513E+05 MJ/s)
 Total enthalpy input:               0.859131E+02 MJ (0.100138E+01 MJ/s)

 Enthalpy discharge this time step:  0.137540E+07 MJ (0.533124E+05 MJ/s)
 Enthalpy input this time step:      0.566726E+02 MJ (0.219671E+01 MJ/s)
 Total enthalpy discharge:           0.610708E+07 MJ (0.547262E+05 MJ/s)
 Total enthalpy input:               0.142586E+03 MJ (0.127773E+01 MJ/s)

 Water discharge this time step:   0.198251E+08 kg (0.768447E+06 kg/s)
 Water input this time step:       0.000000E+00 kg (0.000000E+00 kg/s)
 Total water discharge:            0.877932E+08 kg (0.786724E+06 kg/s)
 Total water input:                0.000000E+00 kg (0.000000E+00 kg/s)

 Enthalpy discharge this time step:  0.137540E+07 MJ (0.533124E+05 MJ/s)
 Enthalpy input this time step:      0.566726E+02 MJ (0.219671E+01 MJ/s)
 Total enthalpy discharge:           0.610708E+07 MJ (0.547262E+05 MJ/s)
 Total enthalpy input:               0.142586E+03 MJ (0.127773E+01 MJ/s)

 Enthalpy discharge this time step:  0.162239E+07 MJ (0.524051E+05 MJ/s)
 Enthalpy input this time step:      0.867094E+02 MJ (0.280081E+01 MJ/s)
 Total enthalpy discharge:           0.772947E+07 MJ (0.542221E+05 MJ/s)
 Total enthalpy input:               0.229295E+03 MJ (0.160850E+01 MJ/s)

 Water discharge this time step:   0.234262E+08 kg (0.756692E+06 kg/s)
 Water input this time step:       0.000000E+00 kg (0.000000E+00 kg/s)
 Total water discharge:            0.111219E+09 kg (0.780202E+06 kg/s)
 Total water input:                0.000000E+00 kg (0.000000E+00 kg/s)

 Enthalpy discharge this time step:  0.162239E+07 MJ (0.524051E+05 MJ/s)
 Enthalpy input this time step:      0.867094E+02 MJ (0.280081E+01 MJ/s)
 Total enthalpy discharge:           0.772947E+07 MJ (0.542221E+05 MJ/s)
 Total enthalpy input:               0.229295E+03 MJ (0.160850E+01 MJ/s)

 Enthalpy discharge this time step:  0.190722E+07 MJ (0.513378E+05 MJ/s)
 Enthalpy input this time step:      0.130871E+03 MJ (0.352272E+01 MJ/s)
 Total enthalpy discharge:           0.963669E+07 MJ (0.536258E+05 MJ/s)
 Total enthalpy input:               0.360166E+03 MJ (0.200423E+01 MJ/s)

 Water discharge this time step:   0.275970E+08 kg (0.742844E+06 kg/s)
 Water input this time step:       0.000000E+00 kg (0.000000E+00 kg/s)
 Total water discharge:            0.138816E+09 kg (0.772479E+06 kg/s)
 Total water input:                0.000000E+00 kg (0.000000E+00 kg/s)

 Enthalpy discharge this time step:  0.190722E+07 MJ (0.513378E+05 MJ/s)
 Enthalpy input this time step:      0.130871E+03 MJ (0.352272E+01 MJ/s)
 Total enthalpy discharge:           0.963669E+07 MJ (0.536258E+05 MJ/s)
 Total enthalpy input:               0.360166E+03 MJ (0.200423E+01 MJ/s)

 Enthalpy discharge this time step:  0.223291E+07 MJ (0.500872E+05 MJ/s)
 Enthalpy input this time step:      0.195472E+03 MJ (0.438469E+01 MJ/s)
 Total enthalpy discharge:           0.118696E+08 MJ (0.529224E+05 MJ/s)
 Total enthalpy input:               0.555638E+03 MJ (0.247739E+01 MJ/s)

 Water discharge this time step:   0.323918E+08 kg (0.726591E+06 kg/s)
 Water input this time step:       0.000000E+00 kg (0.000000E+00 kg/s)
 Total water discharge:            0.171208E+09 kg (0.763357E+06 kg/s)
 Total water input:                0.000000E+00 kg (0.000000E+00 kg/s)

 Enthalpy discharge this time step:  0.223291E+07 MJ (0.500872E+05 MJ/s)
 Enthalpy input this time step:      0.195472E+03 MJ (0.438469E+01 MJ/s)
 Total enthalpy discharge:           0.118696E+08 MJ (0.529224E+05 MJ/s)
 Total enthalpy input:               0.555638E+03 MJ (0.247739E+01 MJ/s)
*********************************************************************
 Time Step        11

                    Timing Information
           Years              Days         Step Size (Days)
     0.880230487E-05     0.321504185E-02    0.619173642E-03
 Cpu Sec for Time Step =   1.768     Current Total =     19.91    

                    Equation Performance
 Number of N-R Iterations:          2
 Avg # of Linear Equation Solver Iterations:   1.0
 Number of Active Nodes:    532436.
 Total Number of Iterations, N-R:         22 , Solver:         22
 Phase Changes This Time Step:        0 Total           0
 Nodes Liq Phase:   532436 change        0
 Nodes Two Phase:        0 change        0
 Nodes Gas Phase:         0 change        0
 Nodes SC Phase:        0 change        0
 Number of restarted time steps            0
                    Largest Residuals
 EQ1 R=  0.1561E-05 node= 266236 zone=     4 x= 0.000     y= 0.000     z=0.2500E+05
 EQ2 R=  0.3394E-06 node= 266236 zone=     4 x= 0.000     y= 0.000     z=0.2500E+05
   Node   Equation 1 Residual   Equation 2 Residual
 266236      0.156144E-05           0.339449E-06
 266234      0.242838E-13           0.119480E-15
 266231      0.403282E-12           0.292076E-14
 266226     -0.403122E-12          -0.163619E-14
 266221      0.116158E-15           0.923002E-15
 266210      0.115286E-15           0.923000E-15
 266201     -0.108514E-10          -0.171847E-11

                    Nodal Information (Water)
                                                  source/sink  E source/sink
   Node   P (MPa)    E (MJ)    L sat     Temp (C)    (kg/s)       (MJ/s)
 266236    28.83     0.694E-01  1.00        2.000  0.7076E+06  0.486E+05
 266234    29.25     0.659E-01  1.00        2.000   0.000       0.00    
 266231    29.25     0.633E-01  1.00        2.000   0.000       0.00    
 266226    29.25     0.568E-01  1.00        2.000   0.000       0.00    
 266221    29.25     0.503E-01  1.00        2.000   0.000       0.00    
 266210    29.25     0.282E-01  1.00        2.000   0.000       0.00    
 266201    29.25     0.481E-02  1.00        2.000   0.000      0.204E-02

                    Global Mass & Energy Balances
 Total mass in system at this time:            0.152098E+18 kg
 Total mass of steam in system at this time:   0.000000E+00 kg
 Total enthalpy in system at this time:        0.277171E+16 MJ

 Water discharge this time step:   0.378540E+08 kg (0.707596E+06 kg/s)
 Water input this time step:       0.000000E+00 kg (0.000000E+00 kg/s)
 Total water discharge:            0.209062E+09 kg (0.752619E+06 kg/s)
 Total water input:                0.000000E+00 kg (0.000000E+00 kg/s)

 Enthalpy discharge this time step:  0.260147E+07 MJ (0.486286E+05 MJ/s)
 Enthalpy input this time step:      0.289570E+03 MJ (0.541287E+01 MJ/s)
 Total enthalpy discharge:           0.144711E+08 MJ (0.520955E+05 MJ/s)
 Total enthalpy input:               0.845208E+03 MJ (0.304273E+01 MJ/s)

 Net kg water discharge (total out-total in):   0.209062E+09
 Net MJ energy discharge (total out-total in):   0.144702E+08
 Conservation Errors:   0.292412E-04 (mass),   0.114401E-02 (energy)

 Enthalpy discharge this time step:  0.301316E+07 MJ (0.469370E+05 MJ/s)
 Enthalpy input this time step:      0.426122E+03 MJ (0.663784E+01 MJ/s)
 Total enthalpy discharge:           0.174842E+08 MJ (0.511271E+05 MJ/s)
 Total enthalpy input:               0.127133E+04 MJ (0.371760E+01 MJ/s)

 Water discharge this time step:   0.440072E+08 kg (0.685514E+06 kg/s)
 Water input this time step:       0.000000E+00 kg (0.000000E+00 kg/s)
 Total water discharge:            0.253069E+09 kg (0.740022E+06 kg/s)
 Total water input:                0.000000E+00 kg (0.000000E+00 kg/s)

 Enthalpy discharge this time step:  0.301316E+07 MJ (0.469370E+05 MJ/s)
 Enthalpy input this time step:      0.426122E+03 MJ (0.663784E+01 MJ/s)
 Total enthalpy discharge:           0.174842E+08 MJ (0.511271E+05 MJ/s)
 Total enthalpy input:               0.127133E+04 MJ (0.371760E+01 MJ/s)

 Enthalpy discharge this time step:  0.346566E+07 MJ (0.449880E+05 MJ/s)
 Enthalpy input this time step:      0.623613E+03 MJ (0.809517E+01 MJ/s)
 Total enthalpy discharge:           0.209499E+08 MJ (0.499985E+05 MJ/s)
 Total enthalpy input:               0.189494E+04 MJ (0.452242E+01 MJ/s)

 Water discharge this time step:   0.508433E+08 kg (0.660002E+06 kg/s)
 Water input this time step:       0.000000E+00 kg (0.000000E+00 kg/s)
 Total water discharge:            0.303913E+09 kg (0.725310E+06 kg/s)
 Total water input:                0.000000E+00 kg (0.000000E+00 kg/s)

 Enthalpy discharge this time step:  0.346566E+07 MJ (0.449880E+05 MJ/s)
 Enthalpy input this time step:      0.623613E+03 MJ (0.809517E+01 MJ/s)
 Total enthalpy discharge:           0.209499E+08 MJ (0.499985E+05 MJ/s)
 Total enthalpy input:               0.189494E+04 MJ (0.452242E+01 MJ/s)

 Enthalpy discharge this time step:  0.395285E+07 MJ (0.427602E+05 MJ/s)
 Enthalpy input this time step:      0.908337E+03 MJ (0.982601E+01 MJ/s)
 Total enthalpy discharge:           0.249027E+08 MJ (0.486902E+05 MJ/s)
 Total enthalpy input:               0.280328E+04 MJ (0.548101E+01 MJ/s)

 Water discharge this time step:   0.583073E+08 kg (0.630744E+06 kg/s)
 Water input this time step:       0.000000E+00 kg (0.000000E+00 kg/s)
 Total water discharge:            0.362220E+09 kg (0.708218E+06 kg/s)
 Total water input:                0.000000E+00 kg (0.000000E+00 kg/s)

 Enthalpy discharge this time step:  0.395285E+07 MJ (0.427602E+05 MJ/s)
 Enthalpy input this time step:      0.908337E+03 MJ (0.982601E+01 MJ/s)
 Total enthalpy discharge:           0.249027E+08 MJ (0.486902E+05 MJ/s)
 Total enthalpy input:               0.280328E+04 MJ (0.548101E+01 MJ/s)

 Enthalpy discharge this time step:  0.446357E+07 MJ (0.402375E+05 MJ/s)
 Enthalpy input this time step:      0.131757E+04 MJ (0.118775E+02 MJ/s)
 Total enthalpy discharge:           0.293663E+08 MJ (0.471836E+05 MJ/s)
 Total enthalpy input:               0.412085E+04 MJ (0.662108E+01 MJ/s)

 Water discharge this time step:   0.662795E+08 kg (0.597486E+06 kg/s)
 Water input this time step:       0.000000E+00 kg (0.000000E+00 kg/s)
 Total water discharge:            0.428499E+09 kg (0.688482E+06 kg/s)
 Total water input:                0.000000E+00 kg (0.000000E+00 kg/s)

 Enthalpy discharge this time step:  0.446357E+07 MJ (0.402375E+05 MJ/s)
 Enthalpy input this time step:      0.131757E+04 MJ (0.118775E+02 MJ/s)
 Total enthalpy discharge:           0.293663E+08 MJ (0.471836E+05 MJ/s)
 Total enthalpy input:               0.412085E+04 MJ (0.662108E+01 MJ/s)

 Enthalpy discharge this time step:  0.498021E+07 MJ (0.374124E+05 MJ/s)
 Enthalpy input this time step:      0.190396E+04 MJ (0.143030E+02 MJ/s)
 Total enthalpy discharge:           0.343465E+08 MJ (0.454620E+05 MJ/s)
 Total enthalpy input:               0.602482E+04 MJ (0.797461E+01 MJ/s)

 Water discharge this time step:   0.745554E+08 kg (0.560076E+06 kg/s)
 Water input this time step:       0.000000E+00 kg (0.000000E+00 kg/s)
 Total water discharge:            0.503055E+09 kg (0.665857E+06 kg/s)
 Total water input:                0.000000E+00 kg (0.000000E+00 kg/s)

 Enthalpy discharge this time step:  0.498021E+07 MJ (0.374124E+05 MJ/s)
 Enthalpy input this time step:      0.190396E+04 MJ (0.143030E+02 MJ/s)
 Total enthalpy discharge:           0.343465E+08 MJ (0.454620E+05 MJ/s)
 Total enthalpy input:               0.602482E+04 MJ (0.797461E+01 MJ/s)

 Enthalpy discharge this time step:  0.547749E+07 MJ (0.342900E+05 MJ/s)
 Enthalpy input this time step:      0.274152E+04 MJ (0.171624E+02 MJ/s)
 Total enthalpy discharge:           0.398240E+08 MJ (0.435121E+05 MJ/s)
 Total enthalpy input:               0.876634E+04 MJ (0.957818E+01 MJ/s)

 Water discharge this time step:   0.828275E+08 kg (0.518515E+06 kg/s)
 Water input this time step:       0.000000E+00 kg (0.000000E+00 kg/s)
 Total water discharge:            0.585882E+09 kg (0.640141E+06 kg/s)
 Total water input:                0.000000E+00 kg (0.000000E+00 kg/s)

 Enthalpy discharge this time step:  0.547749E+07 MJ (0.342900E+05 MJ/s)
 Enthalpy input this time step:      0.274152E+04 MJ (0.171624E+02 MJ/s)
 Total enthalpy discharge:           0.398240E+08 MJ (0.435121E+05 MJ/s)
 Total enthalpy input:               0.876634E+04 MJ (0.957818E+01 MJ/s)

 Enthalpy discharge this time step:  0.592169E+07 MJ (0.308923E+05 MJ/s)
 Enthalpy input this time step:      0.393375E+04 MJ (0.205216E+02 MJ/s)
 Total enthalpy discharge:           0.457457E+08 MJ (0.413267E+05 MJ/s)
 Total enthalpy input:               0.127001E+05 MJ (0.114733E+02 MJ/s)

 Water discharge this time step:   0.906718E+08 kg (0.473018E+06 kg/s)
 Water input this time step:       0.000000E+00 kg (0.000000E+00 kg/s)
 Total water discharge:            0.676554E+09 kg (0.611200E+06 kg/s)
 Total water input:                0.000000E+00 kg (0.000000E+00 kg/s)

 Enthalpy discharge this time step:  0.592169E+07 MJ (0.308923E+05 MJ/s)
 Enthalpy input this time step:      0.393375E+04 MJ (0.205216E+02 MJ/s)
 Total enthalpy discharge:           0.457457E+08 MJ (0.413267E+05 MJ/s)
 Total enthalpy input:               0.127001E+05 MJ (0.114733E+02 MJ/s)

 Enthalpy discharge this time step:  0.627102E+07 MJ (0.272623E+05 MJ/s)
 Enthalpy input this time step:      0.562452E+04 MJ (0.244517E+02 MJ/s)
 Total enthalpy discharge:           0.520167E+08 MJ (0.389069E+05 MJ/s)
 Total enthalpy input:               0.183246E+05 MJ (0.137062E+02 MJ/s)

 Water discharge this time step:   0.975472E+08 kg (0.424071E+06 kg/s)
 Water input this time step:       0.000000E+00 kg (0.000000E+00 kg/s)
 Total water discharge:            0.774102E+09 kg (0.579004E+06 kg/s)
 Total water input:                0.000000E+00 kg (0.000000E+00 kg/s)

 Enthalpy discharge this time step:  0.627102E+07 MJ (0.272623E+05 MJ/s)
 Enthalpy input this time step:      0.562452E+04 MJ (0.244517E+02 MJ/s)
 Total enthalpy discharge:           0.520167E+08 MJ (0.389069E+05 MJ/s)
 Total enthalpy input:               0.183246E+05 MJ (0.137062E+02 MJ/s)

 Enthalpy discharge this time step:  0.647754E+07 MJ (0.234667E+05 MJ/s)
 Enthalpy input this time step:      0.801231E+04 MJ (0.290269E+02 MJ/s)
 Total enthalpy discharge:           0.584943E+08 MJ (0.362646E+05 MJ/s)
 Total enthalpy input:               0.263369E+05 MJ (0.163281E+02 MJ/s)

 Water discharge this time step:   0.102816E+09 kg (0.372481E+06 kg/s)
 Water input this time step:       0.000000E+00 kg (0.000000E+00 kg/s)
 Total water discharge:            0.876918E+09 kg (0.543662E+06 kg/s)
 Total water input:                0.000000E+00 kg (0.000000E+00 kg/s)

 Enthalpy discharge this time step:  0.647754E+07 MJ (0.234667E+05 MJ/s)
 Enthalpy input this time step:      0.801231E+04 MJ (0.290269E+02 MJ/s)
 Total enthalpy discharge:           0.584943E+08 MJ (0.362646E+05 MJ/s)
 Total enthalpy input:               0.263369E+05 MJ (0.163281E+02 MJ/s)
*********************************************************************
 Time Step        21

                    Timing Information
           Years              Days         Step Size (Days)
     0.616086515E-04     0.225025600E-01    0.383375999E-02
 Cpu Sec for Time Step =   1.786     Current Total =     38.10    

                    Equation Performance
 Number of N-R Iterations:          2
 Avg # of Linear Equation Solver Iterations:   1.0
 Number of Active Nodes:    532436.
 Total Number of Iterations, N-R:         42 , Solver:         42
 Phase Changes This Time Step:        0 Total           0
 Nodes Liq Phase:   532436 change        0
 Nodes Two Phase:        0 change        0
 Nodes Gas Phase:         0 change        0
 Nodes SC Phase:        0 change        0
 Number of restarted time steps            0
                    Largest Residuals
 EQ1 R=  0.1352E-05 node= 266236 zone=     4 x= 0.000     y= 0.000     z=0.2500E+05
 EQ2 R=  0.2858E-06 node= 266236 zone=     4 x= 0.000     y= 0.000     z=0.2500E+05
   Node   Equation 1 Residual   Equation 2 Residual
 266236     -0.135218E-05           0.285791E-06
 266234     -0.256554E-12           0.679221E-14
 266231      0.403692E-12           0.616556E-14
 266226      0.806978E-12           0.884371E-14
 266221      0.403881E-12           0.773810E-14
 266210      0.806875E-12           0.832369E-14
 266201     -0.674043E-10          -0.103956E-10

                    Nodal Information (Water)
                                                  source/sink  E source/sink
   Node   P (MPa)    E (MJ)    L sat     Temp (C)    (kg/s)       (MJ/s)
 266236    27.28     0.679E-01  1.00        1.998  0.3194E+06  0.196E+05
 266234    29.25     0.659E-01  1.00        2.000   0.000       0.00    
 266231    29.25     0.633E-01  1.00        2.000   0.000       0.00    
 266226    29.25     0.568E-01  1.00        2.000   0.000       0.00    
 266221    29.25     0.503E-01  1.00        2.000   0.000       0.00    
 266210    29.25     0.282E-01  1.00        2.000   0.000       0.00    
 266201    29.25     0.481E-02  1.00        2.000   0.000      0.132E-01

                    Global Mass & Energy Balances
 Total mass in system at this time:            0.152098E+18 kg
 Total mass of steam in system at this time:   0.000000E+00 kg
 Total enthalpy in system at this time:        0.277171E+16 MJ

 Water discharge this time step:   0.105796E+09 kg (0.319397E+06 kg/s)
 Water input this time step:       0.000000E+00 kg (0.000000E+00 kg/s)
 Total water discharge:            0.982714E+09 kg (0.505454E+06 kg/s)
 Total water input:                0.000000E+00 kg (0.000000E+00 kg/s)

 Enthalpy discharge this time step:  0.649144E+07 MJ (0.195976E+05 MJ/s)
 Enthalpy input this time step:      0.113686E+05 MJ (0.343217E+02 MJ/s)
 Total enthalpy discharge:           0.649857E+08 MJ (0.334251E+05 MJ/s)
 Total enthalpy input:               0.377055E+05 MJ (0.193936E+02 MJ/s)

 Net kg water discharge (total out-total in):   0.982714E+09
 Net MJ energy discharge (total out-total in):   0.649480E+08
 Conservation Errors:   0.674160E-05 (mass),   0.877949E-03 (energy)

 Enthalpy discharge this time step:  0.626801E+07 MJ (0.157692E+05 MJ/s)
 Enthalpy input this time step:      0.160610E+05 MJ (0.404068E+02 MJ/s)
 Total enthalpy discharge:           0.712537E+08 MJ (0.304281E+05 MJ/s)
 Total enthalpy input:               0.537666E+05 MJ (0.229604E+02 MJ/s)

 Water discharge this time step:   0.105846E+09 kg (0.266289E+06 kg/s)
 Water input this time step:       0.000000E+00 kg (0.000000E+00 kg/s)
 Total water discharge:            0.108856E+10 kg (0.464858E+06 kg/s)
 Total water input:                0.000000E+00 kg (0.000000E+00 kg/s)

 Enthalpy discharge this time step:  0.626801E+07 MJ (0.157692E+05 MJ/s)
 Enthalpy input this time step:      0.160610E+05 MJ (0.404068E+02 MJ/s)
 Total enthalpy discharge:           0.712537E+08 MJ (0.304281E+05 MJ/s)
 Total enthalpy input:               0.537666E+05 MJ (0.229604E+02 MJ/s)

 Enthalpy discharge this time step:  0.577693E+07 MJ (0.121115E+05 MJ/s)
 Enthalpy input this time step:      0.225813E+05 MJ (0.473421E+02 MJ/s)
 Total enthalpy discharge:           0.770306E+08 MJ (0.273286E+05 MJ/s)
 Total enthalpy input:               0.763479E+05 MJ (0.270863E+02 MJ/s)

 Water discharge this time step:   0.102488E+09 kg (0.214868E+06 kg/s)
 Water input this time step:       0.000000E+00 kg (0.000000E+00 kg/s)
 Total water discharge:            0.119105E+10 kg (0.422554E+06 kg/s)
 Total water input:                0.000000E+00 kg (0.000000E+00 kg/s)

 Enthalpy discharge this time step:  0.577693E+07 MJ (0.121115E+05 MJ/s)
 Enthalpy input this time step:      0.225813E+05 MJ (0.473421E+02 MJ/s)
 Total enthalpy discharge:           0.770306E+08 MJ (0.273286E+05 MJ/s)
 Total enthalpy input:               0.763479E+05 MJ (0.270863E+02 MJ/s)

 Enthalpy discharge this time step:  0.501282E+07 MJ (0.875789E+04 MJ/s)
 Enthalpy input this time step:      0.315777E+05 MJ (0.551693E+02 MJ/s)
 Total enthalpy discharge:           0.820435E+08 MJ (0.241940E+05 MJ/s)
 Total enthalpy input:               0.107926E+06 MJ (0.318265E+02 MJ/s)

 Water discharge this time step:   0.955474E+08 kg (0.166931E+06 kg/s)
 Water input this time step:       0.000000E+00 kg (0.000000E+00 kg/s)
 Total water discharge:            0.128659E+10 kg (0.379407E+06 kg/s)
 Total water input:                0.000000E+00 kg (0.000000E+00 kg/s)

 Enthalpy discharge this time step:  0.501282E+07 MJ (0.875789E+04 MJ/s)
 Enthalpy input this time step:      0.315777E+05 MJ (0.551693E+02 MJ/s)
 Total enthalpy discharge:           0.820435E+08 MJ (0.241940E+05 MJ/s)
 Total enthalpy input:               0.107926E+06 MJ (0.318265E+02 MJ/s)

 Enthalpy discharge this time step:  0.400422E+07 MJ (0.582981E+04 MJ/s)
 Enthalpy input this time step:      0.438907E+05 MJ (0.639012E+02 MJ/s)
 Total enthalpy discharge:           0.860477E+08 MJ (0.211009E+05 MJ/s)
 Total enthalpy input:               0.151816E+06 MJ (0.372289E+02 MJ/s)

 Water discharge this time step:   0.852736E+08 kg (0.124151E+06 kg/s)
 Water input this time step:       0.000000E+00 kg (0.000000E+00 kg/s)
 Total water discharge:            0.137187E+10 kg (0.336414E+06 kg/s)
 Total water input:                0.000000E+00 kg (0.000000E+00 kg/s)

 Enthalpy discharge this time step:  0.400422E+07 MJ (0.582981E+04 MJ/s)
 Enthalpy input this time step:      0.438907E+05 MJ (0.639012E+02 MJ/s)
 Total enthalpy discharge:           0.860477E+08 MJ (0.211009E+05 MJ/s)
 Total enthalpy input:               0.151816E+06 MJ (0.372289E+02 MJ/s)

 Enthalpy discharge this time step:  0.281783E+07 MJ (0.341877E+04 MJ/s)
 Enthalpy input this time step:      0.605887E+05 MJ (0.735100E+02 MJ/s)
 Total enthalpy discharge:           0.888655E+08 MJ (0.181279E+05 MJ/s)
 Total enthalpy input:               0.212405E+06 MJ (0.433290E+02 MJ/s)

 Water discharge this time step:   0.723961E+08 kg (0.878355E+05 kg/s)
 Water input this time step:       0.000000E+00 kg (0.000000E+00 kg/s)
 Total water discharge:            0.144426E+10 kg (0.294619E+06 kg/s)
 Total water input:                0.000000E+00 kg (0.000000E+00 kg/s)

 Enthalpy discharge this time step:  0.281783E+07 MJ (0.341877E+04 MJ/s)
 Enthalpy input this time step:      0.605887E+05 MJ (0.735100E+02 MJ/s)
 Total enthalpy discharge:           0.888655E+08 MJ (0.181279E+05 MJ/s)
 Total enthalpy input:               0.212405E+06 MJ (0.433290E+02 MJ/s)

 Enthalpy discharge this time step:  0.155436E+07 MJ (0.157154E+04 MJ/s)
 Enthalpy input this time step:      0.829977E+05 MJ (0.839150E+02 MJ/s)
 Total enthalpy discharge:           0.904199E+08 MJ (0.153483E+05 MJ/s)
 Total enthalpy input:               0.295403E+06 MJ (0.501430E+02 MJ/s)

 Water discharge this time step:   0.580693E+08 kg (0.587111E+05 kg/s)
 Water input this time step:       0.000000E+00 kg (0.000000E+00 kg/s)
 Total water discharge:            0.150233E+10 kg (0.255013E+06 kg/s)
 Total water input:                0.000000E+00 kg (0.000000E+00 kg/s)

 Enthalpy discharge this time step:  0.155436E+07 MJ (0.157154E+04 MJ/s)
 Enthalpy input this time step:      0.829977E+05 MJ (0.839150E+02 MJ/s)
 Total enthalpy discharge:           0.904199E+08 MJ (0.153483E+05 MJ/s)
 Total enthalpy input:               0.295403E+06 MJ (0.501430E+02 MJ/s)

 Enthalpy discharge this time step:  0.334719E+06 MJ (0.282016E+03 MJ/s)
 Enthalpy input this time step:      0.112720E+06 MJ (0.949717E+02 MJ/s)
 Total enthalpy discharge:           0.907546E+08 MJ (0.128219E+05 MJ/s)
 Total enthalpy input:               0.408123E+06 MJ (0.576600E+02 MJ/s)

 Water discharge this time step:   0.436853E+08 kg (0.368068E+05 kg/s)
 Water input this time step:       0.000000E+00 kg (0.000000E+00 kg/s)
 Total water discharge:            0.154602E+10 kg (0.218423E+06 kg/s)
 Total water input:                0.000000E+00 kg (0.000000E+00 kg/s)

 Enthalpy discharge this time step:  0.334719E+06 MJ (0.282016E+03 MJ/s)
 Enthalpy input this time step:      0.112720E+06 MJ (0.949717E+02 MJ/s)
 Total enthalpy discharge:           0.907546E+08 MJ (0.128219E+05 MJ/s)
 Total enthalpy input:               0.408123E+06 MJ (0.576600E+02 MJ/s)

 Enthalpy discharge this time step:  0.155906E+06 MJ (0.109465E+03 MJ/s)
 Enthalpy input this time step:      0.102902E+07 MJ (0.722495E+03 MJ/s)
 Total enthalpy discharge:           0.909105E+08 MJ (0.106924E+05 MJ/s)
 Total enthalpy input:               0.143714E+07 MJ (0.169029E+03 MJ/s)

 Water discharge this time step:   0.305880E+08 kg (0.214764E+05 kg/s)
 Water input this time step:       0.000000E+00 kg (0.000000E+00 kg/s)
 Total water discharge:            0.157661E+10 kg (0.185432E+06 kg/s)
 Total water input:                0.000000E+00 kg (0.000000E+00 kg/s)

 Enthalpy discharge this time step:  0.155906E+06 MJ (0.109465E+03 MJ/s)
 Enthalpy input this time step:      0.102902E+07 MJ (0.722495E+03 MJ/s)
 Total enthalpy discharge:           0.909105E+08 MJ (0.106924E+05 MJ/s)
 Total enthalpy input:               0.143714E+07 MJ (0.169029E+03 MJ/s)

 Enthalpy discharge this time step:  0.209130E+06 MJ (0.122362E+03 MJ/s)
 Enthalpy input this time step:      0.193012E+07 MJ (0.112931E+04 MJ/s)
 Total enthalpy discharge:           0.911196E+08 MJ (0.892327E+04 MJ/s)
 Total enthalpy input:               0.336726E+07 MJ (0.329753E+03 MJ/s)

 Water discharge this time step:   0.197780E+08 kg (0.115721E+05 kg/s)
 Water input this time step:       0.000000E+00 kg (0.000000E+00 kg/s)
 Total water discharge:            0.159639E+10 kg (0.156333E+06 kg/s)
 Total water input:                0.000000E+00 kg (0.000000E+00 kg/s)

 Enthalpy discharge this time step:  0.209130E+06 MJ (0.122362E+03 MJ/s)
 Enthalpy input this time step:      0.193012E+07 MJ (0.112931E+04 MJ/s)
 Total enthalpy discharge:           0.911196E+08 MJ (0.892327E+04 MJ/s)
 Total enthalpy input:               0.336726E+07 MJ (0.329753E+03 MJ/s)
*********************************************************************
 Time Step        31

                    Timing Information
           Years              Days         Step Size (Days)
     0.388571631E-03     0.141925788        0.237376314E-01
 Cpu Sec for Time Step =   1.767     Current Total =     56.39    

                    Equation Performance
 Number of N-R Iterations:          2
 Avg # of Linear Equation Solver Iterations:   1.0
 Number of Active Nodes:    532436.
 Total Number of Iterations, N-R:         62 , Solver:         62
 Phase Changes This Time Step:        0 Total           0
 Nodes Liq Phase:   532436 change        0
 Nodes Two Phase:        0 change        0
 Nodes Gas Phase:         0 change        0
 Nodes SC Phase:        0 change        0
 Number of restarted time steps            0
                    Largest Residuals
 EQ1 R=  0.8483E-07 node= 266236 zone=     4 x= 0.000     y= 0.000     z=0.2500E+05
 EQ2 R=  0.3746E-08 node= 266236 zone=     4 x= 0.000     y= 0.000     z=0.2500E+05
   Node   Equation 1 Residual   Equation 2 Residual
 266236     -0.848290E-07           0.374643E-08
 266234      0.768089E-12           0.462698E-13
 266231      0.810817E-12           0.405426E-13
 266226      0.121644E-11           0.491052E-13
 266221      0.486359E-14           0.391507E-13
 266210      0.810987E-12           0.413540E-13
 266201     -0.499649E-09          -0.561748E-10

                    Nodal Information (Water)
                                                  source/sink  E source/sink
   Node   P (MPa)    E (MJ)    L sat     Temp (C)    (kg/s)       (MJ/s)
 266236    26.02     0.667E-01  1.00        1.999   5714.     -0.111E+04
 266234    29.25     0.659E-01  1.00        2.000   0.000       0.00    
 266231    29.25     0.633E-01  1.00        2.000   0.000       0.00    
 266226    29.25     0.568E-01  1.00        2.000   0.000       0.00    
 266221    29.25     0.503E-01  1.00        2.000   0.000       0.00    
 266210    29.25     0.282E-01  1.00        2.000   0.000       0.00    
 266201    29.25     0.481E-02  1.00        2.000   0.000      0.534E-01

                    Global Mass & Energy Balances
 Total mass in system at this time:            0.152098E+18 kg
 Total mass of steam in system at this time:   0.000000E+00 kg
 Total enthalpy in system at this time:        0.277171E+16 MJ

 Water discharge this time step:   0.117180E+08 kg (0.571350E+04 kg/s)
 Water input this time step:       0.000000E+00 kg (0.000000E+00 kg/s)
 Total water discharge:            0.160810E+10 kg (0.131141E+06 kg/s)
 Total water input:                0.000000E+00 kg (0.000000E+00 kg/s)

 Enthalpy discharge this time step:  0.277551E+06 MJ (0.135329E+03 MJ/s)
 Enthalpy input this time step:      0.254791E+07 MJ (0.124232E+04 MJ/s)
 Total enthalpy discharge:           0.913972E+08 MJ (0.745346E+04 MJ/s)
 Total enthalpy input:               0.591517E+07 MJ (0.482384E+03 MJ/s)

 Net kg water discharge (total out-total in):   0.160810E+10
 Net MJ energy discharge (total out-total in):   0.854820E+08
 Conservation Errors:   0.145749E-04 (mass),   0.700420E-03 (energy)

 Enthalpy discharge this time step:  0.364165E+06 MJ (0.147967E+03 MJ/s)
 Enthalpy input this time step:      0.288088E+07 MJ (0.117056E+04 MJ/s)
 Total enthalpy discharge:           0.917613E+08 MJ (0.623230E+04 MJ/s)
 Total enthalpy input:               0.879605E+07 MJ (0.597416E+03 MJ/s)

 Water discharge this time step:   0.631610E+07 kg (0.256635E+04 kg/s)
 Water input this time step:       0.000000E+00 kg (0.000000E+00 kg/s)
 Total water discharge:            0.161442E+10 kg (0.109649E+06 kg/s)
 Total water input:                0.000000E+00 kg (0.000000E+00 kg/s)

 Enthalpy discharge this time step:  0.364165E+06 MJ (0.147967E+03 MJ/s)
 Enthalpy input this time step:      0.288088E+07 MJ (0.117056E+04 MJ/s)
 Total enthalpy discharge:           0.917613E+08 MJ (0.623230E+04 MJ/s)
 Total enthalpy input:               0.879605E+07 MJ (0.597416E+03 MJ/s)

 Enthalpy discharge this time step:  0.472094E+06 MJ (0.159851E+03 MJ/s)
 Enthalpy input this time step:      0.296727E+07 MJ (0.100472E+04 MJ/s)
 Total enthalpy discharge:           0.922334E+08 MJ (0.521775E+04 MJ/s)
 Total enthalpy input:               0.117633E+08 MJ (0.665465E+03 MJ/s)

 Water discharge this time step:   0.308076E+07 kg (0.104314E+04 kg/s)
 Water input this time step:       0.000000E+00 kg (0.000000E+00 kg/s)
 Total water discharge:            0.161750E+10 kg (0.915039E+05 kg/s)
 Total water input:                0.000000E+00 kg (0.000000E+00 kg/s)

 Enthalpy discharge this time step:  0.472094E+06 MJ (0.159851E+03 MJ/s)
 Enthalpy input this time step:      0.296727E+07 MJ (0.100472E+04 MJ/s)
 Total enthalpy discharge:           0.922334E+08 MJ (0.521775E+04 MJ/s)
 Total enthalpy input:               0.117633E+08 MJ (0.665465E+03 MJ/s)

 Enthalpy discharge this time step:  0.604505E+06 MJ (0.170571E+03 MJ/s)
 Enthalpy input this time step:      0.287069E+07 MJ (0.810013E+03 MJ/s)
 Total enthalpy discharge:           0.928379E+08 MJ (0.437484E+04 MJ/s)
 Total enthalpy input:               0.146340E+08 MJ (0.689605E+03 MJ/s)

 Water discharge this time step:   0.135989E+07 kg (0.383716E+03 kg/s)
 Water input this time step:       0.000000E+00 kg (0.000000E+00 kg/s)
 Total water discharge:            0.161886E+10 kg (0.762863E+05 kg/s)
 Total water input:                0.000000E+00 kg (0.000000E+00 kg/s)

 Enthalpy discharge this time step:  0.604505E+06 MJ (0.170571E+03 MJ/s)
 Enthalpy input this time step:      0.287069E+07 MJ (0.810013E+03 MJ/s)
 Total enthalpy discharge:           0.928379E+08 MJ (0.437484E+04 MJ/s)
 Total enthalpy input:               0.146340E+08 MJ (0.689605E+03 MJ/s)

 Enthalpy discharge this time step:  0.764629E+06 MJ (0.179794E+03 MJ/s)
 Enthalpy input this time step:      0.266529E+07 MJ (0.626713E+03 MJ/s)
 Total enthalpy discharge:           0.936026E+08 MJ (0.367448E+04 MJ/s)
 Total enthalpy input:               0.172993E+08 MJ (0.679105E+03 MJ/s)

 Water discharge this time step:   0.552213E+06 kg (0.129847E+03 kg/s)
 Water input this time step:       0.000000E+00 kg (0.000000E+00 kg/s)
 Total water discharge:            0.161941E+10 kg (0.635720E+05 kg/s)
 Total water input:                0.000000E+00 kg (0.000000E+00 kg/s)

 Enthalpy discharge this time step:  0.764629E+06 MJ (0.179794E+03 MJ/s)
 Enthalpy input this time step:      0.266529E+07 MJ (0.626713E+03 MJ/s)
 Total enthalpy discharge:           0.936026E+08 MJ (0.367448E+04 MJ/s)
 Total enthalpy input:               0.172993E+08 MJ (0.679105E+03 MJ/s)

 Enthalpy discharge this time step:  0.955916E+06 MJ (0.187311E+03 MJ/s)
 Enthalpy input this time step:      0.242447E+07 MJ (0.475073E+03 MJ/s)
 Total enthalpy discharge:           0.945585E+08 MJ (0.309247E+04 MJ/s)
 Total enthalpy input:               0.197238E+08 MJ (0.645052E+03 MJ/s)

 Water discharge this time step:   0.220189E+06 kg (0.431458E+02 kg/s)
 Water input this time step:       0.000000E+00 kg (0.000000E+00 kg/s)
 Total water discharge:            0.161963E+10 kg (0.529689E+05 kg/s)
 Total water input:                0.000000E+00 kg (0.000000E+00 kg/s)

 Enthalpy discharge this time step:  0.955916E+06 MJ (0.187311E+03 MJ/s)
 Enthalpy input this time step:      0.242447E+07 MJ (0.475073E+03 MJ/s)
 Total enthalpy discharge:           0.945585E+08 MJ (0.309247E+04 MJ/s)
 Total enthalpy input:               0.197238E+08 MJ (0.645052E+03 MJ/s)

 Enthalpy discharge this time step:  0.118239E+07 MJ (0.193073E+03 MJ/s)
 Enthalpy input this time step:      0.221340E+07 MJ (0.361427E+03 MJ/s)
 Total enthalpy discharge:           0.957409E+08 MJ (0.260867E+04 MJ/s)
 Total enthalpy input:               0.219372E+08 MJ (0.597726E+03 MJ/s)

 Water discharge this time step:   0.102387E+06 kg (0.167189E+02 kg/s)
 Water input this time step:       0.000000E+00 kg (0.000000E+00 kg/s)
 Total water discharge:            0.161973E+10 kg (0.441332E+05 kg/s)
 Total water input:                0.000000E+00 kg (0.000000E+00 kg/s)

 Enthalpy discharge this time step:  0.118239E+07 MJ (0.193073E+03 MJ/s)
 Enthalpy input this time step:      0.221340E+07 MJ (0.361427E+03 MJ/s)
 Total enthalpy discharge:           0.957409E+08 MJ (0.260867E+04 MJ/s)
 Total enthalpy input:               0.219372E+08 MJ (0.597726E+03 MJ/s)

 Enthalpy discharge this time step:  0.144916E+07 MJ (0.197195E+03 MJ/s)
 Enthalpy input this time step:      0.208370E+07 MJ (0.283541E+03 MJ/s)
 Total enthalpy discharge:           0.971900E+08 MJ (0.220636E+04 MJ/s)
 Total enthalpy input:               0.240209E+08 MJ (0.545310E+03 MJ/s)

 Water discharge this time step:   0.685527E+05 kg (0.932834E+01 kg/s)
 Water input this time step:       0.000000E+00 kg (0.000000E+00 kg/s)
 Total water discharge:            0.161980E+10 kg (0.367720E+05 kg/s)
 Total water input:                0.000000E+00 kg (0.000000E+00 kg/s)

 Enthalpy discharge this time step:  0.144916E+07 MJ (0.197195E+03 MJ/s)
 Enthalpy input this time step:      0.208370E+07 MJ (0.283541E+03 MJ/s)
 Total enthalpy discharge:           0.971900E+08 MJ (0.220636E+04 MJ/s)
 Total enthalpy input:               0.240209E+08 MJ (0.545310E+03 MJ/s)

 Enthalpy discharge this time step:  0.176306E+07 MJ (0.199924E+03 MJ/s)
 Enthalpy input this time step:      0.206998E+07 MJ (0.234728E+03 MJ/s)
 Total enthalpy discharge:           0.989531E+08 MJ (0.187168E+04 MJ/s)
 Total enthalpy input:               0.260909E+08 MJ (0.493504E+03 MJ/s)

 Water discharge this time step:   0.642753E+05 kg (0.728858E+01 kg/s)
 Water input this time step:       0.000000E+00 kg (0.000000E+00 kg/s)
 Total water discharge:            0.161987E+10 kg (0.306395E+05 kg/s)
 Total water input:                0.000000E+00 kg (0.000000E+00 kg/s)

 Enthalpy discharge this time step:  0.176306E+07 MJ (0.199924E+03 MJ/s)
 Enthalpy input this time step:      0.206998E+07 MJ (0.234728E+03 MJ/s)
 Total enthalpy discharge:           0.989531E+08 MJ (0.187168E+04 MJ/s)
 Total enthalpy input:               0.260909E+08 MJ (0.493504E+03 MJ/s)

 Enthalpy discharge this time step:  0.213322E+07 MJ (0.201583E+03 MJ/s)
 Enthalpy input this time step:      0.218932E+07 MJ (0.206884E+03 MJ/s)
 Total enthalpy discharge:           0.101086E+09 MJ (0.159314E+04 MJ/s)
 Total enthalpy input:               0.282802E+08 MJ (0.445702E+03 MJ/s)

 Water discharge this time step:   0.705054E+05 kg (0.666255E+01 kg/s)
 Water input this time step:       0.000000E+00 kg (0.000000E+00 kg/s)
 Total water discharge:            0.161994E+10 kg (0.255306E+05 kg/s)
 Total water input:                0.000000E+00 kg (0.000000E+00 kg/s)

 Enthalpy discharge this time step:  0.213322E+07 MJ (0.201583E+03 MJ/s)
 Enthalpy input this time step:      0.218932E+07 MJ (0.206884E+03 MJ/s)
 Total enthalpy discharge:           0.101086E+09 MJ (0.159314E+04 MJ/s)
 Total enthalpy input:               0.282802E+08 MJ (0.445702E+03 MJ/s)
*********************************************************************
 Time Step        41

                    Timing Information
           Years              Days         Step Size (Days)
     0.241304022E-02     0.881362941        0.146977157    
 Cpu Sec for Time Step =   1.747     Current Total =     74.59    

                    Equation Performance
 Number of N-R Iterations:          2
 Avg # of Linear Equation Solver Iterations:   1.0
 Number of Active Nodes:    532436.
 Total Number of Iterations, N-R:         82 , Solver:         82
 Phase Changes This Time Step:        0 Total           0
 Nodes Liq Phase:   532436 change        0
 Nodes Two Phase:        0 change        0
 Nodes Gas Phase:         0 change        0
 Nodes SC Phase:        0 change        0
 Number of restarted time steps            0
                    Largest Residuals
 EQ1 R=  0.7559E-08 node= 276810 zone=     4 x= 2000.     y= 0.000     z=0.2500E+05
 EQ2 R=  0.3369E-09 node= 266235 zone=     1 x= 0.000     y= 0.000     z=0.2300E+05
   Node   Equation 1 Residual   Equation 2 Residual
 266236      0.388650E-10           0.100760E-10
 266234      0.468863E-11           0.403472E-12
 266231      0.325064E-11           0.248612E-12
 266226      0.452813E-11           0.288699E-12
 266221      0.324960E-11           0.248823E-12
 266210      0.406005E-11           0.250161E-12
 266201     -0.452668E-08          -0.192020E-09

                    Nodal Information (Water)
                                                  source/sink  E source/sink
   Node   P (MPa)    E (MJ)    L sat     Temp (C)    (kg/s)       (MJ/s)
 266236    26.00     0.666E-01  1.00        2.000   6.434      -10.8    
 266234    29.25     0.659E-01  1.00        2.000   0.000       0.00    
 266231    29.25     0.633E-01  1.00        2.000   0.000       0.00    
 266226    29.25     0.568E-01  1.00        2.000   0.000       0.00    
 266221    29.25     0.503E-01  1.00        2.000   0.000       0.00    
 266210    29.25     0.282E-01  1.00        2.000   0.000       0.00    
 266201    29.25     0.481E-02  1.00        2.000   0.000      0.810E-01

                    Global Mass & Energy Balances
 Total mass in system at this time:            0.152098E+18 kg
 Total mass of steam in system at this time:   0.000000E+00 kg
 Total enthalpy in system at this time:        0.277171E+16 MJ

 Water discharge this time step:   0.817100E+05 kg (0.643446E+01 kg/s)
 Water input this time step:       0.000000E+00 kg (0.000000E+00 kg/s)
 Total water discharge:            0.162002E+10 kg (0.212741E+05 kg/s)
 Total water input:                0.000000E+00 kg (0.000000E+00 kg/s)

 Enthalpy discharge this time step:  0.257149E+07 MJ (0.202499E+03 MJ/s)
 Enthalpy input this time step:      0.244480E+07 MJ (0.192522E+03 MJ/s)
 Total enthalpy discharge:           0.103658E+09 MJ (0.136124E+04 MJ/s)
 Total enthalpy input:               0.307250E+08 MJ (0.403481E+03 MJ/s)

 Net kg water discharge (total out-total in):   0.162002E+10
 Net MJ energy discharge (total out-total in):   0.729328E+08
 Conservation Errors:   0.852717E-05 (mass),   0.636389E-03 (energy)

 Enthalpy discharge this time step:  0.309271E+07 MJ (0.202952E+03 MJ/s)
 Enthalpy input this time step:      0.283244E+07 MJ (0.185873E+03 MJ/s)
 Total enthalpy discharge:           0.106751E+09 MJ (0.116810E+04 MJ/s)
 Total enthalpy input:               0.335574E+08 MJ (0.367196E+03 MJ/s)

 Water discharge this time step:   0.966571E+05 kg (0.634291E+01 kg/s)
 Water input this time step:       0.000000E+00 kg (0.000000E+00 kg/s)
 Total water discharge:            0.162012E+10 kg (0.177278E+05 kg/s)
 Total water input:                0.000000E+00 kg (0.000000E+00 kg/s)

 Enthalpy discharge this time step:  0.309271E+07 MJ (0.202952E+03 MJ/s)
 Enthalpy input this time step:      0.283244E+07 MJ (0.185873E+03 MJ/s)
 Total enthalpy discharge:           0.106751E+09 MJ (0.116810E+04 MJ/s)
 Total enthalpy input:               0.335574E+08 MJ (0.367196E+03 MJ/s)

 Enthalpy discharge this time step:  0.371486E+07 MJ (0.203150E+03 MJ/s)
 Enthalpy input this time step:      0.334874E+07 MJ (0.183128E+03 MJ/s)
 Total enthalpy discharge:           0.110465E+09 MJ (0.100721E+04 MJ/s)
 Total enthalpy input:               0.369062E+08 MJ (0.336506E+03 MJ/s)

 Water discharge this time step:   0.115327E+06 kg (0.630676E+01 kg/s)
 Water input this time step:       0.000000E+00 kg (0.000000E+00 kg/s)
 Total water discharge:            0.162023E+10 kg (0.147731E+05 kg/s)
 Total water input:                0.000000E+00 kg (0.000000E+00 kg/s)

 Enthalpy discharge this time step:  0.371486E+07 MJ (0.203150E+03 MJ/s)
 Enthalpy input this time step:      0.334874E+07 MJ (0.183128E+03 MJ/s)
 Total enthalpy discharge:           0.110465E+09 MJ (0.100721E+04 MJ/s)
 Total enthalpy input:               0.369062E+08 MJ (0.336506E+03 MJ/s)

 Enthalpy discharge this time step:  0.445939E+07 MJ (0.203221E+03 MJ/s)
 Enthalpy input this time step:      0.399642E+07 MJ (0.182122E+03 MJ/s)
 Total enthalpy discharge:           0.114925E+09 MJ (0.873167E+03 MJ/s)
 Total enthalpy input:               0.409026E+08 MJ (0.310767E+03 MJ/s)

 Water discharge this time step:   0.138102E+06 kg (0.629349E+01 kg/s)
 Water input this time step:       0.000000E+00 kg (0.000000E+00 kg/s)
 Total water discharge:            0.162037E+10 kg (0.123111E+05 kg/s)
 Total water input:                0.000000E+00 kg (0.000000E+00 kg/s)

 Enthalpy discharge this time step:  0.445939E+07 MJ (0.203221E+03 MJ/s)
 Enthalpy input this time step:      0.399642E+07 MJ (0.182122E+03 MJ/s)
 Total enthalpy discharge:           0.114925E+09 MJ (0.873167E+03 MJ/s)
 Total enthalpy input:               0.409026E+08 MJ (0.310767E+03 MJ/s)

 Enthalpy discharge this time step:  0.536002E+07 MJ (0.203553E+03 MJ/s)
 Enthalpy input this time step:      0.479538E+07 MJ (0.182110E+03 MJ/s)
 Total enthalpy discharge:           0.120285E+09 MJ (0.761535E+03 MJ/s)
 Total enthalpy input:               0.456980E+08 MJ (0.289318E+03 MJ/s)

 Water discharge this time step:   0.165601E+06 kg (0.628889E+01 kg/s)
 Water input this time step:       0.000000E+00 kg (0.000000E+00 kg/s)
 Total water discharge:            0.162054E+10 kg (0.102598E+05 kg/s)
 Total water input:                0.000000E+00 kg (0.000000E+00 kg/s)

 Enthalpy discharge this time step:  0.536002E+07 MJ (0.203553E+03 MJ/s)
 Enthalpy input this time step:      0.479538E+07 MJ (0.182110E+03 MJ/s)
 Total enthalpy discharge:           0.120285E+09 MJ (0.761535E+03 MJ/s)
 Total enthalpy input:               0.456980E+08 MJ (0.289318E+03 MJ/s)

 Enthalpy discharge this time step:  0.643469E+07 MJ (0.203637E+03 MJ/s)
 Enthalpy input this time step:      0.575415E+07 MJ (0.182101E+03 MJ/s)
 Total enthalpy discharge:           0.126719E+09 MJ (0.668531E+03 MJ/s)
 Total enthalpy input:               0.514521E+08 MJ (0.271445E+03 MJ/s)

 Water discharge this time step:   0.198666E+06 kg (0.628715E+01 kg/s)
 Water input this time step:       0.000000E+00 kg (0.000000E+00 kg/s)
 Total water discharge:            0.162073E+10 kg (0.855046E+04 kg/s)
 Total water input:                0.000000E+00 kg (0.000000E+00 kg/s)

 Enthalpy discharge this time step:  0.643469E+07 MJ (0.203637E+03 MJ/s)
 Enthalpy input this time step:      0.575415E+07 MJ (0.182101E+03 MJ/s)
 Total enthalpy discharge:           0.126719E+09 MJ (0.668531E+03 MJ/s)
 Total enthalpy input:               0.514521E+08 MJ (0.271445E+03 MJ/s)

 Enthalpy discharge this time step:  0.772180E+07 MJ (0.203642E+03 MJ/s)
 Enthalpy input this time step:      0.690443E+07 MJ (0.182086E+03 MJ/s)
 Total enthalpy discharge:           0.134441E+09 MJ (0.591034E+03 MJ/s)
 Total enthalpy input:               0.583565E+08 MJ (0.256549E+03 MJ/s)

 Water discharge this time step:   0.238362E+06 kg (0.628616E+01 kg/s)
 Water input this time step:       0.000000E+00 kg (0.000000E+00 kg/s)
 Total water discharge:            0.162097E+10 kg (0.712616E+04 kg/s)
 Total water input:                0.000000E+00 kg (0.000000E+00 kg/s)

 Enthalpy discharge this time step:  0.772180E+07 MJ (0.203642E+03 MJ/s)
 Enthalpy input this time step:      0.690443E+07 MJ (0.182086E+03 MJ/s)
 Total enthalpy discharge:           0.134441E+09 MJ (0.591034E+03 MJ/s)
 Total enthalpy input:               0.583565E+08 MJ (0.256549E+03 MJ/s)

 Enthalpy discharge this time step:  0.926531E+07 MJ (0.203623E+03 MJ/s)
 Enthalpy input this time step:      0.828448E+07 MJ (0.182068E+03 MJ/s)
 Total enthalpy discharge:           0.143707E+09 MJ (0.526456E+03 MJ/s)
 Total enthalpy input:               0.666410E+08 MJ (0.244133E+03 MJ/s)

 Water discharge this time step:   0.285992E+06 kg (0.628523E+01 kg/s)
 Water input this time step:       0.000000E+00 kg (0.000000E+00 kg/s)
 Total water discharge:            0.162126E+10 kg (0.593933E+04 kg/s)
 Total water input:                0.000000E+00 kg (0.000000E+00 kg/s)

 Enthalpy discharge this time step:  0.926531E+07 MJ (0.203623E+03 MJ/s)
 Enthalpy input this time step:      0.828448E+07 MJ (0.182068E+03 MJ/s)
 Total enthalpy discharge:           0.143707E+09 MJ (0.526456E+03 MJ/s)
 Total enthalpy input:               0.666410E+08 MJ (0.244133E+03 MJ/s)

 Enthalpy discharge this time step:  0.111169E+08 MJ (0.203596E+03 MJ/s)
 Enthalpy input this time step:      0.994016E+07 MJ (0.182045E+03 MJ/s)
 Total enthalpy discharge:           0.154823E+09 MJ (0.472639E+03 MJ/s)
 Total enthalpy input:               0.765812E+08 MJ (0.233784E+03 MJ/s)

 Water discharge this time step:   0.343133E+06 kg (0.628419E+01 kg/s)
 Water input this time step:       0.000000E+00 kg (0.000000E+00 kg/s)
 Total water discharge:            0.162160E+10 kg (0.495036E+04 kg/s)
 Total water input:                0.000000E+00 kg (0.000000E+00 kg/s)

 Enthalpy discharge this time step:  0.111169E+08 MJ (0.203596E+03 MJ/s)
 Enthalpy input this time step:      0.994016E+07 MJ (0.182045E+03 MJ/s)
 Total enthalpy discharge:           0.154823E+09 MJ (0.472639E+03 MJ/s)
 Total enthalpy input:               0.765812E+08 MJ (0.233784E+03 MJ/s)

 Enthalpy discharge this time step:  0.133380E+08 MJ (0.203561E+03 MJ/s)
 Enthalpy input this time step:      0.119264E+08 MJ (0.182019E+03 MJ/s)
 Total enthalpy discharge:           0.168161E+09 MJ (0.427787E+03 MJ/s)
 Total enthalpy input:               0.885076E+08 MJ (0.225155E+03 MJ/s)

 Water discharge this time step:   0.411678E+06 kg (0.628294E+01 kg/s)
 Water input this time step:       0.000000E+00 kg (0.000000E+00 kg/s)
 Total water discharge:            0.162201E+10 kg (0.412626E+04 kg/s)
 Total water input:                0.000000E+00 kg (0.000000E+00 kg/s)

 Enthalpy discharge this time step:  0.133380E+08 MJ (0.203561E+03 MJ/s)
 Enthalpy input this time step:      0.119264E+08 MJ (0.182019E+03 MJ/s)
 Total enthalpy discharge:           0.168161E+09 MJ (0.427787E+03 MJ/s)
 Total enthalpy input:               0.885076E+08 MJ (0.225155E+03 MJ/s)
*********************************************************************
 Time Step        51

                    Timing Information
           Years              Days         Step Size (Days)
     0.149480161E-01      5.45976289        0.910043815    
 Cpu Sec for Time Step =   1.750     Current Total =     92.73    

                    Equation Performance
 Number of N-R Iterations:          2
 Avg # of Linear Equation Solver Iterations:   1.0
 Number of Active Nodes:    532436.
 Total Number of Iterations, N-R:        102 , Solver:        102
 Phase Changes This Time Step:        0 Total           0
 Nodes Liq Phase:   532436 change        0
 Nodes Two Phase:        0 change        0
 Nodes Gas Phase:         0 change        0
 Nodes SC Phase:        0 change        0
 Number of restarted time steps            0
                    Largest Residuals
 EQ1 R=  0.5856E-07 node= 266162 zone=     4 x= 0.000     y=-2000.     z=0.2500E+05
 EQ2 R=  0.2071E-08 node= 266235 zone=     1 x= 0.000     y= 0.000     z=0.2300E+05
   Node   Equation 1 Residual   Equation 2 Residual
 266236      0.429787E-14           0.592741E-15
 266234      0.642631E-10           0.694724E-11
 266231      0.229736E-10           0.154999E-11
 266226      0.266957E-10           0.177069E-11
 266221      0.233520E-10           0.155007E-11
 266210      0.231479E-10           0.154967E-11
 266201     -0.358332E-07          -0.313975E-09

                    Nodal Information (Water)
                                                  source/sink  E source/sink
   Node   P (MPa)    E (MJ)    L sat     Temp (C)    (kg/s)       (MJ/s)
 266236    26.00     0.666E-01  1.00        2.000   6.281      0.437    
 266234    29.25     0.659E-01  1.00        2.000   0.000       0.00    
 266231    29.25     0.633E-01  1.00        2.000   0.000       0.00    
 266226    29.25     0.568E-01  1.00        2.000   0.000       0.00    
 266221    29.25     0.503E-01  1.00        2.000   0.000       0.00    
 266210    29.25     0.282E-01  1.00        2.000   0.000       0.00    
 266201    29.25     0.482E-02  1.00        2.000   0.000      0.812E-01

                    Global Mass & Energy Balances
 Total mass in system at this time:            0.152098E+18 kg
 Total mass of steam in system at this time:   0.000000E+00 kg
 Total enthalpy in system at this time:        0.277171E+16 MJ

 Water discharge this time step:   0.493896E+06 kg (0.628144E+01 kg/s)
 Water input this time step:       0.000000E+00 kg (0.000000E+00 kg/s)
 Total water discharge:            0.162251E+10 kg (0.343953E+04 kg/s)
 Total water input:                0.000000E+00 kg (0.000000E+00 kg/s)

 Enthalpy discharge this time step:  0.160023E+08 MJ (0.203520E+03 MJ/s)
 Enthalpy input this time step:      0.143092E+08 MJ (0.181987E+03 MJ/s)
 Total enthalpy discharge:           0.184164E+09 MJ (0.390406E+03 MJ/s)
 Total enthalpy input:               0.102817E+09 MJ (0.217960E+03 MJ/s)

 Net kg water discharge (total out-total in):   0.162251E+10
 Net MJ energy discharge (total out-total in):   0.813469E+08
 Conservation Errors:   0.251536E-04 (mass),   0.512315E-03 (energy)

 Enthalpy discharge this time step:  0.191981E+08 MJ (0.203470E+03 MJ/s)
 Enthalpy input this time step:      0.171674E+08 MJ (0.181948E+03 MJ/s)
 Total enthalpy discharge:           0.203362E+09 MJ (0.359248E+03 MJ/s)
 Total enthalpy input:               0.119984E+09 MJ (0.211958E+03 MJ/s)

 Water discharge this time step:   0.592506E+06 kg (0.627965E+01 kg/s)
 Water input this time step:       0.000000E+00 kg (0.000000E+00 kg/s)
 Total water discharge:            0.162310E+10 kg (0.286728E+04 kg/s)
 Total water input:                0.000000E+00 kg (0.000000E+00 kg/s)

 Enthalpy discharge this time step:  0.191981E+08 MJ (0.203470E+03 MJ/s)
 Enthalpy input this time step:      0.171674E+08 MJ (0.181948E+03 MJ/s)
 Total enthalpy discharge:           0.203362E+09 MJ (0.359248E+03 MJ/s)
 Total enthalpy input:               0.119984E+09 MJ (0.211958E+03 MJ/s)

 Enthalpy discharge this time step:  0.230309E+08 MJ (0.203410E+03 MJ/s)
 Enthalpy input this time step:      0.205957E+08 MJ (0.181902E+03 MJ/s)
 Total enthalpy discharge:           0.226393E+09 MJ (0.333273E+03 MJ/s)
 Total enthalpy input:               0.140580E+09 MJ (0.206948E+03 MJ/s)

 Water discharge this time step:   0.710764E+06 kg (0.627750E+01 kg/s)
 Water input this time step:       0.000000E+00 kg (0.000000E+00 kg/s)
 Total water discharge:            0.162381E+10 kg (0.239041E+04 kg/s)
 Total water input:                0.000000E+00 kg (0.000000E+00 kg/s)

 Enthalpy discharge this time step:  0.230309E+08 MJ (0.203410E+03 MJ/s)
 Enthalpy input this time step:      0.205957E+08 MJ (0.181902E+03 MJ/s)
 Total enthalpy discharge:           0.226393E+09 MJ (0.333273E+03 MJ/s)
 Total enthalpy input:               0.140580E+09 MJ (0.206948E+03 MJ/s)

 Enthalpy discharge this time step:  0.276274E+08 MJ (0.203339E+03 MJ/s)
 Enthalpy input this time step:      0.247073E+08 MJ (0.181847E+03 MJ/s)
 Total enthalpy discharge:           0.254020E+09 MJ (0.311616E+03 MJ/s)
 Total enthalpy input:               0.165287E+09 MJ (0.202764E+03 MJ/s)

 Water discharge this time step:   0.852567E+06 kg (0.627493E+01 kg/s)
 Water input this time step:       0.000000E+00 kg (0.000000E+00 kg/s)
 Total water discharge:            0.162466E+10 kg (0.199304E+04 kg/s)
 Total water input:                0.000000E+00 kg (0.000000E+00 kg/s)

 Enthalpy discharge this time step:  0.276274E+08 MJ (0.203339E+03 MJ/s)
 Enthalpy input this time step:      0.247073E+08 MJ (0.181847E+03 MJ/s)
 Total enthalpy discharge:           0.254020E+09 MJ (0.311616E+03 MJ/s)
 Total enthalpy input:               0.165287E+09 MJ (0.202764E+03 MJ/s)

 Enthalpy discharge this time step:  0.331389E+08 MJ (0.203253E+03 MJ/s)
 Enthalpy input this time step:      0.296380E+08 MJ (0.181781E+03 MJ/s)
 Total enthalpy discharge:           0.287159E+09 MJ (0.293555E+03 MJ/s)
 Total enthalpy input:               0.194925E+09 MJ (0.199267E+03 MJ/s)

 Water discharge this time step:   0.102258E+07 kg (0.627184E+01 kg/s)
 Water input this time step:       0.000000E+00 kg (0.000000E+00 kg/s)
 Total water discharge:            0.162569E+10 kg (0.166189E+04 kg/s)
 Total water input:                0.000000E+00 kg (0.000000E+00 kg/s)

 Enthalpy discharge this time step:  0.331389E+08 MJ (0.203253E+03 MJ/s)
 Enthalpy input this time step:      0.296380E+08 MJ (0.181781E+03 MJ/s)
 Total enthalpy discharge:           0.287159E+09 MJ (0.293555E+03 MJ/s)
 Total enthalpy input:               0.194925E+09 MJ (0.199267E+03 MJ/s)

 Enthalpy discharge this time step:  0.397466E+08 MJ (0.203150E+03 MJ/s)
 Enthalpy input this time step:      0.355500E+08 MJ (0.181701E+03 MJ/s)
 Total enthalpy discharge:           0.326906E+09 MJ (0.278487E+03 MJ/s)
 Total enthalpy input:               0.230475E+09 MJ (0.196339E+03 MJ/s)

 Water discharge this time step:   0.122637E+07 kg (0.626813E+01 kg/s)
 Water input this time step:       0.000000E+00 kg (0.000000E+00 kg/s)
 Total water discharge:            0.162691E+10 kg (0.138595E+04 kg/s)
 Total water input:                0.000000E+00 kg (0.000000E+00 kg/s)

 Enthalpy discharge this time step:  0.397466E+08 MJ (0.203150E+03 MJ/s)
 Enthalpy input this time step:      0.355500E+08 MJ (0.181701E+03 MJ/s)
 Total enthalpy discharge:           0.326906E+09 MJ (0.278487E+03 MJ/s)
 Total enthalpy input:               0.230475E+09 MJ (0.196339E+03 MJ/s)

 Enthalpy discharge this time step:  0.476669E+08 MJ (0.203027E+03 MJ/s)
 Enthalpy input this time step:      0.426377E+08 MJ (0.181606E+03 MJ/s)
 Total enthalpy discharge:           0.374573E+09 MJ (0.265910E+03 MJ/s)
 Total enthalpy input:               0.273113E+09 MJ (0.193884E+03 MJ/s)

 Water discharge this time step:   0.147060E+07 kg (0.626369E+01 kg/s)
 Water input this time step:       0.000000E+00 kg (0.000000E+00 kg/s)
 Total water discharge:            0.162838E+10 kg (0.115599E+04 kg/s)
 Total water input:                0.000000E+00 kg (0.000000E+00 kg/s)

 Enthalpy discharge this time step:  0.476669E+08 MJ (0.203027E+03 MJ/s)
 Enthalpy input this time step:      0.426377E+08 MJ (0.181606E+03 MJ/s)
 Total enthalpy discharge:           0.374573E+09 MJ (0.265910E+03 MJ/s)
 Total enthalpy input:               0.273113E+09 MJ (0.193884E+03 MJ/s)

 Enthalpy discharge this time step:  0.571586E+08 MJ (0.202879E+03 MJ/s)
 Enthalpy input this time step:      0.511330E+08 MJ (0.181492E+03 MJ/s)
 Total enthalpy discharge:           0.431731E+09 MJ (0.255404E+03 MJ/s)
 Total enthalpy input:               0.324246E+09 MJ (0.191818E+03 MJ/s)

 Water discharge this time step:   0.176322E+07 kg (0.625837E+01 kg/s)
 Water input this time step:       0.000000E+00 kg (0.000000E+00 kg/s)
 Total water discharge:            0.163015E+10 kg (0.964365E+03 kg/s)
 Total water input:                0.000000E+00 kg (0.000000E+00 kg/s)

 Enthalpy discharge this time step:  0.571586E+08 MJ (0.202879E+03 MJ/s)
 Enthalpy input this time step:      0.511330E+08 MJ (0.181492E+03 MJ/s)
 Total enthalpy discharge:           0.431731E+09 MJ (0.255404E+03 MJ/s)
 Total enthalpy input:               0.324246E+09 MJ (0.191818E+03 MJ/s)

 Enthalpy discharge this time step:  0.685305E+08 MJ (0.202702E+03 MJ/s)
 Enthalpy input this time step:      0.613133E+08 MJ (0.181355E+03 MJ/s)
 Total enthalpy discharge:           0.500262E+09 MJ (0.246620E+03 MJ/s)
 Total enthalpy input:               0.385559E+09 MJ (0.190074E+03 MJ/s)

 Water discharge this time step:   0.211370E+07 kg (0.625199E+01 kg/s)
 Water input this time step:       0.000000E+00 kg (0.000000E+00 kg/s)
 Total water discharge:            0.163226E+10 kg (0.804676E+03 kg/s)
 Total water input:                0.000000E+00 kg (0.000000E+00 kg/s)

 Enthalpy discharge this time step:  0.685305E+08 MJ (0.202702E+03 MJ/s)
 Enthalpy input this time step:      0.613133E+08 MJ (0.181355E+03 MJ/s)
 Total enthalpy discharge:           0.500262E+09 MJ (0.246620E+03 MJ/s)
 Total enthalpy input:               0.385559E+09 MJ (0.190074E+03 MJ/s)

 Enthalpy discharge this time step:  0.821504E+08 MJ (0.202489E+03 MJ/s)
 Enthalpy input this time step:      0.735093E+08 MJ (0.181190E+03 MJ/s)
 Total enthalpy discharge:           0.582412E+09 MJ (0.239265E+03 MJ/s)
 Total enthalpy input:               0.459069E+09 MJ (0.188594E+03 MJ/s)

 Water discharge this time step:   0.253335E+07 kg (0.624435E+01 kg/s)
 Water input this time step:       0.000000E+00 kg (0.000000E+00 kg/s)
 Total water discharge:            0.163479E+10 kg (0.671602E+03 kg/s)
 Total water input:                0.000000E+00 kg (0.000000E+00 kg/s)

 Enthalpy discharge this time step:  0.821504E+08 MJ (0.202489E+03 MJ/s)
 Enthalpy input this time step:      0.735093E+08 MJ (0.181190E+03 MJ/s)
 Total enthalpy discharge:           0.582412E+09 MJ (0.239265E+03 MJ/s)
 Total enthalpy input:               0.459069E+09 MJ (0.188594E+03 MJ/s)
*********************************************************************
 Time Step        61

                    Timing Information
           Years              Days         Step Size (Days)
     0.925612830E-01      33.8080086         5.63475144    
 Cpu Sec for Time Step =   1.894     Current Total =     111.1    

                    Equation Performance
 Number of N-R Iterations:          2
 Avg # of Linear Equation Solver Iterations:   1.0
 Number of Active Nodes:    532436.
 Total Number of Iterations, N-R:        122 , Solver:        122
 Phase Changes This Time Step:        0 Total           0
 Nodes Liq Phase:   532436 change        0
 Nodes Two Phase:        0 change        0
 Nodes Gas Phase:         0 change        0
 Nodes SC Phase:        0 change        0
 Number of restarted time steps            0
                    Largest Residuals
 EQ1 R=  0.3738E-06 node= 266310 zone=     4 x= 0.000     y= 2000.     z=0.2500E+05
 EQ2 R=  0.1227E-07 node= 266235 zone=     1 x= 0.000     y= 0.000     z=0.2300E+05
   Node   Equation 1 Residual   Equation 2 Residual
 266236      0.533634E-13          -0.552836E-15
 266234      0.155948E-08           0.204045E-09
 266231      0.137838E-09           0.958668E-11
 266226      0.165122E-09           0.109679E-10
 266221      0.138053E-09           0.958668E-11
 266210      0.144978E-09           0.959937E-11
 266201     -0.235500E-06          -0.349861E-09

                    Nodal Information (Water)
                                                  source/sink  E source/sink
   Node   P (MPa)    E (MJ)    L sat     Temp (C)    (kg/s)       (MJ/s)
 266236    26.00     0.666E-01  1.00        2.000   6.235      0.433    
 266234    29.25     0.659E-01  1.00        2.000   0.000       0.00    
 266231    29.25     0.633E-01  1.00        2.000   0.000       0.00    
 266226    29.25     0.568E-01  1.00        2.000   0.000       0.00    
 266221    29.25     0.503E-01  1.00        2.000   0.000       0.00    
 266210    29.25     0.282E-01  1.00        2.000   0.000       0.00    
 266201    29.27     0.483E-02  1.00        2.000   0.000      0.807E-01

                    Global Mass & Energy Balances
 Total mass in system at this time:            0.152098E+18 kg
 Total mass of steam in system at this time:   0.000000E+00 kg
 Total enthalpy in system at this time:        0.277171E+16 MJ

 Water discharge this time step:   0.303556E+07 kg (0.623520E+01 kg/s)
 Water input this time step:       0.000000E+00 kg (0.000000E+00 kg/s)
 Total water discharge:            0.163783E+10 kg (0.560706E+03 kg/s)
 Total water input:                0.000000E+00 kg (0.000000E+00 kg/s)

 Enthalpy discharge this time step:  0.984567E+08 MJ (0.202235E+03 MJ/s)
 Enthalpy input this time step:      0.881154E+08 MJ (0.180994E+03 MJ/s)
 Total enthalpy discharge:           0.680869E+09 MJ (0.233093E+03 MJ/s)
 Total enthalpy input:               0.547184E+09 MJ (0.187327E+03 MJ/s)

 Net kg water discharge (total out-total in):   0.163783E+10
 Net MJ energy discharge (total out-total in):   0.133685E+09
 Conservation Errors:   0.971097E-05 (mass),   0.352846E-03 (energy)

 Enthalpy discharge this time step:  0.117970E+09 MJ (0.201931E+03 MJ/s)
 Enthalpy input this time step:      0.105601E+09 MJ (0.180758E+03 MJ/s)
 Total enthalpy discharge:           0.798839E+09 MJ (0.227900E+03 MJ/s)
 Total enthalpy input:               0.652785E+09 MJ (0.186232E+03 MJ/s)

 Water discharge this time step:   0.363628E+07 kg (0.622426E+01 kg/s)
 Water input this time step:       0.000000E+00 kg (0.000000E+00 kg/s)
 Total water discharge:            0.164146E+10 kg (0.468291E+03 kg/s)
 Total water input:                0.000000E+00 kg (0.000000E+00 kg/s)

 Enthalpy discharge this time step:  0.117970E+09 MJ (0.201931E+03 MJ/s)
 Enthalpy input this time step:      0.105601E+09 MJ (0.180758E+03 MJ/s)
 Total enthalpy discharge:           0.798839E+09 MJ (0.227900E+03 MJ/s)
 Total enthalpy input:               0.652785E+09 MJ (0.186232E+03 MJ/s)

 Enthalpy discharge this time step:  0.141309E+09 MJ (0.201566E+03 MJ/s)
 Enthalpy input this time step:      0.126523E+09 MJ (0.180476E+03 MJ/s)
 Total enthalpy discharge:           0.940147E+09 MJ (0.223511E+03 MJ/s)
 Total enthalpy input:               0.779308E+09 MJ (0.185273E+03 MJ/s)

 Water discharge this time step:   0.435436E+07 kg (0.621117E+01 kg/s)
 Water input this time step:       0.000000E+00 kg (0.000000E+00 kg/s)
 Total water discharge:            0.164582E+10 kg (0.391277E+03 kg/s)
 Total water input:                0.000000E+00 kg (0.000000E+00 kg/s)

 Enthalpy discharge this time step:  0.141309E+09 MJ (0.201566E+03 MJ/s)
 Enthalpy input this time step:      0.126523E+09 MJ (0.180476E+03 MJ/s)
 Total enthalpy discharge:           0.940147E+09 MJ (0.223511E+03 MJ/s)
 Total enthalpy input:               0.779308E+09 MJ (0.185273E+03 MJ/s)

 Enthalpy discharge this time step:  0.169204E+09 MJ (0.201130E+03 MJ/s)
 Enthalpy input this time step:      0.151544E+09 MJ (0.180139E+03 MJ/s)
 Total enthalpy discharge:           0.110935E+10 MJ (0.219781E+03 MJ/s)
 Total enthalpy input:               0.930852E+09 MJ (0.184417E+03 MJ/s)

 Water discharge this time step:   0.521206E+07 kg (0.619552E+01 kg/s)
 Water input this time step:       0.000000E+00 kg (0.000000E+00 kg/s)
 Total water discharge:            0.165103E+10 kg (0.327096E+03 kg/s)
 Total water input:                0.000000E+00 kg (0.000000E+00 kg/s)

 Enthalpy discharge this time step:  0.169204E+09 MJ (0.201130E+03 MJ/s)
 Enthalpy input this time step:      0.151544E+09 MJ (0.180139E+03 MJ/s)
 Total enthalpy discharge:           0.110935E+10 MJ (0.219781E+03 MJ/s)
 Total enthalpy input:               0.930852E+09 MJ (0.184417E+03 MJ/s)

 Enthalpy discharge this time step:  0.202518E+09 MJ (0.200609E+03 MJ/s)
 Enthalpy input this time step:      0.181446E+09 MJ (0.179735E+03 MJ/s)
 Total enthalpy discharge:           0.131187E+10 MJ (0.216585E+03 MJ/s)
 Total enthalpy input:               0.111230E+10 MJ (0.183637E+03 MJ/s)

 Water discharge this time step:   0.623561E+07 kg (0.617682E+01 kg/s)
 Water input this time step:       0.000000E+00 kg (0.000000E+00 kg/s)
 Total water discharge:            0.165727E+10 kg (0.273609E+03 kg/s)
 Total water input:                0.000000E+00 kg (0.000000E+00 kg/s)

 Enthalpy discharge this time step:  0.202518E+09 MJ (0.200609E+03 MJ/s)
 Enthalpy input this time step:      0.181446E+09 MJ (0.179735E+03 MJ/s)
 Total enthalpy discharge:           0.131187E+10 MJ (0.216585E+03 MJ/s)
 Total enthalpy input:               0.111230E+10 MJ (0.183637E+03 MJ/s)

 Enthalpy discharge this time step:  0.242268E+09 MJ (0.199986E+03 MJ/s)
 Enthalpy input this time step:      0.217151E+09 MJ (0.179253E+03 MJ/s)
 Total enthalpy discharge:           0.155414E+10 MJ (0.213819E+03 MJ/s)
 Total enthalpy input:               0.132945E+10 MJ (0.182906E+03 MJ/s)

 Water discharge this time step:   0.745570E+07 kg (0.615451E+01 kg/s)
 Water input this time step:       0.000000E+00 kg (0.000000E+00 kg/s)
 Total water discharge:            0.166472E+10 kg (0.229033E+03 kg/s)
 Total water input:                0.000000E+00 kg (0.000000E+00 kg/s)

 Enthalpy discharge this time step:  0.242268E+09 MJ (0.199986E+03 MJ/s)
 Enthalpy input this time step:      0.217151E+09 MJ (0.179253E+03 MJ/s)
 Total enthalpy discharge:           0.155414E+10 MJ (0.213819E+03 MJ/s)
 Total enthalpy input:               0.132945E+10 MJ (0.182906E+03 MJ/s)

 Enthalpy discharge this time step:  0.289641E+09 MJ (0.199243E+03 MJ/s)
 Enthalpy input this time step:      0.259744E+09 MJ (0.178678E+03 MJ/s)
 Total enthalpy discharge:           0.184378E+10 MJ (0.211390E+03 MJ/s)
 Total enthalpy input:               0.158919E+10 MJ (0.182201E+03 MJ/s)

 Water discharge this time step:   0.890818E+07 kg (0.612792E+01 kg/s)
 Water input this time step:       0.000000E+00 kg (0.000000E+00 kg/s)
 Total water discharge:            0.167363E+10 kg (0.191882E+03 kg/s)
 Total water input:                0.000000E+00 kg (0.000000E+00 kg/s)

 Enthalpy discharge this time step:  0.289641E+09 MJ (0.199243E+03 MJ/s)
 Enthalpy input this time step:      0.259744E+09 MJ (0.178678E+03 MJ/s)
 Total enthalpy discharge:           0.184378E+10 MJ (0.211390E+03 MJ/s)
 Total enthalpy input:               0.158919E+10 MJ (0.182201E+03 MJ/s)

 Enthalpy discharge this time step:  0.346024E+09 MJ (0.198358E+03 MJ/s)
 Enthalpy input this time step:      0.310496E+09 MJ (0.177991E+03 MJ/s)
 Total enthalpy discharge:           0.218980E+10 MJ (0.209218E+03 MJ/s)
 Total enthalpy input:               0.189969E+10 MJ (0.181500E+03 MJ/s)

 Water discharge this time step:   0.106346E+08 kg (0.609625E+01 kg/s)
 Water input this time step:       0.000000E+00 kg (0.000000E+00 kg/s)
 Total water discharge:            0.168427E+10 kg (0.160918E+03 kg/s)
 Total water input:                0.000000E+00 kg (0.000000E+00 kg/s)

 Enthalpy discharge this time step:  0.346024E+09 MJ (0.198358E+03 MJ/s)
 Enthalpy input this time step:      0.310496E+09 MJ (0.177991E+03 MJ/s)
 Total enthalpy discharge:           0.218980E+10 MJ (0.209218E+03 MJ/s)
 Total enthalpy input:               0.189969E+10 MJ (0.181500E+03 MJ/s)

 Enthalpy discharge this time step:  0.413021E+09 MJ (0.197303E+03 MJ/s)
 Enthalpy input this time step:      0.370883E+09 MJ (0.177173E+03 MJ/s)
 Total enthalpy discharge:           0.260282E+10 MJ (0.207232E+03 MJ/s)
 Total enthalpy input:               0.227057E+10 MJ (0.180779E+03 MJ/s)

 Water discharge this time step:   0.126827E+08 kg (0.605860E+01 kg/s)
 Water input this time step:       0.000000E+00 kg (0.000000E+00 kg/s)
 Total water discharge:            0.169695E+10 kg (0.135108E+03 kg/s)
 Total water input:                0.000000E+00 kg (0.000000E+00 kg/s)

 Enthalpy discharge this time step:  0.413021E+09 MJ (0.197303E+03 MJ/s)
 Enthalpy input this time step:      0.370883E+09 MJ (0.177173E+03 MJ/s)
 Total enthalpy discharge:           0.260282E+10 MJ (0.207232E+03 MJ/s)
 Total enthalpy input:               0.227057E+10 MJ (0.180779E+03 MJ/s)

 Enthalpy discharge this time step:  0.492477E+09 MJ (0.196050E+03 MJ/s)
 Enthalpy input this time step:      0.442616E+09 MJ (0.176200E+03 MJ/s)
 Total enthalpy discharge:           0.309530E+10 MJ (0.205368E+03 MJ/s)
 Total enthalpy input:               0.271319E+10 MJ (0.180016E+03 MJ/s)

 Water discharge this time step:   0.151070E+08 kg (0.601392E+01 kg/s)
 Water input this time step:       0.000000E+00 kg (0.000000E+00 kg/s)
 Total water discharge:            0.171205E+10 kg (0.113592E+03 kg/s)
 Total water input:                0.000000E+00 kg (0.000000E+00 kg/s)

 Enthalpy discharge this time step:  0.492477E+09 MJ (0.196050E+03 MJ/s)
 Enthalpy input this time step:      0.442616E+09 MJ (0.176200E+03 MJ/s)
 Total enthalpy discharge:           0.309530E+10 MJ (0.205368E+03 MJ/s)
 Total enthalpy input:               0.271319E+10 MJ (0.180016E+03 MJ/s)
*********************************************************************
 Time Step        71

                    Timing Information
           Years              Days         Step Size (Days)
     0.573122174          209.332874         34.8888957    
 Cpu Sec for Time Step =   1.904     Current Total =     131.1    

                    Equation Performance
 Number of N-R Iterations:          2
 Avg # of Linear Equation Solver Iterations:   1.5
 Number of Active Nodes:    532436.
 Total Number of Iterations, N-R:        142 , Solver:        148
 Phase Changes This Time Step:        0 Total           0
 Nodes Liq Phase:   532436 change        0
 Nodes Two Phase:        0 change        0
 Nodes Gas Phase:         0 change        0
 Nodes SC Phase:        0 change        0
 Number of restarted time steps            0
                    Largest Residuals
 EQ1 R=  0.2015E-05 node= 276810 zone=     4 x= 2000.     y= 0.000     z=0.2500E+05
 EQ2 R=  0.5915E-07 node= 266235 zone=     1 x= 0.000     y= 0.000     z=0.2300E+05
   Node   Equation 1 Residual   Equation 2 Residual
 266236      0.243291E-12          -0.560394E-14
 266234      0.372835E-07           0.565747E-08
 266231      0.574551E-09           0.623039E-10
 266226      0.101007E-08           0.678337E-10
 266221      0.608082E-09           0.588521E-10
 266210      0.882349E-09           0.594044E-10
 266201     -0.145135E-05          -0.356262E-09

                    Nodal Information (Water)
                                                  source/sink  E source/sink
   Node   P (MPa)    E (MJ)    L sat     Temp (C)    (kg/s)       (MJ/s)
 266236    26.00     0.666E-01  1.00        2.000   5.961      0.413    
 266234    29.25     0.659E-01  1.00        2.000   0.000       0.00    
 266231    29.25     0.633E-01  1.00        2.000   0.000       0.00    
 266226    29.25     0.568E-01  1.00        2.000   0.000       0.00    
 266221    29.25     0.503E-01  1.00        2.000   0.000       0.00    
 266210    29.25     0.282E-01  1.00        2.000   0.000       0.00    
 266201    29.35     0.491E-02  1.00        2.000   0.000      0.777E-01

                    Global Mass & Energy Balances
 Total mass in system at this time:            0.152098E+18 kg
 Total mass of steam in system at this time:   0.000000E+00 kg
 Total enthalpy in system at this time:        0.277171E+16 MJ

 Water discharge this time step:   0.179688E+08 kg (0.596100E+01 kg/s)
 Water input this time step:       0.000000E+00 kg (0.000000E+00 kg/s)
 Total water discharge:            0.173002E+10 kg (0.956535E+02 kg/s)
 Total water input:                0.000000E+00 kg (0.000000E+00 kg/s)

 Enthalpy discharge this time step:  0.586488E+09 MJ (0.194562E+03 MJ/s)
 Enthalpy input this time step:      0.527656E+09 MJ (0.175045E+03 MJ/s)
 Total enthalpy discharge:           0.368179E+10 MJ (0.203567E+03 MJ/s)
 Total enthalpy input:               0.324084E+10 MJ (0.179187E+03 MJ/s)

 Net kg water discharge (total out-total in):   0.173002E+10
 Net MJ energy discharge (total out-total in):   0.440944E+09
 Conservation Errors:  -0.114707E-03 (mass),   0.133894E-03 (energy)

 Enthalpy discharge this time step:  0.697415E+09 MJ (0.192801E+03 MJ/s)
 Enthalpy input this time step:      0.628233E+09 MJ (0.173676E+03 MJ/s)
 Total enthalpy discharge:           0.437920E+10 MJ (0.201773E+03 MJ/s)
 Total enthalpy input:               0.386908E+10 MJ (0.178269E+03 MJ/s)

 Water discharge this time step:   0.213364E+08 kg (0.589846E+01 kg/s)
 Water input this time step:       0.000000E+00 kg (0.000000E+00 kg/s)
 Total water discharge:            0.175136E+10 kg (0.806943E+02 kg/s)
 Total water input:                0.000000E+00 kg (0.000000E+00 kg/s)

 Enthalpy discharge this time step:  0.697415E+09 MJ (0.192801E+03 MJ/s)
 Enthalpy input this time step:      0.628233E+09 MJ (0.173676E+03 MJ/s)
 Total enthalpy discharge:           0.437920E+10 MJ (0.201773E+03 MJ/s)
 Total enthalpy input:               0.386908E+10 MJ (0.178269E+03 MJ/s)

 Enthalpy discharge this time step:  0.827872E+09 MJ (0.190722E+03 MJ/s)
 Enthalpy input this time step:      0.746852E+09 MJ (0.172057E+03 MJ/s)
 Total enthalpy discharge:           0.520708E+10 MJ (0.199931E+03 MJ/s)
 Total enthalpy input:               0.461593E+10 MJ (0.177233E+03 MJ/s)

 Water discharge this time step:   0.252838E+08 kg (0.582476E+01 kg/s)
 Water input this time step:       0.000000E+00 kg (0.000000E+00 kg/s)
 Total water discharge:            0.177664E+10 kg (0.682160E+02 kg/s)
 Total water input:                0.000000E+00 kg (0.000000E+00 kg/s)

 Enthalpy discharge this time step:  0.827872E+09 MJ (0.190722E+03 MJ/s)
 Enthalpy input this time step:      0.746852E+09 MJ (0.172057E+03 MJ/s)
 Total enthalpy discharge:           0.520708E+10 MJ (0.199931E+03 MJ/s)
 Total enthalpy input:               0.461593E+10 MJ (0.177233E+03 MJ/s)

 Enthalpy discharge this time step:  0.980696E+09 MJ (0.188274E+03 MJ/s)
 Enthalpy input this time step:      0.886280E+09 MJ (0.170148E+03 MJ/s)
 Total enthalpy discharge:           0.618777E+10 MJ (0.197988E+03 MJ/s)
 Total enthalpy input:               0.550221E+10 MJ (0.176052E+03 MJ/s)

 Water discharge this time step:   0.298896E+08 kg (0.573820E+01 kg/s)
 Water input this time step:       0.000000E+00 kg (0.000000E+00 kg/s)
 Total water discharge:            0.180653E+10 kg (0.578030E+02 kg/s)
 Total water input:                0.000000E+00 kg (0.000000E+00 kg/s)

 Enthalpy discharge this time step:  0.980696E+09 MJ (0.188274E+03 MJ/s)
 Enthalpy input this time step:      0.886280E+09 MJ (0.170148E+03 MJ/s)
 Total enthalpy discharge:           0.618777E+10 MJ (0.197988E+03 MJ/s)
 Total enthalpy input:               0.550221E+10 MJ (0.176052E+03 MJ/s)

 Enthalpy discharge this time step:  0.115889E+10 MJ (0.185403E+03 MJ/s)
 Enthalpy input this time step:      0.104952E+10 MJ (0.167905E+03 MJ/s)
 Total enthalpy discharge:           0.734666E+10 MJ (0.195891E+03 MJ/s)
 Total enthalpy input:               0.655173E+10 MJ (0.174694E+03 MJ/s)

 Water discharge this time step:   0.352343E+08 kg (0.563689E+01 kg/s)
 Water input this time step:       0.000000E+00 kg (0.000000E+00 kg/s)
 Total water discharge:            0.184177E+10 kg (0.491087E+02 kg/s)
 Total water input:                0.000000E+00 kg (0.000000E+00 kg/s)

 Enthalpy discharge this time step:  0.115889E+10 MJ (0.185403E+03 MJ/s)
 Enthalpy input this time step:      0.104952E+10 MJ (0.167905E+03 MJ/s)
 Total enthalpy discharge:           0.734666E+10 MJ (0.195891E+03 MJ/s)
 Total enthalpy input:               0.655173E+10 MJ (0.174694E+03 MJ/s)

 Enthalpy discharge this time step:  0.136553E+10 MJ (0.182051E+03 MJ/s)
 Enthalpy input this time step:      0.123973E+10 MJ (0.165280E+03 MJ/s)
 Total enthalpy discharge:           0.871219E+10 MJ (0.193584E+03 MJ/s)
 Total enthalpy input:               0.779146E+10 MJ (0.173125E+03 MJ/s)

 Water discharge this time step:   0.413954E+08 kg (0.551881E+01 kg/s)
 Water input this time step:       0.000000E+00 kg (0.000000E+00 kg/s)
 Total water discharge:            0.188316E+10 kg (0.418437E+02 kg/s)
 Total water input:                0.000000E+00 kg (0.000000E+00 kg/s)

 Enthalpy discharge this time step:  0.136553E+10 MJ (0.182051E+03 MJ/s)
 Enthalpy input this time step:      0.123973E+10 MJ (0.165280E+03 MJ/s)
 Total enthalpy discharge:           0.871219E+10 MJ (0.193584E+03 MJ/s)
 Total enthalpy input:               0.779146E+10 MJ (0.173125E+03 MJ/s)

 Enthalpy discharge this time step:  0.160360E+10 MJ (0.178159E+03 MJ/s)
 Enthalpy input this time step:      0.146017E+10 MJ (0.162224E+03 MJ/s)
 Total enthalpy discharge:           0.103158E+11 MJ (0.191013E+03 MJ/s)
 Total enthalpy input:               0.925163E+10 MJ (0.171308E+03 MJ/s)

 Water discharge this time step:   0.484415E+08 kg (0.538182E+01 kg/s)
 Water input this time step:       0.000000E+00 kg (0.000000E+00 kg/s)
 Total water discharge:            0.193160E+10 kg (0.357667E+02 kg/s)
 Total water input:                0.000000E+00 kg (0.000000E+00 kg/s)

 Enthalpy discharge this time step:  0.160360E+10 MJ (0.178159E+03 MJ/s)
 Enthalpy input this time step:      0.146017E+10 MJ (0.162224E+03 MJ/s)
 Total enthalpy discharge:           0.103158E+11 MJ (0.191013E+03 MJ/s)
 Total enthalpy input:               0.925163E+10 MJ (0.171308E+03 MJ/s)

 Enthalpy discharge this time step:  0.187578E+10 MJ (0.173665E+03 MJ/s)
 Enthalpy input this time step:      0.171397E+10 MJ (0.158684E+03 MJ/s)
 Total enthalpy discharge:           0.121916E+11 MJ (0.188122E+03 MJ/s)
 Total enthalpy input:               0.109656E+11 MJ (0.169204E+03 MJ/s)

 Water discharge this time step:   0.564225E+08 kg (0.522375E+01 kg/s)
 Water input this time step:       0.000000E+00 kg (0.000000E+00 kg/s)
 Total water discharge:            0.198803E+10 kg (0.306762E+02 kg/s)
 Total water input:                0.000000E+00 kg (0.000000E+00 kg/s)

 Enthalpy discharge this time step:  0.187578E+10 MJ (0.173665E+03 MJ/s)
 Enthalpy input this time step:      0.171397E+10 MJ (0.158684E+03 MJ/s)
 Total enthalpy discharge:           0.121916E+11 MJ (0.188122E+03 MJ/s)
 Total enthalpy input:               0.109656E+11 MJ (0.169204E+03 MJ/s)

 Enthalpy discharge this time step:  0.218419E+10 MJ (0.168515E+03 MJ/s)
 Enthalpy input this time step:      0.200397E+10 MJ (0.154611E+03 MJ/s)
 Total enthalpy discharge:           0.143758E+11 MJ (0.184854E+03 MJ/s)
 Total enthalpy input:               0.129696E+11 MJ (0.166772E+03 MJ/s)

 Water discharge this time step:   0.653563E+08 kg (0.504239E+01 kg/s)
 Water input this time step:       0.000000E+00 kg (0.000000E+00 kg/s)
 Total water discharge:            0.205338E+10 kg (0.264039E+02 kg/s)
 Total water input:                0.000000E+00 kg (0.000000E+00 kg/s)

 Enthalpy discharge this time step:  0.218419E+10 MJ (0.168515E+03 MJ/s)
 Enthalpy input this time step:      0.200397E+10 MJ (0.154611E+03 MJ/s)
 Total enthalpy discharge:           0.143758E+11 MJ (0.184854E+03 MJ/s)
 Total enthalpy input:               0.129696E+11 MJ (0.166772E+03 MJ/s)

 Enthalpy discharge this time step:  0.253001E+10 MJ (0.162663E+03 MJ/s)
 Enthalpy input this time step:      0.233243E+10 MJ (0.149960E+03 MJ/s)
 Total enthalpy discharge:           0.169058E+11 MJ (0.181156E+03 MJ/s)
 Total enthalpy input:               0.153020E+11 MJ (0.163970E+03 MJ/s)

 Water discharge this time step:   0.752120E+08 kg (0.483565E+01 kg/s)
 Water input this time step:       0.000000E+00 kg (0.000000E+00 kg/s)
 Total water discharge:            0.212860E+10 kg (0.228092E+02 kg/s)
 Total water input:                0.000000E+00 kg (0.000000E+00 kg/s)

 Enthalpy discharge this time step:  0.253001E+10 MJ (0.162663E+03 MJ/s)
 Enthalpy input this time step:      0.233243E+10 MJ (0.149960E+03 MJ/s)
 Total enthalpy discharge:           0.169058E+11 MJ (0.181156E+03 MJ/s)
 Total enthalpy input:               0.153020E+11 MJ (0.163970E+03 MJ/s)
*********************************************************************
 Time Step        81

                    Timing Information
           Years              Days         Step Size (Days)
      3.54862855          1296.13658         216.022846    
 Cpu Sec for Time Step =   2.184     Current Total =     152.5    

                    Equation Performance
 Number of N-R Iterations:          2
 Avg # of Linear Equation Solver Iterations:   3.5
 Number of Active Nodes:    532436.
 Total Number of Iterations, N-R:        162 , Solver:        194
 Phase Changes This Time Step:        0 Total           0
 Nodes Liq Phase:   532436 change        0
 Nodes Two Phase:        0 change        0
 Nodes Gas Phase:         0 change        0
 Nodes SC Phase:        0 change        0
 Number of restarted time steps            0
                    Largest Residuals
 EQ1 R=  0.8072E-05 node= 532401 zone=     5 x=0.5000E+05 y=0.5000E+05 z=-.2500E+05
 EQ2 R=  0.1462E-06 node= 266235 zone=     1 x= 0.000     y= 0.000     z=0.2300E+05
   Node   Equation 1 Residual   Equation 2 Residual
 266236      0.760910E-12          -0.157185E-13
 266234      0.266795E-06           0.648364E-07
 266231      0.890602E-08           0.279282E-08
 266226      0.569943E-08           0.417211E-09
 266221      0.187095E-08           0.359708E-09
 266210      0.496481E-08           0.366901E-09
 266201     -0.807013E-05          -0.350292E-09

                    Nodal Information (Water)
                                                  source/sink  E source/sink
   Node   P (MPa)    E (MJ)    L sat     Temp (C)    (kg/s)       (MJ/s)
 266236    26.00     0.666E-01  1.00        2.000   4.602      0.316    
 266234    29.19     0.659E-01  1.00        2.000   0.000       0.00    
 266231    29.25     0.633E-01  1.00        2.000   0.000       0.00    
 266226    29.25     0.568E-01  1.00        2.000   0.000       0.00    
 266221    29.25     0.503E-01  1.00        2.000   0.000       0.00    
 266210    29.25     0.282E-01  1.00        2.000   0.000       0.00    
 266201    29.82     0.537E-02  1.00        2.000   0.000      0.623E-01

                    Global Mass & Energy Balances
 Total mass in system at this time:            0.152098E+18 kg
 Total mass of steam in system at this time:   0.000000E+00 kg
 Total enthalpy in system at this time:        0.277171E+16 MJ

 Water discharge this time step:   0.858859E+08 kg (0.460160E+01 kg/s)
 Water input this time step:       0.000000E+00 kg (0.000000E+00 kg/s)
 Total water discharge:            0.221448E+10 kg (0.197746E+02 kg/s)
 Total water input:                0.000000E+00 kg (0.000000E+00 kg/s)

 Enthalpy discharge this time step:  0.291312E+10 MJ (0.156079E+03 MJ/s)
 Enthalpy input this time step:      0.270071E+10 MJ (0.144699E+03 MJ/s)
 Total enthalpy discharge:           0.198189E+11 MJ (0.176976E+03 MJ/s)
 Total enthalpy input:               0.180027E+11 MJ (0.160758E+03 MJ/s)

 Net kg water discharge (total out-total in):   0.221448E+10
 Net MJ energy discharge (total out-total in):   0.181619E+10
 Conservation Errors:  -0.837678E-02 (mass),  -0.918788E-03 (energy)

 Enthalpy discharge this time step:  0.333172E+10 MJ (0.148756E+03 MJ/s)
 Enthalpy input this time step:      0.310889E+10 MJ (0.138807E+03 MJ/s)
 Total enthalpy discharge:           0.231506E+11 MJ (0.172273E+03 MJ/s)
 Total enthalpy input:               0.211116E+11 MJ (0.157100E+03 MJ/s)

 Water discharge this time step:   0.971716E+08 kg (0.433855E+01 kg/s)
 Water input this time step:       0.000000E+00 kg (0.000000E+00 kg/s)
 Total water discharge:            0.231165E+10 kg (0.172019E+02 kg/s)
 Total water input:                0.000000E+00 kg (0.000000E+00 kg/s)

 Enthalpy discharge this time step:  0.333172E+10 MJ (0.148756E+03 MJ/s)
 Enthalpy input this time step:      0.310889E+10 MJ (0.138807E+03 MJ/s)
 Total enthalpy discharge:           0.231506E+11 MJ (0.172273E+03 MJ/s)
 Total enthalpy input:               0.211116E+11 MJ (0.157100E+03 MJ/s)

 Enthalpy discharge this time step:  0.491130E+10 MJ (0.182734E+03 MJ/s)
 Enthalpy input this time step:      0.355549E+10 MJ (0.132289E+03 MJ/s)
 Total enthalpy discharge:           0.280619E+11 MJ (0.174016E+03 MJ/s)
 Total enthalpy input:               0.246671E+11 MJ (0.152965E+03 MJ/s)

 Water discharge this time step:   0.108721E+09 kg (0.404518E+01 kg/s)
 Water input this time step:       0.000000E+00 kg (0.000000E+00 kg/s)
 Total water discharge:            0.242037E+10 kg (0.150091E+02 kg/s)
 Total water input:                0.000000E+00 kg (0.000000E+00 kg/s)

 Enthalpy discharge this time step:  0.491130E+10 MJ (0.182734E+03 MJ/s)
 Enthalpy input this time step:      0.355549E+10 MJ (0.132289E+03 MJ/s)
 Total enthalpy discharge:           0.280619E+11 MJ (0.174016E+03 MJ/s)
 Total enthalpy input:               0.246671E+11 MJ (0.152965E+03 MJ/s)

 Enthalpy discharge this time step:  0.926854E+10 MJ (0.287378E+03 MJ/s)
 Enthalpy input this time step:      0.403721E+10 MJ (0.125177E+03 MJ/s)
 Total enthalpy discharge:           0.373305E+11 MJ (0.192910E+03 MJ/s)
 Total enthalpy input:               0.287043E+11 MJ (0.148333E+03 MJ/s)

 Water discharge this time step:   0.119996E+09 kg (0.372056E+01 kg/s)
 Water input this time step:       0.000000E+00 kg (0.000000E+00 kg/s)
 Total water discharge:            0.254037E+10 kg (0.131277E+02 kg/s)
 Total water input:                0.000000E+00 kg (0.000000E+00 kg/s)

 Enthalpy discharge this time step:  0.926854E+10 MJ (0.287378E+03 MJ/s)
 Enthalpy input this time step:      0.403721E+10 MJ (0.125177E+03 MJ/s)
 Total enthalpy discharge:           0.373305E+11 MJ (0.192910E+03 MJ/s)
 Total enthalpy input:               0.287043E+11 MJ (0.148333E+03 MJ/s)

 Enthalpy discharge this time step:  0.103897E+11 MJ (0.268452E+03 MJ/s)
 Enthalpy input this time step:      0.454904E+10 MJ (0.117539E+03 MJ/s)
 Total enthalpy discharge:           0.477202E+11 MJ (0.205500E+03 MJ/s)
 Total enthalpy input:               0.332533E+11 MJ (0.143201E+03 MJ/s)

 Water discharge this time step:   0.130200E+09 kg (0.336414E+01 kg/s)
 Water input this time step:       0.000000E+00 kg (0.000000E+00 kg/s)
 Total water discharge:            0.267057E+10 kg (0.115004E+02 kg/s)
 Total water input:                0.000000E+00 kg (0.000000E+00 kg/s)

 Enthalpy discharge this time step:  0.103897E+11 MJ (0.268452E+03 MJ/s)
 Enthalpy input this time step:      0.454904E+10 MJ (0.117539E+03 MJ/s)
 Total enthalpy discharge:           0.477202E+11 MJ (0.205500E+03 MJ/s)
 Total enthalpy input:               0.332533E+11 MJ (0.143201E+03 MJ/s)

 Enthalpy discharge this time step:  0.115443E+11 MJ (0.248569E+03 MJ/s)
 Enthalpy input this time step:      0.508459E+10 MJ (0.109480E+03 MJ/s)
 Total enthalpy discharge:           0.592645E+11 MJ (0.212678E+03 MJ/s)
 Total enthalpy input:               0.383379E+11 MJ (0.137581E+03 MJ/s)

 Water discharge this time step:   0.138200E+09 kg (0.297571E+01 kg/s)
 Water input this time step:       0.000000E+00 kg (0.000000E+00 kg/s)
 Total water discharge:            0.280877E+10 kg (0.100797E+02 kg/s)
 Total water input:                0.000000E+00 kg (0.000000E+00 kg/s)

 Enthalpy discharge this time step:  0.115443E+11 MJ (0.248569E+03 MJ/s)
 Enthalpy input this time step:      0.508459E+10 MJ (0.109480E+03 MJ/s)
 Total enthalpy discharge:           0.592645E+11 MJ (0.212678E+03 MJ/s)
 Total enthalpy input:               0.383379E+11 MJ (0.137581E+03 MJ/s)

 Enthalpy discharge this time step:  0.127151E+11 MJ (0.228150E+03 MJ/s)
 Enthalpy input this time step:      0.563701E+10 MJ (0.101146E+03 MJ/s)
 Total enthalpy discharge:           0.719796E+11 MJ (0.215257E+03 MJ/s)
 Total enthalpy input:               0.439749E+11 MJ (0.131508E+03 MJ/s)

 Water discharge this time step:   0.142408E+09 kg (0.255526E+01 kg/s)
 Water input this time step:       0.000000E+00 kg (0.000000E+00 kg/s)
 Total water discharge:            0.295118E+10 kg (0.882558E+01 kg/s)
 Total water input:                0.000000E+00 kg (0.000000E+00 kg/s)

 Enthalpy discharge this time step:  0.127151E+11 MJ (0.228150E+03 MJ/s)
 Enthalpy input this time step:      0.563701E+10 MJ (0.101146E+03 MJ/s)
 Total enthalpy discharge:           0.719796E+11 MJ (0.215257E+03 MJ/s)
 Total enthalpy input:               0.439749E+11 MJ (0.131508E+03 MJ/s)

 Enthalpy discharge this time step:  0.138868E+11 MJ (0.207645E+03 MJ/s)
 Enthalpy input this time step:      0.620037E+10 MJ (0.927118E+02 MJ/s)
 Total enthalpy discharge:           0.858664E+11 MJ (0.213988E+03 MJ/s)
 Total enthalpy input:               0.501753E+11 MJ (0.125042E+03 MJ/s)

 Water discharge this time step:   0.140633E+09 kg (0.210283E+01 kg/s)
 Water input this time step:       0.000000E+00 kg (0.000000E+00 kg/s)
 Total water discharge:            0.309181E+10 kg (0.770513E+01 kg/s)
 Total water input:                0.000000E+00 kg (0.000000E+00 kg/s)

 Enthalpy discharge this time step:  0.138868E+11 MJ (0.207645E+03 MJ/s)
 Enthalpy input this time step:      0.620037E+10 MJ (0.927118E+02 MJ/s)
 Total enthalpy discharge:           0.858664E+11 MJ (0.213988E+03 MJ/s)
 Total enthalpy input:               0.501753E+11 MJ (0.125042E+03 MJ/s)

 Enthalpy discharge this time step:  0.150503E+11 MJ (0.187535E+03 MJ/s)
 Enthalpy input this time step:      0.677143E+10 MJ (0.843756E+02 MJ/s)
 Total enthalpy discharge:           0.100917E+12 MJ (0.209579E+03 MJ/s)
 Total enthalpy input:               0.569467E+11 MJ (0.118264E+03 MJ/s)

 Water discharge this time step:   0.129876E+09 kg (0.161832E+01 kg/s)
 Water input this time step:       0.000000E+00 kg (0.000000E+00 kg/s)
 Total water discharge:            0.322169E+10 kg (0.669066E+01 kg/s)
 Total water input:                0.000000E+00 kg (0.000000E+00 kg/s)

 Enthalpy discharge this time step:  0.150503E+11 MJ (0.187535E+03 MJ/s)
 Enthalpy input this time step:      0.677143E+10 MJ (0.843756E+02 MJ/s)
 Total enthalpy discharge:           0.100917E+12 MJ (0.209579E+03 MJ/s)
 Total enthalpy input:               0.569467E+11 MJ (0.118264E+03 MJ/s)

 Enthalpy discharge this time step:  0.162067E+11 MJ (0.168286E+03 MJ/s)
 Enthalpy input this time step:      0.735157E+10 MJ (0.763370E+02 MJ/s)
 Total enthalpy discharge:           0.117123E+12 MJ (0.202697E+03 MJ/s)
 Total enthalpy input:               0.642983E+11 MJ (0.111277E+03 MJ/s)

 Water discharge this time step:   0.106034E+09 kg (0.110103E+01 kg/s)
 Water input this time step:       0.000000E+00 kg (0.000000E+00 kg/s)
 Total water discharge:            0.332772E+10 kg (0.575905E+01 kg/s)
 Total water input:                0.000000E+00 kg (0.000000E+00 kg/s)

 Enthalpy discharge this time step:  0.162067E+11 MJ (0.168286E+03 MJ/s)
 Enthalpy input this time step:      0.735157E+10 MJ (0.763370E+02 MJ/s)
 Total enthalpy discharge:           0.117123E+12 MJ (0.202697E+03 MJ/s)
 Total enthalpy input:               0.642983E+11 MJ (0.111277E+03 MJ/s)
*********************************************************************
 Time Step        91

                    Timing Information
           Years              Days         Step Size (Days)
      21.9721797          8025.33865         1337.55652    
 Cpu Sec for Time Step =   2.557     Current Total =     177.0    

                    Equation Performance
 Number of N-R Iterations:          2
 Avg # of Linear Equation Solver Iterations:   6.0
 Number of Active Nodes:    532436.
 Total Number of Iterations, N-R:        182 , Solver:        285
 Phase Changes This Time Step:        0 Total           0
 Nodes Liq Phase:   532436 change        0
 Nodes Two Phase:        0 change        0
 Nodes Gas Phase:         0 change        0
 Nodes SC Phase:        0 change        0
 Number of restarted time steps            0
                    Largest Residuals
 EQ1 R=  0.7204E-05 node=      1 zone=     5 x=-.5000E+05 y=-.5000E+05 z=-.2500E+05
 EQ2 R=  0.7610E-06 node=   3702 zone=     3 x=-.5000E+05 y=0.5000E+05 z=-.2300E+05
   Node   Equation 1 Residual   Equation 2 Residual
 266236      0.179085E-12          -0.254176E-14
 266234      0.460734E-06           0.397501E-06
 266231      0.997520E-07           0.180966E-06
 266226      0.450834E-07           0.608219E-08
 266221      0.258143E-08           0.220202E-08
 266210      0.195625E-07           0.224807E-08
 266201     -0.720333E-05          -0.694406E-10

                    Nodal Information (Water)
                                                  source/sink  E source/sink
   Node   P (MPa)    E (MJ)    L sat     Temp (C)    (kg/s)       (MJ/s)
 266236    26.00     0.666E-01  1.00        2.000  0.5492      0.371E-01
 266234    28.78     0.654E-01  1.00        2.000   0.000       0.00    
 266231    29.16     0.632E-01  1.00        2.000   0.000       0.00    
 266226    29.25     0.568E-01  1.00        2.000   0.000       0.00    
 266221    29.25     0.503E-01  1.00        2.000   0.000       0.00    
 266210    29.25     0.282E-01  1.00        2.000   0.000       0.00    
 266201    31.56     0.705E-02  1.00        2.000   0.000      0.601E-01

                    Global Mass & Energy Balances
 Total mass in system at this time:            0.152098E+18 kg
 Total mass of steam in system at this time:   0.000000E+00 kg
 Total enthalpy in system at this time:        0.277165E+16 MJ

 Water discharge this time step:   0.634722E+08 kg (0.549234E+00 kg/s)
 Water input this time step:       0.000000E+00 kg (0.000000E+00 kg/s)
 Total water discharge:            0.339119E+10 kg (0.489075E+01 kg/s)
 Total water input:                0.000000E+00 kg (0.000000E+00 kg/s)

 Enthalpy discharge this time step:  0.173689E+11 MJ (0.150295E+03 MJ/s)
 Enthalpy input this time step:      0.794816E+10 MJ (0.687766E+02 MJ/s)
 Total enthalpy discharge:           0.134492E+12 MJ (0.193964E+03 MJ/s)
 Total enthalpy input:               0.722465E+11 MJ (0.104193E+03 MJ/s)

 Net kg water discharge (total out-total in):   0.339119E+10
 Net MJ energy discharge (total out-total in):   0.622458E+11
 Conservation Errors:  -0.325705E-01 (mass),  -0.812880E-03 (energy)

 Enthalpy discharge this time step:  0.185822E+11 MJ (0.133995E+03 MJ/s)
 Enthalpy input this time step:      0.857551E+10 MJ (0.618376E+02 MJ/s)
 Total enthalpy discharge:           0.153075E+12 MJ (0.183969E+03 MJ/s)
 Total enthalpy input:               0.808220E+11 MJ (0.971340E+02 MJ/s)

 Water discharge this time step:   0.000000E+00 kg (0.000000E+00 kg/s)
 Water input this time step:       0.547556E+07 kg (0.394840E-01 kg/s)
 Total water discharge:            0.339119E+10 kg (0.407563E+01 kg/s)
 Total water input:                0.547556E+07 kg (0.658067E-02 kg/s)

 Enthalpy discharge this time step:  0.185822E+11 MJ (0.133995E+03 MJ/s)
 Enthalpy input this time step:      0.857551E+10 MJ (0.618376E+02 MJ/s)
 Total enthalpy discharge:           0.153075E+12 MJ (0.183969E+03 MJ/s)
 Total enthalpy input:               0.808220E+11 MJ (0.971340E+02 MJ/s)

 Enthalpy discharge this time step:  0.198963E+11 MJ (0.119559E+03 MJ/s)
 Enthalpy input this time step:      0.925976E+10 MJ (0.556431E+02 MJ/s)
 Total enthalpy discharge:           0.172971E+12 MJ (0.173234E+03 MJ/s)
 Total enthalpy input:               0.900817E+11 MJ (0.902188E+02 MJ/s)

 Water discharge this time step:   0.000000E+00 kg (0.000000E+00 kg/s)
 Water input this time step:       0.111249E+09 kg (0.668511E+00 kg/s)
 Total water discharge:            0.339119E+10 kg (0.339635E+01 kg/s)
 Total water input:                0.116725E+09 kg (0.116902E+00 kg/s)

 Enthalpy discharge this time step:  0.198963E+11 MJ (0.119559E+03 MJ/s)
 Enthalpy input this time step:      0.925976E+10 MJ (0.556431E+02 MJ/s)
 Total enthalpy discharge:           0.172971E+12 MJ (0.173234E+03 MJ/s)
 Total enthalpy input:               0.900817E+11 MJ (0.902188E+02 MJ/s)

 Enthalpy discharge this time step:  0.213088E+11 MJ (0.106706E+03 MJ/s)
 Enthalpy input this time step:      0.100212E+11 MJ (0.501823E+02 MJ/s)
 Total enthalpy discharge:           0.194280E+12 MJ (0.162146E+03 MJ/s)
 Total enthalpy input:               0.100103E+12 MJ (0.835461E+02 MJ/s)

 Water discharge this time step:   0.000000E+00 kg (0.000000E+00 kg/s)
 Water input this time step:       0.268047E+09 kg (0.134227E+01 kg/s)
 Total water discharge:            0.339119E+10 kg (0.283030E+01 kg/s)
 Total water input:                0.384772E+09 kg (0.321131E+00 kg/s)

 Enthalpy discharge this time step:  0.213088E+11 MJ (0.106706E+03 MJ/s)
 Enthalpy input this time step:      0.100212E+11 MJ (0.501823E+02 MJ/s)
 Total enthalpy discharge:           0.194280E+12 MJ (0.162146E+03 MJ/s)
 Total enthalpy input:               0.100103E+12 MJ (0.835461E+02 MJ/s)

 Enthalpy discharge this time step:  0.228449E+11 MJ (0.953321E+02 MJ/s)
 Enthalpy input this time step:      0.108860E+11 MJ (0.454275E+02 MJ/s)
 Total enthalpy discharge:           0.217125E+12 MJ (0.151010E+03 MJ/s)
 Total enthalpy input:               0.110989E+12 MJ (0.771930E+02 MJ/s)

 Water discharge this time step:   0.000000E+00 kg (0.000000E+00 kg/s)
 Water input this time step:       0.495133E+09 kg (0.206619E+01 kg/s)
 Total water discharge:            0.339119E+10 kg (0.235858E+01 kg/s)
 Total water input:                0.879904E+09 kg (0.611975E+00 kg/s)

 Enthalpy discharge this time step:  0.228449E+11 MJ (0.953321E+02 MJ/s)
 Enthalpy input this time step:      0.108860E+11 MJ (0.454275E+02 MJ/s)
 Total enthalpy discharge:           0.217125E+12 MJ (0.151010E+03 MJ/s)
 Total enthalpy input:               0.110989E+12 MJ (0.771930E+02 MJ/s)

 Enthalpy discharge this time step:  0.245307E+11 MJ (0.853057E+02 MJ/s)
 Enthalpy input this time step:      0.118799E+11 MJ (0.413124E+02 MJ/s)
 Total enthalpy discharge:           0.241655E+12 MJ (0.140060E+03 MJ/s)
 Total enthalpy input:               0.122869E+12 MJ (0.712129E+02 MJ/s)

 Water discharge this time step:   0.000000E+00 kg (0.000000E+00 kg/s)
 Water input this time step:       0.818469E+09 kg (0.284623E+01 kg/s)
 Total water discharge:            0.339119E+10 kg (0.196548E+01 kg/s)
 Total water input:                0.169837E+10 kg (0.984350E+00 kg/s)

 Enthalpy discharge this time step:  0.245307E+11 MJ (0.853057E+02 MJ/s)
 Enthalpy input this time step:      0.118799E+11 MJ (0.413124E+02 MJ/s)
 Total enthalpy discharge:           0.241655E+12 MJ (0.140060E+03 MJ/s)
 Total enthalpy input:               0.122869E+12 MJ (0.712129E+02 MJ/s)

 Enthalpy discharge this time step:  0.264022E+11 MJ (0.765116E+02 MJ/s)
 Enthalpy input this time step:      0.130269E+11 MJ (0.377510E+02 MJ/s)
 Total enthalpy discharge:           0.268057E+12 MJ (0.129468E+03 MJ/s)
 Total enthalpy input:               0.135896E+12 MJ (0.656359E+02 MJ/s)

 Water discharge this time step:   0.000000E+00 kg (0.000000E+00 kg/s)
 Water input this time step:       0.127297E+10 kg (0.368898E+01 kg/s)
 Total water discharge:            0.339119E+10 kg (0.163790E+01 kg/s)
 Total water input:                0.297135E+10 kg (0.143512E+01 kg/s)

 Enthalpy discharge this time step:  0.264022E+11 MJ (0.765116E+02 MJ/s)
 Enthalpy input this time step:      0.130269E+11 MJ (0.377510E+02 MJ/s)
 Total enthalpy discharge:           0.268057E+12 MJ (0.129468E+03 MJ/s)
 Total enthalpy input:               0.135896E+12 MJ (0.656359E+02 MJ/s)

 Enthalpy discharge this time step:  0.284627E+11 MJ (0.687355E+02 MJ/s)
 Enthalpy input this time step:      0.143503E+11 MJ (0.346551E+02 MJ/s)
 Total enthalpy discharge:           0.296520E+12 MJ (0.119346E+03 MJ/s)
 Total enthalpy input:               0.150246E+12 MJ (0.604724E+02 MJ/s)

 Water discharge this time step:   0.000000E+00 kg (0.000000E+00 kg/s)
 Water input this time step:       0.190548E+10 kg (0.460161E+01 kg/s)
 Total water discharge:            0.339119E+10 kg (0.136492E+01 kg/s)
 Total water input:                0.487683E+10 kg (0.196287E+01 kg/s)

 Enthalpy discharge this time step:  0.284627E+11 MJ (0.687355E+02 MJ/s)
 Enthalpy input this time step:      0.143503E+11 MJ (0.346551E+02 MJ/s)
 Total enthalpy discharge:           0.296520E+12 MJ (0.119346E+03 MJ/s)
 Total enthalpy input:               0.150246E+12 MJ (0.604724E+02 MJ/s)

 Enthalpy discharge this time step:  0.307100E+11 MJ (0.618021E+02 MJ/s)
 Enthalpy input this time step:      0.158742E+11 MJ (0.319459E+02 MJ/s)
 Total enthalpy discharge:           0.327230E+12 MJ (0.109755E+03 MJ/s)
 Total enthalpy input:               0.166120E+12 MJ (0.557180E+02 MJ/s)

 Water discharge this time step:   0.000000E+00 kg (0.000000E+00 kg/s)
 Water input this time step:       0.277866E+10 kg (0.559190E+01 kg/s)
 Total water discharge:            0.339119E+10 kg (0.113743E+01 kg/s)
 Total water input:                0.765548E+10 kg (0.256771E+01 kg/s)

 Enthalpy discharge this time step:  0.307100E+11 MJ (0.618021E+02 MJ/s)
 Enthalpy input this time step:      0.158742E+11 MJ (0.319459E+02 MJ/s)
 Total enthalpy discharge:           0.327230E+12 MJ (0.109755E+03 MJ/s)
 Total enthalpy input:               0.166120E+12 MJ (0.557180E+02 MJ/s)

 Enthalpy discharge this time step:  0.331539E+11 MJ (0.556004E+02 MJ/s)
 Enthalpy input this time step:      0.176262E+11 MJ (0.295598E+02 MJ/s)
 Total enthalpy discharge:           0.360384E+12 MJ (0.100730E+03 MJ/s)
 Total enthalpy input:               0.183746E+12 MJ (0.513583E+02 MJ/s)

 Water discharge this time step:   0.000000E+00 kg (0.000000E+00 kg/s)
 Water input this time step:       0.397623E+10 kg (0.666828E+01 kg/s)
 Total water discharge:            0.339119E+10 kg (0.947860E+00 kg/s)
 Total water input:                0.116317E+11 kg (0.325114E+01 kg/s)

 Enthalpy discharge this time step:  0.331539E+11 MJ (0.556004E+02 MJ/s)
 Enthalpy input this time step:      0.176262E+11 MJ (0.295598E+02 MJ/s)
 Total enthalpy discharge:           0.360384E+12 MJ (0.100730E+03 MJ/s)
 Total enthalpy input:               0.183746E+12 MJ (0.513583E+02 MJ/s)
*********************************************************************
 Time Step       101

                    Timing Information
           Years              Days         Step Size (Days)
      136.045953          49690.7842         8281.79745    
 Cpu Sec for Time Step =   3.862     Current Total =     209.0    

                    Equation Performance
 Number of N-R Iterations:          2
 Avg # of Linear Equation Solver Iterations:  12.5
 Number of Active Nodes:    532436.
 Total Number of Iterations, N-R:        202 , Solver:        473
 Phase Changes This Time Step:        0 Total           0
 Nodes Liq Phase:   532436 change        0
 Nodes Two Phase:        0 change        0
 Nodes Gas Phase:         0 change        0
 Nodes SC Phase:        0 change        0
 Number of restarted time steps            0
                    Largest Residuals
 EQ1 R=  0.7485E-05 node=   3704 zone=     3 x=-.5000E+05 y=0.5000E+05 z=-.1900E+05
 EQ2 R=  0.1350E-05 node= 528703 zone=     3 x=0.5000E+05 y=-.5000E+05 z=-.2100E+05
   Node   Equation 1 Residual   Equation 2 Residual
 266236     -0.540814E-14          -0.616569E-16
 266234     -0.293139E-06           0.204733E-06
 266231     -0.438440E-07           0.567258E-06
 266226      0.727901E-06           0.645808E-06
 266221      0.247356E-07           0.208588E-06
 266210     -0.703206E-07          -0.607081E-07
 266201      0.340959E-06           0.182451E-11

                    Nodal Information (Water)
                                                  source/sink  E source/sink
   Node   P (MPa)    E (MJ)    L sat     Temp (C)    (kg/s)       (MJ/s)
 266236    26.00     0.666E-01  1.00        2.000  -7.840     -0.522    
 266234    26.37     0.631E-01  1.00        1.997   0.000       0.00    
 266231    27.48     0.616E-01  1.00        1.999   0.000       0.00    
 266226    28.87     0.564E-01  1.00        2.001   0.000       0.00    
 266221    29.19     0.503E-01  1.00        2.002   0.000       0.00    
 266210    29.27     0.282E-01  1.00        2.002   0.000       0.00    
 266201    35.58     0.109E-01  1.00        2.000   0.000      0.200E-01

                    Global Mass & Energy Balances
 Total mass in system at this time:            0.152098E+18 kg
 Total mass of steam in system at this time:   0.000000E+00 kg
 Total enthalpy in system at this time:        0.277152E+16 MJ

 Water discharge this time step:   0.000000E+00 kg (0.000000E+00 kg/s)
 Water input this time step:       0.560992E+10 kg (0.784004E+01 kg/s)
 Total water discharge:            0.339119E+10 kg (0.789883E+00 kg/s)
 Total water input:                0.172416E+11 kg (0.401595E+01 kg/s)

 Enthalpy discharge this time step:  0.357945E+11 MJ (0.500239E+02 MJ/s)
 Enthalpy input this time step:      0.196400E+11 MJ (0.274475E+02 MJ/s)
 Total enthalpy discharge:           0.396179E+12 MJ (0.922787E+02 MJ/s)
 Total enthalpy input:               0.203386E+12 MJ (0.473732E+02 MJ/s)

 Net kg water discharge (total out-total in):  -0.138504E+11
 Net MJ energy discharge (total out-total in):   0.192792E+12
 Conservation Errors:  -0.947175E-01 (mass),  -0.118558E-02 (energy)

 Enthalpy discharge this time step:  0.386352E+11 MJ (0.449949E+02 MJ/s)
 Enthalpy input this time step:      0.219573E+11 MJ (0.255717E+02 MJ/s)
 Total enthalpy discharge:           0.434814E+12 MJ (0.843980E+02 MJ/s)
 Total enthalpy input:               0.225344E+12 MJ (0.437396E+02 MJ/s)

 Water discharge this time step:   0.000000E+00 kg (0.000000E+00 kg/s)
 Water input this time step:       0.782869E+10 kg (0.911737E+01 kg/s)
 Total water discharge:            0.339119E+10 kg (0.658236E+00 kg/s)
 Total water input:                0.250703E+11 kg (0.486619E+01 kg/s)

 Enthalpy discharge this time step:  0.386352E+11 MJ (0.449949E+02 MJ/s)
 Enthalpy input this time step:      0.219573E+11 MJ (0.255717E+02 MJ/s)
 Total enthalpy discharge:           0.434814E+12 MJ (0.843980E+02 MJ/s)
 Total enthalpy input:               0.225344E+12 MJ (0.437396E+02 MJ/s)

 Enthalpy discharge this time step:  0.416757E+11 MJ (0.404466E+02 MJ/s)
 Enthalpy input this time step:      0.246288E+11 MJ (0.239025E+02 MJ/s)
 Total enthalpy discharge:           0.476489E+12 MJ (0.770728E+02 MJ/s)
 Total enthalpy input:               0.249973E+12 MJ (0.404334E+02 MJ/s)

 Water discharge this time step:   0.000000E+00 kg (0.000000E+00 kg/s)
 Water input this time step:       0.108309E+11 kg (0.105115E+02 kg/s)
 Total water discharge:            0.339119E+10 kg (0.548530E+00 kg/s)
 Total water input:                0.359012E+11 kg (0.580707E+01 kg/s)

 Enthalpy discharge this time step:  0.416757E+11 MJ (0.404466E+02 MJ/s)
 Enthalpy input this time step:      0.246288E+11 MJ (0.239025E+02 MJ/s)
 Total enthalpy discharge:           0.476489E+12 MJ (0.770728E+02 MJ/s)
 Total enthalpy input:               0.249973E+12 MJ (0.404334E+02 MJ/s)

 Enthalpy discharge this time step:  0.449171E+11 MJ (0.363270E+02 MJ/s)
 Enthalpy input this time step:      0.277165E+11 MJ (0.224159E+02 MJ/s)
 Total enthalpy discharge:           0.521406E+12 MJ (0.702818E+02 MJ/s)
 Total enthalpy input:               0.277689E+12 MJ (0.374305E+02 MJ/s)

 Water discharge this time step:   0.000000E+00 kg (0.000000E+00 kg/s)
 Water input this time step:       0.148803E+11 kg (0.120346E+02 kg/s)
 Total water discharge:            0.339119E+10 kg (0.457108E+00 kg/s)
 Total water input:                0.507815E+11 kg (0.684499E+01 kg/s)

 Enthalpy discharge this time step:  0.449171E+11 MJ (0.363270E+02 MJ/s)
 Enthalpy input this time step:      0.277165E+11 MJ (0.224159E+02 MJ/s)
 Total enthalpy discharge:           0.521406E+12 MJ (0.702818E+02 MJ/s)
 Total enthalpy input:               0.277689E+12 MJ (0.374305E+02 MJ/s)

 Enthalpy discharge this time step:  0.483660E+11 MJ (0.325969E+02 MJ/s)
 Enthalpy input this time step:      0.313029E+11 MJ (0.210970E+02 MJ/s)
 Total enthalpy discharge:           0.569772E+12 MJ (0.640010E+02 MJ/s)
 Total enthalpy input:               0.308992E+12 MJ (0.347082E+02 MJ/s)

 Water discharge this time step:   0.000000E+00 kg (0.000000E+00 kg/s)
 Water input this time step:       0.203272E+11 kg (0.136998E+02 kg/s)
 Total water discharge:            0.339119E+10 kg (0.380924E+00 kg/s)
 Total water input:                0.711087E+11 kg (0.798745E+01 kg/s)

 Enthalpy discharge this time step:  0.483660E+11 MJ (0.325969E+02 MJ/s)
 Enthalpy input this time step:      0.313029E+11 MJ (0.210970E+02 MJ/s)
 Total enthalpy discharge:           0.569772E+12 MJ (0.640010E+02 MJ/s)
 Total enthalpy input:               0.308992E+12 MJ (0.347082E+02 MJ/s)
time step =      106 time step size =   20607.762236262    
out of bounds : node       36 x =  -0.5000E+05 y =  -0.5000E+05 z =   0.2500E+05
 p =   19.2343694     t =  2.00000000     s =   1.00000000    
 porosity =   0.30000000     permx   1.00000000E-15 phase state    1 iter    1

 timestep =    106 timestep restarted because of balance errors or variable out of bounds
    
#### largest N-R corrections, timestep      106 ####
 EQ1 R=  0.8959     node= 266201 zone=     5 x= 0.000     y= 0.000     z=-.2500E+05
 EQ2 R=  0.2887E-02 node= 266235 zone=     1 x= 0.000     y= 0.000     z=0.2300E+05
time step =      106 time step size =   4121.5524472524    
out of bounds : node       36 x =  -0.5000E+05 y =  -0.5000E+05 z =   0.2500E+05
 p =   19.9085131     t =  2.00000000     s =   1.00000000    
 porosity =   0.30000000     permx   1.00000000E-15 phase state    1 iter    1

 timestep =    106 timestep restarted because of balance errors or variable out of bounds
    
#### largest N-R corrections, timestep      106 ####
 EQ1 R=  0.1927     node= 266201 zone=     5 x= 0.000     y= 0.000     z=-.2500E+05
 EQ2 R=  0.4510E-03 node= 266202 zone=     3 x= 0.000     y= 0.000     z=-.2300E+05

 Enthalpy discharge this time step:  0.226533E+10 MJ (0.318074E+02 MJ/s)
 Enthalpy input this time step:      0.152832E+10 MJ (0.214590E+02 MJ/s)
 Total enthalpy discharge:           0.572038E+12 MJ (0.637455E+02 MJ/s)
 Total enthalpy input:               0.310520E+12 MJ (0.346031E+02 MJ/s)

 Water discharge this time step:   0.000000E+00 kg (0.000000E+00 kg/s)
 Water input this time step:       0.981372E+09 kg (0.137794E+02 kg/s)
 Total water discharge:            0.339119E+10 kg (0.377901E+00 kg/s)
 Total water input:                0.720901E+11 kg (0.803342E+01 kg/s)

 Enthalpy discharge this time step:  0.226533E+10 MJ (0.318074E+02 MJ/s)
 Enthalpy input this time step:      0.152832E+10 MJ (0.214590E+02 MJ/s)
 Total enthalpy discharge:           0.572038E+12 MJ (0.637455E+02 MJ/s)
 Total enthalpy input:               0.310520E+12 MJ (0.346031E+02 MJ/s)

 Enthalpy discharge this time step:  0.270138E+10 MJ (0.316083E+02 MJ/s)
 Enthalpy input this time step:      0.182721E+10 MJ (0.213798E+02 MJ/s)
 Total enthalpy discharge:           0.574739E+12 MJ (0.634423E+02 MJ/s)
 Total enthalpy input:               0.312348E+12 MJ (0.344783E+02 MJ/s)

 Water discharge this time step:   0.000000E+00 kg (0.000000E+00 kg/s)
 Water input this time step:       0.118576E+10 kg (0.138743E+02 kg/s)
 Total water discharge:            0.339119E+10 kg (0.374335E+00 kg/s)
 Total water input:                0.732759E+11 kg (0.808852E+01 kg/s)

 Enthalpy discharge this time step:  0.270138E+10 MJ (0.316083E+02 MJ/s)
 Enthalpy input this time step:      0.182721E+10 MJ (0.213798E+02 MJ/s)
 Total enthalpy discharge:           0.574739E+12 MJ (0.634423E+02 MJ/s)
 Total enthalpy input:               0.312348E+12 MJ (0.344783E+02 MJ/s)
time step =      108 time step size =   1187.0071048087    
out of bounds : node       36 x =  -0.5000E+05 y =  -0.5000E+05 z =   0.2500E+05
 p =   19.9562859     t =  2.00000000     s =   1.00000000    
 porosity =   0.30000000     permx   1.00000000E-15 phase state    1 iter    1

 timestep =    108 timestep restarted because of balance errors or variable out of bounds
    
#### largest N-R corrections, timestep      108 ####
 EQ1 R=  0.5590E-01 node= 266201 zone=     5 x= 0.000     y= 0.000     z=-.2500E+05
 EQ2 R=  0.1307E-03 node= 266202 zone=     3 x= 0.000     y= 0.000     z=-.2300E+05
time step =      108 time step size =   237.40142096174    
out of bounds : node       36 x =  -0.5000E+05 y =  -0.5000E+05 z =   0.2500E+05
 p =   19.9986086     t =  2.00000000     s =   1.00000000    
 porosity =   0.30000000     permx   1.00000000E-15 phase state    1 iter    1

 timestep =    108 timestep restarted because of balance errors or variable out of bounds
    
#### largest N-R corrections, timestep      108 ####
 EQ1 R=  0.1125E-01 node= 266201 zone=     5 x= 0.000     y= 0.000     z=-.2500E+05
 EQ2 R=  0.2624E-04 node= 266202 zone=     3 x= 0.000     y= 0.000     z=-.2300E+05

 Enthalpy discharge this time step:  0.129465E+09 MJ (0.315591E+02 MJ/s)
 Enthalpy input this time step:      0.877669E+08 MJ (0.213946E+02 MJ/s)
 Total enthalpy discharge:           0.574869E+12 MJ (0.634279E+02 MJ/s)
 Total enthalpy input:               0.312435E+12 MJ (0.344724E+02 MJ/s)

 Water discharge this time step:   0.000000E+00 kg (0.000000E+00 kg/s)
 Water input this time step:       0.569352E+08 kg (0.138789E+02 kg/s)
 Total water discharge:            0.339119E+10 kg (0.374166E+00 kg/s)
 Total water input:                0.733328E+11 kg (0.809115E+01 kg/s)

 Enthalpy discharge this time step:  0.129465E+09 MJ (0.315591E+02 MJ/s)
 Enthalpy input this time step:      0.877669E+08 MJ (0.213946E+02 MJ/s)
 Total enthalpy discharge:           0.574869E+12 MJ (0.634279E+02 MJ/s)
 Total enthalpy input:               0.312435E+12 MJ (0.344724E+02 MJ/s)

 Enthalpy discharge this time step:  0.155301E+09 MJ (0.315476E+02 MJ/s)
 Enthalpy input this time step:      0.105298E+09 MJ (0.213901E+02 MJ/s)
 Total enthalpy discharge:           0.575024E+12 MJ (0.634106E+02 MJ/s)
 Total enthalpy input:               0.312541E+12 MJ (0.344653E+02 MJ/s)

 Water discharge this time step:   0.000000E+00 kg (0.000000E+00 kg/s)
 Water input this time step:       0.683492E+08 kg (0.138843E+02 kg/s)
 Total water discharge:            0.339119E+10 kg (0.373963E+00 kg/s)
 Total water input:                0.734012E+11 kg (0.809429E+01 kg/s)

 Enthalpy discharge this time step:  0.155301E+09 MJ (0.315476E+02 MJ/s)
 Enthalpy input this time step:      0.105298E+09 MJ (0.213901E+02 MJ/s)
 Total enthalpy discharge:           0.575024E+12 MJ (0.634106E+02 MJ/s)
 Total enthalpy input:               0.312541E+12 MJ (0.344653E+02 MJ/s)

 Enthalpy discharge this time step:  0.186281E+09 MJ (0.315340E+02 MJ/s)
 Enthalpy input this time step:      0.126326E+09 MJ (0.213846E+02 MJ/s)
 Total enthalpy discharge:           0.575210E+12 MJ (0.633898E+02 MJ/s)
 Total enthalpy input:               0.312667E+12 MJ (0.344568E+02 MJ/s)

 Water discharge this time step:   0.000000E+00 kg (0.000000E+00 kg/s)
 Water input this time step:       0.820577E+08 kg (0.138909E+02 kg/s)
 Total water discharge:            0.339119E+10 kg (0.373719E+00 kg/s)
 Total water input:                0.734832E+11 kg (0.809806E+01 kg/s)

 Enthalpy discharge this time step:  0.186281E+09 MJ (0.315340E+02 MJ/s)
 Enthalpy input this time step:      0.126326E+09 MJ (0.213846E+02 MJ/s)
 Total enthalpy discharge:           0.575210E+12 MJ (0.633898E+02 MJ/s)
 Total enthalpy input:               0.312667E+12 MJ (0.344568E+02 MJ/s)
time step =      111 time step size =   82.045931084376    
out of bounds : node       36 x =  -0.5000E+05 y =  -0.5000E+05 z =   0.2500E+05
 p =   19.9977333     t =  2.00000000     s =   1.00000000    
 porosity =   0.30000000     permx   1.00000000E-15 phase state    1 iter    1

 timestep =    111 timestep restarted because of balance errors or variable out of bounds
    
#### largest N-R corrections, timestep      111 ####
 EQ1 R=  0.3887E-02 node= 266201 zone=     5 x= 0.000     y= 0.000     z=-.2500E+05
 EQ2 R=  0.9068E-05 node= 266202 zone=     3 x= 0.000     y= 0.000     z=-.2300E+05
*********************************************************************
 Time Step       111

                    Timing Information
           Years              Days         Step Size (Days)
      287.588039          105041.531         16.4091862    
 Cpu Sec for Time Step =   2.035     Current Total =     246.2    

                    Equation Performance
 Number of N-R Iterations:          2
 Avg # of Linear Equation Solver Iterations:   2.0
 Number of Active Nodes:    532436.
 Total Number of Iterations, N-R:        227 , Solver:        680
 Phase Changes This Time Step:        0 Total           0
 Nodes Liq Phase:   532436 change        0
 Nodes Two Phase:        0 change        0
 Nodes Gas Phase:         0 change        0
 Nodes SC Phase:        0 change        0
 Number of restarted time steps            5
                    Largest Residuals
 EQ1 R=  0.9960E-07 node= 520160 zone=     4 x=0.4800E+05 y= 4000.     z=0.2500E+05
 EQ2 R=  0.2255E-08 node= 245280 zone=     3 x=-4000.     y= 6000.     z=-.1500E+05
   Node   Equation 1 Residual   Equation 2 Residual
 266236     -0.167490E-14           0.665257E-16
 266234      0.879975E-08           0.175319E-09
 266231     -0.220389E-08           0.717390E-11
 266226     -0.665154E-11           0.801482E-09
 266221      0.311435E-08           0.724756E-09
 266210     -0.319725E-08          -0.527132E-09
 266201     -0.433948E-07          -0.218580E-10

                    Nodal Information (Water)
                                                  source/sink  E source/sink
   Node   P (MPa)    E (MJ)    L sat     Temp (C)    (kg/s)       (MJ/s)
 266236    26.00     0.666E-01  1.00        2.000  -13.89     -0.926    
 266234    24.21     0.610E-01  1.00        1.995   0.000       0.00    
 266231    25.42     0.596E-01  1.00        1.997   0.000       0.00    
 266226    27.74     0.553E-01  1.00        2.001   0.000       0.00    
 266221    28.77     0.499E-01  1.00        2.003   0.000       0.00    
 266210    29.47     0.284E-01  1.00        2.004   0.000       0.00    
 266201    38.55     0.138E-01  1.00        2.000   0.000      0.126E-01

                    Global Mass & Energy Balances
 Total mass in system at this time:            0.152098E+18 kg
 Total mass of steam in system at this time:   0.000000E+00 kg
 Total enthalpy in system at this time:        0.277145E+16 MJ

 Water discharge this time step:   0.000000E+00 kg (0.000000E+00 kg/s)
 Water input this time step:       0.196961E+08 kg (0.138925E+02 kg/s)
 Total water discharge:            0.339119E+10 kg (0.373661E+00 kg/s)
 Total water input:                0.735029E+11 kg (0.809897E+01 kg/s)

 Enthalpy discharge this time step:  0.446994E+08 MJ (0.315284E+02 MJ/s)
 Enthalpy input this time step:      0.303176E+08 MJ (0.213843E+02 MJ/s)
 Total enthalpy discharge:           0.575255E+12 MJ (0.633849E+02 MJ/s)
 Total enthalpy input:               0.312697E+12 MJ (0.344548E+02 MJ/s)

 Net kg water discharge (total out-total in):  -0.701117E+11
 Net MJ energy discharge (total out-total in):   0.262558E+12
 Conservation Errors:  -0.410318E-01 (mass),  -0.108461E-02 (energy)
time step =      112 time step size =   19.691023460250    
out of bounds : node       36 x =  -0.5000E+05 y =  -0.5000E+05 z =   0.2500E+05
 p =   19.9997824     t =  2.00000000     s =   1.00000000    
 porosity =   0.30000000     permx   1.00000000E-15 phase state    1 iter    1

 timestep =    112 timestep restarted because of balance errors or variable out of bounds
    
#### largest N-R corrections, timestep      112 ####
 EQ1 R=  0.9332E-03 node= 266201 zone=     5 x= 0.000     y= 0.000     z=-.2500E+05
 EQ2 R=  0.2177E-05 node= 266202 zone=     3 x= 0.000     y= 0.000     z=-.2300E+05

 Enthalpy discharge this time step:  0.107274E+08 MJ (0.315270E+02 MJ/s)
 Enthalpy input this time step:      0.727619E+07 MJ (0.213841E+02 MJ/s)
 Total enthalpy discharge:           0.575266E+12 MJ (0.633837E+02 MJ/s)
 Total enthalpy input:               0.312705E+12 MJ (0.344543E+02 MJ/s)

 Water discharge this time step:   0.000000E+00 kg (0.000000E+00 kg/s)
 Water input this time step:       0.472719E+07 kg (0.138928E+02 kg/s)
 Total water discharge:            0.339119E+10 kg (0.373647E+00 kg/s)
 Total water input:                0.735076E+11 kg (0.809919E+01 kg/s)

 Enthalpy discharge this time step:  0.107274E+08 MJ (0.315270E+02 MJ/s)
 Enthalpy input this time step:      0.727619E+07 MJ (0.213841E+02 MJ/s)
 Total enthalpy discharge:           0.575266E+12 MJ (0.633837E+02 MJ/s)
 Total enthalpy input:               0.312705E+12 MJ (0.344543E+02 MJ/s)

 Enthalpy discharge this time step:  0.128725E+08 MJ (0.315260E+02 MJ/s)
 Enthalpy input this time step:      0.873128E+07 MJ (0.213838E+02 MJ/s)
 Total enthalpy discharge:           0.575279E+12 MJ (0.633822E+02 MJ/s)
 Total enthalpy input:               0.312713E+12 MJ (0.344537E+02 MJ/s)

 Water discharge this time step:   0.000000E+00 kg (0.000000E+00 kg/s)
 Water input this time step:       0.567281E+07 kg (0.138933E+02 kg/s)
 Total water discharge:            0.339119E+10 kg (0.373630E+00 kg/s)
 Total water input:                0.735133E+11 kg (0.809945E+01 kg/s)

 Enthalpy discharge this time step:  0.128725E+08 MJ (0.315260E+02 MJ/s)
 Enthalpy input this time step:      0.873128E+07 MJ (0.213838E+02 MJ/s)
 Total enthalpy discharge:           0.575279E+12 MJ (0.633822E+02 MJ/s)
 Total enthalpy input:               0.312713E+12 MJ (0.344537E+02 MJ/s)

 Enthalpy discharge this time step:  0.154464E+08 MJ (0.315249E+02 MJ/s)
 Enthalpy input this time step:      0.104773E+08 MJ (0.213834E+02 MJ/s)
 Total enthalpy discharge:           0.575294E+12 MJ (0.633805E+02 MJ/s)
 Total enthalpy input:               0.312724E+12 MJ (0.344530E+02 MJ/s)

 Water discharge this time step:   0.000000E+00 kg (0.000000E+00 kg/s)
 Water input this time step:       0.680764E+07 kg (0.138938E+02 kg/s)
 Total water discharge:            0.339119E+10 kg (0.373610E+00 kg/s)
 Total water input:                0.735201E+11 kg (0.809976E+01 kg/s)

 Enthalpy discharge this time step:  0.154464E+08 MJ (0.315249E+02 MJ/s)
 Enthalpy input this time step:      0.104773E+08 MJ (0.213834E+02 MJ/s)
 Total enthalpy discharge:           0.575294E+12 MJ (0.633805E+02 MJ/s)
 Total enthalpy input:               0.312724E+12 MJ (0.344530E+02 MJ/s)
time step =      115 time step size =   6.8052177078625    
out of bounds : node       36 x =  -0.5000E+05 y =  -0.5000E+05 z =   0.2500E+05
 p =   19.9997100     t =  2.00000000     s =   1.00000000    
 porosity =   0.30000000     permx   1.00000000E-15 phase state    1 iter    1

 timestep =    115 timestep restarted because of balance errors or variable out of bounds
    
#### largest N-R corrections, timestep      115 ####
 EQ1 R=  0.3225E-03 node= 266201 zone=     5 x= 0.000     y= 0.000     z=-.2500E+05
 EQ2 R=  0.7523E-06 node= 266202 zone=     3 x= 0.000     y= 0.000     z=-.2300E+05
time step =      115 time step size =   1.3610435415725    
out of bounds : node       36 x =  -0.5000E+05 y =  -0.5000E+05 z =   0.2500E+05
 p =   19.9999539     t =  2.00000000     s =   1.00000000    
 porosity =   0.30000000     permx   1.00000000E-15 phase state    1 iter    1

 timestep =    115 timestep restarted because of balance errors or variable out of bounds
    
#### largest N-R corrections, timestep      115 ####
 EQ1 R=  0.6451E-04 node= 266201 zone=     5 x= 0.000     y= 0.000     z=-.2500E+05
 EQ2 R=  0.1505E-06 node= 266202 zone=     3 x= 0.000     y= 0.000     z=-.2300E+05

 Enthalpy discharge this time step:  0.741415E+06 MJ (0.315243E+02 MJ/s)
 Enthalpy input this time step:      0.502899E+06 MJ (0.213828E+02 MJ/s)
 Total enthalpy discharge:           0.575295E+12 MJ (0.633804E+02 MJ/s)
 Total enthalpy input:               0.312724E+12 MJ (0.344529E+02 MJ/s)

 Water discharge this time step:   0.000000E+00 kg (0.000000E+00 kg/s)
 Water input this time step:       0.326767E+06 kg (0.138939E+02 kg/s)
 Total water discharge:            0.339119E+10 kg (0.373609E+00 kg/s)
 Total water input:                0.735204E+11 kg (0.809977E+01 kg/s)

 Enthalpy discharge this time step:  0.741415E+06 MJ (0.315243E+02 MJ/s)
 Enthalpy input this time step:      0.502899E+06 MJ (0.213828E+02 MJ/s)
 Total enthalpy discharge:           0.575295E+12 MJ (0.633804E+02 MJ/s)
 Total enthalpy input:               0.312724E+12 MJ (0.344529E+02 MJ/s)
time step =      116 time step size =  0.32665044997740    
out of bounds : node       36 x =  -0.5000E+05 y =  -0.5000E+05 z =   0.2500E+05
 p =   19.9999879     t =  2.00000000     s =   1.00000000    
 porosity =   0.30000000     permx   1.00000000E-15 phase state    1 iter    1

 timestep =    116 timestep restarted because of balance errors or variable out of bounds
    
#### largest N-R corrections, timestep      116 ####
 EQ1 R=  0.1548E-04 node= 266201 zone=     5 x= 0.000     y= 0.000     z=-.2500E+05
 EQ2 R=  0.3611E-07 node= 266202 zone=     3 x= 0.000     y= 0.000     z=-.2300E+05
time step =      116 time step size =  0.65330089995480E-01
out of bounds : node       36 x =  -0.5000E+05 y =  -0.5000E+05 z =   0.2500E+05
 p =   19.9999996     t =  2.00000000     s =   1.00000000    
 porosity =   0.30000000     permx   1.00000000E-15 phase state    1 iter    1

 timestep =    116 timestep restarted because of balance errors or variable out of bounds
    
#### largest N-R corrections, timestep      116 ####
 EQ1 R=  0.3096E-05 node= 266201 zone=     5 x= 0.000     y= 0.000     z=-.2500E+05
 EQ2 R=  0.7222E-08 node= 266202 zone=     3 x= 0.000     y= 0.000     z=-.2300E+05

 Enthalpy discharge this time step:  0.355878E+05 MJ (0.315242E+02 MJ/s)
 Enthalpy input this time step:      0.241389E+05 MJ (0.213826E+02 MJ/s)
 Total enthalpy discharge:           0.575295E+12 MJ (0.633804E+02 MJ/s)
 Total enthalpy input:               0.312724E+12 MJ (0.344529E+02 MJ/s)

 Water discharge this time step:   0.000000E+00 kg (0.000000E+00 kg/s)
 Water input this time step:       0.156848E+05 kg (0.138939E+02 kg/s)
 Total water discharge:            0.339119E+10 kg (0.373609E+00 kg/s)
 Total water input:                0.735205E+11 kg (0.809978E+01 kg/s)

 Enthalpy discharge this time step:  0.355878E+05 MJ (0.315242E+02 MJ/s)
 Enthalpy input this time step:      0.241389E+05 MJ (0.213826E+02 MJ/s)
 Total enthalpy discharge:           0.575295E+12 MJ (0.633804E+02 MJ/s)
 Total enthalpy input:               0.312724E+12 MJ (0.344529E+02 MJ/s)

 Enthalpy discharge this time step:  0.427053E+05 MJ (0.315241E+02 MJ/s)
 Enthalpy input this time step:      0.289664E+05 MJ (0.213824E+02 MJ/s)
 Total enthalpy discharge:           0.575295E+12 MJ (0.633804E+02 MJ/s)
 Total enthalpy input:               0.312724E+12 MJ (0.344529E+02 MJ/s)

 Water discharge this time step:   0.000000E+00 kg (0.000000E+00 kg/s)
 Water input this time step:       0.188218E+05 kg (0.138939E+02 kg/s)
 Total water discharge:            0.339119E+10 kg (0.373609E+00 kg/s)
 Total water input:                0.735205E+11 kg (0.809978E+01 kg/s)

 Enthalpy discharge this time step:  0.427053E+05 MJ (0.315241E+02 MJ/s)
 Enthalpy input this time step:      0.289664E+05 MJ (0.213824E+02 MJ/s)
 Total enthalpy discharge:           0.575295E+12 MJ (0.633804E+02 MJ/s)
 Total enthalpy input:               0.312724E+12 MJ (0.344529E+02 MJ/s)

 Enthalpy discharge this time step:  0.512460E+05 MJ (0.315239E+02 MJ/s)
 Enthalpy input this time step:      0.347594E+05 MJ (0.213822E+02 MJ/s)
 Total enthalpy discharge:           0.575295E+12 MJ (0.633804E+02 MJ/s)
 Total enthalpy input:               0.312724E+12 MJ (0.344529E+02 MJ/s)

 Water discharge this time step:   0.000000E+00 kg (0.000000E+00 kg/s)
 Water input this time step:       0.225862E+05 kg (0.138939E+02 kg/s)
 Total water discharge:            0.339119E+10 kg (0.373609E+00 kg/s)
 Total water input:                0.735205E+11 kg (0.809978E+01 kg/s)

 Enthalpy discharge this time step:  0.512460E+05 MJ (0.315239E+02 MJ/s)
 Enthalpy input this time step:      0.347594E+05 MJ (0.213822E+02 MJ/s)
 Total enthalpy discharge:           0.575295E+12 MJ (0.633804E+02 MJ/s)
 Total enthalpy input:               0.312724E+12 MJ (0.344529E+02 MJ/s)
time step =      119 time step size =  0.22578079102438E-01
out of bounds : node       36 x =  -0.5000E+05 y =  -0.5000E+05 z =   0.2500E+05
 p =   19.9999994     t =  2.00000000     s =   1.00000000    
 porosity =   0.30000000     permx   1.00000000E-15 phase state    1 iter    1

 timestep =    119 timestep restarted because of balance errors or variable out of bounds
    
#### largest N-R corrections, timestep      119 ####
 EQ1 R=  0.1070E-05 node= 266201 zone=     5 x= 0.000     y= 0.000     z=-.2500E+05
 EQ2 R=  0.2496E-08 node= 266202 zone=     3 x= 0.000     y= 0.000     z=-.2300E+05

 Enthalpy discharge this time step:  0.122991E+05 MJ (0.315242E+02 MJ/s)
 Enthalpy input this time step:      0.834222E+04 MJ (0.213821E+02 MJ/s)
 Total enthalpy discharge:           0.575295E+12 MJ (0.633804E+02 MJ/s)
 Total enthalpy input:               0.312724E+12 MJ (0.344529E+02 MJ/s)

 Water discharge this time step:   0.000000E+00 kg (0.000000E+00 kg/s)
 Water input this time step:       0.542068E+04 kg (0.138939E+02 kg/s)
 Total water discharge:            0.339119E+10 kg (0.373609E+00 kg/s)
 Total water input:                0.735205E+11 kg (0.809978E+01 kg/s)

 Enthalpy discharge this time step:  0.122991E+05 MJ (0.315242E+02 MJ/s)
 Enthalpy input this time step:      0.834222E+04 MJ (0.213821E+02 MJ/s)
 Total enthalpy discharge:           0.575295E+12 MJ (0.633804E+02 MJ/s)
 Total enthalpy input:               0.312724E+12 MJ (0.344529E+02 MJ/s)
time step =      120 time step size =  0.54187389845851E-02
out of bounds : node       36 x =  -0.5000E+05 y =  -0.5000E+05 z =   0.2500E+05
 p =   19.9999999     t =  2.00000000     s =   1.00000000    
 porosity =   0.30000000     permx   1.00000000E-15 phase state    1 iter    1

 timestep =    120 timestep restarted because of balance errors or variable out of bounds
    
#### largest N-R corrections, timestep      120 ####
 EQ1 R=  0.2568E-06 node= 266201 zone=     5 x= 0.000     y= 0.000     z=-.2500E+05
 EQ2 R=  0.5990E-09 node= 266202 zone=     3 x= 0.000     y= 0.000     z=-.2300E+05

 Enthalpy discharge this time step:  0.295182E+04 MJ (0.315245E+02 MJ/s)
 Enthalpy input this time step:      0.200213E+04 MJ (0.213821E+02 MJ/s)
 Total enthalpy discharge:           0.575295E+12 MJ (0.633804E+02 MJ/s)
 Total enthalpy input:               0.312724E+12 MJ (0.344529E+02 MJ/s)

 Water discharge this time step:   0.000000E+00 kg (0.000000E+00 kg/s)
 Water input this time step:       0.130096E+04 kg (0.138939E+02 kg/s)
 Total water discharge:            0.339119E+10 kg (0.373609E+00 kg/s)
 Total water input:                0.735205E+11 kg (0.809978E+01 kg/s)

 Enthalpy discharge this time step:  0.295182E+04 MJ (0.315245E+02 MJ/s)
 Enthalpy input this time step:      0.200213E+04 MJ (0.213821E+02 MJ/s)
 Total enthalpy discharge:           0.575295E+12 MJ (0.633804E+02 MJ/s)
 Total enthalpy input:               0.312724E+12 MJ (0.344529E+02 MJ/s)
*********************************************************************
 Time Step       121

                    Timing Information
           Years              Days         Step Size (Days)
      287.628180          105056.193        0.130049736E-02
 Cpu Sec for Time Step =   1.905     Current Total =     271.7    

                    Equation Performance
 Number of N-R Iterations:          2
 Avg # of Linear Equation Solver Iterations:   1.0
 Number of Active Nodes:    532436.
 Total Number of Iterations, N-R:        254 , Solver:        712
 Phase Changes This Time Step:        0 Total           0
 Nodes Liq Phase:   532436 change        0
 Nodes Two Phase:        0 change        0
 Nodes Gas Phase:         0 change        0
 Nodes SC Phase:        0 change        0
 Number of restarted time steps           12
                    Largest Residuals
 EQ1 R=  0.1276E-10 node= 267346 zone=     4 x= 0.000     y=0.3000E+05 z=0.2500E+05
 EQ2 R=  0.5019E-12 node= 359996 zone=     4 x=0.1800E+05 y=-.3800E+05 z=0.2500E+05
   Node   Equation 1 Residual   Equation 2 Residual
 266236     -0.669849E-12          -0.136351E-14
 266234      0.742061E-12           0.131587E-13
 266231     -0.625439E-12          -0.755128E-15
 266226     -0.661455E-12           0.617396E-13
 266221      0.112142E-12           0.565664E-13
 266210     -0.138506E-12          -0.413136E-13
 266201     -0.139845E-11          -0.231208E-12

                    Nodal Information (Water)
                                                  source/sink  E source/sink
   Node   P (MPa)    E (MJ)    L sat     Temp (C)    (kg/s)       (MJ/s)
 266236    26.00     0.666E-01  1.00        2.000  -13.89     -0.926    
 266234    24.21     0.610E-01  1.00        1.995   0.000       0.00    
 266231    25.42     0.596E-01  1.00        1.997   0.000       0.00    
 266226    27.74     0.553E-01  1.00        2.001   0.000       0.00    
 266221    28.77     0.499E-01  1.00        2.003   0.000       0.00    
 266210    29.47     0.284E-01  1.00        2.004   0.000       0.00    
 266201    38.55     0.138E-01  1.00        2.000   0.000      0.126E-01

                    Global Mass & Energy Balances
 Total mass in system at this time:            0.152098E+18 kg
 Total mass of steam in system at this time:   0.000000E+00 kg
 Total enthalpy in system at this time:        0.277145E+16 MJ

 Water discharge this time step:   0.000000E+00 kg (0.000000E+00 kg/s)
 Water input this time step:       0.156116E+04 kg (0.138939E+02 kg/s)
 Total water discharge:            0.339119E+10 kg (0.373609E+00 kg/s)
 Total water input:                0.735205E+11 kg (0.809978E+01 kg/s)

 Enthalpy discharge this time step:  0.354225E+04 MJ (0.315251E+02 MJ/s)
 Enthalpy input this time step:      0.240256E+04 MJ (0.213821E+02 MJ/s)
 Total enthalpy discharge:           0.575295E+12 MJ (0.633804E+02 MJ/s)
 Total enthalpy input:               0.312724E+12 MJ (0.344529E+02 MJ/s)

 Net kg water discharge (total out-total in):  -0.701293E+11
 Net MJ energy discharge (total out-total in):   0.262571E+12
 Conservation Errors:  -0.410270E-01 (mass),  -0.108478E-02 (energy)
time step =      122 time step size =  0.15605968275605E-02
out of bounds : node       36 x =  -0.5000E+05 y =  -0.5000E+05 z =   0.2500E+05
 p =   20.0000000     t =  2.00000000     s =   1.00000000    
 porosity =   0.30000000     permx   1.00000000E-15 phase state    1 iter    1

 timestep =    122 timestep restarted because of balance errors or variable out of bounds
    
#### largest N-R corrections, timestep      122 ####
 EQ1 R=  0.7397E-07 node= 266201 zone=     5 x= 0.000     y= 0.000     z=-.2500E+05
 EQ2 R=  0.1725E-09 node= 266202 zone=     3 x= 0.000     y= 0.000     z=-.2300E+05

 Enthalpy discharge this time step:  0.850216E+03 MJ (0.315279E+02 MJ/s)
 Enthalpy input this time step:      0.576613E+03 MJ (0.213821E+02 MJ/s)
 Total enthalpy discharge:           0.575295E+12 MJ (0.633804E+02 MJ/s)
 Total enthalpy input:               0.312724E+12 MJ (0.344529E+02 MJ/s)

 Water discharge this time step:   0.000000E+00 kg (0.000000E+00 kg/s)
 Water input this time step:       0.374677E+03 kg (0.138939E+02 kg/s)
 Total water discharge:            0.339119E+10 kg (0.373609E+00 kg/s)
 Total water input:                0.735205E+11 kg (0.809978E+01 kg/s)

 Enthalpy discharge this time step:  0.850216E+03 MJ (0.315279E+02 MJ/s)
 Enthalpy input this time step:      0.576613E+03 MJ (0.213821E+02 MJ/s)
 Total enthalpy discharge:           0.575295E+12 MJ (0.633804E+02 MJ/s)
 Total enthalpy input:               0.312724E+12 MJ (0.344529E+02 MJ/s)

 Enthalpy discharge this time step:  0.102027E+04 MJ (0.315283E+02 MJ/s)
 Enthalpy input this time step:      0.691936E+03 MJ (0.213821E+02 MJ/s)
 Total enthalpy discharge:           0.575295E+12 MJ (0.633804E+02 MJ/s)
 Total enthalpy input:               0.312724E+12 MJ (0.344529E+02 MJ/s)

 Water discharge this time step:   0.000000E+00 kg (0.000000E+00 kg/s)
 Water input this time step:       0.449613E+03 kg (0.138939E+02 kg/s)
 Total water discharge:            0.339119E+10 kg (0.373609E+00 kg/s)
 Total water input:                0.735205E+11 kg (0.809978E+01 kg/s)

 Enthalpy discharge this time step:  0.102027E+04 MJ (0.315283E+02 MJ/s)
 Enthalpy input this time step:      0.691936E+03 MJ (0.213821E+02 MJ/s)
 Total enthalpy discharge:           0.575295E+12 MJ (0.633804E+02 MJ/s)
 Total enthalpy input:               0.312724E+12 MJ (0.344529E+02 MJ/s)

 Enthalpy discharge this time step:  0.122421E+04 MJ (0.315252E+02 MJ/s)
 Enthalpy input this time step:      0.830323E+03 MJ (0.213821E+02 MJ/s)
 Total enthalpy discharge:           0.575295E+12 MJ (0.633804E+02 MJ/s)
 Total enthalpy input:               0.312724E+12 MJ (0.344529E+02 MJ/s)

 Water discharge this time step:   0.000000E+00 kg (0.000000E+00 kg/s)
 Water input this time step:       0.539535E+03 kg (0.138939E+02 kg/s)
 Total water discharge:            0.339119E+10 kg (0.373609E+00 kg/s)
 Total water input:                0.735205E+11 kg (0.809978E+01 kg/s)

 Enthalpy discharge this time step:  0.122421E+04 MJ (0.315252E+02 MJ/s)
 Enthalpy input this time step:      0.830323E+03 MJ (0.213821E+02 MJ/s)
 Total enthalpy discharge:           0.575295E+12 MJ (0.633804E+02 MJ/s)
 Total enthalpy input:               0.312724E+12 MJ (0.344529E+02 MJ/s)
time step =      125 time step size =  0.53934226360491E-03
out of bounds : node       36 x =  -0.5000E+05 y =  -0.5000E+05 z =   0.2500E+05
 p =   20.0000000     t =  2.00000000     s =   1.00000000    
 porosity =   0.30000000     permx   1.00000000E-15 phase state    1 iter    1

 timestep =    125 timestep restarted because of balance errors or variable out of bounds
    
#### largest N-R corrections, timestep      125 ####
 EQ1 R=  0.2556E-07 node= 266201 zone=     5 x= 0.000     y= 0.000     z=-.2500E+05
 EQ2 R=  0.5962E-10 node= 266202 zone=     3 x= 0.000     y= 0.000     z=-.2300E+05

 Enthalpy discharge this time step:  0.293688E+03 MJ (0.315121E+02 MJ/s)
 Enthalpy input this time step:      0.199277E+03 MJ (0.213821E+02 MJ/s)
 Total enthalpy discharge:           0.575295E+12 MJ (0.633804E+02 MJ/s)
 Total enthalpy input:               0.312724E+12 MJ (0.344529E+02 MJ/s)

 Water discharge this time step:   0.000000E+00 kg (0.000000E+00 kg/s)
 Water input this time step:       0.129489E+03 kg (0.138939E+02 kg/s)
 Total water discharge:            0.339119E+10 kg (0.373609E+00 kg/s)
 Total water input:                0.735205E+11 kg (0.809978E+01 kg/s)

 Enthalpy discharge this time step:  0.293688E+03 MJ (0.315121E+02 MJ/s)
 Enthalpy input this time step:      0.199277E+03 MJ (0.213821E+02 MJ/s)
 Total enthalpy discharge:           0.575295E+12 MJ (0.633804E+02 MJ/s)
 Total enthalpy input:               0.312724E+12 MJ (0.344529E+02 MJ/s)

 Enthalpy discharge this time step:  0.352596E+03 MJ (0.315274E+02 MJ/s)
 Enthalpy input this time step:      0.239133E+03 MJ (0.213821E+02 MJ/s)
 Total enthalpy discharge:           0.575295E+12 MJ (0.633804E+02 MJ/s)
 Total enthalpy input:               0.312724E+12 MJ (0.344529E+02 MJ/s)

 Water discharge this time step:   0.000000E+00 kg (0.000000E+00 kg/s)
 Water input this time step:       0.155386E+03 kg (0.138939E+02 kg/s)
 Total water discharge:            0.339119E+10 kg (0.373609E+00 kg/s)
 Total water input:                0.735205E+11 kg (0.809978E+01 kg/s)

 Enthalpy discharge this time step:  0.352596E+03 MJ (0.315274E+02 MJ/s)
 Enthalpy input this time step:      0.239133E+03 MJ (0.213821E+02 MJ/s)
 Total enthalpy discharge:           0.575295E+12 MJ (0.633804E+02 MJ/s)
 Total enthalpy input:               0.312724E+12 MJ (0.344529E+02 MJ/s)
time step =      127 time step size =  0.15533057191821E-03
out of bounds : node       36 x =  -0.5000E+05 y =  -0.5000E+05 z =   0.2500E+05
 p =   20.0000000     t =  2.00000000     s =   1.00000000    
 porosity =   0.30000000     permx   1.00000000E-15 phase state    1 iter    1

 timestep =    127 timestep restarted because of balance errors or variable out of bounds
    
#### largest N-R corrections, timestep      127 ####
 EQ1 R=  0.7362E-08 node= 266201 zone=     5 x= 0.000     y= 0.000     z=-.2500E+05
 EQ2 R=  0.1717E-10 node= 266202 zone=     3 x= 0.000     y= 0.000     z=-.2300E+05
time step =      127 time step size =  0.31066114383643E-04
out of bounds : node   529624 x =   0.5000E+05 y =  -0.2600E+05 z =   0.2500E+05
 p =   20.0000000     t =  2.00000000     s =   1.00000000    
 porosity =   0.30000000     permx   1.00000000E-15 phase state    1 iter    1

 timestep =    127 timestep restarted because of balance errors or variable out of bounds
    
#### largest N-R corrections, timestep      127 ####
 EQ1 R=  0.1472E-08 node= 266201 zone=     5 x= 0.000     y= 0.000     z=-.2500E+05
 EQ2 R=  0.3434E-11 node= 266202 zone=     3 x= 0.000     y= 0.000     z=-.2300E+05

 Enthalpy discharge this time step:  0.168031E+02 MJ (0.313010E+02 MJ/s)
 Enthalpy input this time step:      0.114784E+02 MJ (0.213821E+02 MJ/s)
 Total enthalpy discharge:           0.575295E+12 MJ (0.633804E+02 MJ/s)
 Total enthalpy input:               0.312724E+12 MJ (0.344529E+02 MJ/s)

 Water discharge this time step:   0.000000E+00 kg (0.000000E+00 kg/s)
 Water input this time step:       0.745854E+01 kg (0.138939E+02 kg/s)
 Total water discharge:            0.339119E+10 kg (0.373609E+00 kg/s)
 Total water input:                0.735205E+11 kg (0.809978E+01 kg/s)

 Enthalpy discharge this time step:  0.168031E+02 MJ (0.313010E+02 MJ/s)
 Enthalpy input this time step:      0.114784E+02 MJ (0.213821E+02 MJ/s)
 Total enthalpy discharge:           0.575295E+12 MJ (0.633804E+02 MJ/s)
 Total enthalpy input:               0.312724E+12 MJ (0.344529E+02 MJ/s)

 Enthalpy discharge this time step:  0.204423E+02 MJ (0.317334E+02 MJ/s)
 Enthalpy input this time step:      0.137741E+02 MJ (0.213821E+02 MJ/s)
 Total enthalpy discharge:           0.575295E+12 MJ (0.633804E+02 MJ/s)
 Total enthalpy input:               0.312724E+12 MJ (0.344529E+02 MJ/s)

 Water discharge this time step:   0.000000E+00 kg (0.000000E+00 kg/s)
 Water input this time step:       0.895025E+01 kg (0.138939E+02 kg/s)
 Total water discharge:            0.339119E+10 kg (0.373609E+00 kg/s)
 Total water input:                0.735205E+11 kg (0.809978E+01 kg/s)

 Enthalpy discharge this time step:  0.204423E+02 MJ (0.317334E+02 MJ/s)
 Enthalpy input this time step:      0.137741E+02 MJ (0.213821E+02 MJ/s)
 Total enthalpy discharge:           0.575295E+12 MJ (0.633804E+02 MJ/s)
 Total enthalpy input:               0.312724E+12 MJ (0.344529E+02 MJ/s)

 Enthalpy discharge this time step:  0.244229E+02 MJ (0.315939E+02 MJ/s)
 Enthalpy input this time step:      0.165289E+02 MJ (0.213821E+02 MJ/s)
 Total enthalpy discharge:           0.575295E+12 MJ (0.633804E+02 MJ/s)
 Total enthalpy input:               0.312724E+12 MJ (0.344529E+02 MJ/s)

 Water discharge this time step:   0.000000E+00 kg (0.000000E+00 kg/s)
 Water input this time step:       0.107403E+02 kg (0.138939E+02 kg/s)
 Total water discharge:            0.339119E+10 kg (0.373609E+00 kg/s)
 Total water input:                0.735205E+11 kg (0.809978E+01 kg/s)

 Enthalpy discharge this time step:  0.244229E+02 MJ (0.315939E+02 MJ/s)
 Enthalpy input this time step:      0.165289E+02 MJ (0.213821E+02 MJ/s)
 Total enthalpy discharge:           0.575295E+12 MJ (0.633804E+02 MJ/s)
 Total enthalpy input:               0.312724E+12 MJ (0.344529E+02 MJ/s)
time step =      130 time step size =  0.10736449130987E-04
out of bounds : node   475866 x =   0.4000E+05 y =  -0.5000E+05 z =   0.2500E+05
 p =   20.0000000     t =  2.00000000     s =   1.00000000    
 porosity =   0.30000000     permx   1.00000000E-15 phase state    1 iter    1

 timestep =    130 timestep restarted because of balance errors or variable out of bounds
    
#### largest N-R corrections, timestep      130 ####
 EQ1 R=  0.5089E-09 node= 266201 zone=     5 x= 0.000     y= 0.000     z=-.2500E+05
 EQ2 R=  0.1187E-11 node= 266202 zone=     3 x= 0.000     y= 0.000     z=-.2300E+05

 Enthalpy discharge this time step:  0.581238E+01 MJ (0.313292E+02 MJ/s)
 Enthalpy input this time step:      0.396693E+01 MJ (0.213821E+02 MJ/s)
 Total enthalpy discharge:           0.575295E+12 MJ (0.633804E+02 MJ/s)
 Total enthalpy input:               0.312724E+12 MJ (0.344529E+02 MJ/s)

 Water discharge this time step:   0.000000E+00 kg (0.000000E+00 kg/s)
 Water input this time step:       0.257767E+01 kg (0.138939E+02 kg/s)
 Total water discharge:            0.339119E+10 kg (0.373609E+00 kg/s)
 Total water input:                0.735205E+11 kg (0.809978E+01 kg/s)

 Enthalpy discharge this time step:  0.581238E+01 MJ (0.313292E+02 MJ/s)
 Enthalpy input this time step:      0.396693E+01 MJ (0.213821E+02 MJ/s)
 Total enthalpy discharge:           0.575295E+12 MJ (0.633804E+02 MJ/s)
 Total enthalpy input:               0.312724E+12 MJ (0.344529E+02 MJ/s)
*********************************************************************
 Time Step       131

                    Timing Information
           Years              Days         Step Size (Days)
      287.628184          105056.194        0.257674779E-05
 Cpu Sec for Time Step =   1.574     Current Total =     293.7    

                    Equation Performance
 Number of N-R Iterations:          2
 Avg # of Linear Equation Solver Iterations:   0.5
 Number of Active Nodes:    266218.
 Total Number of Iterations, N-R:        279 , Solver:        732
 Phase Changes This Time Step:        0 Total           0
 Nodes Liq Phase:   532436 change        0
 Nodes Two Phase:        0 change        0
 Nodes Gas Phase:         0 change        0
 Nodes SC Phase:        0 change        0
 Number of restarted time steps           17
                    Largest Residuals
 EQ1 R=  0.1448E-11 node= 160030 zone=     3 x=-.2000E+05 y=-.1200E+05 z= 1000.    
 EQ2 R=  0.5658E-14 node= 230437 zone=     2 x=-7000.     y=0.4400E+05 z=0.1000E+05
   Node   Equation 1 Residual   Equation 2 Residual
 266236      0.963087E-15           0.240988E-19
 266234      0.103382E-12          -0.219579E-14
 266231      0.377590E-12           0.152523E-14
 266226     -0.420581E-12          -0.121655E-14
 266221      0.200884E-12           0.353002E-15
 266210     -0.258444E-12          -0.124581E-14
 266201      0.742936E-13           0.260968E-15

                    Nodal Information (Water)
                                                  source/sink  E source/sink
   Node   P (MPa)    E (MJ)    L sat     Temp (C)    (kg/s)       (MJ/s)
 266236    26.00     0.666E-01  1.00        2.000  -13.89     -0.926    
 266234    24.21     0.610E-01  1.00        1.995   0.000       0.00    
 266231    25.42     0.596E-01  1.00        1.997   0.000       0.00    
 266226    27.74     0.553E-01  1.00        2.001   0.000       0.00    
 266221    28.77     0.499E-01  1.00        2.003   0.000       0.00    
 266210    29.47     0.284E-01  1.00        2.004   0.000       0.00    
 266201    38.55     0.138E-01  1.00        2.000   0.000      0.126E-01

                    Global Mass & Energy Balances
 Total mass in system at this time:            0.152098E+18 kg
 Total mass of steam in system at this time:   0.000000E+00 kg
 Total enthalpy in system at this time:        0.277145E+16 MJ

 Water discharge this time step:   0.000000E+00 kg (0.000000E+00 kg/s)
 Water input this time step:       0.309320E+01 kg (0.138939E+02 kg/s)
 Total water discharge:            0.339119E+10 kg (0.373609E+00 kg/s)
 Total water input:                0.735205E+11 kg (0.809978E+01 kg/s)

 Enthalpy discharge this time step:  0.700964E+01 MJ (0.314855E+02 MJ/s)
 Enthalpy input this time step:      0.476031E+01 MJ (0.213821E+02 MJ/s)
 Total enthalpy discharge:           0.575295E+12 MJ (0.633804E+02 MJ/s)
 Total enthalpy input:               0.312724E+12 MJ (0.344529E+02 MJ/s)

 Net kg water discharge (total out-total in):  -0.701293E+11
 Net MJ energy discharge (total out-total in):   0.262571E+12
 Conservation Errors:  -0.410269E-01 (mass),  -0.108478E-02 (energy)
time step =      132 time step size =  0.30920973497242E-05
out of bounds : node   529624 x =   0.5000E+05 y =  -0.2600E+05 z =   0.2500E+05
 p =   20.0000000     t =  2.00000000     s =   1.00000000    
 porosity =   0.30000000     permx   1.00000000E-15 phase state    1 iter    1

 timestep =    132 timestep restarted because of balance errors or variable out of bounds
    
#### largest N-R corrections, timestep      132 ####
 EQ1 R=  0.1466E-09 node= 266201 zone=     5 x= 0.000     y= 0.000     z=-.2500E+05
 EQ2 R=  0.3418E-12 node= 266202 zone=     3 x= 0.000     y= 0.000     z=-.2300E+05

 timestep less than daymin  132        0.618419E-06         105056.    
