FEHM V3.4.0lbUbuntu16 24-03-17   05/06/2025    18:01:38

Copyright  2015.   Los Alamos National Security, LLC.  This material was
produced under U.S. Government contract DE-AC52-06NA25396 for Los Alamos
National  Laboratory  (LANL),  which is operated by  Los Alamos National
Security, LLC  for the U. S. Department of Energy.  The U. S. Government
has rights to use, reproduce, and distribute this software.  Neither the
U. S. Government nor Los Alamos National Security, LLC or persons acting
on their behalf,  make any warranty,  express or implied, or assumes any
liability for the accuracy, completeness, or usefulness of the software,
any information pertaining to the software,  or  represents that its use
would not infringe privately owned rights.

The  software  being licensed  may  be Export Controlled.  It may not be
distributed  or  used by individuals  or entities prohibited from having
access to the software package, pursuant to United States export control
laws and regulations. An export control review and determination must be
completed before LANS will provide access to the identified Software.

 ppor read from optional input file: p15un_cold_ft.ppor                                                                                                                                                                                      
 n0 =       532436

 "Europa gravity; 100 km x 100 km x 100 km box; uniform properites (aka 1 layer);



 File purpose - Variable - Unit number - File name

    control       - iocntl -  1 - fehmn.files                                                                                         
    input         - inpt   - 11 - p15un_cold_ft.dat                                                                                   
    geometry      - incoor - 12 - p15un_cold_ft.fehm                                                                                  
    zone          - inzone - 13 - p15un_cold_ft_material.zone                                                                         
    output        - iout   - 14 - p15un_cold_ft.out                                                                                   
    initial state - iread  -  0 - not using                                                                                           
    final state   - isave  - 16 - p15un_cold_ft.fin                                                                                   
    time history  - ishis  - 17 - p15un_cold_ft.hist                                                                                  
    time his.(tr) - istrc  -  0 - not using                                                                                           
    contour plot  - iscon  -  0 - not using                                                                                           
    con plot (dp) - iscon1 -  0 - not using                                                                                           
    fe coef stor  - isstor - 21 - p15un_cold_ft.stor                                                                                  
    input check   - ischk  - 22 - p15un_cold_ft.chk                                                                                   
 Value provided to subroutine user: not using

 **** input title : coor **** incoor =  12 ****
 **** input title : elem **** incoor =  12 ****
 **** input title : stop **** incoor =  12 ****
 **** input title : zone **** inzone =  13 ****
 **** input title : stop **** inzone =  13 ****
 **** input title : cont **** inpt =  11 ****
 **** contour format defined  : avs  ****
 **** input title : sol  **** inpt =  11 ****
 **** input title : node **** inpt =  11 ****
 **** input title : eos  **** inpt =  11 ****
 **** input title : pres **** inpt =  11 ****
 **** input title : flow **** inpt =  11 ****
 **** input title : perm **** inpt =  11 ****
 **** input title : rock **** inpt =  11 ****
 rock read from optional input file: p15un_cold_ft.rock                                                                                                                                                                                      
 **** input title : cond **** inpt =  11 ****
 cond read from optional input file: p15un_cold_ft.cond                                                                                                                                                                                      
 **** input title : ppor **** inpt =  11 ****
 ppor read from optional input file: p15un_cold_ft.ppor                                                                                                                                                                                      
 **** input title : hflx **** inpt =  11 ****
 **** input title : time **** inpt =  11 ****
 **** input title : ctrl **** inpt =  11 ****
 **** input title : stop **** inpt =  11 ****
 !!!!!!!!!!!!!!!!!!!!!!!!!!!!!!!!!!!!!!!
 Coefficients read from file p15un_cold_ft.stor
 !!!!!!!!!!!!!!!!!!!!!!!!!!!!!!!!!!!!!!!

 storage for geometric coefficients         19 in common(nr)         19
 gmres method chosen 
 >>>reading nop from file nop.temp .....
 >>>reading nop was succesful .....

 storage needed for ncon        4892943 available    4892943
 storage needed for nop         8748543 available    8748543
 storage needed for a matrix   17442024 available   17442024
 storage needed for b matrix   32864424 available   59688428
 storage for acceleration  27686672 available   27686672
 storage available for b matrix resized to   32864424<<<<<<


 time for reading input, forming coefficients   9.55    



 **** analysis of input data on file p15un_cold_ft.chk                ****

*********************************************************************
 Time Step         1

                    Timing Information
           Years              Days         Step Size (Days)
     0.273785079E-06     0.100000000E-03    0.100000000E-03
 Cpu Sec for Time Step =   2.517     Current Total =     2.533    

                    Equation Performance
 Number of N-R Iterations:          3
 Avg # of Linear Equation Solver Iterations:   1.0
 Number of Active Nodes:    532436.
 Total Number of Iterations, N-R:          3 , Solver:          3
 Phase Changes This Time Step:        0 Total           0
 Nodes Liq Phase:   532436 change        0
 Nodes Two Phase:        0 change        0
 Nodes Gas Phase:         0 change        0
 Nodes SC Phase:        0 change        0
 Number of restarted time steps            0
                    Largest Residuals
 EQ1 R=  0.1897E-07 node= 266236 zone=     4 x= 0.000     y= 0.000     z=0.2500E+05
 EQ2 R=  0.5346E-09 node= 266236 zone=     4 x= 0.000     y= 0.000     z=0.2500E+05
   Node   Equation 1 Residual   Equation 2 Residual
 266236     -0.189706E-07          -0.534607E-09
 266234      0.302455E-12           0.629922E-15
 266231     -0.302244E-12          -0.474971E-15
 266226      0.110624E-15           0.887615E-15
 266221     -0.302213E-12          -0.229275E-15
 266210     -0.302228E-12          -0.338970E-15
 266201      0.589757E-12           0.257224E-14

                    Nodal Information (Water)
                                                  source/sink  E source/sink
   Node   P (MPa)    E (MJ)    L sat     Temp (C)    (kg/s)       (MJ/s)
 266236    29.21     0.698E-01  1.00        2.000  0.8021E+06  0.559E+05
 266234    29.25     0.659E-01  1.00        2.000   0.000       0.00    
 266231    29.25     0.633E-01  1.00        2.000   0.000       0.00    
 266226    29.25     0.568E-01  1.00        2.000   0.000       0.00    
 266221    29.25     0.503E-01  1.00        2.000   0.000       0.00    
 266210    29.25     0.282E-01  1.00        2.000   0.000       0.00    
 266201    29.25     0.481E-02  1.00        2.000   0.000      0.616E-04

                    Global Mass & Energy Balances
 Total mass in system at this time:            0.506992E+17 kg
 Total mass of steam in system at this time:   0.000000E+00 kg
 Total enthalpy in system at this time:        0.287724E+16 MJ

 Water discharge this time step:   0.692988E+07 kg (0.802070E+06 kg/s)
 Water input this time step:       0.000000E+00 kg (0.000000E+00 kg/s)
 Total water discharge:            0.692988E+07 kg (0.802070E+06 kg/s)
 Total water input:                0.000000E+00 kg (0.000000E+00 kg/s)

 Enthalpy discharge this time step:  0.483380E+06 MJ (0.559468E+05 MJ/s)
 Enthalpy input this time step:      0.141661E+01 MJ (0.163960E+00 MJ/s)
 Total enthalpy discharge:           0.483380E+06 MJ (0.559468E+05 MJ/s)
 Total enthalpy input:               0.141661E+01 MJ (0.163960E+00 MJ/s)

 Net kg water discharge (total out-total in):   0.692988E+07
 Net MJ energy discharge (total out-total in):   0.483379E+06
 Conservation Errors:  -0.137122E-02 (mass),  -0.284473E-03 (energy)

 Enthalpy discharge this time step:  0.570559E+06 MJ (0.550307E+05 MJ/s)
 Enthalpy input this time step:      0.373759E+01 MJ (0.360493E+00 MJ/s)
 Total enthalpy discharge:           0.105394E+07 MJ (0.554471E+05 MJ/s)
 Total enthalpy input:               0.515420E+01 MJ (0.271160E+00 MJ/s)

 Water discharge this time step:   0.818808E+07 kg (0.789746E+06 kg/s)
 Water input this time step:       0.000000E+00 kg (0.000000E+00 kg/s)
 Total water discharge:            0.151180E+08 kg (0.795347E+06 kg/s)
 Total water input:                0.000000E+00 kg (0.000000E+00 kg/s)

 Enthalpy discharge this time step:  0.570559E+06 MJ (0.550307E+05 MJ/s)
 Enthalpy input this time step:      0.373759E+01 MJ (0.360493E+00 MJ/s)
 Total enthalpy discharge:           0.105394E+07 MJ (0.554471E+05 MJ/s)
 Total enthalpy input:               0.515420E+01 MJ (0.271160E+00 MJ/s)

 Enthalpy discharge this time step:  0.671264E+06 MJ (0.539532E+05 MJ/s)
 Enthalpy input this time step:      0.741543E+01 MJ (0.596019E+00 MJ/s)
 Total enthalpy discharge:           0.172520E+07 MJ (0.548561E+05 MJ/s)
 Total enthalpy input:               0.125696E+02 MJ (0.399676E+00 MJ/s)

 Water discharge this time step:   0.964508E+07 kg (0.775228E+06 kg/s)
 Water input this time step:       0.000000E+00 kg (0.000000E+00 kg/s)
 Total water discharge:            0.247630E+08 kg (0.787388E+06 kg/s)
 Total water input:                0.000000E+00 kg (0.000000E+00 kg/s)

 Enthalpy discharge this time step:  0.671264E+06 MJ (0.539532E+05 MJ/s)
 Enthalpy input this time step:      0.741543E+01 MJ (0.596019E+00 MJ/s)
 Total enthalpy discharge:           0.172520E+07 MJ (0.548561E+05 MJ/s)
 Total enthalpy input:               0.125696E+02 MJ (0.399676E+00 MJ/s)

 Enthalpy discharge this time step:  0.786666E+06 MJ (0.526906E+05 MJ/s)
 Enthalpy input this time step:      0.131115E+02 MJ (0.878203E+00 MJ/s)
 Total enthalpy discharge:           0.251187E+07 MJ (0.541590E+05 MJ/s)
 Total enthalpy input:               0.256811E+02 MJ (0.553717E+00 MJ/s)

 Water discharge this time step:   0.113197E+08 kg (0.758191E+06 kg/s)
 Water input this time step:       0.000000E+00 kg (0.000000E+00 kg/s)
 Total water discharge:            0.360828E+08 kg (0.777989E+06 kg/s)
 Total water input:                0.000000E+00 kg (0.000000E+00 kg/s)

 Enthalpy discharge this time step:  0.786666E+06 MJ (0.526906E+05 MJ/s)
 Enthalpy input this time step:      0.131115E+02 MJ (0.878203E+00 MJ/s)
 Total enthalpy discharge:           0.251187E+07 MJ (0.541590E+05 MJ/s)
 Total enthalpy input:               0.256811E+02 MJ (0.553717E+00 MJ/s)

 Enthalpy discharge this time step:  0.917619E+06 MJ (0.512181E+05 MJ/s)
 Enthalpy input this time step:      0.217889E+02 MJ (0.121618E+01 MJ/s)
 Total enthalpy discharge:           0.342949E+07 MJ (0.533395E+05 MJ/s)
 Total enthalpy input:               0.474701E+02 MJ (0.738312E+00 MJ/s)

 Water discharge this time step:   0.132270E+08 kg (0.738282E+06 kg/s)
 Water input this time step:       0.000000E+00 kg (0.000000E+00 kg/s)
 Total water discharge:            0.493098E+08 kg (0.766925E+06 kg/s)
 Total water input:                0.000000E+00 kg (0.000000E+00 kg/s)

 Enthalpy discharge this time step:  0.917619E+06 MJ (0.512181E+05 MJ/s)
 Enthalpy input this time step:      0.217889E+02 MJ (0.121618E+01 MJ/s)
 Total enthalpy discharge:           0.342949E+07 MJ (0.533395E+05 MJ/s)
 Total enthalpy input:               0.474701E+02 MJ (0.738312E+00 MJ/s)

 Enthalpy discharge this time step:  0.106443E+07 MJ (0.495104E+05 MJ/s)
 Enthalpy input this time step:      0.348460E+02 MJ (0.162081E+01 MJ/s)
 Total enthalpy discharge:           0.449392E+07 MJ (0.523800E+05 MJ/s)
 Total enthalpy input:               0.823161E+02 MJ (0.959456E+00 MJ/s)

 Water discharge this time step:   0.153749E+08 kg (0.715141E+06 kg/s)
 Water input this time step:       0.000000E+00 kg (0.000000E+00 kg/s)
 Total water discharge:            0.646847E+08 kg (0.753949E+06 kg/s)
 Total water input:                0.000000E+00 kg (0.000000E+00 kg/s)

 Enthalpy discharge this time step:  0.106443E+07 MJ (0.495104E+05 MJ/s)
 Enthalpy input this time step:      0.348460E+02 MJ (0.162081E+01 MJ/s)
 Total enthalpy discharge:           0.449392E+07 MJ (0.523800E+05 MJ/s)
 Total enthalpy input:               0.823161E+02 MJ (0.959456E+00 MJ/s)

 Enthalpy discharge this time step:  0.122656E+07 MJ (0.475430E+05 MJ/s)
 Enthalpy input this time step:      0.543079E+02 MJ (0.210505E+01 MJ/s)
 Total enthalpy discharge:           0.572047E+07 MJ (0.512617E+05 MJ/s)
 Total enthalpy input:               0.136624E+03 MJ (0.122430E+01 MJ/s)

 Water discharge this time step:   0.177602E+08 kg (0.688410E+06 kg/s)
 Water input this time step:       0.000000E+00 kg (0.000000E+00 kg/s)
 Total water discharge:            0.824449E+08 kg (0.738797E+06 kg/s)
 Total water input:                0.000000E+00 kg (0.000000E+00 kg/s)

 Enthalpy discharge this time step:  0.122656E+07 MJ (0.475430E+05 MJ/s)
 Enthalpy input this time step:      0.543079E+02 MJ (0.210505E+01 MJ/s)
 Total enthalpy discharge:           0.572047E+07 MJ (0.512617E+05 MJ/s)
 Total enthalpy input:               0.136624E+03 MJ (0.122430E+01 MJ/s)

 Enthalpy discharge this time step:  0.140224E+07 MJ (0.452940E+05 MJ/s)
 Enthalpy input this time step:      0.830996E+02 MJ (0.268421E+01 MJ/s)
 Total enthalpy discharge:           0.712272E+07 MJ (0.499657E+05 MJ/s)
 Total enthalpy input:               0.219724E+03 MJ (0.154136E+01 MJ/s)

 Water discharge this time step:   0.203634E+08 kg (0.657761E+06 kg/s)
 Water input this time step:       0.000000E+00 kg (0.000000E+00 kg/s)
 Total water discharge:            0.102808E+09 kg (0.721198E+06 kg/s)
 Total water input:                0.000000E+00 kg (0.000000E+00 kg/s)

 Enthalpy discharge this time step:  0.140224E+07 MJ (0.452940E+05 MJ/s)
 Enthalpy input this time step:      0.830996E+02 MJ (0.268421E+01 MJ/s)
 Total enthalpy discharge:           0.712272E+07 MJ (0.499657E+05 MJ/s)
 Total enthalpy input:               0.219724E+03 MJ (0.154136E+01 MJ/s)

 Enthalpy discharge this time step:  0.158807E+07 MJ (0.427471E+05 MJ/s)
 Enthalpy input this time step:      0.125437E+03 MJ (0.337645E+01 MJ/s)
 Total enthalpy discharge:           0.871079E+07 MJ (0.484734E+05 MJ/s)
 Total enthalpy input:               0.345160E+03 MJ (0.192073E+01 MJ/s)

 Water discharge this time step:   0.231421E+08 kg (0.622929E+06 kg/s)
 Water input this time step:       0.000000E+00 kg (0.000000E+00 kg/s)
 Total water discharge:            0.125950E+09 kg (0.700882E+06 kg/s)
 Total water input:                0.000000E+00 kg (0.000000E+00 kg/s)

 Enthalpy discharge this time step:  0.158807E+07 MJ (0.427471E+05 MJ/s)
 Enthalpy input this time step:      0.125437E+03 MJ (0.337645E+01 MJ/s)
 Total enthalpy discharge:           0.871079E+07 MJ (0.484734E+05 MJ/s)
 Total enthalpy input:               0.345160E+03 MJ (0.192073E+01 MJ/s)

 Enthalpy discharge this time step:  0.177851E+07 MJ (0.398943E+05 MJ/s)
 Enthalpy input this time step:      0.187381E+03 MJ (0.420321E+01 MJ/s)
 Total enthalpy discharge:           0.104893E+08 MJ (0.467681E+05 MJ/s)
 Total enthalpy input:               0.532541E+03 MJ (0.237442E+01 MJ/s)

 Water discharge this time step:   0.260243E+08 kg (0.583759E+06 kg/s)
 Water input this time step:       0.000000E+00 kg (0.000000E+00 kg/s)
 Total water discharge:            0.151975E+09 kg (0.677602E+06 kg/s)
 Total water input:                0.000000E+00 kg (0.000000E+00 kg/s)

 Enthalpy discharge this time step:  0.177851E+07 MJ (0.398943E+05 MJ/s)
 Enthalpy input this time step:      0.187381E+03 MJ (0.420321E+01 MJ/s)
 Total enthalpy discharge:           0.104893E+08 MJ (0.467681E+05 MJ/s)
 Total enthalpy input:               0.532541E+03 MJ (0.237442E+01 MJ/s)
*********************************************************************
 Time Step        11

                    Timing Information
           Years              Days         Step Size (Days)
     0.880230487E-05     0.321504185E-02    0.619173642E-03
 Cpu Sec for Time Step =   2.442     Current Total =     27.54    

                    Equation Performance
 Number of N-R Iterations:          3
 Avg # of Linear Equation Solver Iterations:   1.0
 Number of Active Nodes:    532436.
 Total Number of Iterations, N-R:         33 , Solver:         33
 Phase Changes This Time Step:        0 Total           0
 Nodes Liq Phase:   532436 change        0
 Nodes Two Phase:        0 change        0
 Nodes Gas Phase:         0 change        0
 Nodes SC Phase:        0 change        0
 Number of restarted time steps            0
                    Largest Residuals
 EQ1 R=  0.1908E-07 node= 266236 zone=     4 x= 0.000     y= 0.000     z=0.2500E+05
 EQ2 R=  0.7297E-09 node= 266236 zone=     4 x= 0.000     y= 0.000     z=0.2500E+05
   Node   Equation 1 Residual   Equation 2 Residual
 266236     -0.190788E-07          -0.729663E-09
 266234     -0.162909E-13           0.739957E-15
 266231      0.340220E-16           0.259383E-15
 266226     -0.131776E-15          -0.107740E-14
 266221     -0.302139E-12           0.339223E-15
 266210     -0.448893E-16          -0.361062E-15
 266201      0.334206E-12           0.123809E-13

                    Nodal Information (Water)
                                                  source/sink  E source/sink
   Node   P (MPa)    E (MJ)    L sat     Temp (C)    (kg/s)       (MJ/s)
 266236    28.16     0.687E-01  1.00        2.000  0.5403E+06  0.367E+05
 266234    29.25     0.659E-01  1.00        2.000   0.000       0.00    
 266231    29.25     0.633E-01  1.00        2.000   0.000       0.00    
 266226    29.25     0.568E-01  1.00        2.000   0.000       0.00    
 266221    29.25     0.503E-01  1.00        2.000   0.000       0.00    
 266210    29.25     0.282E-01  1.00        2.000   0.000       0.00    
 266201    29.25     0.481E-02  1.00        2.000   0.000      0.195E-02

                    Global Mass & Energy Balances
 Total mass in system at this time:            0.506992E+17 kg
 Total mass of steam in system at this time:   0.000000E+00 kg
 Total enthalpy in system at this time:        0.287724E+16 MJ

 Water discharge this time step:   0.289020E+08 kg (0.540258E+06 kg/s)
 Water input this time step:       0.000000E+00 kg (0.000000E+00 kg/s)
 Total water discharge:            0.180877E+09 kg (0.651151E+06 kg/s)
 Total water input:                0.000000E+00 kg (0.000000E+00 kg/s)

 Enthalpy discharge this time step:  0.196548E+07 MJ (0.367402E+05 MJ/s)
 Enthalpy input this time step:      0.277630E+03 MJ (0.518968E+01 MJ/s)
 Total enthalpy discharge:           0.124548E+08 MJ (0.448369E+05 MJ/s)
 Total enthalpy input:               0.810172E+03 MJ (0.291660E+01 MJ/s)

 Net kg water discharge (total out-total in):   0.180877E+09
 Net MJ energy discharge (total out-total in):   0.124540E+08
 Conservation Errors:  -0.164258E-03 (mass),  -0.913194E-04 (energy)

 Enthalpy discharge this time step:  0.213811E+07 MJ (0.333061E+05 MJ/s)
 Enthalpy input this time step:      0.408631E+03 MJ (0.636537E+01 MJ/s)
 Total enthalpy discharge:           0.145929E+08 MJ (0.426723E+05 MJ/s)
 Total enthalpy input:               0.121880E+04 MJ (0.356400E+01 MJ/s)

 Water discharge this time step:   0.316266E+08 kg (0.492657E+06 kg/s)
 Water input this time step:       0.000000E+00 kg (0.000000E+00 kg/s)
 Total water discharge:            0.212503E+09 kg (0.621399E+06 kg/s)
 Total water input:                0.000000E+00 kg (0.000000E+00 kg/s)

 Enthalpy discharge this time step:  0.213811E+07 MJ (0.333061E+05 MJ/s)
 Enthalpy input this time step:      0.408631E+03 MJ (0.636537E+01 MJ/s)
 Total enthalpy discharge:           0.145929E+08 MJ (0.426723E+05 MJ/s)
 Total enthalpy input:               0.121880E+04 MJ (0.356400E+01 MJ/s)

 Enthalpy discharge this time step:  0.228282E+07 MJ (0.296335E+05 MJ/s)
 Enthalpy input this time step:      0.598153E+03 MJ (0.776468E+01 MJ/s)
 Total enthalpy discharge:           0.168757E+08 MJ (0.402751E+05 MJ/s)
 Total enthalpy input:               0.181696E+04 MJ (0.433630E+01 MJ/s)

 Water discharge this time step:   0.340087E+08 kg (0.441470E+06 kg/s)
 Water input this time step:       0.000000E+00 kg (0.000000E+00 kg/s)
 Total water discharge:            0.246512E+09 kg (0.588319E+06 kg/s)
 Total water input:                0.000000E+00 kg (0.000000E+00 kg/s)

 Enthalpy discharge this time step:  0.228282E+07 MJ (0.296335E+05 MJ/s)
 Enthalpy input this time step:      0.598153E+03 MJ (0.776468E+01 MJ/s)
 Total enthalpy discharge:           0.168757E+08 MJ (0.402751E+05 MJ/s)
 Total enthalpy input:               0.181696E+04 MJ (0.433630E+01 MJ/s)

 Enthalpy discharge this time step:  0.238386E+07 MJ (0.257876E+05 MJ/s)
 Enthalpy input this time step:      0.871491E+03 MJ (0.942743E+01 MJ/s)
 Total enthalpy discharge:           0.192596E+08 MJ (0.376566E+05 MJ/s)
 Total enthalpy input:               0.268845E+04 MJ (0.525649E+01 MJ/s)

 Water discharge this time step:   0.358258E+08 kg (0.387548E+06 kg/s)
 Water input this time step:       0.000000E+00 kg (0.000000E+00 kg/s)
 Total water discharge:            0.282338E+09 kg (0.552031E+06 kg/s)
 Total water input:                0.000000E+00 kg (0.000000E+00 kg/s)

 Enthalpy discharge this time step:  0.238386E+07 MJ (0.257876E+05 MJ/s)
 Enthalpy input this time step:      0.871491E+03 MJ (0.942743E+01 MJ/s)
 Total enthalpy discharge:           0.192596E+08 MJ (0.376566E+05 MJ/s)
 Total enthalpy input:               0.268845E+04 MJ (0.525649E+01 MJ/s)

 Enthalpy discharge this time step:  0.242473E+07 MJ (0.218581E+05 MJ/s)
 Enthalpy input this time step:      0.126454E+04 MJ (0.113993E+02 MJ/s)
 Total enthalpy discharge:           0.216843E+08 MJ (0.348407E+05 MJ/s)
 Total enthalpy input:               0.395298E+04 MJ (0.635136E+01 MJ/s)

 Water discharge this time step:   0.368401E+08 kg (0.332100E+06 kg/s)
 Water input this time step:       0.000000E+00 kg (0.000000E+00 kg/s)
 Total water discharge:            0.319178E+09 kg (0.512831E+06 kg/s)
 Total water input:                0.000000E+00 kg (0.000000E+00 kg/s)

 Enthalpy discharge this time step:  0.242473E+07 MJ (0.218581E+05 MJ/s)
 Enthalpy input this time step:      0.126454E+04 MJ (0.113993E+02 MJ/s)
 Total enthalpy discharge:           0.216843E+08 MJ (0.348407E+05 MJ/s)
 Total enthalpy input:               0.395298E+04 MJ (0.635136E+01 MJ/s)

 Enthalpy discharge this time step:  0.239023E+07 MJ (0.179559E+05 MJ/s)
 Enthalpy input this time step:      0.182802E+04 MJ (0.137325E+02 MJ/s)
 Total enthalpy discharge:           0.240745E+08 MJ (0.318657E+05 MJ/s)
 Total enthalpy input:               0.578100E+04 MJ (0.765189E+01 MJ/s)

 Water discharge this time step:   0.368293E+08 kg (0.276669E+06 kg/s)
 Water input this time step:       0.000000E+00 kg (0.000000E+00 kg/s)
 Total water discharge:            0.356007E+09 kg (0.471220E+06 kg/s)
 Total water input:                0.000000E+00 kg (0.000000E+00 kg/s)

 Enthalpy discharge this time step:  0.239023E+07 MJ (0.179559E+05 MJ/s)
 Enthalpy input this time step:      0.182802E+04 MJ (0.137325E+02 MJ/s)
 Total enthalpy discharge:           0.240745E+08 MJ (0.318657E+05 MJ/s)
 Total enthalpy input:               0.578100E+04 MJ (0.765189E+01 MJ/s)

 Enthalpy discharge this time step:  0.226944E+07 MJ (0.142071E+05 MJ/s)
 Enthalpy input this time step:      0.263336E+04 MJ (0.164853E+02 MJ/s)
 Total enthalpy discharge:           0.263440E+08 MJ (0.287837E+05 MJ/s)
 Total enthalpy input:               0.841436E+04 MJ (0.919361E+01 MJ/s)

 Water discharge this time step:   0.356291E+08 kg (0.223045E+06 kg/s)
 Water input this time step:       0.000000E+00 kg (0.000000E+00 kg/s)
 Total water discharge:            0.391636E+09 kg (0.427905E+06 kg/s)
 Total water input:                0.000000E+00 kg (0.000000E+00 kg/s)

 Enthalpy discharge this time step:  0.226944E+07 MJ (0.142071E+05 MJ/s)
 Enthalpy input this time step:      0.263336E+04 MJ (0.164853E+02 MJ/s)
 Total enthalpy discharge:           0.263440E+08 MJ (0.287837E+05 MJ/s)
 Total enthalpy input:               0.841436E+04 MJ (0.919361E+01 MJ/s)

 Enthalpy discharge this time step:  0.205892E+07 MJ (0.107410E+05 MJ/s)
 Enthalpy input this time step:      0.378055E+04 MJ (0.197224E+02 MJ/s)
 Total enthalpy discharge:           0.284029E+08 MJ (0.256592E+05 MJ/s)
 Total enthalpy input:               0.121949E+05 MJ (0.110169E+02 MJ/s)

 Water discharge this time step:   0.331819E+08 kg (0.173104E+06 kg/s)
 Water input this time step:       0.000000E+00 kg (0.000000E+00 kg/s)
 Total water discharge:            0.424818E+09 kg (0.383781E+06 kg/s)
 Total water input:                0.000000E+00 kg (0.000000E+00 kg/s)

 Enthalpy discharge this time step:  0.205892E+07 MJ (0.107410E+05 MJ/s)
 Enthalpy input this time step:      0.378055E+04 MJ (0.197224E+02 MJ/s)
 Total enthalpy discharge:           0.284029E+08 MJ (0.256592E+05 MJ/s)
 Total enthalpy input:               0.121949E+05 MJ (0.110169E+02 MJ/s)

 Enthalpy discharge this time step:  0.176539E+07 MJ (0.767477E+04 MJ/s)
 Enthalpy input this time step:      0.540882E+04 MJ (0.235140E+02 MJ/s)
 Total enthalpy discharge:           0.301683E+08 MJ (0.225649E+05 MJ/s)
 Total enthalpy input:               0.176037E+05 MJ (0.131670E+02 MJ/s)

 Water discharge this time step:   0.295784E+08 kg (0.128588E+06 kg/s)
 Water input this time step:       0.000000E+00 kg (0.000000E+00 kg/s)
 Total water discharge:            0.454396E+09 kg (0.339875E+06 kg/s)
 Total water input:                0.000000E+00 kg (0.000000E+00 kg/s)

 Enthalpy discharge this time step:  0.176539E+07 MJ (0.767477E+04 MJ/s)
 Enthalpy input this time step:      0.540882E+04 MJ (0.235140E+02 MJ/s)
 Total enthalpy discharge:           0.301683E+08 MJ (0.225649E+05 MJ/s)
 Total enthalpy input:               0.176037E+05 MJ (0.131670E+02 MJ/s)

 Enthalpy discharge this time step:  0.140696E+07 MJ (0.509711E+04 MJ/s)
 Enthalpy input this time step:      0.770381E+04 MJ (0.279092E+02 MJ/s)
 Total enthalpy discharge:           0.315752E+08 MJ (0.195757E+05 MJ/s)
 Total enthalpy input:               0.253075E+05 MJ (0.156899E+02 MJ/s)

 Water discharge this time step:   0.250767E+08 kg (0.908476E+05 kg/s)
 Water input this time step:       0.000000E+00 kg (0.000000E+00 kg/s)
 Total water discharge:            0.479473E+09 kg (0.297258E+06 kg/s)
 Total water input:                0.000000E+00 kg (0.000000E+00 kg/s)

 Enthalpy discharge this time step:  0.140696E+07 MJ (0.509711E+04 MJ/s)
 Enthalpy input this time step:      0.770381E+04 MJ (0.279092E+02 MJ/s)
 Total enthalpy discharge:           0.315752E+08 MJ (0.195757E+05 MJ/s)
 Total enthalpy input:               0.253075E+05 MJ (0.156899E+02 MJ/s)
*********************************************************************
 Time Step        21

                    Timing Information
           Years              Days         Step Size (Days)
     0.616086515E-04     0.225025600E-01    0.383375999E-02
 Cpu Sec for Time Step =   1.764     Current Total =     51.16    

                    Equation Performance
 Number of N-R Iterations:          2
 Avg # of Linear Equation Solver Iterations:   1.0
 Number of Active Nodes:    532436.
 Total Number of Iterations, N-R:         61 , Solver:         61
 Phase Changes This Time Step:        0 Total           0
 Nodes Liq Phase:   532436 change        0
 Nodes Two Phase:        0 change        0
 Nodes Gas Phase:         0 change        0
 Nodes SC Phase:        0 change        0
 Number of restarted time steps            0
                    Largest Residuals
 EQ1 R=  0.5750E-07 node= 266236 zone=     4 x= 0.000     y= 0.000     z=0.2500E+05
 EQ2 R=  0.1091E-07 node= 266236 zone=     4 x= 0.000     y= 0.000     z=0.2500E+05
   Node   Equation 1 Residual   Equation 2 Residual
 266236     -0.574969E-07           0.109069E-07
 266234     -0.106663E-12           0.329584E-14
 266231     -0.301950E-12           0.163545E-14
 266226      0.351803E-15           0.188152E-14
 266221      0.302470E-12           0.203169E-14
 266210      0.604718E-12           0.279166E-14
 266201     -0.397971E-09          -0.100132E-10

                    Nodal Information (Water)
                                                  source/sink  E source/sink
   Node   P (MPa)    E (MJ)    L sat     Temp (C)    (kg/s)       (MJ/s)
 266236    26.24     0.669E-01  1.00        1.999  0.6063E+05  0.302E+04
 266234    29.25     0.659E-01  1.00        2.000   0.000       0.00    
 266231    29.25     0.633E-01  1.00        2.000   0.000       0.00    
 266226    29.25     0.568E-01  1.00        2.000   0.000       0.00    
 266221    29.25     0.503E-01  1.00        2.000   0.000       0.00    
 266210    29.25     0.282E-01  1.00        2.000   0.000       0.00    
 266201    29.25     0.481E-02  1.00        2.000   0.000      0.126E-01

                    Global Mass & Energy Balances
 Total mass in system at this time:            0.506992E+17 kg
 Total mass of steam in system at this time:   0.000000E+00 kg
 Total enthalpy in system at this time:        0.287724E+16 MJ

 Water discharge this time step:   0.200818E+08 kg (0.606266E+05 kg/s)
 Water input this time step:       0.000000E+00 kg (0.000000E+00 kg/s)
 Total water discharge:            0.499555E+09 kg (0.256943E+06 kg/s)
 Total water input:                0.000000E+00 kg (0.000000E+00 kg/s)

 Enthalpy discharge this time step:  0.101161E+07 MJ (0.305404E+04 MJ/s)
 Enthalpy input this time step:      0.109322E+05 MJ (0.330042E+02 MJ/s)
 Total enthalpy discharge:           0.325868E+08 MJ (0.167609E+05 MJ/s)
 Total enthalpy input:               0.362397E+05 MJ (0.186397E+02 MJ/s)

 Net kg water discharge (total out-total in):   0.499555E+09
 Net MJ energy discharge (total out-total in):   0.325506E+08
 Conservation Errors:  -0.379468E-04 (mass),   0.127681E-04 (energy)

 Enthalpy discharge this time step:  0.612878E+06 MJ (0.154189E+04 MJ/s)
 Enthalpy input this time step:      0.154505E+05 MJ (0.388707E+02 MJ/s)
 Total enthalpy discharge:           0.331997E+08 MJ (0.141776E+05 MJ/s)
 Total enthalpy input:               0.516902E+05 MJ (0.220738E+02 MJ/s)

 Water discharge this time step:   0.150791E+08 kg (0.379362E+05 kg/s)
 Water input this time step:       0.000000E+00 kg (0.000000E+00 kg/s)
 Total water discharge:            0.514634E+09 kg (0.219769E+06 kg/s)
 Total water input:                0.000000E+00 kg (0.000000E+00 kg/s)

 Enthalpy discharge this time step:  0.612878E+06 MJ (0.154189E+04 MJ/s)
 Enthalpy input this time step:      0.154505E+05 MJ (0.388707E+02 MJ/s)
 Total enthalpy discharge:           0.331997E+08 MJ (0.141776E+05 MJ/s)
 Total enthalpy input:               0.516902E+05 MJ (0.220738E+02 MJ/s)

 Enthalpy discharge this time step:  0.243303E+06 MJ (0.510090E+03 MJ/s)
 Enthalpy input this time step:      0.217572E+05 MJ (0.456143E+02 MJ/s)
 Total enthalpy discharge:           0.334430E+08 MJ (0.118648E+05 MJ/s)
 Total enthalpy input:               0.734474E+05 MJ (0.260573E+02 MJ/s)

 Water discharge this time step:   0.105349E+08 kg (0.220866E+05 kg/s)
 Water input this time step:       0.000000E+00 kg (0.000000E+00 kg/s)
 Total water discharge:            0.525169E+09 kg (0.186317E+06 kg/s)
 Total water input:                0.000000E+00 kg (0.000000E+00 kg/s)

 Enthalpy discharge this time step:  0.243303E+06 MJ (0.510090E+03 MJ/s)
 Enthalpy input this time step:      0.217572E+05 MJ (0.456143E+02 MJ/s)
 Total enthalpy discharge:           0.334430E+08 MJ (0.118648E+05 MJ/s)
 Total enthalpy input:               0.734474E+05 MJ (0.260573E+02 MJ/s)

 Enthalpy discharge this time step:  0.304367E+05 MJ (0.531760E+02 MJ/s)
 Enthalpy input this time step:      0.133142E+06 MJ (0.232613E+03 MJ/s)
 Total enthalpy discharge:           0.334735E+08 MJ (0.987108E+04 MJ/s)
 Total enthalpy input:               0.206590E+06 MJ (0.609218E+02 MJ/s)

 Water discharge this time step:   0.679367E+07 kg (0.118692E+05 kg/s)
 Water input this time step:       0.000000E+00 kg (0.000000E+00 kg/s)
 Total water discharge:            0.531963E+09 kg (0.156872E+06 kg/s)
 Total water input:                0.000000E+00 kg (0.000000E+00 kg/s)

 Enthalpy discharge this time step:  0.304367E+05 MJ (0.531760E+02 MJ/s)
 Enthalpy input this time step:      0.133142E+06 MJ (0.232613E+03 MJ/s)
 Total enthalpy discharge:           0.334735E+08 MJ (0.987108E+04 MJ/s)
 Total enthalpy input:               0.206590E+06 MJ (0.609218E+02 MJ/s)

 Enthalpy discharge this time step:  0.425526E+05 MJ (0.619529E+02 MJ/s)
 Enthalpy input this time step:      0.405655E+06 MJ (0.590600E+03 MJ/s)
 Total enthalpy discharge:           0.335160E+08 MJ (0.821890E+04 MJ/s)
 Total enthalpy input:               0.612245E+06 MJ (0.150137E+03 MJ/s)

 Water discharge this time step:   0.401164E+07 kg (0.584061E+04 kg/s)
 Water input this time step:       0.000000E+00 kg (0.000000E+00 kg/s)
 Total water discharge:            0.535974E+09 kg (0.131433E+06 kg/s)
 Total water input:                0.000000E+00 kg (0.000000E+00 kg/s)

 Enthalpy discharge this time step:  0.425526E+05 MJ (0.619529E+02 MJ/s)
 Enthalpy input this time step:      0.405655E+06 MJ (0.590600E+03 MJ/s)
 Total enthalpy discharge:           0.335160E+08 MJ (0.821890E+04 MJ/s)
 Total enthalpy input:               0.612245E+06 MJ (0.150137E+03 MJ/s)

 Enthalpy discharge this time step:  0.591324E+05 MJ (0.717432E+02 MJ/s)
 Enthalpy input this time step:      0.618664E+06 MJ (0.750603E+03 MJ/s)
 Total enthalpy discharge:           0.335751E+08 MJ (0.684908E+04 MJ/s)
 Total enthalpy input:               0.123091E+07 MJ (0.251096E+03 MJ/s)

 Water discharge this time step:   0.215263E+07 kg (0.261171E+04 kg/s)
 Water input this time step:       0.000000E+00 kg (0.000000E+00 kg/s)
 Total water discharge:            0.538127E+09 kg (0.109774E+06 kg/s)
 Total water input:                0.000000E+00 kg (0.000000E+00 kg/s)

 Enthalpy discharge this time step:  0.591324E+05 MJ (0.717432E+02 MJ/s)
 Enthalpy input this time step:      0.618664E+06 MJ (0.750603E+03 MJ/s)
 Total enthalpy discharge:           0.335751E+08 MJ (0.684908E+04 MJ/s)
 Total enthalpy input:               0.123091E+07 MJ (0.251096E+03 MJ/s)

 Enthalpy discharge this time step:  0.816131E+05 MJ (0.825152E+02 MJ/s)
 Enthalpy input this time step:      0.781756E+06 MJ (0.790397E+03 MJ/s)
 Total enthalpy discharge:           0.336568E+08 MJ (0.571305E+04 MJ/s)
 Total enthalpy input:               0.201267E+07 MJ (0.341639E+03 MJ/s)

 Water discharge this time step:   0.104312E+07 kg (0.105465E+04 kg/s)
 Water input this time step:       0.000000E+00 kg (0.000000E+00 kg/s)
 Total water discharge:            0.539170E+09 kg (0.915211E+05 kg/s)
 Total water input:                0.000000E+00 kg (0.000000E+00 kg/s)

 Enthalpy discharge this time step:  0.816131E+05 MJ (0.825152E+02 MJ/s)
 Enthalpy input this time step:      0.781756E+06 MJ (0.790397E+03 MJ/s)
 Total enthalpy discharge:           0.336568E+08 MJ (0.571305E+04 MJ/s)
 Total enthalpy input:               0.201267E+07 MJ (0.341639E+03 MJ/s)

 Enthalpy discharge this time step:  0.111778E+06 MJ (0.941783E+02 MJ/s)
 Enthalpy input this time step:      0.907460E+06 MJ (0.764575E+03 MJ/s)
 Total enthalpy discharge:           0.337685E+08 MJ (0.477085E+04 MJ/s)
 Total enthalpy input:               0.292013E+07 MJ (0.412558E+03 MJ/s)

 Water discharge this time step:   0.455669E+06 kg (0.383921E+03 kg/s)
 Water input this time step:       0.000000E+00 kg (0.000000E+00 kg/s)
 Total water discharge:            0.539626E+09 kg (0.762389E+05 kg/s)
 Total water input:                0.000000E+00 kg (0.000000E+00 kg/s)

 Enthalpy discharge this time step:  0.111778E+06 MJ (0.941783E+02 MJ/s)
 Enthalpy input this time step:      0.907460E+06 MJ (0.764575E+03 MJ/s)
 Total enthalpy discharge:           0.337685E+08 MJ (0.477085E+04 MJ/s)
 Total enthalpy input:               0.292013E+07 MJ (0.412558E+03 MJ/s)

 Enthalpy discharge this time step:  0.151783E+06 MJ (0.106570E+03 MJ/s)
 Enthalpy input this time step:      0.100650E+07 MJ (0.706683E+03 MJ/s)
 Total enthalpy discharge:           0.339203E+08 MJ (0.398952E+04 MJ/s)
 Total enthalpy input:               0.392662E+07 MJ (0.461828E+03 MJ/s)

 Water discharge this time step:   0.181894E+06 kg (0.127711E+03 kg/s)
 Water input this time step:       0.000000E+00 kg (0.000000E+00 kg/s)
 Total water discharge:            0.539808E+09 kg (0.634892E+05 kg/s)
 Total water input:                0.000000E+00 kg (0.000000E+00 kg/s)

 Enthalpy discharge this time step:  0.151783E+06 MJ (0.106570E+03 MJ/s)
 Enthalpy input this time step:      0.100650E+07 MJ (0.706683E+03 MJ/s)
 Total enthalpy discharge:           0.339203E+08 MJ (0.398952E+04 MJ/s)
 Total enthalpy input:               0.392662E+07 MJ (0.461828E+03 MJ/s)

 Enthalpy discharge this time step:  0.204151E+06 MJ (0.119449E+03 MJ/s)
 Enthalpy input this time step:      0.108563E+07 MJ (0.635200E+03 MJ/s)
 Total enthalpy discharge:           0.341245E+08 MJ (0.334178E+04 MJ/s)
 Total enthalpy input:               0.501225E+07 MJ (0.490846E+03 MJ/s)

 Water discharge this time step:   0.708421E+05 kg (0.414497E+02 kg/s)
 Water input this time step:       0.000000E+00 kg (0.000000E+00 kg/s)
 Total water discharge:            0.539878E+09 kg (0.528699E+05 kg/s)
 Total water input:                0.000000E+00 kg (0.000000E+00 kg/s)

 Enthalpy discharge this time step:  0.204151E+06 MJ (0.119449E+03 MJ/s)
 Enthalpy input this time step:      0.108563E+07 MJ (0.635200E+03 MJ/s)
 Total enthalpy discharge:           0.341245E+08 MJ (0.334178E+04 MJ/s)
 Total enthalpy input:               0.501225E+07 MJ (0.490846E+03 MJ/s)
*********************************************************************
 Time Step        31

                    Timing Information
           Years              Days         Step Size (Days)
     0.388571631E-03     0.141925788        0.237376314E-01
 Cpu Sec for Time Step =   2.449     Current Total =     75.82    

                    Equation Performance
 Number of N-R Iterations:          3
 Avg # of Linear Equation Solver Iterations:   1.0
 Number of Active Nodes:    532436.
 Total Number of Iterations, N-R:         90 , Solver:         90
 Phase Changes This Time Step:        0 Total           0
 Nodes Liq Phase:   532436 change        0
 Nodes Two Phase:        0 change        0
 Nodes Gas Phase:         0 change        0
 Nodes SC Phase:        0 change        0
 Number of restarted time steps            0
                    Largest Residuals
 EQ1 R=  0.3150E-10 node= 255662 zone=     4 x=-2000.     y= 0.000     z=0.2500E+05
 EQ2 R=  0.6707E-12 node= 255662 zone=     4 x=-2000.     y= 0.000     z=0.2500E+05
   Node   Equation 1 Residual   Equation 2 Residual
 266236      0.114250E-11          -0.257322E-13
 266234     -0.424733E-13          -0.130464E-14
 266231      0.271371E-15           0.929710E-16
 266226      0.446488E-14          -0.241424E-15
 266221      0.128920E-15          -0.527511E-15
 266210     -0.302224E-12          -0.557458E-15
 266201      0.186301E-10           0.418740E-12

                    Nodal Information (Water)
                                                  source/sink  E source/sink
   Node   P (MPa)    E (MJ)    L sat     Temp (C)    (kg/s)       (MJ/s)
 266236    26.00     0.666E-01  1.00        2.000   15.91      -433.    
 266234    29.25     0.659E-01  1.00        2.000   0.000       0.00    
 266231    29.25     0.633E-01  1.00        2.000   0.000       0.00    
 266226    29.25     0.568E-01  1.00        2.000   0.000       0.00    
 266221    29.25     0.503E-01  1.00        2.000   0.000       0.00    
 266210    29.25     0.282E-01  1.00        2.000   0.000       0.00    
 266201    29.25     0.481E-02  1.00        2.000   0.000      0.523E-01

                    Global Mass & Energy Balances
 Total mass in system at this time:            0.506992E+17 kg
 Total mass of steam in system at this time:   0.000000E+00 kg
 Total enthalpy in system at this time:        0.287724E+16 MJ

 Water discharge this time step:   0.326364E+05 kg (0.159130E+02 kg/s)
 Water input this time step:       0.000000E+00 kg (0.000000E+00 kg/s)
 Total water discharge:            0.539911E+09 kg (0.440298E+05 kg/s)
 Total water input:                0.000000E+00 kg (0.000000E+00 kg/s)

 Enthalpy discharge this time step:  0.271734E+06 MJ (0.132493E+03 MJ/s)
 Enthalpy input this time step:      0.114811E+07 MJ (0.559800E+03 MJ/s)
 Total enthalpy discharge:           0.343962E+08 MJ (0.280502E+04 MJ/s)
 Total enthalpy input:               0.616036E+07 MJ (0.502379E+03 MJ/s)

 Net kg water discharge (total out-total in):   0.539911E+09
 Net MJ energy discharge (total out-total in):   0.282358E+08
 Conservation Errors:  -0.443446E-04 (mass),   0.139605E-03 (energy)

 Enthalpy discharge this time step:  0.357641E+06 MJ (0.145317E+03 MJ/s)
 Enthalpy input this time step:      0.119581E+07 MJ (0.485881E+03 MJ/s)
 Total enthalpy discharge:           0.347538E+08 MJ (0.236043E+04 MJ/s)
 Total enthalpy input:               0.735617E+07 MJ (0.499621E+03 MJ/s)

 Water discharge this time step:   0.226157E+05 kg (0.918920E+01 kg/s)
 Water input this time step:       0.000000E+00 kg (0.000000E+00 kg/s)
 Total water discharge:            0.539934E+09 kg (0.366715E+05 kg/s)
 Total water input:                0.000000E+00 kg (0.000000E+00 kg/s)

 Enthalpy discharge this time step:  0.357641E+06 MJ (0.145317E+03 MJ/s)
 Enthalpy input this time step:      0.119581E+07 MJ (0.485881E+03 MJ/s)
 Total enthalpy discharge:           0.347538E+08 MJ (0.236043E+04 MJ/s)
 Total enthalpy input:               0.735617E+07 MJ (0.499621E+03 MJ/s)

 Enthalpy discharge this time step:  0.465133E+06 MJ (0.157494E+03 MJ/s)
 Enthalpy input this time step:      0.123157E+07 MJ (0.417008E+03 MJ/s)
 Total enthalpy discharge:           0.352190E+08 MJ (0.199238E+04 MJ/s)
 Total enthalpy input:               0.858774E+07 MJ (0.485818E+03 MJ/s)

 Water discharge this time step:   0.221672E+05 kg (0.750579E+01 kg/s)
 Water input this time step:       0.000000E+00 kg (0.000000E+00 kg/s)
 Total water discharge:            0.539956E+09 kg (0.305459E+05 kg/s)
 Total water input:                0.000000E+00 kg (0.000000E+00 kg/s)

 Enthalpy discharge this time step:  0.465133E+06 MJ (0.157494E+03 MJ/s)
 Enthalpy input this time step:      0.123157E+07 MJ (0.417008E+03 MJ/s)
 Total enthalpy discharge:           0.352190E+08 MJ (0.199238E+04 MJ/s)
 Total enthalpy input:               0.858774E+07 MJ (0.485818E+03 MJ/s)

 Enthalpy discharge this time step:  0.597536E+06 MJ (0.168604E+03 MJ/s)
 Enthalpy input this time step:      0.126111E+07 MJ (0.355844E+03 MJ/s)
 Total enthalpy discharge:           0.358165E+08 MJ (0.168780E+04 MJ/s)
 Total enthalpy input:               0.984885E+07 MJ (0.464112E+03 MJ/s)

 Water discharge this time step:   0.248167E+05 kg (0.700243E+01 kg/s)
 Water input this time step:       0.000000E+00 kg (0.000000E+00 kg/s)
 Total water discharge:            0.539981E+09 kg (0.254457E+05 kg/s)
 Total water input:                0.000000E+00 kg (0.000000E+00 kg/s)

 Enthalpy discharge this time step:  0.597536E+06 MJ (0.168604E+03 MJ/s)
 Enthalpy input this time step:      0.126111E+07 MJ (0.355844E+03 MJ/s)
 Total enthalpy discharge:           0.358165E+08 MJ (0.168780E+04 MJ/s)
 Total enthalpy input:               0.984885E+07 MJ (0.464112E+03 MJ/s)

 Enthalpy discharge this time step:  0.758225E+06 MJ (0.178288E+03 MJ/s)
 Enthalpy input this time step:      0.129400E+07 MJ (0.304270E+03 MJ/s)
 Total enthalpy discharge:           0.365747E+08 MJ (0.143579E+04 MJ/s)
 Total enthalpy input:               0.111429E+08 MJ (0.437426E+03 MJ/s)

 Water discharge this time step:   0.287539E+05 kg (0.676115E+01 kg/s)
 Water input this time step:       0.000000E+00 kg (0.000000E+00 kg/s)
 Total water discharge:            0.540009E+09 kg (0.211987E+05 kg/s)
 Total water input:                0.000000E+00 kg (0.000000E+00 kg/s)

 Enthalpy discharge this time step:  0.758225E+06 MJ (0.178288E+03 MJ/s)
 Enthalpy input this time step:      0.129400E+07 MJ (0.304270E+03 MJ/s)
 Total enthalpy discharge:           0.365747E+08 MJ (0.143579E+04 MJ/s)
 Total enthalpy input:               0.111429E+08 MJ (0.437426E+03 MJ/s)

 Enthalpy discharge this time step:  0.950742E+06 MJ (0.186297E+03 MJ/s)
 Enthalpy input this time step:      0.134341E+07 MJ (0.263239E+03 MJ/s)
 Total enthalpy discharge:           0.375255E+08 MJ (0.122724E+04 MJ/s)
 Total enthalpy input:               0.124863E+08 MJ (0.408354E+03 MJ/s)

 Water discharge this time step:   0.336712E+05 kg (0.659783E+01 kg/s)
 Water input this time step:       0.000000E+00 kg (0.000000E+00 kg/s)
 Total water discharge:            0.540043E+09 kg (0.176617E+05 kg/s)
 Total water input:                0.000000E+00 kg (0.000000E+00 kg/s)

 Enthalpy discharge this time step:  0.950742E+06 MJ (0.186297E+03 MJ/s)
 Enthalpy input this time step:      0.134341E+07 MJ (0.263239E+03 MJ/s)
 Total enthalpy discharge:           0.375255E+08 MJ (0.122724E+04 MJ/s)
 Total enthalpy input:               0.124863E+08 MJ (0.408354E+03 MJ/s)

 Enthalpy discharge this time step:  0.117911E+07 MJ (0.192538E+03 MJ/s)
 Enthalpy input this time step:      0.142483E+07 MJ (0.232661E+03 MJ/s)
 Total enthalpy discharge:           0.387046E+08 MJ (0.105459E+04 MJ/s)
 Total enthalpy input:               0.139111E+08 MJ (0.379037E+03 MJ/s)

 Water discharge this time step:   0.396827E+05 kg (0.647982E+01 kg/s)
 Water input this time step:       0.000000E+00 kg (0.000000E+00 kg/s)
 Total water discharge:            0.540083E+09 kg (0.147157E+05 kg/s)
 Total water input:                0.000000E+00 kg (0.000000E+00 kg/s)

 Enthalpy discharge this time step:  0.117911E+07 MJ (0.192538E+03 MJ/s)
 Enthalpy input this time step:      0.142483E+07 MJ (0.232661E+03 MJ/s)
 Total enthalpy discharge:           0.387046E+08 MJ (0.105459E+04 MJ/s)
 Total enthalpy input:               0.139111E+08 MJ (0.379037E+03 MJ/s)

 Enthalpy discharge this time step:  0.144835E+07 MJ (0.197085E+03 MJ/s)
 Enthalpy input this time step:      0.155413E+07 MJ (0.211479E+03 MJ/s)
 Total enthalpy discharge:           0.401529E+08 MJ (0.911532E+03 MJ/s)
 Total enthalpy input:               0.154652E+08 MJ (0.351084E+03 MJ/s)

 Water discharge this time step:   0.470206E+05 kg (0.639835E+01 kg/s)
 Water input this time step:       0.000000E+00 kg (0.000000E+00 kg/s)
 Total water discharge:            0.540130E+09 kg (0.122618E+05 kg/s)
 Total water input:                0.000000E+00 kg (0.000000E+00 kg/s)

 Enthalpy discharge this time step:  0.144835E+07 MJ (0.197085E+03 MJ/s)
 Enthalpy input this time step:      0.155413E+07 MJ (0.211479E+03 MJ/s)
 Total enthalpy discharge:           0.401529E+08 MJ (0.911532E+03 MJ/s)
 Total enthalpy input:               0.154652E+08 MJ (0.351084E+03 MJ/s)

 Enthalpy discharge this time step:  0.176511E+07 MJ (0.200156E+03 MJ/s)
 Enthalpy input this time step:      0.174565E+07 MJ (0.197950E+03 MJ/s)
 Total enthalpy discharge:           0.419180E+08 MJ (0.792873E+03 MJ/s)
 Total enthalpy input:               0.172109E+08 MJ (0.325541E+03 MJ/s)

 Water discharge this time step:   0.559644E+05 kg (0.634615E+01 kg/s)
 Water input this time step:       0.000000E+00 kg (0.000000E+00 kg/s)
 Total water discharge:            0.540186E+09 kg (0.102175E+05 kg/s)
 Total water input:                0.000000E+00 kg (0.000000E+00 kg/s)

 Enthalpy discharge this time step:  0.176511E+07 MJ (0.200156E+03 MJ/s)
 Enthalpy input this time step:      0.174565E+07 MJ (0.197950E+03 MJ/s)
 Total enthalpy discharge:           0.419180E+08 MJ (0.792873E+03 MJ/s)
 Total enthalpy input:               0.172109E+08 MJ (0.325541E+03 MJ/s)

 Enthalpy discharge this time step:  0.213829E+07 MJ (0.202061E+03 MJ/s)
 Enthalpy input this time step:      0.201112E+07 MJ (0.190044E+03 MJ/s)
 Total enthalpy discharge:           0.440563E+08 MJ (0.694337E+03 MJ/s)
 Total enthalpy input:               0.192220E+08 MJ (0.302942E+03 MJ/s)

 Water discharge this time step:   0.668315E+05 kg (0.631537E+01 kg/s)
 Water input this time step:       0.000000E+00 kg (0.000000E+00 kg/s)
 Total water discharge:            0.540253E+09 kg (0.851449E+04 kg/s)
 Total water input:                0.000000E+00 kg (0.000000E+00 kg/s)

 Enthalpy discharge this time step:  0.213829E+07 MJ (0.202061E+03 MJ/s)
 Enthalpy input this time step:      0.201112E+07 MJ (0.190044E+03 MJ/s)
 Total enthalpy discharge:           0.440563E+08 MJ (0.694337E+03 MJ/s)
 Total enthalpy input:               0.192220E+08 MJ (0.302942E+03 MJ/s)
*********************************************************************
 Time Step        41

                    Timing Information
           Years              Days         Step Size (Days)
     0.241304022E-02     0.881362941        0.146977157    
 Cpu Sec for Time Step =   2.493     Current Total =     101.1    

                    Equation Performance
 Number of N-R Iterations:          3
 Avg # of Linear Equation Solver Iterations:   1.0
 Number of Active Nodes:    532436.
 Total Number of Iterations, N-R:        120 , Solver:        120
 Phase Changes This Time Step:        0 Total           0
 Nodes Liq Phase:   532436 change        0
 Nodes Two Phase:        0 change        0
 Nodes Gas Phase:         0 change        0
 Nodes SC Phase:        0 change        0
 Number of restarted time steps            0
                    Largest Residuals
 EQ1 R=  0.2331E-09 node= 255662 zone=     4 x=-2000.     y= 0.000     z=0.2500E+05
 EQ2 R=  0.2412E-11 node= 266235 zone=     1 x= 0.000     y= 0.000     z=0.2300E+05
   Node   Equation 1 Residual   Equation 2 Residual
 266236     -0.698920E-14          -0.174461E-15
 266234     -0.270918E-13          -0.571172E-14
 266231      0.304306E-12          -0.507276E-15
 266226     -0.432186E-12          -0.991778E-16
 266221      0.306122E-12          -0.441742E-15
 266210     -0.135578E-15          -0.984550E-15
 266201      0.141530E-09           0.157772E-11

                    Nodal Information (Water)
                                                  source/sink  E source/sink
   Node   P (MPa)    E (MJ)    L sat     Temp (C)    (kg/s)       (MJ/s)
 266236    26.00     0.666E-01  1.00        2.000   6.299      -3.34    
 266234    29.25     0.659E-01  1.00        2.000   0.000       0.00    
 266231    29.25     0.633E-01  1.00        2.000   0.000       0.00    
 266226    29.25     0.568E-01  1.00        2.000   0.000       0.00    
 266221    29.25     0.503E-01  1.00        2.000   0.000       0.00    
 266210    29.25     0.282E-01  1.00        2.000   0.000       0.00    
 266201    29.25     0.481E-02  1.00        2.000   0.000      0.812E-01

                    Global Mass & Energy Balances
 Total mass in system at this time:            0.506992E+17 kg
 Total mass of steam in system at this time:   0.000000E+00 kg
 Total enthalpy in system at this time:        0.287724E+16 MJ

 Water discharge this time step:   0.799858E+05 kg (0.629868E+01 kg/s)
 Water input this time step:       0.000000E+00 kg (0.000000E+00 kg/s)
 Total water discharge:            0.540333E+09 kg (0.709566E+04 kg/s)
 Total water input:                0.000000E+00 kg (0.000000E+00 kg/s)

 Enthalpy discharge this time step:  0.257956E+07 MJ (0.203134E+03 MJ/s)
 Enthalpy input this time step:      0.236008E+07 MJ (0.185850E+03 MJ/s)
 Total enthalpy discharge:           0.466359E+08 MJ (0.612423E+03 MJ/s)
 Total enthalpy input:               0.215821E+08 MJ (0.283416E+03 MJ/s)

 Net kg water discharge (total out-total in):   0.540333E+09
 Net MJ energy discharge (total out-total in):   0.250538E+08
 Conservation Errors:  -0.482529E-04 (mass),   0.564735E-04 (energy)

 Enthalpy discharge this time step:  0.310368E+07 MJ (0.203672E+03 MJ/s)
 Enthalpy input this time step:      0.280149E+07 MJ (0.183842E+03 MJ/s)
 Total enthalpy discharge:           0.497396E+08 MJ (0.544266E+03 MJ/s)
 Total enthalpy input:               0.243835E+08 MJ (0.266812E+03 MJ/s)

 Water discharge this time step:   0.958538E+05 kg (0.629020E+01 kg/s)
 Water input this time step:       0.000000E+00 kg (0.000000E+00 kg/s)
 Total water discharge:            0.540428E+09 kg (0.591354E+04 kg/s)
 Total water input:                0.000000E+00 kg (0.000000E+00 kg/s)

 Enthalpy discharge this time step:  0.310368E+07 MJ (0.203672E+03 MJ/s)
 Enthalpy input this time step:      0.280149E+07 MJ (0.183842E+03 MJ/s)
 Total enthalpy discharge:           0.497396E+08 MJ (0.544266E+03 MJ/s)
 Total enthalpy input:               0.243835E+08 MJ (0.266812E+03 MJ/s)

 Enthalpy discharge this time step:  0.372863E+07 MJ (0.203903E+03 MJ/s)
 Enthalpy input this time step:      0.334591E+07 MJ (0.182974E+03 MJ/s)
 Total enthalpy discharge:           0.534682E+08 MJ (0.487516E+03 MJ/s)
 Total enthalpy input:               0.277295E+08 MJ (0.252834E+03 MJ/s)

 Water discharge this time step:   0.114946E+06 kg (0.628593E+01 kg/s)
 Water input this time step:       0.000000E+00 kg (0.000000E+00 kg/s)
 Total water discharge:            0.540543E+09 kg (0.492861E+04 kg/s)
 Total water input:                0.000000E+00 kg (0.000000E+00 kg/s)

 Enthalpy discharge this time step:  0.372863E+07 MJ (0.203903E+03 MJ/s)
 Enthalpy input this time step:      0.334591E+07 MJ (0.182974E+03 MJ/s)
 Total enthalpy discharge:           0.534682E+08 MJ (0.487516E+03 MJ/s)
 Total enthalpy input:               0.277295E+08 MJ (0.252834E+03 MJ/s)

 Enthalpy discharge this time step:  0.448187E+07 MJ (0.204245E+03 MJ/s)
 Enthalpy input this time step:      0.401345E+07 MJ (0.182899E+03 MJ/s)
 Total enthalpy discharge:           0.579501E+08 MJ (0.440289E+03 MJ/s)
 Total enthalpy input:               0.317429E+08 MJ (0.241174E+03 MJ/s)

 Water discharge this time step:   0.137882E+06 kg (0.628346E+01 kg/s)
 Water input this time step:       0.000000E+00 kg (0.000000E+00 kg/s)
 Total water discharge:            0.540681E+09 kg (0.410795E+04 kg/s)
 Total water input:                0.000000E+00 kg (0.000000E+00 kg/s)

 Enthalpy discharge this time step:  0.448187E+07 MJ (0.204245E+03 MJ/s)
 Enthalpy input this time step:      0.401345E+07 MJ (0.182899E+03 MJ/s)
 Total enthalpy discharge:           0.579501E+08 MJ (0.440289E+03 MJ/s)
 Total enthalpy input:               0.317429E+08 MJ (0.241174E+03 MJ/s)

 Enthalpy discharge this time step:  0.538135E+07 MJ (0.204363E+03 MJ/s)
 Enthalpy input this time step:      0.481569E+07 MJ (0.182881E+03 MJ/s)
 Total enthalpy discharge:           0.633314E+08 MJ (0.400957E+03 MJ/s)
 Total enthalpy input:               0.365586E+08 MJ (0.231456E+03 MJ/s)

 Water discharge this time step:   0.165408E+06 kg (0.628156E+01 kg/s)
 Water input this time step:       0.000000E+00 kg (0.000000E+00 kg/s)
 Total water discharge:            0.540847E+09 kg (0.342415E+04 kg/s)
 Total water input:                0.000000E+00 kg (0.000000E+00 kg/s)

 Enthalpy discharge this time step:  0.538135E+07 MJ (0.204363E+03 MJ/s)
 Enthalpy input this time step:      0.481569E+07 MJ (0.182881E+03 MJ/s)
 Total enthalpy discharge:           0.633314E+08 MJ (0.400957E+03 MJ/s)
 Total enthalpy input:               0.365586E+08 MJ (0.231456E+03 MJ/s)

 Enthalpy discharge this time step:  0.645753E+07 MJ (0.204360E+03 MJ/s)
 Enthalpy input this time step:      0.577773E+07 MJ (0.182847E+03 MJ/s)
 Total enthalpy discharge:           0.697890E+08 MJ (0.368184E+03 MJ/s)
 Total enthalpy input:               0.423363E+08 MJ (0.223353E+03 MJ/s)

 Water discharge this time step:   0.198429E+06 kg (0.627964E+01 kg/s)
 Water input this time step:       0.000000E+00 kg (0.000000E+00 kg/s)
 Total water discharge:            0.541045E+09 kg (0.285438E+04 kg/s)
 Total water input:                0.000000E+00 kg (0.000000E+00 kg/s)

 Enthalpy discharge this time step:  0.645753E+07 MJ (0.204360E+03 MJ/s)
 Enthalpy input this time step:      0.577773E+07 MJ (0.182847E+03 MJ/s)
 Total enthalpy discharge:           0.697890E+08 MJ (0.368184E+03 MJ/s)
 Total enthalpy input:               0.423363E+08 MJ (0.223353E+03 MJ/s)

 Enthalpy discharge this time step:  0.774723E+07 MJ (0.204313E+03 MJ/s)
 Enthalpy input this time step:      0.693154E+07 MJ (0.182801E+03 MJ/s)
 Total enthalpy discharge:           0.775362E+08 MJ (0.340867E+03 MJ/s)
 Total enthalpy input:               0.492679E+08 MJ (0.216593E+03 MJ/s)

 Water discharge this time step:   0.238032E+06 kg (0.627745E+01 kg/s)
 Water input this time step:       0.000000E+00 kg (0.000000E+00 kg/s)
 Total water discharge:            0.541283E+09 kg (0.237960E+04 kg/s)
 Total water input:                0.000000E+00 kg (0.000000E+00 kg/s)

 Enthalpy discharge this time step:  0.774723E+07 MJ (0.204313E+03 MJ/s)
 Enthalpy input this time step:      0.693154E+07 MJ (0.182801E+03 MJ/s)
 Total enthalpy discharge:           0.775362E+08 MJ (0.340867E+03 MJ/s)
 Total enthalpy input:               0.492679E+08 MJ (0.216593E+03 MJ/s)

 Enthalpy discharge this time step:  0.929353E+07 MJ (0.204244E+03 MJ/s)
 Enthalpy input this time step:      0.831530E+07 MJ (0.182745E+03 MJ/s)
 Total enthalpy discharge:           0.868297E+08 MJ (0.318093E+03 MJ/s)
 Total enthalpy input:               0.575832E+08 MJ (0.210951E+03 MJ/s)

 Water discharge this time step:   0.285520E+06 kg (0.627486E+01 kg/s)
 Water input this time step:       0.000000E+00 kg (0.000000E+00 kg/s)
 Total water discharge:            0.541569E+09 kg (0.198399E+04 kg/s)
 Total water input:                0.000000E+00 kg (0.000000E+00 kg/s)

 Enthalpy discharge this time step:  0.929353E+07 MJ (0.204244E+03 MJ/s)
 Enthalpy input this time step:      0.831530E+07 MJ (0.182745E+03 MJ/s)
 Total enthalpy discharge:           0.868297E+08 MJ (0.318093E+03 MJ/s)
 Total enthalpy input:               0.575832E+08 MJ (0.210951E+03 MJ/s)

 Enthalpy discharge this time step:  0.111476E+08 MJ (0.204158E+03 MJ/s)
 Enthalpy input this time step:      0.997468E+07 MJ (0.182678E+03 MJ/s)
 Total enthalpy discharge:           0.979773E+08 MJ (0.299101E+03 MJ/s)
 Total enthalpy input:               0.675579E+08 MJ (0.206238E+03 MJ/s)

 Water discharge this time step:   0.342454E+06 kg (0.627175E+01 kg/s)
 Water input this time step:       0.000000E+00 kg (0.000000E+00 kg/s)
 Total water discharge:            0.541911E+09 kg (0.165432E+04 kg/s)
 Total water input:                0.000000E+00 kg (0.000000E+00 kg/s)

 Enthalpy discharge this time step:  0.111476E+08 MJ (0.204158E+03 MJ/s)
 Enthalpy input this time step:      0.997468E+07 MJ (0.182678E+03 MJ/s)
 Total enthalpy discharge:           0.979773E+08 MJ (0.299101E+03 MJ/s)
 Total enthalpy input:               0.675579E+08 MJ (0.206238E+03 MJ/s)

 Enthalpy discharge this time step:  0.133703E+08 MJ (0.204055E+03 MJ/s)
 Enthalpy input this time step:      0.119643E+08 MJ (0.182597E+03 MJ/s)
 Total enthalpy discharge:           0.111348E+09 MJ (0.283258E+03 MJ/s)
 Total enthalpy input:               0.795222E+08 MJ (0.202297E+03 MJ/s)

 Water discharge this time step:   0.410701E+06 kg (0.626803E+01 kg/s)
 Water input this time step:       0.000000E+00 kg (0.000000E+00 kg/s)
 Total water discharge:            0.542322E+09 kg (0.137962E+04 kg/s)
 Total water input:                0.000000E+00 kg (0.000000E+00 kg/s)

 Enthalpy discharge this time step:  0.133703E+08 MJ (0.204055E+03 MJ/s)
 Enthalpy input this time step:      0.119643E+08 MJ (0.182597E+03 MJ/s)
 Total enthalpy discharge:           0.111348E+09 MJ (0.283258E+03 MJ/s)
 Total enthalpy input:               0.795222E+08 MJ (0.202297E+03 MJ/s)
*********************************************************************
 Time Step        51

                    Timing Information
           Years              Days         Step Size (Days)
     0.149480161E-01      5.45976289        0.910043815    
 Cpu Sec for Time Step =   2.462     Current Total =     126.4    

                    Equation Performance
 Number of N-R Iterations:          3
 Avg # of Linear Equation Solver Iterations:   1.0
 Number of Active Nodes:    532436.
 Total Number of Iterations, N-R:        150 , Solver:        150
 Phase Changes This Time Step:        0 Total           0
 Nodes Liq Phase:   532436 change        0
 Nodes Two Phase:        0 change        0
 Nodes Gas Phase:         0 change        0
 Nodes SC Phase:        0 change        0
 Number of restarted time steps            0
                    Largest Residuals
 EQ1 R=  0.1634E-08 node= 266162 zone=     4 x= 0.000     y=-2000.     z=0.2500E+05
 EQ2 R=  0.1454E-10 node= 266235 zone=     1 x= 0.000     y= 0.000     z=0.2300E+05
   Node   Equation 1 Residual   Equation 2 Residual
 266236     -0.135576E-14           0.670974E-16
 266234     -0.532127E-11          -0.136751E-12
 266231     -0.628012E-12          -0.405050E-14
 266226      0.534497E-12          -0.418554E-14
 266221      0.112218E-13          -0.347239E-14
 266210     -0.301891E-12          -0.442448E-14
 266201      0.101773E-08           0.281401E-11

                    Nodal Information (Water)
                                                  source/sink  E source/sink
   Node   P (MPa)    E (MJ)    L sat     Temp (C)    (kg/s)       (MJ/s)
 266236    26.00     0.666E-01  1.00        2.000   6.264      0.435    
 266234    29.25     0.659E-01  1.00        2.000   0.000       0.00    
 266231    29.25     0.633E-01  1.00        2.000   0.000       0.00    
 266226    29.25     0.568E-01  1.00        2.000   0.000       0.00    
 266221    29.25     0.503E-01  1.00        2.000   0.000       0.00    
 266210    29.25     0.282E-01  1.00        2.000   0.000       0.00    
 266201    29.26     0.482E-02  1.00        2.000   0.000      0.814E-01

                    Global Mass & Energy Balances
 Total mass in system at this time:            0.506992E+17 kg
 Total mass of steam in system at this time:   0.000000E+00 kg
 Total enthalpy in system at this time:        0.287724E+16 MJ

 Water discharge this time step:   0.492490E+06 kg (0.626356E+01 kg/s)
 Water input this time step:       0.000000E+00 kg (0.000000E+00 kg/s)
 Total water discharge:            0.542814E+09 kg (0.115070E+04 kg/s)
 Total water input:                0.000000E+00 kg (0.000000E+00 kg/s)

 Enthalpy discharge this time step:  0.160346E+08 MJ (0.203931E+03 MJ/s)
 Enthalpy input this time step:      0.143496E+08 MJ (0.182500E+03 MJ/s)
 Total enthalpy discharge:           0.127382E+09 MJ (0.270036E+03 MJ/s)
 Total enthalpy input:               0.938717E+08 MJ (0.198997E+03 MJ/s)

 Net kg water discharge (total out-total in):   0.542814E+09
 Net MJ energy discharge (total out-total in):   0.335105E+08
 Conservation Errors:  -0.459495E-04 (mass),  -0.669475E-05 (energy)

 Enthalpy discharge this time step:  0.192275E+08 MJ (0.203782E+03 MJ/s)
 Enthalpy input this time step:      0.172085E+08 MJ (0.182383E+03 MJ/s)
 Total enthalpy discharge:           0.146610E+09 MJ (0.258993E+03 MJ/s)
 Total enthalpy input:               0.111080E+09 MJ (0.196228E+03 MJ/s)

 Water discharge this time step:   0.590484E+06 kg (0.625822E+01 kg/s)
 Water input this time step:       0.000000E+00 kg (0.000000E+00 kg/s)
 Total water discharge:            0.543405E+09 kg (0.959949E+03 kg/s)
 Total water input:                0.000000E+00 kg (0.000000E+00 kg/s)

 Enthalpy discharge this time step:  0.192275E+08 MJ (0.203782E+03 MJ/s)
 Enthalpy input this time step:      0.172085E+08 MJ (0.182383E+03 MJ/s)
 Total enthalpy discharge:           0.146610E+09 MJ (0.258993E+03 MJ/s)
 Total enthalpy input:               0.111080E+09 MJ (0.196228E+03 MJ/s)

 Enthalpy discharge this time step:  0.230529E+08 MJ (0.203604E+03 MJ/s)
 Enthalpy input this time step:      0.206344E+08 MJ (0.182244E+03 MJ/s)
 Total enthalpy discharge:           0.169663E+09 MJ (0.249761E+03 MJ/s)
 Total enthalpy input:               0.131715E+09 MJ (0.193897E+03 MJ/s)

 Water discharge this time step:   0.707855E+06 kg (0.625181E+01 kg/s)
 Water input this time step:       0.000000E+00 kg (0.000000E+00 kg/s)
 Total water discharge:            0.544113E+09 kg (0.800989E+03 kg/s)
 Total water input:                0.000000E+00 kg (0.000000E+00 kg/s)

 Enthalpy discharge this time step:  0.230529E+08 MJ (0.203604E+03 MJ/s)
 Enthalpy input this time step:      0.206344E+08 MJ (0.182244E+03 MJ/s)
 Total enthalpy discharge:           0.169663E+09 MJ (0.249761E+03 MJ/s)
 Total enthalpy input:               0.131715E+09 MJ (0.193897E+03 MJ/s)

 Enthalpy discharge this time step:  0.276345E+08 MJ (0.203391E+03 MJ/s)
 Enthalpy input this time step:      0.247386E+08 MJ (0.182077E+03 MJ/s)
 Total enthalpy discharge:           0.197297E+09 MJ (0.242032E+03 MJ/s)
 Total enthalpy input:               0.156453E+09 MJ (0.191927E+03 MJ/s)

 Water discharge this time step:   0.848383E+06 kg (0.624413E+01 kg/s)
 Water input this time step:       0.000000E+00 kg (0.000000E+00 kg/s)
 Total water discharge:            0.544961E+09 kg (0.668525E+03 kg/s)
 Total water input:                0.000000E+00 kg (0.000000E+00 kg/s)

 Enthalpy discharge this time step:  0.276345E+08 MJ (0.203391E+03 MJ/s)
 Enthalpy input this time step:      0.247386E+08 MJ (0.182077E+03 MJ/s)
 Total enthalpy discharge:           0.197297E+09 MJ (0.242032E+03 MJ/s)
 Total enthalpy input:               0.156453E+09 MJ (0.191927E+03 MJ/s)

 Enthalpy discharge this time step:  0.331197E+08 MJ (0.203135E+03 MJ/s)
 Enthalpy input this time step:      0.296537E+08 MJ (0.181877E+03 MJ/s)
 Total enthalpy discharge:           0.230417E+09 MJ (0.235549E+03 MJ/s)
 Total enthalpy input:               0.186107E+09 MJ (0.190252E+03 MJ/s)

 Water discharge this time step:   0.101656E+07 kg (0.623495E+01 kg/s)
 Water input this time step:       0.000000E+00 kg (0.000000E+00 kg/s)
 Total water discharge:            0.545978E+09 kg (0.558138E+03 kg/s)
 Total water input:                0.000000E+00 kg (0.000000E+00 kg/s)

 Enthalpy discharge this time step:  0.331197E+08 MJ (0.203135E+03 MJ/s)
 Enthalpy input this time step:      0.296537E+08 MJ (0.181877E+03 MJ/s)
 Total enthalpy discharge:           0.230417E+09 MJ (0.235549E+03 MJ/s)
 Total enthalpy input:               0.186107E+09 MJ (0.190252E+03 MJ/s)

 Enthalpy discharge this time step:  0.396838E+08 MJ (0.202829E+03 MJ/s)
 Enthalpy input this time step:      0.355375E+08 MJ (0.181637E+03 MJ/s)
 Total enthalpy discharge:           0.270101E+09 MJ (0.230095E+03 MJ/s)
 Total enthalpy input:               0.221644E+09 MJ (0.188816E+03 MJ/s)

 Water discharge this time step:   0.121772E+07 kg (0.622395E+01 kg/s)
 Water input this time step:       0.000000E+00 kg (0.000000E+00 kg/s)
 Total water discharge:            0.547195E+09 kg (0.466149E+03 kg/s)
 Total water input:                0.000000E+00 kg (0.000000E+00 kg/s)

 Enthalpy discharge this time step:  0.396838E+08 MJ (0.202829E+03 MJ/s)
 Enthalpy input this time step:      0.355375E+08 MJ (0.181637E+03 MJ/s)
 Total enthalpy discharge:           0.270101E+09 MJ (0.230095E+03 MJ/s)
 Total enthalpy input:               0.221644E+09 MJ (0.188816E+03 MJ/s)

 Enthalpy discharge this time step:  0.475346E+08 MJ (0.202463E+03 MJ/s)
 Enthalpy input this time step:      0.425776E+08 MJ (0.181350E+03 MJ/s)
 Total enthalpy discharge:           0.317635E+09 MJ (0.225490E+03 MJ/s)
 Total enthalpy input:               0.264222E+09 MJ (0.187572E+03 MJ/s)

 Water discharge this time step:   0.145818E+07 kg (0.621080E+01 kg/s)
 Water input this time step:       0.000000E+00 kg (0.000000E+00 kg/s)
 Total water discharge:            0.548653E+09 kg (0.389490E+03 kg/s)
 Total water input:                0.000000E+00 kg (0.000000E+00 kg/s)

 Enthalpy discharge this time step:  0.475346E+08 MJ (0.202463E+03 MJ/s)
 Enthalpy input this time step:      0.425776E+08 MJ (0.181350E+03 MJ/s)
 Total enthalpy discharge:           0.317635E+09 MJ (0.225490E+03 MJ/s)
 Total enthalpy input:               0.264222E+09 MJ (0.187572E+03 MJ/s)

 Enthalpy discharge this time step:  0.569181E+08 MJ (0.202025E+03 MJ/s)
 Enthalpy input this time step:      0.509965E+08 MJ (0.181007E+03 MJ/s)
 Total enthalpy discharge:           0.374553E+09 MJ (0.221579E+03 MJ/s)
 Total enthalpy input:               0.315218E+09 MJ (0.186478E+03 MJ/s)

 Water discharge this time step:   0.174539E+07 kg (0.619508E+01 kg/s)
 Water input this time step:       0.000000E+00 kg (0.000000E+00 kg/s)
 Total water discharge:            0.550399E+09 kg (0.325606E+03 kg/s)
 Total water input:                0.000000E+00 kg (0.000000E+00 kg/s)

 Enthalpy discharge this time step:  0.569181E+08 MJ (0.202025E+03 MJ/s)
 Enthalpy input this time step:      0.509965E+08 MJ (0.181007E+03 MJ/s)
 Total enthalpy discharge:           0.374553E+09 MJ (0.221579E+03 MJ/s)
 Total enthalpy input:               0.315218E+09 MJ (0.186478E+03 MJ/s)

 Enthalpy discharge this time step:  0.681247E+08 MJ (0.201502E+03 MJ/s)
 Enthalpy input this time step:      0.610570E+08 MJ (0.180596E+03 MJ/s)
 Total enthalpy discharge:           0.442678E+09 MJ (0.218233E+03 MJ/s)
 Total enthalpy input:               0.376275E+09 MJ (0.185497E+03 MJ/s)

 Water discharge this time step:   0.208811E+07 kg (0.617630E+01 kg/s)
 Water input this time step:       0.000000E+00 kg (0.000000E+00 kg/s)
 Total water discharge:            0.552487E+09 kg (0.272367E+03 kg/s)
 Total water input:                0.000000E+00 kg (0.000000E+00 kg/s)

 Enthalpy discharge this time step:  0.681247E+08 MJ (0.201502E+03 MJ/s)
 Enthalpy input this time step:      0.610570E+08 MJ (0.180596E+03 MJ/s)
 Total enthalpy discharge:           0.442678E+09 MJ (0.218233E+03 MJ/s)
 Total enthalpy input:               0.376275E+09 MJ (0.185497E+03 MJ/s)

 Enthalpy discharge this time step:  0.814958E+08 MJ (0.200876E+03 MJ/s)
 Enthalpy input this time step:      0.730694E+08 MJ (0.180106E+03 MJ/s)
 Total enthalpy discharge:           0.524174E+09 MJ (0.215340E+03 MJ/s)
 Total enthalpy input:               0.449345E+09 MJ (0.184599E+03 MJ/s)

 Water discharge this time step:   0.249664E+07 kg (0.615389E+01 kg/s)
 Water input this time step:       0.000000E+00 kg (0.000000E+00 kg/s)
 Total water discharge:            0.554984E+09 kg (0.227997E+03 kg/s)
 Total water input:                0.000000E+00 kg (0.000000E+00 kg/s)

 Enthalpy discharge this time step:  0.814958E+08 MJ (0.200876E+03 MJ/s)
 Enthalpy input this time step:      0.730694E+08 MJ (0.180106E+03 MJ/s)
 Total enthalpy discharge:           0.524174E+09 MJ (0.215340E+03 MJ/s)
 Total enthalpy input:               0.449345E+09 MJ (0.184599E+03 MJ/s)
*********************************************************************
 Time Step        61

                    Timing Information
           Years              Days         Step Size (Days)
     0.925612830E-01      33.8080086         5.63475144    
 Cpu Sec for Time Step =   2.593     Current Total =     152.5    

                    Equation Performance
 Number of N-R Iterations:          3
 Avg # of Linear Equation Solver Iterations:   1.7
 Number of Active Nodes:    532436.
 Total Number of Iterations, N-R:        180 , Solver:        192
 Phase Changes This Time Step:        0 Total           0
 Nodes Liq Phase:   532436 change        0
 Nodes Two Phase:        0 change        0
 Nodes Gas Phase:         0 change        0
 Nodes SC Phase:        0 change        0
 Number of restarted time steps            0
                    Largest Residuals
 EQ1 R=  0.9547E-08 node= 255662 zone=     4 x=-2000.     y= 0.000     z=0.2500E+05
 EQ2 R=  0.7696E-10 node= 266235 zone=     1 x= 0.000     y= 0.000     z=0.2300E+05
   Node   Equation 1 Residual   Equation 2 Residual
 266236     -0.234535E-15          -0.137859E-15
 266234     -0.157074E-09          -0.430126E-11
 266231     -0.310471E-12          -0.267508E-13
 266226     -0.116963E-11          -0.306356E-13
 266221     -0.138369E-11          -0.270054E-13
 266210     -0.179722E-11          -0.275371E-13
 266201      0.656543E-08           0.323860E-11

                    Nodal Information (Water)
                                                  source/sink  E source/sink
   Node   P (MPa)    E (MJ)    L sat     Temp (C)    (kg/s)       (MJ/s)
 266236    26.00     0.666E-01  1.00        2.000   6.127      0.425    
 266234    29.25     0.659E-01  1.00        2.000   0.000       0.00    
 266231    29.25     0.633E-01  1.00        2.000   0.000       0.00    
 266226    29.25     0.568E-01  1.00        2.000   0.000       0.00    
 266221    29.25     0.503E-01  1.00        2.000   0.000       0.00    
 266210    29.25     0.282E-01  1.00        2.000   0.000       0.00    
 266201    29.30     0.486E-02  1.00        2.000   0.000      0.799E-01

                    Global Mass & Energy Balances
 Total mass in system at this time:            0.506992E+17 kg
 Total mass of steam in system at this time:   0.000000E+00 kg
 Total enthalpy in system at this time:        0.287724E+16 MJ

 Water discharge this time step:   0.298297E+07 kg (0.612717E+01 kg/s)
 Water input this time step:       0.000000E+00 kg (0.000000E+00 kg/s)
 Total water discharge:            0.557967E+09 kg (0.191018E+03 kg/s)
 Total water input:                0.000000E+00 kg (0.000000E+00 kg/s)

 Enthalpy discharge this time step:  0.974316E+08 MJ (0.200130E+03 MJ/s)
 Enthalpy input this time step:      0.873982E+08 MJ (0.179521E+03 MJ/s)
 Total enthalpy discharge:           0.621605E+09 MJ (0.212805E+03 MJ/s)
 Total enthalpy input:               0.536743E+09 MJ (0.183752E+03 MJ/s)

 Net kg water discharge (total out-total in):   0.557967E+09
 Net MJ energy discharge (total out-total in):   0.848624E+08
 Conservation Errors:  -0.426544E-04 (mass),  -0.166429E-05 (energy)

 Enthalpy discharge this time step:  0.116398E+09 MJ (0.199240E+03 MJ/s)
 Enthalpy input this time step:      0.104470E+09 MJ (0.178822E+03 MJ/s)
 Total enthalpy discharge:           0.738003E+09 MJ (0.210544E+03 MJ/s)
 Total enthalpy input:               0.641213E+09 MJ (0.182931E+03 MJ/s)

 Water discharge this time step:   0.356098E+07 kg (0.609536E+01 kg/s)
 Water input this time step:       0.000000E+00 kg (0.000000E+00 kg/s)
 Total water discharge:            0.561527E+09 kg (0.160197E+03 kg/s)
 Total water input:                0.000000E+00 kg (0.000000E+00 kg/s)

 Enthalpy discharge this time step:  0.116398E+09 MJ (0.199240E+03 MJ/s)
 Enthalpy input this time step:      0.104470E+09 MJ (0.178822E+03 MJ/s)
 Total enthalpy discharge:           0.738003E+09 MJ (0.210544E+03 MJ/s)
 Total enthalpy input:               0.641213E+09 MJ (0.182931E+03 MJ/s)

 Enthalpy discharge this time step:  0.138935E+09 MJ (0.198180E+03 MJ/s)
 Enthalpy input this time step:      0.124781E+09 MJ (0.177990E+03 MJ/s)
 Total enthalpy discharge:           0.876938E+09 MJ (0.208483E+03 MJ/s)
 Total enthalpy input:               0.765994E+09 MJ (0.182107E+03 MJ/s)

 Water discharge this time step:   0.424666E+07 kg (0.605754E+01 kg/s)
 Water input this time step:       0.000000E+00 kg (0.000000E+00 kg/s)
 Total water discharge:            0.565774E+09 kg (0.134507E+03 kg/s)
 Total water input:                0.000000E+00 kg (0.000000E+00 kg/s)

 Enthalpy discharge this time step:  0.138935E+09 MJ (0.198180E+03 MJ/s)
 Enthalpy input this time step:      0.124781E+09 MJ (0.177990E+03 MJ/s)
 Total enthalpy discharge:           0.876938E+09 MJ (0.208483E+03 MJ/s)
 Total enthalpy input:               0.765994E+09 MJ (0.182107E+03 MJ/s)

 Enthalpy discharge this time step:  0.165662E+09 MJ (0.196921E+03 MJ/s)
 Enthalpy input this time step:      0.148905E+09 MJ (0.177001E+03 MJ/s)
 Total enthalpy discharge:           0.104260E+10 MJ (0.206556E+03 MJ/s)
 Total enthalpy input:               0.914898E+09 MJ (0.181256E+03 MJ/s)

 Water discharge this time step:   0.505824E+07 kg (0.601266E+01 kg/s)
 Water input this time step:       0.000000E+00 kg (0.000000E+00 kg/s)
 Total water discharge:            0.570832E+09 kg (0.113091E+03 kg/s)
 Total water input:                0.000000E+00 kg (0.000000E+00 kg/s)

 Enthalpy discharge this time step:  0.165662E+09 MJ (0.196921E+03 MJ/s)
 Enthalpy input this time step:      0.148905E+09 MJ (0.177001E+03 MJ/s)
 Total enthalpy discharge:           0.104260E+10 MJ (0.206556E+03 MJ/s)
 Total enthalpy input:               0.914898E+09 MJ (0.181256E+03 MJ/s)

 Enthalpy discharge this time step:  0.197286E+09 MJ (0.195426E+03 MJ/s)
 Enthalpy input this time step:      0.177500E+09 MJ (0.175826E+03 MJ/s)
 Total enthalpy discharge:           0.123989E+10 MJ (0.204701E+03 MJ/s)
 Total enthalpy input:               0.109240E+10 MJ (0.180351E+03 MJ/s)

 Water discharge this time step:   0.601622E+07 kg (0.595951E+01 kg/s)
 Water input this time step:       0.000000E+00 kg (0.000000E+00 kg/s)
 Total water discharge:            0.576849E+09 kg (0.952358E+02 kg/s)
 Total water input:                0.000000E+00 kg (0.000000E+00 kg/s)

 Enthalpy discharge this time step:  0.197286E+09 MJ (0.195426E+03 MJ/s)
 Enthalpy input this time step:      0.177500E+09 MJ (0.175826E+03 MJ/s)
 Total enthalpy discharge:           0.123989E+10 MJ (0.204701E+03 MJ/s)
 Total enthalpy input:               0.109240E+10 MJ (0.180351E+03 MJ/s)

 Enthalpy discharge this time step:  0.234600E+09 MJ (0.193657E+03 MJ/s)
 Enthalpy input this time step:      0.211313E+09 MJ (0.174434E+03 MJ/s)
 Total enthalpy discharge:           0.147449E+10 MJ (0.202860E+03 MJ/s)
 Total enthalpy input:               0.130371E+10 MJ (0.179365E+03 MJ/s)

 Water discharge this time step:   0.714338E+07 kg (0.589670E+01 kg/s)
 Water input this time step:       0.000000E+00 kg (0.000000E+00 kg/s)
 Total water discharge:            0.583992E+09 kg (0.803459E+02 kg/s)
 Total water input:                0.000000E+00 kg (0.000000E+00 kg/s)

 Enthalpy discharge this time step:  0.234600E+09 MJ (0.193657E+03 MJ/s)
 Enthalpy input this time step:      0.211313E+09 MJ (0.174434E+03 MJ/s)
 Total enthalpy discharge:           0.147449E+10 MJ (0.202860E+03 MJ/s)
 Total enthalpy input:               0.130371E+10 MJ (0.179365E+03 MJ/s)

 Enthalpy discharge this time step:  0.278483E+09 MJ (0.191568E+03 MJ/s)
 Enthalpy input this time step:      0.251184E+09 MJ (0.172789E+03 MJ/s)
 Total enthalpy discharge:           0.175297E+10 MJ (0.200978E+03 MJ/s)
 Total enthalpy input:               0.155489E+10 MJ (0.178269E+03 MJ/s)

 Water discharge this time step:   0.846448E+07 kg (0.582270E+01 kg/s)
 Water input this time step:       0.000000E+00 kg (0.000000E+00 kg/s)
 Total water discharge:            0.592456E+09 kg (0.679253E+02 kg/s)
 Total water input:                0.000000E+00 kg (0.000000E+00 kg/s)

 Enthalpy discharge this time step:  0.278483E+09 MJ (0.191568E+03 MJ/s)
 Enthalpy input this time step:      0.251184E+09 MJ (0.172789E+03 MJ/s)
 Total enthalpy discharge:           0.175297E+10 MJ (0.200978E+03 MJ/s)
 Total enthalpy input:               0.155489E+10 MJ (0.178269E+03 MJ/s)

 Enthalpy discharge this time step:  0.329891E+09 MJ (0.189109E+03 MJ/s)
 Enthalpy input this time step:      0.298037E+09 MJ (0.170849E+03 MJ/s)
 Total enthalpy discharge:           0.208286E+10 MJ (0.199000E+03 MJ/s)
 Total enthalpy input:               0.185293E+10 MJ (0.177032E+03 MJ/s)

 Water discharge this time step:   0.100057E+08 kg (0.573577E+01 kg/s)
 Water input this time step:       0.000000E+00 kg (0.000000E+00 kg/s)
 Total water discharge:            0.602462E+09 kg (0.575603E+02 kg/s)
 Total water input:                0.000000E+00 kg (0.000000E+00 kg/s)

 Enthalpy discharge this time step:  0.329891E+09 MJ (0.189109E+03 MJ/s)
 Enthalpy input this time step:      0.298037E+09 MJ (0.170849E+03 MJ/s)
 Total enthalpy discharge:           0.208286E+10 MJ (0.199000E+03 MJ/s)
 Total enthalpy input:               0.185293E+10 MJ (0.177032E+03 MJ/s)

 Enthalpy discharge this time step:  0.389833E+09 MJ (0.186226E+03 MJ/s)
 Enthalpy input this time step:      0.352876E+09 MJ (0.168571E+03 MJ/s)
 Total enthalpy discharge:           0.247269E+10 MJ (0.196871E+03 MJ/s)
 Total enthalpy input:               0.220581E+10 MJ (0.175622E+03 MJ/s)

 Water discharge this time step:   0.117940E+08 kg (0.563405E+01 kg/s)
 Water input this time step:       0.000000E+00 kg (0.000000E+00 kg/s)
 Total water discharge:            0.614256E+09 kg (0.489059E+02 kg/s)
 Total water input:                0.000000E+00 kg (0.000000E+00 kg/s)

 Enthalpy discharge this time step:  0.389833E+09 MJ (0.186226E+03 MJ/s)
 Enthalpy input this time step:      0.352876E+09 MJ (0.168571E+03 MJ/s)
 Total enthalpy discharge:           0.247269E+10 MJ (0.196871E+03 MJ/s)
 Total enthalpy input:               0.220581E+10 MJ (0.175622E+03 MJ/s)

 Enthalpy discharge this time step:  0.459343E+09 MJ (0.182859E+03 MJ/s)
 Enthalpy input this time step:      0.416757E+09 MJ (0.165906E+03 MJ/s)
 Total enthalpy discharge:           0.293204E+10 MJ (0.194536E+03 MJ/s)
 Total enthalpy input:               0.262257E+10 MJ (0.174003E+03 MJ/s)

 Water discharge this time step:   0.138550E+08 kg (0.551551E+01 kg/s)
 Water input this time step:       0.000000E+00 kg (0.000000E+00 kg/s)
 Total water discharge:            0.628111E+09 kg (0.416742E+02 kg/s)
 Total water input:                0.000000E+00 kg (0.000000E+00 kg/s)

 Enthalpy discharge this time step:  0.459343E+09 MJ (0.182859E+03 MJ/s)
 Enthalpy input this time step:      0.416757E+09 MJ (0.165906E+03 MJ/s)
 Total enthalpy discharge:           0.293204E+10 MJ (0.194536E+03 MJ/s)
 Total enthalpy input:               0.262257E+10 MJ (0.174003E+03 MJ/s)
*********************************************************************
 Time Step        71

                    Timing Information
           Years              Days         Step Size (Days)
     0.573122174          209.332874         34.8888957    
 Cpu Sec for Time Step =   2.794     Current Total =     179.8    

                    Equation Performance
 Number of N-R Iterations:          3
 Avg # of Linear Equation Solver Iterations:   2.7
 Number of Active Nodes:    532436.
 Total Number of Iterations, N-R:        210 , Solver:        254
 Phase Changes This Time Step:        0 Total           0
 Nodes Liq Phase:   532436 change        0
 Nodes Two Phase:        0 change        0
 Nodes Gas Phase:         0 change        0
 Nodes SC Phase:        0 change        0
 Number of restarted time steps            0
                    Largest Residuals
 EQ1 R=  0.4071E-07 node=   3701 zone=     5 x=-.5000E+05 y=0.5000E+05 z=-.2500E+05
 EQ2 R=  0.2310E-09 node= 266235 zone=     1 x= 0.000     y= 0.000     z=0.2300E+05
   Node   Equation 1 Residual   Equation 2 Residual
 266236     -0.368551E-14          -0.889936E-16
 266234     -0.211886E-08          -0.706942E-10
 266231     -0.210907E-10          -0.103588E-11
 266226     -0.665722E-11          -0.187585E-12
 266221     -0.345964E-11          -0.163775E-12
 266210     -0.599925E-11          -0.165892E-12
 266201      0.406653E-07           0.344163E-11

                    Nodal Information (Water)
                                                  source/sink  E source/sink
   Node   P (MPa)    E (MJ)    L sat     Temp (C)    (kg/s)       (MJ/s)
 266236    26.00     0.666E-01  1.00        2.000   5.378      0.372    
 266234    29.23     0.659E-01  1.00        2.000   0.000       0.00    
 266231    29.25     0.633E-01  1.00        2.000   0.000       0.00    
 266226    29.25     0.568E-01  1.00        2.000   0.000       0.00    
 266221    29.25     0.503E-01  1.00        2.000   0.000       0.00    
 266210    29.25     0.282E-01  1.00        2.000   0.000       0.00    
 266201    29.54     0.510E-02  1.00        2.000   0.000      0.714E-01

                    Global Mass & Energy Balances
 Total mass in system at this time:            0.506992E+17 kg
 Total mass of steam in system at this time:   0.000000E+00 kg
 Total enthalpy in system at this time:        0.287724E+16 MJ

 Water discharge this time step:   0.162115E+08 kg (0.537801E+01 kg/s)
 Water input this time step:       0.000000E+00 kg (0.000000E+00 kg/s)
 Total water discharge:            0.644323E+09 kg (0.356248E+02 kg/s)
 Total water input:                0.000000E+00 kg (0.000000E+00 kg/s)

 Enthalpy discharge this time step:  0.539426E+09 MJ (0.178950E+03 MJ/s)
 Enthalpy input this time step:      0.490757E+09 MJ (0.162804E+03 MJ/s)
 Total enthalpy discharge:           0.347146E+10 MJ (0.191938E+03 MJ/s)
 Total enthalpy input:               0.311332E+10 MJ (0.172136E+03 MJ/s)

 Net kg water discharge (total out-total in):   0.644323E+09
 Net MJ energy discharge (total out-total in):   0.358141E+09
 Conservation Errors:   0.396716E-04 (mass),   0.722657E-05 (energy)

 Enthalpy discharge this time step:  0.630988E+09 MJ (0.174437E+03 MJ/s)
 Enthalpy input this time step:      0.575919E+09 MJ (0.159213E+03 MJ/s)
 Total enthalpy discharge:           0.410245E+10 MJ (0.189021E+03 MJ/s)
 Total enthalpy input:               0.368924E+10 MJ (0.169983E+03 MJ/s)

 Water discharge this time step:   0.188799E+08 kg (0.521936E+01 kg/s)
 Water input this time step:       0.000000E+00 kg (0.000000E+00 kg/s)
 Total water discharge:            0.663202E+09 kg (0.305572E+02 kg/s)
 Total water input:                0.000000E+00 kg (0.000000E+00 kg/s)

 Enthalpy discharge this time step:  0.630988E+09 MJ (0.174437E+03 MJ/s)
 Enthalpy input this time step:      0.575919E+09 MJ (0.159213E+03 MJ/s)
 Total enthalpy discharge:           0.410245E+10 MJ (0.189021E+03 MJ/s)
 Total enthalpy input:               0.368924E+10 MJ (0.169983E+03 MJ/s)

 Enthalpy discharge this time step:  0.734740E+09 MJ (0.169266E+03 MJ/s)
 Enthalpy input this time step:      0.673178E+09 MJ (0.155084E+03 MJ/s)
 Total enthalpy discharge:           0.483719E+10 MJ (0.185729E+03 MJ/s)
 Total enthalpy input:               0.436242E+10 MJ (0.167499E+03 MJ/s)

 Water discharge this time step:   0.218659E+08 kg (0.503738E+01 kg/s)
 Water input this time step:       0.000000E+00 kg (0.000000E+00 kg/s)
 Total water discharge:            0.685068E+09 kg (0.263039E+02 kg/s)
 Total water input:                0.000000E+00 kg (0.000000E+00 kg/s)

 Enthalpy discharge this time step:  0.734740E+09 MJ (0.169266E+03 MJ/s)
 Enthalpy input this time step:      0.673178E+09 MJ (0.155084E+03 MJ/s)
 Total enthalpy discharge:           0.483719E+10 MJ (0.185729E+03 MJ/s)
 Total enthalpy input:               0.436242E+10 MJ (0.167499E+03 MJ/s)

 Enthalpy discharge this time step:  0.851085E+09 MJ (0.163391E+03 MJ/s)
 Enthalpy input this time step:      0.783273E+09 MJ (0.150372E+03 MJ/s)
 Total enthalpy discharge:           0.568828E+10 MJ (0.182006E+03 MJ/s)
 Total enthalpy input:               0.514569E+10 MJ (0.164645E+03 MJ/s)

 Water discharge this time step:   0.251587E+08 kg (0.482996E+01 kg/s)
 Water input this time step:       0.000000E+00 kg (0.000000E+00 kg/s)
 Total water discharge:            0.710227E+09 kg (0.227249E+02 kg/s)
 Total water input:                0.000000E+00 kg (0.000000E+00 kg/s)

 Enthalpy discharge this time step:  0.851085E+09 MJ (0.163391E+03 MJ/s)
 Enthalpy input this time step:      0.783273E+09 MJ (0.150372E+03 MJ/s)
 Total enthalpy discharge:           0.568828E+10 MJ (0.182006E+03 MJ/s)
 Total enthalpy input:               0.514569E+10 MJ (0.164645E+03 MJ/s)

 Enthalpy discharge this time step:  0.979989E+09 MJ (0.156782E+03 MJ/s)
 Enthalpy input this time step:      0.906630E+09 MJ (0.145045E+03 MJ/s)
 Total enthalpy discharge:           0.666827E+10 MJ (0.177802E+03 MJ/s)
 Total enthalpy input:               0.605232E+10 MJ (0.161378E+03 MJ/s)

 Water discharge this time step:   0.287228E+08 kg (0.459517E+01 kg/s)
 Water input this time step:       0.000000E+00 kg (0.000000E+00 kg/s)
 Total water discharge:            0.738950E+09 kg (0.197033E+02 kg/s)
 Total water input:                0.000000E+00 kg (0.000000E+00 kg/s)

 Enthalpy discharge this time step:  0.979989E+09 MJ (0.156782E+03 MJ/s)
 Enthalpy input this time step:      0.906630E+09 MJ (0.145045E+03 MJ/s)
 Total enthalpy discharge:           0.666827E+10 MJ (0.177802E+03 MJ/s)
 Total enthalpy input:               0.605232E+10 MJ (0.161378E+03 MJ/s)

 Enthalpy discharge this time step:  0.112085E+10 MJ (0.149431E+03 MJ/s)
 Enthalpy input this time step:      0.104325E+10 MJ (0.139086E+03 MJ/s)
 Total enthalpy discharge:           0.778912E+10 MJ (0.173073E+03 MJ/s)
 Total enthalpy input:               0.709557E+10 MJ (0.157663E+03 MJ/s)

 Water discharge this time step:   0.324886E+08 kg (0.433136E+01 kg/s)
 Water input this time step:       0.000000E+00 kg (0.000000E+00 kg/s)
 Total water discharge:            0.771439E+09 kg (0.171413E+02 kg/s)
 Total water input:                0.000000E+00 kg (0.000000E+00 kg/s)

 Enthalpy discharge this time step:  0.112085E+10 MJ (0.149431E+03 MJ/s)
 Enthalpy input this time step:      0.104325E+10 MJ (0.139086E+03 MJ/s)
 Total enthalpy discharge:           0.778912E+10 MJ (0.173073E+03 MJ/s)
 Total enthalpy input:               0.709557E+10 MJ (0.157663E+03 MJ/s)

 Enthalpy discharge this time step:  0.167822E+10 MJ (0.186449E+03 MJ/s)
 Enthalpy input this time step:      0.119261E+10 MJ (0.132498E+03 MJ/s)
 Total enthalpy discharge:           0.946734E+10 MJ (0.175303E+03 MJ/s)
 Total enthalpy input:               0.828818E+10 MJ (0.153469E+03 MJ/s)

 Water discharge this time step:   0.363387E+08 kg (0.403720E+01 kg/s)
 Water input this time step:       0.000000E+00 kg (0.000000E+00 kg/s)
 Total water discharge:            0.807777E+09 kg (0.149573E+02 kg/s)
 Total water input:                0.000000E+00 kg (0.000000E+00 kg/s)

 Enthalpy discharge this time step:  0.167822E+10 MJ (0.186449E+03 MJ/s)
 Enthalpy input this time step:      0.119261E+10 MJ (0.132498E+03 MJ/s)
 Total enthalpy discharge:           0.946734E+10 MJ (0.175303E+03 MJ/s)
 Total enthalpy input:               0.828818E+10 MJ (0.153469E+03 MJ/s)

 Enthalpy discharge this time step:  0.310651E+10 MJ (0.287609E+03 MJ/s)
 Enthalpy input this time step:      0.135358E+10 MJ (0.125318E+03 MJ/s)
 Total enthalpy discharge:           0.125738E+11 MJ (0.194020E+03 MJ/s)
 Total enthalpy input:               0.964176E+10 MJ (0.148777E+03 MJ/s)

 Water discharge this time step:   0.400914E+08 kg (0.371177E+01 kg/s)
 Water input this time step:       0.000000E+00 kg (0.000000E+00 kg/s)
 Total water discharge:            0.847869E+09 kg (0.130830E+02 kg/s)
 Total water input:                0.000000E+00 kg (0.000000E+00 kg/s)

 Enthalpy discharge this time step:  0.310651E+10 MJ (0.287609E+03 MJ/s)
 Enthalpy input this time step:      0.135358E+10 MJ (0.125318E+03 MJ/s)
 Total enthalpy discharge:           0.125738E+11 MJ (0.194020E+03 MJ/s)
 Total enthalpy input:               0.964176E+10 MJ (0.148777E+03 MJ/s)

 Enthalpy discharge this time step:  0.348185E+10 MJ (0.268633E+03 MJ/s)
 Enthalpy input this time step:      0.152445E+10 MJ (0.117615E+03 MJ/s)
 Total enthalpy discharge:           0.160557E+11 MJ (0.206456E+03 MJ/s)
 Total enthalpy input:               0.111662E+11 MJ (0.143583E+03 MJ/s)

 Water discharge this time step:   0.434793E+08 kg (0.335453E+01 kg/s)
 Water input this time step:       0.000000E+00 kg (0.000000E+00 kg/s)
 Total water discharge:            0.891348E+09 kg (0.114616E+02 kg/s)
 Total water input:                0.000000E+00 kg (0.000000E+00 kg/s)

 Enthalpy discharge this time step:  0.348185E+10 MJ (0.268633E+03 MJ/s)
 Enthalpy input this time step:      0.152445E+10 MJ (0.117615E+03 MJ/s)
 Total enthalpy discharge:           0.160557E+11 MJ (0.206456E+03 MJ/s)
 Total enthalpy input:               0.111662E+11 MJ (0.143583E+03 MJ/s)

 Enthalpy discharge this time step:  0.386704E+10 MJ (0.248626E+03 MJ/s)
 Enthalpy input this time step:      0.170307E+10 MJ (0.109497E+03 MJ/s)
 Total enthalpy discharge:           0.199227E+11 MJ (0.213484E+03 MJ/s)
 Total enthalpy input:               0.128693E+11 MJ (0.137902E+03 MJ/s)

 Water discharge this time step:   0.461209E+08 kg (0.296528E+01 kg/s)
 Water input this time step:       0.000000E+00 kg (0.000000E+00 kg/s)
 Total water discharge:            0.937469E+09 kg (0.100455E+02 kg/s)
 Total water input:                0.000000E+00 kg (0.000000E+00 kg/s)

 Enthalpy discharge this time step:  0.386704E+10 MJ (0.248626E+03 MJ/s)
 Enthalpy input this time step:      0.170307E+10 MJ (0.109497E+03 MJ/s)
 Total enthalpy discharge:           0.199227E+11 MJ (0.213484E+03 MJ/s)
 Total enthalpy input:               0.128693E+11 MJ (0.137902E+03 MJ/s)
*********************************************************************
 Time Step        81

                    Timing Information
           Years              Days         Step Size (Days)
      3.54862855          1296.13658         216.022846    
 Cpu Sec for Time Step =   3.315     Current Total =     210.8    

                    Equation Performance
 Number of N-R Iterations:          3
 Avg # of Linear Equation Solver Iterations:   5.3
 Number of Active Nodes:    532436.
 Total Number of Iterations, N-R:        240 , Solver:        372
 Phase Changes This Time Step:        0 Total           0
 Nodes Liq Phase:   532436 change        0
 Nodes Two Phase:        0 change        0
 Nodes Gas Phase:         0 change        0
 Nodes SC Phase:        0 change        0
 Number of restarted time steps            0
                    Largest Residuals
 EQ1 R=  0.1143E-06 node= 340959 zone=     5 x=0.1400E+05 y=0.2000E+05 z=-.2500E+05
 EQ2 R=  0.7522E-09 node= 319738 zone=     3 x=0.1000E+05 y=0.1800E+05 z=-.2300E+05
   Node   Equation 1 Residual   Equation 2 Residual
 266236     -0.168338E-14          -0.143775E-15
 266234     -0.659039E-08          -0.443554E-09
 266231     -0.660182E-09          -0.116242E-09
 266226     -0.451322E-10          -0.152736E-11
 266221     -0.554389E-11          -0.990065E-12
 266210     -0.289128E-10          -0.102265E-11
 266201     -0.114338E-06          -0.181106E-11

                    Nodal Information (Water)
                                                  source/sink  E source/sink
   Node   P (MPa)    E (MJ)    L sat     Temp (C)    (kg/s)       (MJ/s)
 266236    26.00     0.666E-01  1.00        2.000   2.544      0.173    
 266234    29.05     0.657E-01  1.00        2.000   0.000       0.00    
 266231    29.23     0.633E-01  1.00        2.000   0.000       0.00    
 266226    29.25     0.568E-01  1.00        2.000   0.000       0.00    
 266221    29.25     0.503E-01  1.00        2.000   0.000       0.00    
 266210    29.25     0.282E-01  1.00        2.000   0.000       0.00    
 266201    30.66     0.618E-02  1.00        2.000   0.000      0.912E-01

                    Global Mass & Energy Balances
 Total mass in system at this time:            0.506992E+17 kg
 Total mass of steam in system at this time:   0.000000E+00 kg
 Total enthalpy in system at this time:        0.287723E+16 MJ

 Water discharge this time step:   0.474825E+08 kg (0.254402E+01 kg/s)
 Water input this time step:       0.000000E+00 kg (0.000000E+00 kg/s)
 Total water discharge:            0.984951E+09 kg (0.879529E+01 kg/s)
 Total water input:                0.000000E+00 kg (0.000000E+00 kg/s)

 Enthalpy discharge this time step:  0.425729E+10 MJ (0.228097E+03 MJ/s)
 Enthalpy input this time step:      0.188717E+10 MJ (0.101111E+03 MJ/s)
 Total enthalpy discharge:           0.241800E+11 MJ (0.215920E+03 MJ/s)
 Total enthalpy input:               0.147564E+11 MJ (0.131770E+03 MJ/s)

 Net kg water discharge (total out-total in):   0.984951E+09
 Net MJ energy discharge (total out-total in):   0.942359E+10
 Conservation Errors:  -0.216526E-03 (mass),  -0.124546E-04 (energy)

 Enthalpy discharge this time step:  0.464744E+10 MJ (0.207500E+03 MJ/s)
 Enthalpy input this time step:      0.207477E+10 MJ (0.926352E+02 MJ/s)
 Total enthalpy discharge:           0.288275E+11 MJ (0.214516E+03 MJ/s)
 Total enthalpy input:               0.168312E+11 MJ (0.125248E+03 MJ/s)

 Water discharge this time step:   0.468280E+08 kg (0.209079E+01 kg/s)
 Water input this time step:       0.000000E+00 kg (0.000000E+00 kg/s)
 Total water discharge:            0.103178E+10 kg (0.767788E+01 kg/s)
 Total water input:                0.000000E+00 kg (0.000000E+00 kg/s)

 Enthalpy discharge this time step:  0.464744E+10 MJ (0.207500E+03 MJ/s)
 Enthalpy input this time step:      0.207477E+10 MJ (0.926352E+02 MJ/s)
 Total enthalpy discharge:           0.288275E+11 MJ (0.214516E+03 MJ/s)
 Total enthalpy input:               0.168312E+11 MJ (0.125248E+03 MJ/s)

 Enthalpy discharge this time step:  0.503452E+10 MJ (0.187319E+03 MJ/s)
 Enthalpy input this time step:      0.226485E+10 MJ (0.842682E+02 MJ/s)
 Total enthalpy discharge:           0.338620E+11 MJ (0.209984E+03 MJ/s)
 Total enthalpy input:               0.190961E+11 MJ (0.118418E+03 MJ/s)

 Water discharge this time step:   0.431497E+08 kg (0.160547E+01 kg/s)
 Water input this time step:       0.000000E+00 kg (0.000000E+00 kg/s)
 Total water discharge:            0.107493E+10 kg (0.666581E+01 kg/s)
 Total water input:                0.000000E+00 kg (0.000000E+00 kg/s)

 Enthalpy discharge this time step:  0.503452E+10 MJ (0.187319E+03 MJ/s)
 Enthalpy input this time step:      0.226485E+10 MJ (0.842682E+02 MJ/s)
 Total enthalpy discharge:           0.338620E+11 MJ (0.209984E+03 MJ/s)
 Total enthalpy input:               0.190961E+11 MJ (0.118418E+03 MJ/s)

 Enthalpy discharge this time step:  0.541899E+10 MJ (0.168020E+03 MJ/s)
 Enthalpy input this time step:      0.245791E+10 MJ (0.762096E+02 MJ/s)
 Total enthalpy discharge:           0.392810E+11 MJ (0.202990E+03 MJ/s)
 Total enthalpy input:               0.215540E+11 MJ (0.111383E+03 MJ/s)

 Water discharge this time step:   0.350689E+08 kg (0.108734E+01 kg/s)
 Water input this time step:       0.000000E+00 kg (0.000000E+00 kg/s)
 Total water discharge:            0.111000E+10 kg (0.573606E+01 kg/s)
 Total water input:                0.000000E+00 kg (0.000000E+00 kg/s)

 Enthalpy discharge this time step:  0.541899E+10 MJ (0.168020E+03 MJ/s)
 Enthalpy input this time step:      0.245791E+10 MJ (0.762096E+02 MJ/s)
 Total enthalpy discharge:           0.392810E+11 MJ (0.202990E+03 MJ/s)
 Total enthalpy input:               0.215540E+11 MJ (0.111383E+03 MJ/s)

 Enthalpy discharge this time step:  0.580532E+10 MJ (0.149999E+03 MJ/s)
 Enthalpy input this time step:      0.265649E+10 MJ (0.686388E+02 MJ/s)
 Total enthalpy discharge:           0.450863E+11 MJ (0.194158E+03 MJ/s)
 Total enthalpy input:               0.242105E+11 MJ (0.104259E+03 MJ/s)

 Water discharge this time step:   0.206924E+08 kg (0.534653E+00 kg/s)
 Water input this time step:       0.000000E+00 kg (0.000000E+00 kg/s)
 Total water discharge:            0.113069E+10 kg (0.486916E+01 kg/s)
 Total water input:                0.000000E+00 kg (0.000000E+00 kg/s)

 Enthalpy discharge this time step:  0.580532E+10 MJ (0.149999E+03 MJ/s)
 Enthalpy input this time step:      0.265649E+10 MJ (0.686388E+02 MJ/s)
 Total enthalpy discharge:           0.450863E+11 MJ (0.194158E+03 MJ/s)
 Total enthalpy input:               0.242105E+11 MJ (0.104259E+03 MJ/s)

 Enthalpy discharge this time step:  0.621050E+10 MJ (0.133723E+03 MJ/s)
 Enthalpy input this time step:      0.286546E+10 MJ (0.616984E+02 MJ/s)
 Total enthalpy discharge:           0.512968E+11 MJ (0.184085E+03 MJ/s)
 Total enthalpy input:               0.270759E+11 MJ (0.971656E+02 MJ/s)

 Water discharge this time step:   0.000000E+00 kg (0.000000E+00 kg/s)
 Water input this time step:       0.255542E+07 kg (0.550228E-01 kg/s)
 Total water discharge:            0.113069E+10 kg (0.405763E+01 kg/s)
 Total water input:                0.255542E+07 kg (0.917046E-02 kg/s)

 Enthalpy discharge this time step:  0.621050E+10 MJ (0.133723E+03 MJ/s)
 Enthalpy input this time step:      0.286546E+10 MJ (0.616984E+02 MJ/s)
 Total enthalpy discharge:           0.512968E+11 MJ (0.184085E+03 MJ/s)
 Total enthalpy input:               0.270759E+11 MJ (0.971656E+02 MJ/s)

 Enthalpy discharge this time step:  0.664932E+10 MJ (0.119310E+03 MJ/s)
 Enthalpy input this time step:      0.309350E+10 MJ (0.555072E+02 MJ/s)
 Total enthalpy discharge:           0.579461E+11 MJ (0.173290E+03 MJ/s)
 Total enthalpy input:               0.301694E+11 MJ (0.902225E+02 MJ/s)

 Water discharge this time step:   0.000000E+00 kg (0.000000E+00 kg/s)
 Water input this time step:       0.381819E+08 kg (0.685104E+00 kg/s)
 Total water discharge:            0.113069E+10 kg (0.338136E+01 kg/s)
 Total water input:                0.407373E+08 kg (0.121826E+00 kg/s)

 Enthalpy discharge this time step:  0.664932E+10 MJ (0.119310E+03 MJ/s)
 Enthalpy input this time step:      0.309350E+10 MJ (0.555072E+02 MJ/s)
 Total enthalpy discharge:           0.579461E+11 MJ (0.173290E+03 MJ/s)
 Total enthalpy input:               0.301694E+11 MJ (0.902225E+02 MJ/s)

 Enthalpy discharge this time step:  0.711931E+10 MJ (0.106452E+03 MJ/s)
 Enthalpy input this time step:      0.334743E+10 MJ (0.500529E+02 MJ/s)
 Total enthalpy discharge:           0.650654E+11 MJ (0.162150E+03 MJ/s)
 Total enthalpy input:               0.335169E+11 MJ (0.835276E+02 MJ/s)

 Water discharge this time step:   0.000000E+00 kg (0.000000E+00 kg/s)
 Water input this time step:       0.909570E+08 kg (0.136005E+01 kg/s)
 Total water discharge:            0.113069E+10 kg (0.281780E+01 kg/s)
 Total water input:                0.131694E+09 kg (0.328196E+00 kg/s)

 Enthalpy discharge this time step:  0.711931E+10 MJ (0.106452E+03 MJ/s)
 Enthalpy input this time step:      0.334743E+10 MJ (0.500529E+02 MJ/s)
 Total enthalpy discharge:           0.650654E+11 MJ (0.162150E+03 MJ/s)
 Total enthalpy input:               0.335169E+11 MJ (0.835276E+02 MJ/s)

 Enthalpy discharge this time step:  0.763034E+10 MJ (0.950781E+02 MJ/s)
 Enthalpy input this time step:      0.363596E+10 MJ (0.453060E+02 MJ/s)
 Total enthalpy discharge:           0.726958E+11 MJ (0.150971E+03 MJ/s)
 Total enthalpy input:               0.371528E+11 MJ (0.771573E+02 MJ/s)

 Water discharge this time step:   0.000000E+00 kg (0.000000E+00 kg/s)
 Water input this time step:       0.167351E+09 kg (0.208529E+01 kg/s)
 Total water discharge:            0.113069E+10 kg (0.234817E+01 kg/s)
 Total water input:                0.299046E+09 kg (0.621045E+00 kg/s)

 Enthalpy discharge this time step:  0.763034E+10 MJ (0.950781E+02 MJ/s)
 Enthalpy input this time step:      0.363596E+10 MJ (0.453060E+02 MJ/s)
 Total enthalpy discharge:           0.726958E+11 MJ (0.150971E+03 MJ/s)
 Total enthalpy input:               0.371528E+11 MJ (0.771573E+02 MJ/s)

 Enthalpy discharge this time step:  0.819108E+10 MJ (0.850544E+02 MJ/s)
 Enthalpy input this time step:      0.396764E+10 MJ (0.411991E+02 MJ/s)
 Total enthalpy discharge:           0.808869E+11 MJ (0.139985E+03 MJ/s)
 Total enthalpy input:               0.411205E+11 MJ (0.711643E+02 MJ/s)

 Water discharge this time step:   0.000000E+00 kg (0.000000E+00 kg/s)
 Water input this time step:       0.276085E+09 kg (0.286681E+01 kg/s)
 Total water discharge:            0.113069E+10 kg (0.195681E+01 kg/s)
 Total water input:                0.575131E+09 kg (0.995338E+00 kg/s)

 Enthalpy discharge this time step:  0.819108E+10 MJ (0.850544E+02 MJ/s)
 Enthalpy input this time step:      0.396764E+10 MJ (0.411991E+02 MJ/s)
 Total enthalpy discharge:           0.808869E+11 MJ (0.139985E+03 MJ/s)
 Total enthalpy input:               0.411205E+11 MJ (0.711643E+02 MJ/s)
*********************************************************************
 Time Step        91

                    Timing Information
           Years              Days         Step Size (Days)
      21.9721797          8025.33865         1337.55652    
 Cpu Sec for Time Step =   4.613     Current Total =     250.8    

                    Equation Performance
 Number of N-R Iterations:          3
 Avg # of Linear Equation Solver Iterations:  11.0
 Number of Active Nodes:    532436.
 Total Number of Iterations, N-R:        270 , Solver:        616
 Phase Changes This Time Step:        0 Total           0
 Nodes Liq Phase:   532436 change        0
 Nodes Two Phase:        0 change        0
 Nodes Gas Phase:         0 change        0
 Nodes SC Phase:        0 change        0
 Number of restarted time steps            0
                    Largest Residuals
 EQ1 R=  0.8633E-07 node= 532403 zone=     3 x=0.5000E+05 y=0.5000E+05 z=-.2100E+05
 EQ2 R=  0.4555E-08 node=   3703 zone=     3 x=-.5000E+05 y=0.5000E+05 z=-.2100E+05
   Node   Equation 1 Residual   Equation 2 Residual
 266236     -0.159462E-14           0.366934E-17
 266234     -0.112532E-08          -0.544800E-09
 266231     -0.834304E-09          -0.101497E-08
 266226     -0.625296E-08          -0.489837E-09
 266221     -0.755816E-10          -0.684629E-10
 266210      0.100174E-09           0.762158E-11
 266201     -0.157012E-07          -0.928375E-13

                    Nodal Information (Water)
                                                  source/sink  E source/sink
   Node   P (MPa)    E (MJ)    L sat     Temp (C)    (kg/s)       (MJ/s)
 266236    26.00     0.666E-01  1.00        2.000  -3.711     -0.247    
 266234    27.72     0.644E-01  1.00        2.000   0.000       0.00    
 266231    28.57     0.627E-01  1.00        2.000   0.000       0.00    
 266226    29.20     0.568E-01  1.00        2.000   0.000       0.00    
 266221    29.25     0.503E-01  1.00        2.000   0.000       0.00    
 266210    29.25     0.282E-01  1.00        2.000   0.000       0.00    
 266201    33.58     0.899E-02  1.00        2.000   0.000      0.305E-01

                    Global Mass & Energy Balances
 Total mass in system at this time:            0.506992E+17 kg
 Total mass of steam in system at this time:   0.000000E+00 kg
 Total enthalpy in system at this time:        0.287719E+16 MJ

 Water discharge this time step:   0.000000E+00 kg (0.000000E+00 kg/s)
 Water input this time step:       0.428886E+09 kg (0.371121E+01 kg/s)
 Total water discharge:            0.113069E+10 kg (0.163067E+01 kg/s)
 Total water input:                0.100402E+10 kg (0.144798E+01 kg/s)

 Enthalpy discharge this time step:  0.881375E+10 MJ (0.762667E+02 MJ/s)
 Enthalpy input this time step:      0.435048E+10 MJ (0.376453E+02 MJ/s)
 Total enthalpy discharge:           0.897006E+11 MJ (0.129365E+03 MJ/s)
 Total enthalpy input:               0.454709E+11 MJ (0.655778E+02 MJ/s)

 Net kg water discharge (total out-total in):   0.126674E+09
 Net MJ energy discharge (total out-total in):   0.442297E+11
 Conservation Errors:  -0.178787E-02 (mass),  -0.276287E-04 (energy)

 Enthalpy discharge this time step:  0.949812E+10 MJ (0.684906E+02 MJ/s)
 Enthalpy input this time step:      0.479221E+10 MJ (0.345564E+02 MJ/s)
 Total enthalpy discharge:           0.991987E+11 MJ (0.119220E+03 MJ/s)
 Total enthalpy input:               0.502631E+11 MJ (0.604076E+02 MJ/s)

 Water discharge this time step:   0.000000E+00 kg (0.000000E+00 kg/s)
 Water input this time step:       0.641481E+09 kg (0.462569E+01 kg/s)
 Total water discharge:            0.113069E+10 kg (0.135889E+01 kg/s)
 Total water input:                0.164550E+10 kg (0.197760E+01 kg/s)

 Enthalpy discharge this time step:  0.949812E+10 MJ (0.684906E+02 MJ/s)
 Enthalpy input this time step:      0.479221E+10 MJ (0.345564E+02 MJ/s)
 Total enthalpy discharge:           0.991987E+11 MJ (0.119220E+03 MJ/s)
 Total enthalpy input:               0.502631E+11 MJ (0.604076E+02 MJ/s)

 Enthalpy discharge this time step:  0.102440E+11 MJ (0.615574E+02 MJ/s)
 Enthalpy input this time step:      0.530091E+10 MJ (0.318539E+02 MJ/s)
 Total enthalpy discharge:           0.109443E+12 MJ (0.109609E+03 MJ/s)
 Total enthalpy input:               0.555641E+11 MJ (0.556486E+02 MJ/s)

 Water discharge this time step:   0.000000E+00 kg (0.000000E+00 kg/s)
 Water input this time step:       0.934916E+09 kg (0.561803E+01 kg/s)
 Total water discharge:            0.113069E+10 kg (0.113241E+01 kg/s)
 Total water input:                0.258041E+10 kg (0.258434E+01 kg/s)

 Enthalpy discharge this time step:  0.102440E+11 MJ (0.615574E+02 MJ/s)
 Enthalpy input this time step:      0.530091E+10 MJ (0.318539E+02 MJ/s)
 Total enthalpy discharge:           0.109443E+12 MJ (0.109609E+03 MJ/s)
 Total enthalpy input:               0.555641E+11 MJ (0.556486E+02 MJ/s)

 Enthalpy discharge this time step:  0.110544E+11 MJ (0.553560E+02 MJ/s)
 Enthalpy input this time step:      0.588586E+10 MJ (0.294741E+02 MJ/s)
 Total enthalpy discharge:           0.120497E+12 MJ (0.100567E+03 MJ/s)
 Total enthalpy input:               0.614499E+11 MJ (0.512862E+02 MJ/s)

 Water discharge this time step:   0.000000E+00 kg (0.000000E+00 kg/s)
 Water input this time step:       0.133731E+10 kg (0.669671E+01 kg/s)
 Total water discharge:            0.113069E+10 kg (0.943676E+00 kg/s)
 Total water input:                0.391772E+10 kg (0.326974E+01 kg/s)

 Enthalpy discharge this time step:  0.110544E+11 MJ (0.553560E+02 MJ/s)
 Enthalpy input this time step:      0.588586E+10 MJ (0.294741E+02 MJ/s)
 Total enthalpy discharge:           0.120497E+12 MJ (0.100567E+03 MJ/s)
 Total enthalpy input:               0.614499E+11 MJ (0.512862E+02 MJ/s)

 Enthalpy discharge this time step:  0.119290E+11 MJ (0.497797E+02 MJ/s)
 Enthalpy input this time step:      0.655841E+10 MJ (0.273683E+02 MJ/s)
 Total enthalpy discharge:           0.132426E+12 MJ (0.921025E+02 MJ/s)
 Total enthalpy input:               0.680083E+11 MJ (0.472999E+02 MJ/s)

 Water discharge this time step:   0.000000E+00 kg (0.000000E+00 kg/s)
 Water input this time step:       0.188617E+10 kg (0.787101E+01 kg/s)
 Total water discharge:            0.113069E+10 kg (0.786397E+00 kg/s)
 Total water input:                0.580389E+10 kg (0.403661E+01 kg/s)

 Enthalpy discharge this time step:  0.119290E+11 MJ (0.497797E+02 MJ/s)
 Enthalpy input this time step:      0.655841E+10 MJ (0.273683E+02 MJ/s)
 Total enthalpy discharge:           0.132426E+12 MJ (0.921025E+02 MJ/s)
 Total enthalpy input:               0.680083E+11 MJ (0.472999E+02 MJ/s)

 Enthalpy discharge this time step:  0.128688E+11 MJ (0.447514E+02 MJ/s)
 Enthalpy input this time step:      0.733263E+10 MJ (0.254993E+02 MJ/s)
 Total enthalpy discharge:           0.145295E+12 MJ (0.842106E+02 MJ/s)
 Total enthalpy input:               0.753409E+11 MJ (0.436664E+02 MJ/s)

 Water discharge this time step:   0.000000E+00 kg (0.000000E+00 kg/s)
 Water input this time step:       0.263153E+10 kg (0.915116E+01 kg/s)
 Total water discharge:            0.113069E+10 kg (0.655330E+00 kg/s)
 Total water input:                0.843542E+10 kg (0.488904E+01 kg/s)

 Enthalpy discharge this time step:  0.128688E+11 MJ (0.447514E+02 MJ/s)
 Enthalpy input this time step:      0.733263E+10 MJ (0.254993E+02 MJ/s)
 Total enthalpy discharge:           0.145295E+12 MJ (0.842106E+02 MJ/s)
 Total enthalpy input:               0.753409E+11 MJ (0.436664E+02 MJ/s)

 Enthalpy discharge this time step:  0.138737E+11 MJ (0.402049E+02 MJ/s)
 Enthalpy input this time step:      0.822567E+10 MJ (0.238373E+02 MJ/s)
 Total enthalpy discharge:           0.159169E+12 MJ (0.768764E+02 MJ/s)
 Total enthalpy input:               0.835666E+11 MJ (0.403616E+02 MJ/s)

 Water discharge this time step:   0.000000E+00 kg (0.000000E+00 kg/s)
 Water input this time step:       0.363999E+10 kg (0.105484E+02 kg/s)
 Total water discharge:            0.113069E+10 kg (0.546109E+00 kg/s)
 Total water input:                0.120754E+11 kg (0.583226E+01 kg/s)

 Enthalpy discharge this time step:  0.138737E+11 MJ (0.402049E+02 MJ/s)
 Enthalpy input this time step:      0.822567E+10 MJ (0.238373E+02 MJ/s)
 Total enthalpy discharge:           0.159169E+12 MJ (0.768764E+02 MJ/s)
 Total enthalpy input:               0.835666E+11 MJ (0.403616E+02 MJ/s)

 Enthalpy discharge this time step:  0.149438E+11 MJ (0.360882E+02 MJ/s)
 Enthalpy input this time step:      0.925859E+10 MJ (0.223589E+02 MJ/s)
 Total enthalpy discharge:           0.174112E+12 MJ (0.700783E+02 MJ/s)
 Total enthalpy input:               0.928252E+11 MJ (0.373611E+02 MJ/s)

 Water discharge this time step:   0.000000E+00 kg (0.000000E+00 kg/s)
 Water input this time step:       0.500012E+10 kg (0.120750E+02 kg/s)
 Total water discharge:            0.113069E+10 kg (0.455091E+00 kg/s)
 Total water input:                0.170755E+11 kg (0.687271E+01 kg/s)

 Enthalpy discharge this time step:  0.149438E+11 MJ (0.360882E+02 MJ/s)
 Enthalpy input this time step:      0.925859E+10 MJ (0.223589E+02 MJ/s)
 Total enthalpy discharge:           0.174112E+12 MJ (0.700783E+02 MJ/s)
 Total enthalpy input:               0.928252E+11 MJ (0.373611E+02 MJ/s)

 Enthalpy discharge this time step:  0.160811E+11 MJ (0.323623E+02 MJ/s)
 Enthalpy input this time step:      0.104591E+11 MJ (0.210484E+02 MJ/s)
 Total enthalpy discharge:           0.190193E+12 MJ (0.637923E+02 MJ/s)
 Total enthalpy input:               0.103284E+12 MJ (0.346424E+02 MJ/s)

 Water discharge this time step:   0.000000E+00 kg (0.000000E+00 kg/s)
 Water input this time step:       0.682953E+10 kg (0.137440E+02 kg/s)
 Total water discharge:            0.113069E+10 kg (0.379242E+00 kg/s)
 Total water input:                0.239051E+11 kg (0.801794E+01 kg/s)

 Enthalpy discharge this time step:  0.160811E+11 MJ (0.323623E+02 MJ/s)
 Enthalpy input this time step:      0.104591E+11 MJ (0.210484E+02 MJ/s)
 Total enthalpy discharge:           0.190193E+12 MJ (0.637923E+02 MJ/s)
 Total enthalpy input:               0.103284E+12 MJ (0.346424E+02 MJ/s)
time step =      100 time step size =   6901.4978768345    
out of bounds : node       36 x =  -0.5000E+05 y =  -0.5000E+05 z =   0.2500E+05
 p =   19.2114892     t =  2.00000000     s =   1.00000000    
 porosity =   9.99999945E-02 permx   1.00000000E-15 phase state    1 iter    1

 timestep =    100 timestep restarted because of balance errors or variable out of bounds
    
#### largest N-R corrections, timestep      100 ####
 EQ1 R=  0.8977     node= 266201 zone=     5 x= 0.000     y= 0.000     z=-.2500E+05
 EQ2 R=  0.9393E-03 node= 266235 zone=     1 x= 0.000     y= 0.000     z=0.2300E+05
time step =      100 time step size =   1380.2995753669    
out of bounds : node       36 x =  -0.5000E+05 y =  -0.5000E+05 z =   0.2500E+05
 p =   19.8872153     t =  2.00000000     s =   1.00000000    
 porosity =   9.99999945E-02 permx   1.00000000E-15 phase state    1 iter    1

 timestep =    100 timestep restarted because of balance errors or variable out of bounds
    
#### largest N-R corrections, timestep      100 ####
 EQ1 R=  0.1931     node= 266201 zone=     5 x= 0.000     y= 0.000     z=-.2500E+05
 EQ2 R=  0.1464E-03 node= 266235 zone=     1 x= 0.000     y= 0.000     z=0.2300E+05

 Enthalpy discharge this time step:  0.754066E+09 MJ (0.316149E+02 MJ/s)
 Enthalpy input this time step:      0.511946E+09 MJ (0.214638E+02 MJ/s)
 Total enthalpy discharge:           0.190947E+12 MJ (0.635369E+02 MJ/s)
 Total enthalpy input:               0.103796E+12 MJ (0.345378E+02 MJ/s)

 Water discharge this time step:   0.000000E+00 kg (0.000000E+00 kg/s)
 Water input this time step:       0.329719E+09 kg (0.138238E+02 kg/s)
 Total water discharge:            0.113069E+10 kg (0.376232E+00 kg/s)
 Total water input:                0.242348E+11 kg (0.806401E+01 kg/s)

 Enthalpy discharge this time step:  0.754066E+09 MJ (0.316149E+02 MJ/s)
 Enthalpy input this time step:      0.511946E+09 MJ (0.214638E+02 MJ/s)
 Total enthalpy discharge:           0.190947E+12 MJ (0.635369E+02 MJ/s)
 Total enthalpy input:               0.103796E+12 MJ (0.345378E+02 MJ/s)
time step =      101 time step size =   331.27189808806    
out of bounds : node       36 x =  -0.5000E+05 y =  -0.5000E+05 z =   0.2500E+05
 p =   19.9886504     t =  2.00000000     s =   1.00000000    
 porosity =   9.99999945E-02 permx   1.00000000E-15 phase state    1 iter    1

 timestep =    101 timestep restarted because of balance errors or variable out of bounds
    
#### largest N-R corrections, timestep      101 ####
 EQ1 R=  0.4698E-01 node= 266201 zone=     5 x= 0.000     y= 0.000     z=-.2500E+05
 EQ2 R=  0.3484E-04 node= 266202 zone=     3 x= 0.000     y= 0.000     z=-.2300E+05
*********************************************************************
 Time Step       101

                    Timing Information
           Years              Days         Step Size (Days)
      95.4135611          34849.8032         66.2543796    
 Cpu Sec for Time Step =   3.027     Current Total =     309.3    

                    Equation Performance
 Number of N-R Iterations:          3
 Avg # of Linear Equation Solver Iterations:   4.0
 Number of Active Nodes:    532436.
 Total Number of Iterations, N-R:        303 , Solver:       1060
 Phase Changes This Time Step:        0 Total           0
 Nodes Liq Phase:   532436 change        0
 Nodes Two Phase:        0 change        0
 Nodes Gas Phase:         0 change        0
 Nodes SC Phase:        0 change        0
 Number of restarted time steps            3
                    Largest Residuals
 EQ1 R=  0.1221E-07 node= 151106 zone=     4 x=-.2200E+05 y=0.3200E+05 z=0.2500E+05
 EQ2 R=  0.9897E-10 node= 255411 zone=     3 x=-2000.     y=-6000.     z=-.1300E+05
   Node   Equation 1 Residual   Equation 2 Residual
 266236      0.239855E-15          -0.606948E-16
 266234      0.131121E-09           0.227524E-11
 266231      0.294455E-11           0.127080E-12
 266226     -0.277670E-09          -0.122657E-10
 266221     -0.213625E-09          -0.173826E-10
 266210      0.561281E-09           0.168111E-10
 266201      0.329784E-08           0.151201E-12

                    Nodal Information (Water)
                                                  source/sink  E source/sink
   Node   P (MPa)    E (MJ)    L sat     Temp (C)    (kg/s)       (MJ/s)
 266236    26.00     0.666E-01  1.00        2.000  -13.84     -0.923    
 266234    24.23     0.610E-01  1.00        1.998   0.000       0.00    
 266231    25.44     0.596E-01  1.00        1.999   0.000       0.00    
 266226    27.75     0.554E-01  1.00        2.000   0.000       0.00    
 266221    28.77     0.499E-01  1.00        2.001   0.000       0.00    
 266210    29.47     0.284E-01  1.00        2.001   0.000       0.00    
 266201    38.52     0.138E-01  1.00        2.000   0.000      0.126E-01

                    Global Mass & Energy Balances
 Total mass in system at this time:            0.506992E+17 kg
 Total mass of steam in system at this time:   0.000000E+00 kg
 Total enthalpy in system at this time:        0.287715E+16 MJ

 Water discharge this time step:   0.000000E+00 kg (0.000000E+00 kg/s)
 Water input this time step:       0.792421E+08 kg (0.138429E+02 kg/s)
 Total water discharge:            0.113069E+10 kg (0.375517E+00 kg/s)
 Total water input:                0.243140E+11 kg (0.807500E+01 kg/s)

 Enthalpy discharge this time step:  0.180613E+09 MJ (0.315515E+02 MJ/s)
 Enthalpy input this time step:      0.122884E+09 MJ (0.214668E+02 MJ/s)
 Total enthalpy discharge:           0.191128E+12 MJ (0.634761E+02 MJ/s)
 Total enthalpy input:               0.103919E+12 MJ (0.345129E+02 MJ/s)

 Net kg water discharge (total out-total in):  -0.231833E+11
 Net MJ energy discharge (total out-total in):   0.872089E+11
 Conservation Errors:  -0.282128E-03 (mass),  -0.405873E-04 (energy)

 Enthalpy discharge this time step:  0.216404E+09 MJ (0.315032E+02 MJ/s)
 Enthalpy input this time step:      0.147328E+09 MJ (0.214474E+02 MJ/s)
 Total enthalpy discharge:           0.191345E+12 MJ (0.634034E+02 MJ/s)
 Total enthalpy input:               0.104066E+12 MJ (0.344832E+02 MJ/s)

 Water discharge this time step:   0.000000E+00 kg (0.000000E+00 kg/s)
 Water input this time step:       0.952479E+08 kg (0.138658E+02 kg/s)
 Total water discharge:            0.113069E+10 kg (0.374662E+00 kg/s)
 Total water input:                0.244093E+11 kg (0.808818E+01 kg/s)

 Enthalpy discharge this time step:  0.216404E+09 MJ (0.315032E+02 MJ/s)
 Enthalpy input this time step:      0.147328E+09 MJ (0.214474E+02 MJ/s)
 Total enthalpy discharge:           0.191345E+12 MJ (0.634034E+02 MJ/s)
 Total enthalpy input:               0.104066E+12 MJ (0.344832E+02 MJ/s)

 Enthalpy discharge this time step:  0.259210E+09 MJ (0.314457E+02 MJ/s)
 Enthalpy input this time step:      0.176602E+09 MJ (0.214243E+02 MJ/s)
 Total enthalpy discharge:           0.191604E+12 MJ (0.633163E+02 MJ/s)
 Total enthalpy input:               0.104243E+12 MJ (0.344476E+02 MJ/s)

 Water discharge this time step:   0.000000E+00 kg (0.000000E+00 kg/s)
 Water input this time step:       0.114524E+09 kg (0.138933E+02 kg/s)
 Total water discharge:            0.113069E+10 kg (0.373642E+00 kg/s)
 Total water input:                0.245238E+11 kg (0.810399E+01 kg/s)

 Enthalpy discharge this time step:  0.259210E+09 MJ (0.314457E+02 MJ/s)
 Enthalpy input this time step:      0.176602E+09 MJ (0.214243E+02 MJ/s)
 Total enthalpy discharge:           0.191604E+12 MJ (0.633163E+02 MJ/s)
 Total enthalpy input:               0.104243E+12 MJ (0.344476E+02 MJ/s)
time step =      104 time step size =   114.48756797923    
out of bounds : node       36 x =  -0.5000E+05 y =  -0.5000E+05 z =   0.2500E+05
 p =   19.9849523     t =  2.00000000     s =   1.00000000    
 porosity =   9.99999945E-02 permx   1.00000000E-15 phase state    1 iter    1

 timestep =    104 timestep restarted because of balance errors or variable out of bounds
    
#### largest N-R corrections, timestep      104 ####
 EQ1 R=  0.1624E-01 node= 266201 zone=     5 x= 0.000     y= 0.000     z=-.2500E+05
 EQ2 R=  0.1204E-04 node= 266202 zone=     3 x= 0.000     y= 0.000     z=-.2300E+05
time step =      104 time step size =   22.897513595846    
out of bounds : node       36 x =  -0.5000E+05 y =  -0.5000E+05 z =   0.2500E+05
 p =   19.9972418     t =  2.00000000     s =   1.00000000    
 porosity =   9.99999945E-02 permx   1.00000000E-15 phase state    1 iter    1

 timestep =    104 timestep restarted because of balance errors or variable out of bounds
    
#### largest N-R corrections, timestep      104 ####
 EQ1 R=  0.3254E-02 node= 266201 zone=     5 x= 0.000     y= 0.000     z=-.2500E+05
 EQ2 R=  0.2412E-05 node= 266202 zone=     3 x= 0.000     y= 0.000     z=-.2300E+05
time step =      104 time step size =   4.5795027191693    
out of bounds : node       36 x =  -0.5000E+05 y =  -0.5000E+05 z =   0.2500E+05
 p =   19.9997032     t =  2.00000000     s =   1.00000000    
 porosity =   9.99999945E-02 permx   1.00000000E-15 phase state    1 iter    1

 timestep =    104 timestep restarted because of balance errors or variable out of bounds
    
#### largest N-R corrections, timestep      104 ####
 EQ1 R=  0.6510E-03 node= 266201 zone=     5 x= 0.000     y= 0.000     z=-.2500E+05
 EQ2 R=  0.4825E-06 node= 266202 zone=     3 x= 0.000     y= 0.000     z=-.2300E+05

 Enthalpy discharge this time step:  0.248770E+07 MJ (0.314366E+02 MJ/s)
 Enthalpy input this time step:      0.169593E+07 MJ (0.214312E+02 MJ/s)
 Total enthalpy discharge:           0.191606E+12 MJ (0.633155E+02 MJ/s)
 Total enthalpy input:               0.104245E+12 MJ (0.344473E+02 MJ/s)

 Water discharge this time step:   0.000000E+00 kg (0.000000E+00 kg/s)
 Water input this time step:       0.109945E+07 kg (0.138935E+02 kg/s)
 Total water discharge:            0.113069E+10 kg (0.373632E+00 kg/s)
 Total water input:                0.245249E+11 kg (0.810415E+01 kg/s)

 Enthalpy discharge this time step:  0.248770E+07 MJ (0.314366E+02 MJ/s)
 Enthalpy input this time step:      0.169593E+07 MJ (0.214312E+02 MJ/s)
 Total enthalpy discharge:           0.191606E+12 MJ (0.633155E+02 MJ/s)
 Total enthalpy input:               0.104245E+12 MJ (0.344473E+02 MJ/s)

 Enthalpy discharge this time step:  0.298507E+07 MJ (0.314349E+02 MJ/s)
 Enthalpy input this time step:      0.203517E+07 MJ (0.214318E+02 MJ/s)
 Total enthalpy discharge:           0.191609E+12 MJ (0.633145E+02 MJ/s)
 Total enthalpy input:               0.104247E+12 MJ (0.344469E+02 MJ/s)

 Water discharge this time step:   0.000000E+00 kg (0.000000E+00 kg/s)
 Water input this time step:       0.131937E+07 kg (0.138939E+02 kg/s)
 Total water discharge:            0.113069E+10 kg (0.373620E+00 kg/s)
 Total water input:                0.245262E+11 kg (0.810433E+01 kg/s)

 Enthalpy discharge this time step:  0.298507E+07 MJ (0.314349E+02 MJ/s)
 Enthalpy input this time step:      0.203517E+07 MJ (0.214318E+02 MJ/s)
 Total enthalpy discharge:           0.191609E+12 MJ (0.633145E+02 MJ/s)
 Total enthalpy input:               0.104247E+12 MJ (0.344469E+02 MJ/s)
time step =      106 time step size =   1.3188967831208    
out of bounds : node       36 x =  -0.5000E+05 y =  -0.5000E+05 z =   0.2500E+05
 p =   19.9998675     t =  2.00000000     s =   1.00000000    
 porosity =   9.99999945E-02 permx   1.00000000E-15 phase state    1 iter    1

 timestep =    106 timestep restarted because of balance errors or variable out of bounds
    
#### largest N-R corrections, timestep      106 ####
 EQ1 R=  0.1875E-03 node= 266201 zone=     5 x= 0.000     y= 0.000     z=-.2500E+05
 EQ2 R=  0.1389E-06 node= 266202 zone=     3 x= 0.000     y= 0.000     z=-.2300E+05

 Enthalpy discharge this time step:  0.716410E+06 MJ (0.314345E+02 MJ/s)
 Enthalpy input this time step:      0.488442E+06 MJ (0.214318E+02 MJ/s)
 Total enthalpy discharge:           0.191610E+12 MJ (0.633142E+02 MJ/s)
 Total enthalpy input:               0.104247E+12 MJ (0.344468E+02 MJ/s)

 Water discharge this time step:   0.000000E+00 kg (0.000000E+00 kg/s)
 Water input this time step:       0.316650E+06 kg (0.138939E+02 kg/s)
 Total water discharge:            0.113069E+10 kg (0.373617E+00 kg/s)
 Total water input:                0.245265E+11 kg (0.810437E+01 kg/s)

 Enthalpy discharge this time step:  0.716410E+06 MJ (0.314345E+02 MJ/s)
 Enthalpy input this time step:      0.488442E+06 MJ (0.214318E+02 MJ/s)
 Total enthalpy discharge:           0.191610E+12 MJ (0.633142E+02 MJ/s)
 Total enthalpy input:               0.104247E+12 MJ (0.344468E+02 MJ/s)
time step =      107 time step size =  0.31653522794898    
out of bounds : node       36 x =  -0.5000E+05 y =  -0.5000E+05 z =   0.2500E+05
 p =   19.9999663     t =  2.00000000     s =   1.00000000    
 porosity =   9.99999945E-02 permx   1.00000000E-15 phase state    1 iter    1

 timestep =    107 timestep restarted because of balance errors or variable out of bounds
    
#### largest N-R corrections, timestep      107 ####
 EQ1 R=  0.4500E-04 node= 266201 zone=     5 x= 0.000     y= 0.000     z=-.2500E+05
 EQ2 R=  0.3335E-07 node= 266202 zone=     3 x= 0.000     y= 0.000     z=-.2300E+05

 Enthalpy discharge this time step:  0.171938E+06 MJ (0.314345E+02 MJ/s)
 Enthalpy input this time step:      0.117226E+06 MJ (0.214318E+02 MJ/s)
 Total enthalpy discharge:           0.191610E+12 MJ (0.633142E+02 MJ/s)
 Total enthalpy input:               0.104247E+12 MJ (0.344467E+02 MJ/s)

 Water discharge this time step:   0.000000E+00 kg (0.000000E+00 kg/s)
 Water input this time step:       0.759961E+05 kg (0.138939E+02 kg/s)
 Total water discharge:            0.113069E+10 kg (0.373617E+00 kg/s)
 Total water input:                0.245266E+11 kg (0.810438E+01 kg/s)

 Enthalpy discharge this time step:  0.171938E+06 MJ (0.314345E+02 MJ/s)
 Enthalpy input this time step:      0.117226E+06 MJ (0.214318E+02 MJ/s)
 Total enthalpy discharge:           0.191610E+12 MJ (0.633142E+02 MJ/s)
 Total enthalpy input:               0.104247E+12 MJ (0.344467E+02 MJ/s)
time step =      108 time step size =  0.75968454707756E-01
out of bounds : node       36 x =  -0.5000E+05 y =  -0.5000E+05 z =   0.2500E+05
 p =   19.9999900     t =  2.00000000     s =   1.00000000    
 porosity =   9.99999945E-02 permx   1.00000000E-15 phase state    1 iter    1

 timestep =    108 timestep restarted because of balance errors or variable out of bounds
    
#### largest N-R corrections, timestep      108 ####
 EQ1 R=  0.1080E-04 node= 266201 zone=     5 x= 0.000     y= 0.000     z=-.2500E+05
 EQ2 R=  0.8004E-08 node= 266202 zone=     3 x= 0.000     y= 0.000     z=-.2300E+05
time step =      108 time step size =  0.15193690941551E-01
out of bounds : node       36 x =  -0.5000E+05 y =  -0.5000E+05 z =   0.2500E+05
 p =   19.9999982     t =  2.00000000     s =   1.00000000    
 porosity =   9.99999945E-02 permx   1.00000000E-15 phase state    1 iter    1

 timestep =    108 timestep restarted because of balance errors or variable out of bounds
    
#### largest N-R corrections, timestep      108 ####
 EQ1 R=  0.2160E-05 node= 266201 zone=     5 x= 0.000     y= 0.000     z=-.2500E+05
 EQ2 R=  0.1601E-08 node= 266202 zone=     3 x= 0.000     y= 0.000     z=-.2300E+05
time step =      108 time step size =  0.30387381883102E-02
out of bounds : node       36 x =  -0.5000E+05 y =  -0.5000E+05 z =   0.2500E+05
 p =   19.9999998     t =  2.00000000     s =   1.00000000    
 porosity =   9.99999945E-02 permx   1.00000000E-15 phase state    1 iter    1

 timestep =    108 timestep restarted because of balance errors or variable out of bounds
    
#### largest N-R corrections, timestep      108 ####
 EQ1 R=  0.4320E-06 node= 266201 zone=     5 x= 0.000     y= 0.000     z=-.2500E+05
 EQ2 R=  0.3201E-09 node= 266202 zone=     3 x= 0.000     y= 0.000     z=-.2300E+05

 Enthalpy discharge this time step:  0.165062E+04 MJ (0.314347E+02 MJ/s)
 Enthalpy input this time step:      0.112537E+04 MJ (0.214318E+02 MJ/s)
 Total enthalpy discharge:           0.191610E+12 MJ (0.633142E+02 MJ/s)
 Total enthalpy input:               0.104247E+12 MJ (0.344467E+02 MJ/s)

 Water discharge this time step:   0.000000E+00 kg (0.000000E+00 kg/s)
 Water input this time step:       0.729563E+03 kg (0.138939E+02 kg/s)
 Total water discharge:            0.113069E+10 kg (0.373617E+00 kg/s)
 Total water input:                0.245266E+11 kg (0.810438E+01 kg/s)

 Enthalpy discharge this time step:  0.165062E+04 MJ (0.314347E+02 MJ/s)
 Enthalpy input this time step:      0.112537E+04 MJ (0.214318E+02 MJ/s)
 Total enthalpy discharge:           0.191610E+12 MJ (0.633142E+02 MJ/s)
 Total enthalpy input:               0.104247E+12 MJ (0.344467E+02 MJ/s)

 Enthalpy discharge this time step:  0.198071E+04 MJ (0.314343E+02 MJ/s)
 Enthalpy input this time step:      0.135044E+04 MJ (0.214318E+02 MJ/s)
 Total enthalpy discharge:           0.191610E+12 MJ (0.633142E+02 MJ/s)
 Total enthalpy input:               0.104247E+12 MJ (0.344467E+02 MJ/s)

 Water discharge this time step:   0.000000E+00 kg (0.000000E+00 kg/s)
 Water input this time step:       0.875475E+03 kg (0.138939E+02 kg/s)
 Total water discharge:            0.113069E+10 kg (0.373617E+00 kg/s)
 Total water input:                0.245266E+11 kg (0.810438E+01 kg/s)

 Enthalpy discharge this time step:  0.198071E+04 MJ (0.314343E+02 MJ/s)
 Enthalpy input this time step:      0.135044E+04 MJ (0.214318E+02 MJ/s)
 Total enthalpy discharge:           0.191610E+12 MJ (0.633142E+02 MJ/s)
 Total enthalpy input:               0.104247E+12 MJ (0.344467E+02 MJ/s)
time step =      110 time step size =  0.87515659823335E-03
out of bounds : node       36 x =  -0.5000E+05 y =  -0.5000E+05 z =   0.2500E+05
 p =   19.9999999     t =  2.00000000     s =   1.00000000    
 porosity =   9.99999945E-02 permx   1.00000000E-15 phase state    1 iter    1

 timestep =    110 timestep restarted because of balance errors or variable out of bounds
    
#### largest N-R corrections, timestep      110 ####
 EQ1 R=  0.1244E-06 node= 266201 zone=     5 x= 0.000     y= 0.000     z=-.2500E+05
 EQ2 R=  0.9220E-10 node= 266202 zone=     3 x= 0.000     y= 0.000     z=-.2300E+05

 Enthalpy discharge this time step:  0.475408E+03 MJ (0.314367E+02 MJ/s)
 Enthalpy input this time step:      0.324104E+03 MJ (0.214316E+02 MJ/s)
 Total enthalpy discharge:           0.191610E+12 MJ (0.633142E+02 MJ/s)
 Total enthalpy input:               0.104247E+12 MJ (0.344467E+02 MJ/s)

 Water discharge this time step:   0.000000E+00 kg (0.000000E+00 kg/s)
 Water input this time step:       0.210114E+03 kg (0.138939E+02 kg/s)
 Total water discharge:            0.113069E+10 kg (0.373617E+00 kg/s)
 Total water input:                0.245266E+11 kg (0.810438E+01 kg/s)

 Enthalpy discharge this time step:  0.475408E+03 MJ (0.314367E+02 MJ/s)
 Enthalpy input this time step:      0.324104E+03 MJ (0.214316E+02 MJ/s)
 Total enthalpy discharge:           0.191610E+12 MJ (0.633142E+02 MJ/s)
 Total enthalpy input:               0.104247E+12 MJ (0.344467E+02 MJ/s)
*********************************************************************
 Time Step       111

                    Timing Information
           Years              Days         Step Size (Days)
      95.8988598          35027.0585        0.210037584E-03
 Cpu Sec for Time Step =   1.778     Current Total =     342.0    

                    Equation Performance
 Number of N-R Iterations:          2
 Avg # of Linear Equation Solver Iterations:   1.0
 Number of Active Nodes:    532436.
 Total Number of Iterations, N-R:        340 , Solver:       1130
 Phase Changes This Time Step:        0 Total           0
 Nodes Liq Phase:   532436 change        0
 Nodes Two Phase:        0 change        0
 Nodes Gas Phase:         0 change        0
 Nodes SC Phase:        0 change        0
 Number of restarted time steps           12
                    Largest Residuals
 EQ1 R=  0.5312E-11 node= 424476 zone=     4 x=0.3000E+05 y=-.1000E+05 z=0.2500E+05
 EQ2 R=  0.7832E-13 node=  86108 zone=     4 x=-.3400E+05 y=-.1000E+05 z=0.2500E+05
   Node   Equation 1 Residual   Equation 2 Residual
 266236     -0.627137E-13          -0.421240E-15
 266234      0.113632E-12           0.128276E-14
 266231      0.362348E-13           0.443792E-15
 266226     -0.487006E-13           0.831774E-14
 266221      0.702140E-12           0.906127E-14
 266210      0.282355E-13          -0.600906E-14
 266201     -0.890473E-12          -0.346320E-13

                    Nodal Information (Water)
                                                  source/sink  E source/sink
   Node   P (MPa)    E (MJ)    L sat     Temp (C)    (kg/s)       (MJ/s)
 266236    26.00     0.666E-01  1.00        2.000  -13.89     -0.926    
 266234    24.21     0.610E-01  1.00        1.998   0.000       0.00    
 266231    25.42     0.596E-01  1.00        1.999   0.000       0.00    
 266226    27.74     0.553E-01  1.00        2.000   0.000       0.00    
 266221    28.77     0.498E-01  1.00        2.001   0.000       0.00    
 266210    29.47     0.284E-01  1.00        2.001   0.000       0.00    
 266201    38.55     0.138E-01  1.00        2.000   0.000      0.126E-01

                    Global Mass & Energy Balances
 Total mass in system at this time:            0.506992E+17 kg
 Total mass of steam in system at this time:   0.000000E+00 kg
 Total enthalpy in system at this time:        0.287715E+16 MJ

 Water discharge this time step:   0.000000E+00 kg (0.000000E+00 kg/s)
 Water input this time step:       0.252137E+03 kg (0.138939E+02 kg/s)
 Total water discharge:            0.113069E+10 kg (0.373617E+00 kg/s)
 Total water input:                0.245266E+11 kg (0.810438E+01 kg/s)

 Enthalpy discharge this time step:  0.570432E+03 MJ (0.314335E+02 MJ/s)
 Enthalpy input this time step:      0.388921E+03 MJ (0.214314E+02 MJ/s)
 Total enthalpy discharge:           0.191610E+12 MJ (0.633142E+02 MJ/s)
 Total enthalpy input:               0.104247E+12 MJ (0.344467E+02 MJ/s)

 Net kg water discharge (total out-total in):  -0.233959E+11
 Net MJ energy discharge (total out-total in):   0.873626E+11
 Conservation Errors:  -0.280077E-03 (mass),  -0.405396E-04 (energy)
time step =      112 time step size =  0.25204510029120E-03
out of bounds : node       36 x =  -0.5000E+05 y =  -0.5000E+05 z =   0.2500E+05
 p =   20.0000000     t =  2.00000000     s =   1.00000000    
 porosity =   9.99999945E-02 permx   1.00000000E-15 phase state    1 iter    1

 timestep =    112 timestep restarted because of balance errors or variable out of bounds
    
#### largest N-R corrections, timestep      112 ####
 EQ1 R=  0.3583E-07 node= 266201 zone=     5 x= 0.000     y= 0.000     z=-.2500E+05
 EQ2 R=  0.2655E-10 node= 266202 zone=     3 x= 0.000     y= 0.000     z=-.2300E+05

 Enthalpy discharge this time step:  0.136922E+03 MJ (0.314377E+02 MJ/s)
 Enthalpy input this time step:      0.933408E+02 MJ (0.214313E+02 MJ/s)
 Total enthalpy discharge:           0.191610E+12 MJ (0.633142E+02 MJ/s)
 Total enthalpy input:               0.104247E+12 MJ (0.344467E+02 MJ/s)

 Water discharge this time step:   0.000000E+00 kg (0.000000E+00 kg/s)
 Water input this time step:       0.605128E+02 kg (0.138939E+02 kg/s)
 Total water discharge:            0.113069E+10 kg (0.373617E+00 kg/s)
 Total water input:                0.245266E+11 kg (0.810438E+01 kg/s)

 Enthalpy discharge this time step:  0.136922E+03 MJ (0.314377E+02 MJ/s)
 Enthalpy input this time step:      0.933408E+02 MJ (0.214313E+02 MJ/s)
 Total enthalpy discharge:           0.191610E+12 MJ (0.633142E+02 MJ/s)
 Total enthalpy input:               0.104247E+12 MJ (0.344467E+02 MJ/s)
time step =      113 time step size =  0.60490824069889E-04
out of bounds : node       36 x =  -0.5000E+05 y =  -0.5000E+05 z =   0.2500E+05
 p =   20.0000000     t =  2.00000000     s =   1.00000000    
 porosity =   9.99999945E-02 permx   1.00000000E-15 phase state    1 iter    1

 timestep =    113 timestep restarted because of balance errors or variable out of bounds
    
#### largest N-R corrections, timestep      113 ####
 EQ1 R=  0.8599E-08 node= 266201 zone=     5 x= 0.000     y= 0.000     z=-.2500E+05
 EQ2 R=  0.6373E-11 node= 266202 zone=     3 x= 0.000     y= 0.000     z=-.2300E+05
time step =      113 time step size =  0.12098164813978E-04
out of bounds : node       36 x =  -0.5000E+05 y =  -0.5000E+05 z =   0.2500E+05
 p =   20.0000000     t =  2.00000000     s =   1.00000000    
 porosity =   9.99999945E-02 permx   1.00000000E-15 phase state    1 iter    1

 timestep =    113 timestep restarted because of balance errors or variable out of bounds
    
#### largest N-R corrections, timestep      113 ####
 EQ1 R=  0.1720E-08 node= 266201 zone=     5 x= 0.000     y= 0.000     z=-.2500E+05
 EQ2 R=  0.1275E-11 node= 266202 zone=     3 x= 0.000     y= 0.000     z=-.2300E+05

 Enthalpy discharge this time step:  0.656378E+01 MJ (0.313972E+02 MJ/s)
 Enthalpy input this time step:      0.448036E+01 MJ (0.214313E+02 MJ/s)
 Total enthalpy discharge:           0.191610E+12 MJ (0.633142E+02 MJ/s)
 Total enthalpy input:               0.104247E+12 MJ (0.344467E+02 MJ/s)

 Water discharge this time step:   0.000000E+00 kg (0.000000E+00 kg/s)
 Water input this time step:       0.290462E+01 kg (0.138939E+02 kg/s)
 Total water discharge:            0.113069E+10 kg (0.373617E+00 kg/s)
 Total water input:                0.245266E+11 kg (0.810438E+01 kg/s)

 Enthalpy discharge this time step:  0.656378E+01 MJ (0.313972E+02 MJ/s)
 Enthalpy input this time step:      0.448036E+01 MJ (0.214313E+02 MJ/s)
 Total enthalpy discharge:           0.191610E+12 MJ (0.633142E+02 MJ/s)
 Total enthalpy input:               0.104247E+12 MJ (0.344467E+02 MJ/s)

 Enthalpy discharge this time step:  0.786423E+01 MJ (0.313481E+02 MJ/s)
 Enthalpy input this time step:      0.537643E+01 MJ (0.214313E+02 MJ/s)
 Total enthalpy discharge:           0.191610E+12 MJ (0.633142E+02 MJ/s)
 Total enthalpy input:               0.104247E+12 MJ (0.344467E+02 MJ/s)

 Water discharge this time step:   0.000000E+00 kg (0.000000E+00 kg/s)
 Water input this time step:       0.348554E+01 kg (0.138939E+02 kg/s)
 Total water discharge:            0.113069E+10 kg (0.373617E+00 kg/s)
 Total water input:                0.245266E+11 kg (0.810438E+01 kg/s)

 Enthalpy discharge this time step:  0.786423E+01 MJ (0.313481E+02 MJ/s)
 Enthalpy input this time step:      0.537643E+01 MJ (0.214313E+02 MJ/s)
 Total enthalpy discharge:           0.191610E+12 MJ (0.633142E+02 MJ/s)
 Total enthalpy input:               0.104247E+12 MJ (0.344467E+02 MJ/s)

 Enthalpy discharge this time step:  0.946399E+01 MJ (0.314375E+02 MJ/s)
 Enthalpy input this time step:      0.645171E+01 MJ (0.214313E+02 MJ/s)
 Total enthalpy discharge:           0.191610E+12 MJ (0.633142E+02 MJ/s)
 Total enthalpy input:               0.104247E+12 MJ (0.344467E+02 MJ/s)

 Water discharge this time step:   0.000000E+00 kg (0.000000E+00 kg/s)
 Water input this time step:       0.418265E+01 kg (0.138939E+02 kg/s)
 Total water discharge:            0.113069E+10 kg (0.373617E+00 kg/s)
 Total water input:                0.245266E+11 kg (0.810438E+01 kg/s)

 Enthalpy discharge this time step:  0.946399E+01 MJ (0.314375E+02 MJ/s)
 Enthalpy input this time step:      0.645171E+01 MJ (0.214313E+02 MJ/s)
 Total enthalpy discharge:           0.191610E+12 MJ (0.633142E+02 MJ/s)
 Total enthalpy input:               0.104247E+12 MJ (0.344467E+02 MJ/s)
time step =      116 time step size =  0.41811257597107E-05
out of bounds : node       36 x =  -0.5000E+05 y =  -0.5000E+05 z =   0.2500E+05
 p =   20.0000000     t =  2.00000000     s =   1.00000000    
 porosity =   9.99999945E-02 permx   1.00000000E-15 phase state    1 iter    1

 timestep =    116 timestep restarted because of balance errors or variable out of bounds
    
#### largest N-R corrections, timestep      116 ####
 EQ1 R=  0.5944E-09 node= 266201 zone=     5 x= 0.000     y= 0.000     z=-.2500E+05
 EQ2 R=  0.4405E-12 node= 266202 zone=     3 x= 0.000     y= 0.000     z=-.2300E+05

 timestep less than daymin  116        0.836225E-06         35027.1    
