FEHM V3.4.0lbUbuntu16 24-03-17   05/13/2025    17:00:28

Copyright  2015.   Los Alamos National Security, LLC.  This material was
produced under U.S. Government contract DE-AC52-06NA25396 for Los Alamos
National  Laboratory  (LANL),  which is operated by  Los Alamos National
Security, LLC  for the U. S. Department of Energy.  The U. S. Government
has rights to use, reproduce, and distribute this software.  Neither the
U. S. Government nor Los Alamos National Security, LLC or persons acting
on their behalf,  make any warranty,  express or implied, or assumes any
liability for the accuracy, completeness, or usefulness of the software,
any information pertaining to the software,  or  represents that its use
would not infringe privately owned rights.

The  software  being licensed  may  be Export Controlled.  It may not be
distributed  or  used by individuals  or entities prohibited from having
access to the software package, pursuant to United States export control
laws and regulations. An export control review and determination must be
completed before LANS will provide access to the identified Software.

 ppor read from optional input file: s5_0fr_sm0_p15un_10mW.ppor                                                                                                                                                                              
 n0 =       532436

 "Eu grav; 100x100x50 km; uniform perm = 10-15 m2; no fracs; 10mW/m2 at base"    



 File purpose - Variable - Unit number - File name

    control       - iocntl -  1 - fehmn.files                                                                                         
    input         - inpt   - 11 - s5_0fr_sm0_p15un_10mW.dat                                                                           
    geometry      - incoor - 12 - s5_0fr_sm0_p15un_10mW.fehm                                                                          
    zone          - inzone - 13 - s5_0fr_sm0_p15un_10mW_material.zone                                                                 
    output        - iout   - 14 - s5_0fr_sm0_p15un_10mW.out                                                                           
    initial state - iread  - 15 - s5_0fr_sm0_p15un_10mW.ini                                                                           
    final state   - isave  - 16 - s5_0fr_sm0_p15un_10mW.fin                                                                           
    time history  - ishis  - 17 - s5_0fr_sm0_p15un_10mW.hist                                                                          
    time his.(tr) - istrc  -  0 - not using                                                                                           
    contour plot  - iscon  -  0 - not using                                                                                           
    con plot (dp) - iscon1 -  0 - not using                                                                                           
    fe coef stor  - isstor - 21 - s5_0fr_sm0_p15un_10mW.stor                                                                          
    input check   - ischk  - 22 - s5_0fr_sm0_p15un_10mW.chk                                                                           
 Value provided to subroutine user: not using

 **** input title : coor **** incoor =  12 ****
 **** input title : elem **** incoor =  12 ****
 **** input title : stop **** incoor =  12 ****
 **** input title : zone **** inzone =  13 ****
 **** input title : stop **** inzone =  13 ****
 **** input title : cont **** inpt =  11 ****
 **** contour format defined  : avs  ****
 **** input title : sol  **** inpt =  11 ****
 **** input title : node **** inpt =  11 ****
 **** input title : eos  **** inpt =  11 ****
 **** input title : flow **** inpt =  11 ****
 **** input title : perm **** inpt =  11 ****
 perm read from optional input file: s5_0fr_sm0_p15un_10mW.perm                                                                                                                                                                              
 **** input title : rock **** inpt =  11 ****
 rock read from optional input file: s5_0fr_sm0_p15un_10mW.rock                                                                                                                                                                              
 **** input title : cond **** inpt =  11 ****
 cond read from optional input file: s5_0fr_sm0_p15un_10mW.cond                                                                                                                                                                              
 **** input title : ppor **** inpt =  11 ****
 ppor read from optional input file: s5_0fr_sm0_p15un_10mW.ppor                                                                                                                                                                              
 **** input title : hflx **** inpt =  11 ****
 **** input title : hflx **** inpt =  11 ****
 hflx read from optional input file: s5_0fr_sm0_p15un_10mW.hflx                                                                                                                                                                              
 **** input title : time **** inpt =  11 ****
 **** input title : ctrl **** inpt =  11 ****
 **** input title : stop **** inpt =  11 ****
 !!!!!!!!!!!!!!!!!!!!!!!!!!!!!!!!!!!!!!!
 Coefficients read from file s5_0fr_sm0_p15un_10mW.stor
 !!!!!!!!!!!!!!!!!!!!!!!!!!!!!!!!!!!!!!!

 storage for geometric coefficients         19 in common(nr)         19
Reading initial condition data from file s5_0fr_sm0_p15un_10mW.ini
 gmres method chosen 
 >>>generating nop .....
 >>>writing nop to file nop.temp .....

 storage needed for ncon        4892943 available    4892943
 storage needed for nop         8748543 available    8748543
 storage needed for a matrix   17442024 available   17442024
 storage needed for b matrix   32864424 available   59688428
 storage for acceleration  27686672 available   27686672
 storage available for b matrix resized to   32864424<<<<<<


 time for reading input, forming coefficients   11.5    



 **** analysis of input data on file s5_0fr_sm0_p15un_10mW.chk        ****

*********************************************************************
 Time Step         1

                    Timing Information
           Years              Days         Step Size (Days)
     0.273785079E-06     0.100000000E-03    0.100000000E-03
 Cpu Sec for Time Step =   1.547     Current Total =     1.562    

                    Equation Performance
 Number of N-R Iterations:          2
 Avg # of Linear Equation Solver Iterations:   0.5
 Number of Active Nodes:    266218.
 Total Number of Iterations, N-R:          2 , Solver:          1
 Phase Changes This Time Step:        0 Total           0
 Nodes Liq Phase:   532436 change        0
 Nodes Two Phase:        0 change        0
 Nodes Gas Phase:         0 change        0
 Nodes SC Phase:        0 change        0
 Number of restarted time steps            0
                    Largest Residuals
 EQ1 R=  0.1661E-11 node= 435542 zone=     3 x=0.3200E+05 y= 4000.     z=-7000.    
 EQ2 R=  0.2387E-13 node= 260240 zone=     1 x=-1000.     y=-.2500E+05 z=0.2300E+05
   Node   Equation 1 Residual   Equation 2 Residual
 266236     -0.268736E-12          -0.543599E-14
 266234      0.525428E-15           0.656382E-15
 266231      0.225778E-18           0.747361E-21
 266226      0.161628E-14           0.189363E-14
 266221      0.122235E-17           0.180678E-20
 266210      0.323577E-15           0.319076E-15
 266201      0.436194E-12           0.184239E-14

                    Nodal Information (Water)
                                                  source/sink  E source/sink
   Node   P (MPa)    E (MJ)    L sat     Temp (C)    (kg/s)       (MJ/s)
 266236    135.2     0.167      1.00        2.000  0.1393E-04  0.233E-05
 266234    139.3     0.167      1.00        2.000   0.000       0.00    
 266231    142.1     0.166      1.00        2.000   0.000       0.00    
 266226    149.0     0.166      1.00        2.000   0.000       0.00    
 266221    155.9     0.165      1.00        2.000   0.000       0.00    
 266210    179.6     0.163      1.00        2.000   0.000       0.00    
 266201    204.8     0.161      1.00        2.000   0.000     -0.400E-01

                    Global Mass & Energy Balances
 Total mass in system at this time:            0.477635E+17 kg
 Total mass of steam in system at this time:   0.000000E+00 kg
 Total enthalpy in system at this time:        0.319067E+16 MJ

 Water discharge this time step:   0.120326E-03 kg (0.139266E-04 kg/s)
 Water input this time step:       0.000000E+00 kg (0.000000E+00 kg/s)
 Total water discharge:            0.120326E-03 kg (0.139266E-04 kg/s)
 Total water input:                0.000000E+00 kg (0.000000E+00 kg/s)

 Enthalpy discharge this time step:  0.941262E-04 MJ (0.108942E-04 MJ/s)
 Enthalpy input this time step:      0.864000E+03 MJ (0.100000E+03 MJ/s)
 Total enthalpy discharge:           0.941262E-04 MJ (0.108942E-04 MJ/s)
 Total enthalpy input:               0.864000E+03 MJ (0.100000E+03 MJ/s)

 Net kg water discharge (total out-total in):   0.120326E-03
 Net MJ energy discharge (total out-total in):  -0.864000E+03
 Conservation Errors:   0.100000E+01 (mass),   0.242477E+00 (energy)

 Enthalpy discharge this time step:  0.991006E-04 MJ (0.955832E-05 MJ/s)
 Enthalpy input this time step:      0.103680E+04 MJ (0.100000E+03 MJ/s)
 Total enthalpy discharge:           0.193227E-03 MJ (0.101656E-04 MJ/s)
 Total enthalpy input:               0.190080E+04 MJ (0.100000E+03 MJ/s)

 Water discharge this time step:   0.618820E-04 kg (0.596856E-05 kg/s)
 Water input this time step:       0.000000E+00 kg (0.000000E+00 kg/s)
 Total water discharge:            0.182208E-03 kg (0.958587E-05 kg/s)
 Total water input:                0.000000E+00 kg (0.000000E+00 kg/s)

 Enthalpy discharge this time step:  0.991006E-04 MJ (0.955832E-05 MJ/s)
 Enthalpy input this time step:      0.103680E+04 MJ (0.100000E+03 MJ/s)
 Total enthalpy discharge:           0.193227E-03 MJ (0.101656E-04 MJ/s)
 Total enthalpy input:               0.190080E+04 MJ (0.100000E+03 MJ/s)

 Enthalpy discharge this time step:  0.110583E-03 MJ (0.888814E-05 MJ/s)
 Enthalpy input this time step:      0.124416E+04 MJ (0.100000E+03 MJ/s)
 Total enthalpy discharge:           0.303809E-03 MJ (0.966020E-05 MJ/s)
 Total enthalpy input:               0.314496E+04 MJ (0.100000E+03 MJ/s)

 Water discharge this time step:   0.247528E-04 kg (0.198952E-05 kg/s)
 Water input this time step:       0.000000E+00 kg (0.000000E+00 kg/s)
 Total water discharge:            0.206961E-03 kg (0.658072E-05 kg/s)
 Total water input:                0.000000E+00 kg (0.000000E+00 kg/s)

 Enthalpy discharge this time step:  0.110583E-03 MJ (0.888814E-05 MJ/s)
 Enthalpy input this time step:      0.124416E+04 MJ (0.100000E+03 MJ/s)
 Total enthalpy discharge:           0.303809E-03 MJ (0.966020E-05 MJ/s)
 Total enthalpy input:               0.314496E+04 MJ (0.100000E+03 MJ/s)

 Enthalpy discharge this time step:  0.130213E-03 MJ (0.872165E-05 MJ/s)
 Enthalpy input this time step:      0.149299E+04 MJ (0.100000E+03 MJ/s)
 Total enthalpy discharge:           0.434023E-03 MJ (0.935807E-05 MJ/s)
 Total enthalpy input:               0.463795E+04 MJ (0.100000E+03 MJ/s)

 Water discharge this time step:   0.148517E-04 kg (0.994760E-06 kg/s)
 Water input this time step:       0.000000E+00 kg (0.000000E+00 kg/s)
 Total water discharge:            0.221813E-03 kg (0.478256E-05 kg/s)
 Total water input:                0.000000E+00 kg (0.000000E+00 kg/s)

 Enthalpy discharge this time step:  0.130213E-03 MJ (0.872165E-05 MJ/s)
 Enthalpy input this time step:      0.149299E+04 MJ (0.100000E+03 MJ/s)
 Total enthalpy discharge:           0.434023E-03 MJ (0.935807E-05 MJ/s)
 Total enthalpy input:               0.463795E+04 MJ (0.100000E+03 MJ/s)

 Enthalpy discharge this time step:  0.156248E-03 MJ (0.872120E-05 MJ/s)
 Enthalpy input this time step:      0.179159E+04 MJ (0.100000E+03 MJ/s)
 Total enthalpy discharge:           0.590271E-03 MJ (0.918061E-05 MJ/s)
 Total enthalpy input:               0.642954E+04 MJ (0.100000E+03 MJ/s)

 Water discharge this time step:   0.178220E-04 kg (0.994760E-06 kg/s)
 Water input this time step:       0.000000E+00 kg (0.000000E+00 kg/s)
 Total water discharge:            0.239635E-03 kg (0.372709E-05 kg/s)
 Total water input:                0.000000E+00 kg (0.000000E+00 kg/s)

 Enthalpy discharge this time step:  0.156248E-03 MJ (0.872120E-05 MJ/s)
 Enthalpy input this time step:      0.179159E+04 MJ (0.100000E+03 MJ/s)
 Total enthalpy discharge:           0.590271E-03 MJ (0.918061E-05 MJ/s)
 Total enthalpy input:               0.642954E+04 MJ (0.100000E+03 MJ/s)

 Enthalpy discharge this time step:  0.184114E-03 MJ (0.856382E-05 MJ/s)
 Enthalpy input this time step:      0.214991E+04 MJ (0.100000E+03 MJ/s)
 Total enthalpy discharge:           0.774385E-03 MJ (0.902605E-05 MJ/s)
 Total enthalpy input:               0.857945E+04 MJ (0.100000E+03 MJ/s)

 Water discharge this time step:   0.000000E+00 kg (0.000000E+00 kg/s)
 Water input this time step:       0.000000E+00 kg (0.000000E+00 kg/s)
 Total water discharge:            0.239635E-03 kg (0.279312E-05 kg/s)
 Total water input:                0.000000E+00 kg (0.000000E+00 kg/s)

 Enthalpy discharge this time step:  0.184114E-03 MJ (0.856382E-05 MJ/s)
 Enthalpy input this time step:      0.214991E+04 MJ (0.100000E+03 MJ/s)
 Total enthalpy discharge:           0.774385E-03 MJ (0.902605E-05 MJ/s)
 Total enthalpy input:               0.857945E+04 MJ (0.100000E+03 MJ/s)

 Enthalpy discharge this time step:  0.220937E-03 MJ (0.856382E-05 MJ/s)
 Enthalpy input this time step:      0.257989E+04 MJ (0.100000E+03 MJ/s)
 Total enthalpy discharge:           0.995322E-03 MJ (0.891919E-05 MJ/s)
 Total enthalpy input:               0.111593E+05 MJ (0.100000E+03 MJ/s)

 Water discharge this time step:   0.000000E+00 kg (0.000000E+00 kg/s)
 Water input this time step:       0.000000E+00 kg (0.000000E+00 kg/s)
 Total water discharge:            0.239635E-03 kg (0.214739E-05 kg/s)
 Total water input:                0.000000E+00 kg (0.000000E+00 kg/s)

 Enthalpy discharge this time step:  0.220937E-03 MJ (0.856382E-05 MJ/s)
 Enthalpy input this time step:      0.257989E+04 MJ (0.100000E+03 MJ/s)
 Total enthalpy discharge:           0.995322E-03 MJ (0.891919E-05 MJ/s)
 Total enthalpy input:               0.111593E+05 MJ (0.100000E+03 MJ/s)

 Enthalpy discharge this time step:  0.265124E-03 MJ (0.856382E-05 MJ/s)
 Enthalpy input this time step:      0.309587E+04 MJ (0.100000E+03 MJ/s)
 Total enthalpy discharge:           0.126045E-02 MJ (0.884201E-05 MJ/s)
 Total enthalpy input:               0.142552E+05 MJ (0.100000E+03 MJ/s)

 Water discharge this time step:   0.000000E+00 kg (0.000000E+00 kg/s)
 Water input this time step:       0.000000E+00 kg (0.000000E+00 kg/s)
 Total water discharge:            0.239635E-03 kg (0.168103E-05 kg/s)
 Total water input:                0.000000E+00 kg (0.000000E+00 kg/s)

 Enthalpy discharge this time step:  0.265124E-03 MJ (0.856382E-05 MJ/s)
 Enthalpy input this time step:      0.309587E+04 MJ (0.100000E+03 MJ/s)
 Total enthalpy discharge:           0.126045E-02 MJ (0.884201E-05 MJ/s)
 Total enthalpy input:               0.142552E+05 MJ (0.100000E+03 MJ/s)

 Enthalpy discharge this time step:  0.318149E-03 MJ (0.856382E-05 MJ/s)
 Enthalpy input this time step:      0.371504E+04 MJ (0.100000E+03 MJ/s)
 Total enthalpy discharge:           0.157860E-02 MJ (0.878450E-05 MJ/s)
 Total enthalpy input:               0.179703E+05 MJ (0.100000E+03 MJ/s)

 Water discharge this time step:   0.000000E+00 kg (0.000000E+00 kg/s)
 Water input this time step:       0.000000E+00 kg (0.000000E+00 kg/s)
 Total water discharge:            0.239635E-03 kg (0.133351E-05 kg/s)
 Total water input:                0.000000E+00 kg (0.000000E+00 kg/s)

 Enthalpy discharge this time step:  0.318149E-03 MJ (0.856382E-05 MJ/s)
 Enthalpy input this time step:      0.371504E+04 MJ (0.100000E+03 MJ/s)
 Total enthalpy discharge:           0.157860E-02 MJ (0.878450E-05 MJ/s)
 Total enthalpy input:               0.179703E+05 MJ (0.100000E+03 MJ/s)

 Enthalpy discharge this time step:  0.381779E-03 MJ (0.856382E-05 MJ/s)
 Enthalpy input this time step:      0.445805E+04 MJ (0.100000E+03 MJ/s)
 Total enthalpy discharge:           0.196038E-02 MJ (0.874063E-05 MJ/s)
 Total enthalpy input:               0.224283E+05 MJ (0.100000E+03 MJ/s)

 Water discharge this time step:   0.000000E+00 kg (0.000000E+00 kg/s)
 Water input this time step:       0.000000E+00 kg (0.000000E+00 kg/s)
 Total water discharge:            0.239635E-03 kg (0.106845E-05 kg/s)
 Total water input:                0.000000E+00 kg (0.000000E+00 kg/s)

 Enthalpy discharge this time step:  0.381779E-03 MJ (0.856382E-05 MJ/s)
 Enthalpy input this time step:      0.445805E+04 MJ (0.100000E+03 MJ/s)
 Total enthalpy discharge:           0.196038E-02 MJ (0.874063E-05 MJ/s)
 Total enthalpy input:               0.224283E+05 MJ (0.100000E+03 MJ/s)
*********************************************************************
 Time Step        11

                    Timing Information
           Years              Days         Step Size (Days)
     0.880230487E-05     0.321504185E-02    0.619173642E-03
 Cpu Sec for Time Step =   1.479     Current Total =     17.12    

                    Equation Performance
 Number of N-R Iterations:          2
 Avg # of Linear Equation Solver Iterations:   0.5
 Number of Active Nodes:    266218.
 Total Number of Iterations, N-R:         22 , Solver:         11
 Phase Changes This Time Step:        0 Total           0
 Nodes Liq Phase:   532436 change        0
 Nodes Two Phase:        0 change        0
 Nodes Gas Phase:         0 change        0
 Nodes SC Phase:        0 change        0
 Number of restarted time steps            0
                    Largest Residuals
 EQ1 R=  0.8716E-12 node= 288977 zone=     5 x= 4000.     y=0.4400E+05 z=-.2500E+05
 EQ2 R=  0.5433E-14 node= 528736 zone=     4 x=0.5000E+05 y=-.5000E+05 z=0.2500E+05
   Node   Equation 1 Residual   Equation 2 Residual
 266236     -0.167031E-16          -0.649886E-16
 266234      0.977523E-19           0.846568E-21
 266231      0.139793E-17           0.462737E-20
 266226      0.109455E-17           0.372411E-20
 266221      0.756818E-17           0.111866E-19
 266210      0.279746E-18           0.429587E-21
 266201     -0.434685E-12          -0.166517E-14

                    Nodal Information (Water)
                                                  source/sink  E source/sink
   Node   P (MPa)    E (MJ)    L sat     Temp (C)    (kg/s)       (MJ/s)
 266236    135.2     0.167      1.00        2.000   0.000     -0.133E-07
 266234    139.3     0.167      1.00        2.000   0.000       0.00    
 266231    142.1     0.166      1.00        2.000   0.000       0.00    
 266226    149.0     0.166      1.00        2.000   0.000       0.00    
 266221    155.9     0.165      1.00        2.000   0.000       0.00    
 266210    179.6     0.163      1.00        2.000   0.000       0.00    
 266201    204.8     0.161      1.00        2.000   0.000     -0.400E-01

                    Global Mass & Energy Balances
 Total mass in system at this time:            0.477635E+17 kg
 Total mass of steam in system at this time:   0.000000E+00 kg
 Total enthalpy in system at this time:        0.319067E+16 MJ

 Water discharge this time step:   0.000000E+00 kg (0.000000E+00 kg/s)
 Water input this time step:       0.000000E+00 kg (0.000000E+00 kg/s)
 Total water discharge:            0.239635E-03 kg (0.862679E-06 kg/s)
 Total water input:                0.000000E+00 kg (0.000000E+00 kg/s)

 Enthalpy discharge this time step:  0.457470E-03 MJ (0.855138E-05 MJ/s)
 Enthalpy input this time step:      0.534966E+04 MJ (0.100000E+03 MJ/s)
 Total enthalpy discharge:           0.241785E-02 MJ (0.870419E-05 MJ/s)
 Total enthalpy input:               0.277780E+05 MJ (0.100000E+03 MJ/s)

 Net kg water discharge (total out-total in):   0.239635E-03
 Net MJ energy discharge (total out-total in):  -0.277780E+05
 Conservation Errors:   0.100000E+01 (mass),   0.111746E-02 (energy)

 Enthalpy discharge this time step:  0.548964E-03 MJ (0.855138E-05 MJ/s)
 Enthalpy input this time step:      0.641959E+04 MJ (0.100000E+03 MJ/s)
 Total enthalpy discharge:           0.296681E-02 MJ (0.867550E-05 MJ/s)
 Total enthalpy input:               0.341976E+05 MJ (0.100000E+03 MJ/s)

 Water discharge this time step:   0.000000E+00 kg (0.000000E+00 kg/s)
 Water input this time step:       0.000000E+00 kg (0.000000E+00 kg/s)
 Total water discharge:            0.239635E-03 kg (0.700736E-06 kg/s)
 Total water input:                0.000000E+00 kg (0.000000E+00 kg/s)

 Enthalpy discharge this time step:  0.548964E-03 MJ (0.855138E-05 MJ/s)
 Enthalpy input this time step:      0.641959E+04 MJ (0.100000E+03 MJ/s)
 Total enthalpy discharge:           0.296681E-02 MJ (0.867550E-05 MJ/s)
 Total enthalpy input:               0.341976E+05 MJ (0.100000E+03 MJ/s)

 Enthalpy discharge this time step:  0.658757E-03 MJ (0.855138E-05 MJ/s)
 Enthalpy input this time step:      0.770351E+04 MJ (0.100000E+03 MJ/s)
 Total enthalpy discharge:           0.362557E-02 MJ (0.865268E-05 MJ/s)
 Total enthalpy input:               0.419011E+05 MJ (0.100000E+03 MJ/s)

 Water discharge this time step:   0.000000E+00 kg (0.000000E+00 kg/s)
 Water input this time step:       0.000000E+00 kg (0.000000E+00 kg/s)
 Total water discharge:            0.239635E-03 kg (0.571906E-06 kg/s)
 Total water input:                0.000000E+00 kg (0.000000E+00 kg/s)

 Enthalpy discharge this time step:  0.658757E-03 MJ (0.855138E-05 MJ/s)
 Enthalpy input this time step:      0.770351E+04 MJ (0.100000E+03 MJ/s)
 Total enthalpy discharge:           0.362557E-02 MJ (0.865268E-05 MJ/s)
 Total enthalpy input:               0.419011E+05 MJ (0.100000E+03 MJ/s)

 Enthalpy discharge this time step:  0.790426E-03 MJ (0.855049E-05 MJ/s)
 Enthalpy input this time step:      0.924421E+04 MJ (0.100000E+03 MJ/s)
 Total enthalpy discharge:           0.441599E-02 MJ (0.863421E-05 MJ/s)
 Total enthalpy input:               0.511453E+05 MJ (0.100000E+03 MJ/s)

 Water discharge this time step:   0.000000E+00 kg (0.000000E+00 kg/s)
 Water input this time step:       0.000000E+00 kg (0.000000E+00 kg/s)
 Total water discharge:            0.239635E-03 kg (0.468537E-06 kg/s)
 Total water input:                0.000000E+00 kg (0.000000E+00 kg/s)

 Enthalpy discharge this time step:  0.790426E-03 MJ (0.855049E-05 MJ/s)
 Enthalpy input this time step:      0.924421E+04 MJ (0.100000E+03 MJ/s)
 Total enthalpy discharge:           0.441599E-02 MJ (0.863421E-05 MJ/s)
 Total enthalpy input:               0.511453E+05 MJ (0.100000E+03 MJ/s)

 Enthalpy discharge this time step:  0.890972E-03 MJ (0.803180E-05 MJ/s)
 Enthalpy input this time step:      0.110931E+05 MJ (0.100000E+03 MJ/s)
 Total enthalpy discharge:           0.530696E-02 MJ (0.852684E-05 MJ/s)
 Total enthalpy input:               0.622383E+05 MJ (0.100000E+03 MJ/s)

 Water discharge this time step:   0.000000E+00 kg (0.000000E+00 kg/s)
 Water input this time step:       0.000000E+00 kg (0.000000E+00 kg/s)
 Total water discharge:            0.239635E-03 kg (0.385027E-06 kg/s)
 Total water input:                0.000000E+00 kg (0.000000E+00 kg/s)

 Enthalpy discharge this time step:  0.890972E-03 MJ (0.803180E-05 MJ/s)
 Enthalpy input this time step:      0.110931E+05 MJ (0.100000E+03 MJ/s)
 Total enthalpy discharge:           0.530696E-02 MJ (0.852684E-05 MJ/s)
 Total enthalpy input:               0.622383E+05 MJ (0.100000E+03 MJ/s)

 Enthalpy discharge this time step:  0.106988E-02 MJ (0.803713E-05 MJ/s)
 Enthalpy input this time step:      0.133117E+05 MJ (0.100000E+03 MJ/s)
 Total enthalpy discharge:           0.637684E-02 MJ (0.844055E-05 MJ/s)
 Total enthalpy input:               0.755500E+05 MJ (0.100000E+03 MJ/s)

 Water discharge this time step:   0.000000E+00 kg (0.000000E+00 kg/s)
 Water input this time step:       0.000000E+00 kg (0.000000E+00 kg/s)
 Total water discharge:            0.239635E-03 kg (0.317187E-06 kg/s)
 Total water input:                0.000000E+00 kg (0.000000E+00 kg/s)

 Enthalpy discharge this time step:  0.106988E-02 MJ (0.803713E-05 MJ/s)
 Enthalpy input this time step:      0.133117E+05 MJ (0.100000E+03 MJ/s)
 Total enthalpy discharge:           0.637684E-02 MJ (0.844055E-05 MJ/s)
 Total enthalpy input:               0.755500E+05 MJ (0.100000E+03 MJ/s)

 Enthalpy discharge this time step:  0.128562E-02 MJ (0.804823E-05 MJ/s)
 Enthalpy input this time step:      0.159740E+05 MJ (0.100000E+03 MJ/s)
 Total enthalpy discharge:           0.766246E-02 MJ (0.837208E-05 MJ/s)
 Total enthalpy input:               0.915240E+05 MJ (0.100000E+03 MJ/s)

 Water discharge this time step:   0.000000E+00 kg (0.000000E+00 kg/s)
 Water input this time step:       0.000000E+00 kg (0.000000E+00 kg/s)
 Total water discharge:            0.239635E-03 kg (0.261827E-06 kg/s)
 Total water input:                0.000000E+00 kg (0.000000E+00 kg/s)

 Enthalpy discharge this time step:  0.128562E-02 MJ (0.804823E-05 MJ/s)
 Enthalpy input this time step:      0.159740E+05 MJ (0.100000E+03 MJ/s)
 Total enthalpy discharge:           0.766246E-02 MJ (0.837208E-05 MJ/s)
 Total enthalpy input:               0.915240E+05 MJ (0.100000E+03 MJ/s)

 Enthalpy discharge this time step:  0.153551E-02 MJ (0.801048E-05 MJ/s)
 Enthalpy input this time step:      0.191688E+05 MJ (0.100000E+03 MJ/s)
 Total enthalpy discharge:           0.919798E-02 MJ (0.830946E-05 MJ/s)
 Total enthalpy input:               0.110693E+06 MJ (0.100000E+03 MJ/s)

 Water discharge this time step:   0.000000E+00 kg (0.000000E+00 kg/s)
 Water input this time step:       0.000000E+00 kg (0.000000E+00 kg/s)
 Total water discharge:            0.239635E-03 kg (0.216486E-06 kg/s)
 Total water input:                0.000000E+00 kg (0.000000E+00 kg/s)

 Enthalpy discharge this time step:  0.153551E-02 MJ (0.801048E-05 MJ/s)
 Enthalpy input this time step:      0.191688E+05 MJ (0.100000E+03 MJ/s)
 Total enthalpy discharge:           0.919798E-02 MJ (0.830946E-05 MJ/s)
 Total enthalpy input:               0.110693E+06 MJ (0.100000E+03 MJ/s)

 Enthalpy discharge this time step:  0.935201E-03 MJ (0.406564E-05 MJ/s)
 Enthalpy input this time step:      0.230026E+05 MJ (0.100000E+03 MJ/s)
 Total enthalpy discharge:           0.101332E-01 MJ (0.757930E-05 MJ/s)
 Total enthalpy input:               0.133695E+06 MJ (0.100000E+03 MJ/s)

 Water discharge this time step:   0.000000E+00 kg (0.000000E+00 kg/s)
 Water input this time step:       0.000000E+00 kg (0.000000E+00 kg/s)
 Total water discharge:            0.239635E-03 kg (0.179239E-06 kg/s)
 Total water input:                0.000000E+00 kg (0.000000E+00 kg/s)

 Enthalpy discharge this time step:  0.935201E-03 MJ (0.406564E-05 MJ/s)
 Enthalpy input this time step:      0.230026E+05 MJ (0.100000E+03 MJ/s)
 Total enthalpy discharge:           0.101332E-01 MJ (0.757930E-05 MJ/s)
 Total enthalpy input:               0.133695E+06 MJ (0.100000E+03 MJ/s)

 Enthalpy discharge this time step:  0.113744E-02 MJ (0.412070E-05 MJ/s)
 Enthalpy input this time step:      0.276031E+05 MJ (0.100000E+03 MJ/s)
 Total enthalpy discharge:           0.112706E-01 MJ (0.698743E-05 MJ/s)
 Total enthalpy input:               0.161298E+06 MJ (0.100000E+03 MJ/s)

 Water discharge this time step:   0.000000E+00 kg (0.000000E+00 kg/s)
 Water input this time step:       0.274584E-03 kg (0.994760E-06 kg/s)
 Total water discharge:            0.239635E-03 kg (0.148566E-06 kg/s)
 Total water input:                0.274584E-03 kg (0.170234E-06 kg/s)

 Enthalpy discharge this time step:  0.113744E-02 MJ (0.412070E-05 MJ/s)
 Enthalpy input this time step:      0.276031E+05 MJ (0.100000E+03 MJ/s)
 Total enthalpy discharge:           0.112706E-01 MJ (0.698743E-05 MJ/s)
 Total enthalpy input:               0.161298E+06 MJ (0.100000E+03 MJ/s)
*********************************************************************
 Time Step        21

                    Timing Information
           Years              Days         Step Size (Days)
     0.616086515E-04     0.225025600E-01    0.383375999E-02
 Cpu Sec for Time Step =   1.761     Current Total =     33.63    

                    Equation Performance
 Number of N-R Iterations:          2
 Avg # of Linear Equation Solver Iterations:   1.0
 Number of Active Nodes:    532436.
 Total Number of Iterations, N-R:         42 , Solver:         25
 Phase Changes This Time Step:        0 Total           0
 Nodes Liq Phase:   532436 change        0
 Nodes Two Phase:        0 change        0
 Nodes Gas Phase:         0 change        0
 Nodes SC Phase:        0 change        0
 Number of restarted time steps            0
                    Largest Residuals
 EQ1 R=  0.1327E-11 node= 288756 zone=     3 x= 4000.     y=0.3800E+05 z=-.2300E+05
 EQ2 R=  0.1035E-13 node= 276588 zone=     4 x= 2000.     y=-6000.     z=0.2500E+05
   Node   Equation 1 Residual   Equation 2 Residual
 266236     -0.109296E-16          -0.143567E-15
 266234      0.605251E-18           0.524168E-20
 266231      0.865456E-17           0.286479E-19
 266226      0.677711E-17           0.230585E-19
 266221      0.468484E-16           0.692473E-19
 266210      0.173208E-17           0.265984E-20
 266201      0.572994E-13           0.883604E-15

                    Nodal Information (Water)
                                                  source/sink  E source/sink
   Node   P (MPa)    E (MJ)    L sat     Temp (C)    (kg/s)       (MJ/s)
 266236    135.2     0.167      1.00        2.000   0.000     -0.488E-08
 266234    139.3     0.167      1.00        2.000   0.000       0.00    
 266231    142.1     0.166      1.00        2.000   0.000       0.00    
 266226    149.0     0.166      1.00        2.000   0.000       0.00    
 266221    155.9     0.165      1.00        2.000   0.000       0.00    
 266210    179.6     0.163      1.00        2.000   0.000       0.00    
 266201    204.8     0.161      1.00        2.000   0.000     -0.400E-01

                    Global Mass & Energy Balances
 Total mass in system at this time:            0.477635E+17 kg
 Total mass of steam in system at this time:   0.000000E+00 kg
 Total enthalpy in system at this time:        0.319067E+16 MJ

 Water discharge this time step:   0.000000E+00 kg (0.000000E+00 kg/s)
 Water input this time step:       0.000000E+00 kg (0.000000E+00 kg/s)
 Total water discharge:            0.239635E-03 kg (0.123255E-06 kg/s)
 Total water input:                0.274584E-03 kg (0.141231E-06 kg/s)

 Enthalpy discharge this time step:  0.134375E-02 MJ (0.405675E-05 MJ/s)
 Enthalpy input this time step:      0.331237E+05 MJ (0.100000E+03 MJ/s)
 Total enthalpy discharge:           0.126144E-01 MJ (0.648813E-05 MJ/s)
 Total enthalpy input:               0.194422E+06 MJ (0.100000E+03 MJ/s)

 Net kg water discharge (total out-total in):  -0.349496E-04
 Net MJ energy discharge (total out-total in):  -0.194422E+06
 Conservation Errors:  -0.127282E+00 (mass),   0.814694E-03 (energy)

 Enthalpy discharge this time step:  0.142186E-02 MJ (0.357714E-05 MJ/s)
 Enthalpy input this time step:      0.397484E+05 MJ (0.100000E+03 MJ/s)
 Total enthalpy discharge:           0.140362E-01 MJ (0.599402E-05 MJ/s)
 Total enthalpy input:               0.234171E+06 MJ (0.100000E+03 MJ/s)

 Water discharge this time step:   0.000000E+00 kg (0.000000E+00 kg/s)
 Water input this time step:       0.395401E-03 kg (0.994760E-06 kg/s)
 Total water discharge:            0.239635E-03 kg (0.102333E-06 kg/s)
 Total water input:                0.669986E-03 kg (0.286110E-06 kg/s)

 Enthalpy discharge this time step:  0.142186E-02 MJ (0.357714E-05 MJ/s)
 Enthalpy input this time step:      0.397484E+05 MJ (0.100000E+03 MJ/s)
 Total enthalpy discharge:           0.140362E-01 MJ (0.599402E-05 MJ/s)
 Total enthalpy input:               0.234171E+06 MJ (0.100000E+03 MJ/s)

 Enthalpy discharge this time step:  0.182167E-02 MJ (0.381917E-05 MJ/s)
 Enthalpy input this time step:      0.476981E+05 MJ (0.100000E+03 MJ/s)
 Total enthalpy discharge:           0.158579E-01 MJ (0.562599E-05 MJ/s)
 Total enthalpy input:               0.281869E+06 MJ (0.100000E+03 MJ/s)

 Water discharge this time step:   0.000000E+00 kg (0.000000E+00 kg/s)
 Water input this time step:       0.000000E+00 kg (0.000000E+00 kg/s)
 Total water discharge:            0.239635E-03 kg (0.850164E-07 kg/s)
 Total water input:                0.669986E-03 kg (0.237694E-06 kg/s)

 Enthalpy discharge this time step:  0.182167E-02 MJ (0.381917E-05 MJ/s)
 Enthalpy input this time step:      0.476981E+05 MJ (0.100000E+03 MJ/s)
 Total enthalpy discharge:           0.158579E-01 MJ (0.562599E-05 MJ/s)
 Total enthalpy input:               0.281869E+06 MJ (0.100000E+03 MJ/s)

 Enthalpy discharge this time step:  0.223583E-02 MJ (0.390621E-05 MJ/s)
 Enthalpy input this time step:      0.572377E+05 MJ (0.100000E+03 MJ/s)
 Total enthalpy discharge:           0.180937E-01 MJ (0.533571E-05 MJ/s)
 Total enthalpy input:               0.339106E+06 MJ (0.100000E+03 MJ/s)

 Water discharge this time step:   0.000000E+00 kg (0.000000E+00 kg/s)
 Water input this time step:       0.000000E+00 kg (0.000000E+00 kg/s)
 Total water discharge:            0.239635E-03 kg (0.706665E-07 kg/s)
 Total water input:                0.669986E-03 kg (0.197574E-06 kg/s)

 Enthalpy discharge this time step:  0.223583E-02 MJ (0.390621E-05 MJ/s)
 Enthalpy input this time step:      0.572377E+05 MJ (0.100000E+03 MJ/s)
 Total enthalpy discharge:           0.180937E-01 MJ (0.533571E-05 MJ/s)
 Total enthalpy input:               0.339106E+06 MJ (0.100000E+03 MJ/s)

 Enthalpy discharge this time step:  0.286448E-02 MJ (0.417044E-05 MJ/s)
 Enthalpy input this time step:      0.686853E+05 MJ (0.100000E+03 MJ/s)
 Total enthalpy discharge:           0.209582E-01 MJ (0.513944E-05 MJ/s)
 Total enthalpy input:               0.407792E+06 MJ (0.100000E+03 MJ/s)

 Water discharge this time step:   0.000000E+00 kg (0.000000E+00 kg/s)
 Water input this time step:       0.000000E+00 kg (0.000000E+00 kg/s)
 Total water discharge:            0.239635E-03 kg (0.587640E-07 kg/s)
 Total water input:                0.669986E-03 kg (0.164296E-06 kg/s)

 Enthalpy discharge this time step:  0.286448E-02 MJ (0.417044E-05 MJ/s)
 Enthalpy input this time step:      0.686853E+05 MJ (0.100000E+03 MJ/s)
 Total enthalpy discharge:           0.209582E-01 MJ (0.513944E-05 MJ/s)
 Total enthalpy input:               0.407792E+06 MJ (0.100000E+03 MJ/s)

 Enthalpy discharge this time step:  0.271923E-02 MJ (0.329914E-05 MJ/s)
 Enthalpy input this time step:      0.824223E+05 MJ (0.100000E+03 MJ/s)
 Total enthalpy discharge:           0.236774E-01 MJ (0.483002E-05 MJ/s)
 Total enthalpy input:               0.490214E+06 MJ (0.100000E+03 MJ/s)

 Water discharge this time step:   0.000000E+00 kg (0.000000E+00 kg/s)
 Water input this time step:       0.000000E+00 kg (0.000000E+00 kg/s)
 Total water discharge:            0.239635E-03 kg (0.488837E-07 kg/s)
 Total water input:                0.669986E-03 kg (0.136672E-06 kg/s)

 Enthalpy discharge this time step:  0.271923E-02 MJ (0.329914E-05 MJ/s)
 Enthalpy input this time step:      0.824223E+05 MJ (0.100000E+03 MJ/s)
 Total enthalpy discharge:           0.236774E-01 MJ (0.483002E-05 MJ/s)
 Total enthalpy input:               0.490214E+06 MJ (0.100000E+03 MJ/s)

 Enthalpy discharge this time step:  0.359030E-02 MJ (0.362999E-05 MJ/s)
 Enthalpy input this time step:      0.989068E+05 MJ (0.100000E+03 MJ/s)
 Total enthalpy discharge:           0.272677E-01 MJ (0.462855E-05 MJ/s)
 Total enthalpy input:               0.589121E+06 MJ (0.100000E+03 MJ/s)

 Water discharge this time step:   0.000000E+00 kg (0.000000E+00 kg/s)
 Water input this time step:       0.000000E+00 kg (0.000000E+00 kg/s)
 Total water discharge:            0.239635E-03 kg (0.406767E-07 kg/s)
 Total water input:                0.669986E-03 kg (0.113726E-06 kg/s)

 Enthalpy discharge this time step:  0.359030E-02 MJ (0.362999E-05 MJ/s)
 Enthalpy input this time step:      0.989068E+05 MJ (0.100000E+03 MJ/s)
 Total enthalpy discharge:           0.272677E-01 MJ (0.462855E-05 MJ/s)
 Total enthalpy input:               0.589121E+06 MJ (0.100000E+03 MJ/s)

 Enthalpy discharge this time step:  0.475111E-02 MJ (0.400302E-05 MJ/s)
 Enthalpy input this time step:      0.118688E+06 MJ (0.100000E+03 MJ/s)
 Total enthalpy discharge:           0.320188E-01 MJ (0.452366E-05 MJ/s)
 Total enthalpy input:               0.707809E+06 MJ (0.100000E+03 MJ/s)

 Water discharge this time step:   0.000000E+00 kg (0.000000E+00 kg/s)
 Water input this time step:       0.000000E+00 kg (0.000000E+00 kg/s)
 Total water discharge:            0.239635E-03 kg (0.338558E-07 kg/s)
 Total water input:                0.669986E-03 kg (0.946563E-07 kg/s)

 Enthalpy discharge this time step:  0.475111E-02 MJ (0.400302E-05 MJ/s)
 Enthalpy input this time step:      0.118688E+06 MJ (0.100000E+03 MJ/s)
 Total enthalpy discharge:           0.320188E-01 MJ (0.452366E-05 MJ/s)
 Total enthalpy input:               0.707809E+06 MJ (0.100000E+03 MJ/s)

 Enthalpy discharge this time step:  0.507200E-02 MJ (0.356115E-05 MJ/s)
 Enthalpy input this time step:      0.142426E+06 MJ (0.100000E+03 MJ/s)
 Total enthalpy discharge:           0.370908E-01 MJ (0.436242E-05 MJ/s)
 Total enthalpy input:               0.850235E+06 MJ (0.100000E+03 MJ/s)

 Water discharge this time step:   0.000000E+00 kg (0.000000E+00 kg/s)
 Water input this time step:       0.000000E+00 kg (0.000000E+00 kg/s)
 Total water discharge:            0.239635E-03 kg (0.281845E-07 kg/s)
 Total water input:                0.669986E-03 kg (0.788001E-07 kg/s)

 Enthalpy discharge this time step:  0.507200E-02 MJ (0.356115E-05 MJ/s)
 Enthalpy input this time step:      0.142426E+06 MJ (0.100000E+03 MJ/s)
 Total enthalpy discharge:           0.370908E-01 MJ (0.436242E-05 MJ/s)
 Total enthalpy input:               0.850235E+06 MJ (0.100000E+03 MJ/s)

 Enthalpy discharge this time step:  0.857135E-02 MJ (0.501510E-05 MJ/s)
 Enthalpy input this time step:      0.170911E+06 MJ (0.100000E+03 MJ/s)
 Total enthalpy discharge:           0.456622E-01 MJ (0.447166E-05 MJ/s)
 Total enthalpy input:               0.102115E+07 MJ (0.100000E+03 MJ/s)

 Water discharge this time step:   0.000000E+00 kg (0.000000E+00 kg/s)
 Water input this time step:       0.000000E+00 kg (0.000000E+00 kg/s)
 Total water discharge:            0.239635E-03 kg (0.234672E-07 kg/s)
 Total water input:                0.669986E-03 kg (0.656112E-07 kg/s)

 Enthalpy discharge this time step:  0.857135E-02 MJ (0.501510E-05 MJ/s)
 Enthalpy input this time step:      0.170911E+06 MJ (0.100000E+03 MJ/s)
 Total enthalpy discharge:           0.456622E-01 MJ (0.447166E-05 MJ/s)
 Total enthalpy input:               0.102115E+07 MJ (0.100000E+03 MJ/s)
*********************************************************************
 Time Step        31

                    Timing Information
           Years              Days         Step Size (Days)
     0.388571631E-03     0.141925788        0.237376314E-01
 Cpu Sec for Time Step =   1.765     Current Total =     51.92    

                    Equation Performance
 Number of N-R Iterations:          2
 Avg # of Linear Equation Solver Iterations:   1.0
 Number of Active Nodes:    532436.
 Total Number of Iterations, N-R:         62 , Solver:         45
 Phase Changes This Time Step:        0 Total           0
 Nodes Liq Phase:   532436 change        0
 Nodes Two Phase:        0 change        0
 Nodes Gas Phase:         0 change        0
 Nodes SC Phase:        0 change        0
 Number of restarted time steps            0
                    Largest Residuals
 EQ1 R=  0.1097E-11 node= 171480 zone=     3 x=-.1800E+05 y=0.1200E+05 z=-.2300E+05
 EQ2 R=  0.1047E-13 node= 530216 zone=     4 x=0.5000E+05 y=-.1000E+05 z=0.2500E+05
   Node   Equation 1 Residual   Equation 2 Residual
 266236      0.259874E-16           0.431622E-14
 266234      0.374733E-17           0.324532E-19
 266231      0.535461E-16           0.177245E-18
 266226      0.419602E-16           0.142766E-18
 266221      0.289620E-15           0.428090E-18
 266210      0.107235E-16           0.164673E-19
 266201      0.256606E-13          -0.236349E-14

                    Nodal Information (Water)
                                                  source/sink  E source/sink
   Node   P (MPa)    E (MJ)    L sat     Temp (C)    (kg/s)       (MJ/s)
 266236    135.2     0.167      1.00        2.000   0.000      0.311E-08
 266234    139.3     0.167      1.00        2.000   0.000       0.00    
 266231    142.1     0.166      1.00        2.000   0.000       0.00    
 266226    149.0     0.166      1.00        2.000   0.000       0.00    
 266221    155.9     0.165      1.00        2.000   0.000       0.00    
 266210    179.6     0.163      1.00        2.000   0.000       0.00    
 266201    204.8     0.161      1.00        2.000   0.000     -0.400E-01

                    Global Mass & Energy Balances
 Total mass in system at this time:            0.477635E+17 kg
 Total mass of steam in system at this time:   0.000000E+00 kg
 Total enthalpy in system at this time:        0.319067E+16 MJ

 Water discharge this time step:   0.000000E+00 kg (0.000000E+00 kg/s)
 Water input this time step:       0.000000E+00 kg (0.000000E+00 kg/s)
 Total water discharge:            0.239635E-03 kg (0.195423E-07 kg/s)
 Total water input:                0.669986E-03 kg (0.546375E-07 kg/s)

 Enthalpy discharge this time step:  0.135818E-01 MJ (0.662226E-05 MJ/s)
 Enthalpy input this time step:      0.205093E+06 MJ (0.100000E+03 MJ/s)
 Total enthalpy discharge:           0.592440E-01 MJ (0.483136E-05 MJ/s)
 Total enthalpy input:               0.122624E+07 MJ (0.100000E+03 MJ/s)

 Net kg water discharge (total out-total in):  -0.430351E-03
 Net MJ energy discharge (total out-total in):  -0.122624E+07
 Conservation Errors:  -0.642329E+00 (mass),   0.181425E-04 (energy)

 Enthalpy discharge this time step:  0.120280E-01 MJ (0.488720E-05 MJ/s)
 Enthalpy input this time step:      0.246112E+06 MJ (0.100000E+03 MJ/s)
 Total enthalpy discharge:           0.712720E-01 MJ (0.484069E-05 MJ/s)
 Total enthalpy input:               0.147235E+07 MJ (0.100000E+03 MJ/s)

 Water discharge this time step:   0.000000E+00 kg (0.000000E+00 kg/s)
 Water input this time step:       0.000000E+00 kg (0.000000E+00 kg/s)
 Total water discharge:            0.239635E-03 kg (0.162757E-07 kg/s)
 Total water input:                0.669986E-03 kg (0.455045E-07 kg/s)

 Enthalpy discharge this time step:  0.120280E-01 MJ (0.488720E-05 MJ/s)
 Enthalpy input this time step:      0.246112E+06 MJ (0.100000E+03 MJ/s)
 Total enthalpy discharge:           0.712720E-01 MJ (0.484069E-05 MJ/s)
 Total enthalpy input:               0.147235E+07 MJ (0.100000E+03 MJ/s)

 Enthalpy discharge this time step:  0.841751E-02 MJ (0.285016E-05 MJ/s)
 Enthalpy input this time step:      0.295334E+06 MJ (0.100000E+03 MJ/s)
 Total enthalpy discharge:           0.796895E-01 MJ (0.450813E-05 MJ/s)
 Total enthalpy input:               0.176768E+07 MJ (0.100000E+03 MJ/s)

 Water discharge this time step:   0.000000E+00 kg (0.000000E+00 kg/s)
 Water input this time step:       0.000000E+00 kg (0.000000E+00 kg/s)
 Total water discharge:            0.239635E-03 kg (0.135564E-07 kg/s)
 Total water input:                0.669986E-03 kg (0.379019E-07 kg/s)

 Enthalpy discharge this time step:  0.841751E-02 MJ (0.285016E-05 MJ/s)
 Enthalpy input this time step:      0.295334E+06 MJ (0.100000E+03 MJ/s)
 Total enthalpy discharge:           0.796895E-01 MJ (0.450813E-05 MJ/s)
 Total enthalpy input:               0.176768E+07 MJ (0.100000E+03 MJ/s)

 Enthalpy discharge this time step:  0.759858E-02 MJ (0.214406E-05 MJ/s)
 Enthalpy input this time step:      0.354401E+06 MJ (0.100000E+03 MJ/s)
 Total enthalpy discharge:           0.872880E-01 MJ (0.411331E-05 MJ/s)
 Total enthalpy input:               0.212209E+07 MJ (0.100000E+03 MJ/s)

 Water discharge this time step:   0.000000E+00 kg (0.000000E+00 kg/s)
 Water input this time step:       0.000000E+00 kg (0.000000E+00 kg/s)
 Total water discharge:            0.239635E-03 kg (0.112924E-07 kg/s)
 Total water input:                0.669986E-03 kg (0.315720E-07 kg/s)

 Enthalpy discharge this time step:  0.759858E-02 MJ (0.214406E-05 MJ/s)
 Enthalpy input this time step:      0.354401E+06 MJ (0.100000E+03 MJ/s)
 Total enthalpy discharge:           0.872880E-01 MJ (0.411331E-05 MJ/s)
 Total enthalpy input:               0.212209E+07 MJ (0.100000E+03 MJ/s)

 Enthalpy discharge this time step:  0.203197E-01 MJ (0.477796E-05 MJ/s)
 Enthalpy input this time step:      0.425281E+06 MJ (0.100000E+03 MJ/s)
 Total enthalpy discharge:           0.107608E+00 MJ (0.422428E-05 MJ/s)
 Total enthalpy input:               0.254737E+07 MJ (0.100000E+03 MJ/s)

 Water discharge this time step:   0.000000E+00 kg (0.000000E+00 kg/s)
 Water input this time step:       0.000000E+00 kg (0.000000E+00 kg/s)
 Total water discharge:            0.239635E-03 kg (0.940715E-08 kg/s)
 Total water input:                0.669986E-03 kg (0.263011E-07 kg/s)

 Enthalpy discharge this time step:  0.203197E-01 MJ (0.477796E-05 MJ/s)
 Enthalpy input this time step:      0.425281E+06 MJ (0.100000E+03 MJ/s)
 Total enthalpy discharge:           0.107608E+00 MJ (0.422428E-05 MJ/s)
 Total enthalpy input:               0.254737E+07 MJ (0.100000E+03 MJ/s)

 Enthalpy discharge this time step:  0.166124E-01 MJ (0.325517E-05 MJ/s)
 Enthalpy input this time step:      0.510337E+06 MJ (0.100000E+03 MJ/s)
 Total enthalpy discharge:           0.124220E+00 MJ (0.406253E-05 MJ/s)
 Total enthalpy input:               0.305770E+07 MJ (0.100000E+03 MJ/s)

 Water discharge this time step:   0.000000E+00 kg (0.000000E+00 kg/s)
 Water input this time step:       0.000000E+00 kg (0.000000E+00 kg/s)
 Total water discharge:            0.239635E-03 kg (0.783708E-08 kg/s)
 Total water input:                0.669986E-03 kg (0.219114E-07 kg/s)

 Enthalpy discharge this time step:  0.166124E-01 MJ (0.325517E-05 MJ/s)
 Enthalpy input this time step:      0.510337E+06 MJ (0.100000E+03 MJ/s)
 Total enthalpy discharge:           0.124220E+00 MJ (0.406253E-05 MJ/s)
 Total enthalpy input:               0.305770E+07 MJ (0.100000E+03 MJ/s)

 Enthalpy discharge this time step:  0.159152E-01 MJ (0.259881E-05 MJ/s)
 Enthalpy input this time step:      0.612405E+06 MJ (0.100000E+03 MJ/s)
 Total enthalpy discharge:           0.140135E+00 MJ (0.381829E-05 MJ/s)
 Total enthalpy input:               0.367011E+07 MJ (0.100000E+03 MJ/s)

 Water discharge this time step:   0.000000E+00 kg (0.000000E+00 kg/s)
 Water input this time step:       0.000000E+00 kg (0.000000E+00 kg/s)
 Total water discharge:            0.239635E-03 kg (0.652936E-08 kg/s)
 Total water input:                0.669986E-03 kg (0.182552E-07 kg/s)

 Enthalpy discharge this time step:  0.159152E-01 MJ (0.259881E-05 MJ/s)
 Enthalpy input this time step:      0.612405E+06 MJ (0.100000E+03 MJ/s)
 Total enthalpy discharge:           0.140135E+00 MJ (0.381829E-05 MJ/s)
 Total enthalpy input:               0.367011E+07 MJ (0.100000E+03 MJ/s)

 Enthalpy discharge this time step:  0.873652E-02 MJ (0.118883E-05 MJ/s)
 Enthalpy input this time step:      0.734886E+06 MJ (0.100000E+03 MJ/s)
 Total enthalpy discharge:           0.148872E+00 MJ (0.337962E-05 MJ/s)
 Total enthalpy input:               0.440499E+07 MJ (0.100000E+03 MJ/s)

 Water discharge this time step:   0.000000E+00 kg (0.000000E+00 kg/s)
 Water input this time step:       0.000000E+00 kg (0.000000E+00 kg/s)
 Total water discharge:            0.239635E-03 kg (0.544007E-08 kg/s)
 Total water input:                0.669986E-03 kg (0.152097E-07 kg/s)

 Enthalpy discharge this time step:  0.873652E-02 MJ (0.118883E-05 MJ/s)
 Enthalpy input this time step:      0.734886E+06 MJ (0.100000E+03 MJ/s)
 Total enthalpy discharge:           0.148872E+00 MJ (0.337962E-05 MJ/s)
 Total enthalpy input:               0.440499E+07 MJ (0.100000E+03 MJ/s)

 Enthalpy discharge this time step:  0.243513E-01 MJ (0.276135E-05 MJ/s)
 Enthalpy input this time step:      0.881863E+06 MJ (0.100000E+03 MJ/s)
 Total enthalpy discharge:           0.173223E+00 MJ (0.327649E-05 MJ/s)
 Total enthalpy input:               0.528686E+07 MJ (0.100000E+03 MJ/s)

 Water discharge this time step:   0.000000E+00 kg (0.000000E+00 kg/s)
 Water input this time step:       0.000000E+00 kg (0.000000E+00 kg/s)
 Total water discharge:            0.239635E-03 kg (0.453265E-08 kg/s)
 Total water input:                0.669986E-03 kg (0.126727E-07 kg/s)

 Enthalpy discharge this time step:  0.243513E-01 MJ (0.276135E-05 MJ/s)
 Enthalpy input this time step:      0.881863E+06 MJ (0.100000E+03 MJ/s)
 Total enthalpy discharge:           0.173223E+00 MJ (0.327649E-05 MJ/s)
 Total enthalpy input:               0.528686E+07 MJ (0.100000E+03 MJ/s)

 Enthalpy discharge this time step:  0.900426E-02 MJ (0.850875E-06 MJ/s)
 Enthalpy input this time step:      0.105824E+07 MJ (0.100000E+03 MJ/s)
 Total enthalpy discharge:           0.182227E+00 MJ (0.287194E-05 MJ/s)
 Total enthalpy input:               0.634509E+07 MJ (0.100000E+03 MJ/s)

 Water discharge this time step:   0.000000E+00 kg (0.000000E+00 kg/s)
 Water input this time step:       0.000000E+00 kg (0.000000E+00 kg/s)
 Total water discharge:            0.239635E-03 kg (0.377669E-08 kg/s)
 Total water input:                0.669986E-03 kg (0.105591E-07 kg/s)

 Enthalpy discharge this time step:  0.900426E-02 MJ (0.850875E-06 MJ/s)
 Enthalpy input this time step:      0.105824E+07 MJ (0.100000E+03 MJ/s)
 Total enthalpy discharge:           0.182227E+00 MJ (0.287194E-05 MJ/s)
 Total enthalpy input:               0.634509E+07 MJ (0.100000E+03 MJ/s)
*********************************************************************
 Time Step        41

                    Timing Information
           Years              Days         Step Size (Days)
     0.241304022E-02     0.881362941        0.146977157    
 Cpu Sec for Time Step =   1.770     Current Total =     70.38    

                    Equation Performance
 Number of N-R Iterations:          2
 Avg # of Linear Equation Solver Iterations:   1.0
 Number of Active Nodes:    532436.
 Total Number of Iterations, N-R:         82 , Solver:         65
 Phase Changes This Time Step:        0 Total           0
 Nodes Liq Phase:   532436 change        0
 Nodes Two Phase:        0 change        0
 Nodes Gas Phase:         0 change        0
 Nodes SC Phase:        0 change        0
 Number of restarted time steps            0
                    Largest Residuals
 EQ1 R=  0.1959E-11 node= 181905 zone=     5 x=-.1600E+05 y= 8000.     z=-.2500E+05
 EQ2 R=  0.1248E-13 node= 329201 zone=     5 x=0.1200E+05 y=-.1200E+05 z=-.2500E+05
   Node   Equation 1 Residual   Equation 2 Residual
 266236     -0.516639E-17          -0.773488E-19
 266234      0.231941E-16           0.200868E-18
 266231      0.329992E-15           0.109231E-17
 266226      0.259736E-15           0.883730E-18
 266221      0.177607E-14           0.262519E-17
 266210      0.663549E-16           0.101894E-18
 266201      0.656768E-12          -0.928526E-14

                    Nodal Information (Water)
                                                  source/sink  E source/sink
   Node   P (MPa)    E (MJ)    L sat     Temp (C)    (kg/s)       (MJ/s)
 266236    135.2     0.167      1.00        2.000   0.000       0.00    
 266234    139.3     0.167      1.00        2.000   0.000       0.00    
 266231    142.1     0.166      1.00        2.000   0.000       0.00    
 266226    149.0     0.166      1.00        2.000   0.000       0.00    
 266221    155.9     0.165      1.00        2.000   0.000       0.00    
 266210    179.6     0.163      1.00        2.000   0.000       0.00    
 266201    204.8     0.161      1.00        2.000   0.000     -0.400E-01

                    Global Mass & Energy Balances
 Total mass in system at this time:            0.477635E+17 kg
 Total mass of steam in system at this time:   0.000000E+00 kg
 Total enthalpy in system at this time:        0.319067E+16 MJ

 Water discharge this time step:   0.000000E+00 kg (0.000000E+00 kg/s)
 Water input this time step:       0.000000E+00 kg (0.000000E+00 kg/s)
 Total water discharge:            0.239635E-03 kg (0.314689E-08 kg/s)
 Total water input:                0.669986E-03 kg (0.879826E-08 kg/s)

 Enthalpy discharge this time step:  0.215989E-02 MJ (0.170086E-06 MJ/s)
 Enthalpy input this time step:      0.126988E+07 MJ (0.100000E+03 MJ/s)
 Total enthalpy discharge:           0.184387E+00 MJ (0.242138E-05 MJ/s)
 Total enthalpy input:               0.761498E+07 MJ (0.100000E+03 MJ/s)

 Net kg water discharge (total out-total in):  -0.430351E-03
 Net MJ energy discharge (total out-total in):  -0.761498E+07
 Conservation Errors:  -0.119412E+05 (mass),   0.632574E-06 (energy)

 Enthalpy discharge this time step:  0.120119E-01 MJ (0.788258E-06 MJ/s)
 Enthalpy input this time step:      0.152386E+07 MJ (0.100000E+03 MJ/s)
 Total enthalpy discharge:           0.196399E+00 MJ (0.214906E-05 MJ/s)
 Total enthalpy input:               0.913884E+07 MJ (0.100000E+03 MJ/s)

 Water discharge this time step:   0.000000E+00 kg (0.000000E+00 kg/s)
 Water input this time step:       0.000000E+00 kg (0.000000E+00 kg/s)
 Total water discharge:            0.239635E-03 kg (0.262216E-08 kg/s)
 Total water input:                0.669986E-03 kg (0.733119E-08 kg/s)

 Enthalpy discharge this time step:  0.120119E-01 MJ (0.788258E-06 MJ/s)
 Enthalpy input this time step:      0.152386E+07 MJ (0.100000E+03 MJ/s)
 Total enthalpy discharge:           0.196399E+00 MJ (0.214906E-05 MJ/s)
 Total enthalpy input:               0.913884E+07 MJ (0.100000E+03 MJ/s)

 Enthalpy discharge this time step:  0.341884E-02 MJ (0.186962E-06 MJ/s)
 Enthalpy input this time step:      0.182863E+07 MJ (0.100000E+03 MJ/s)
 Total enthalpy discharge:           0.199818E+00 MJ (0.182192E-05 MJ/s)
 Total enthalpy input:               0.109675E+08 MJ (0.100000E+03 MJ/s)

 Water discharge this time step:   0.000000E+00 kg (0.000000E+00 kg/s)
 Water input this time step:       0.000000E+00 kg (0.000000E+00 kg/s)
 Total water discharge:            0.239635E-03 kg (0.218496E-08 kg/s)
 Total water input:                0.669986E-03 kg (0.610885E-08 kg/s)

 Enthalpy discharge this time step:  0.341884E-02 MJ (0.186962E-06 MJ/s)
 Enthalpy input this time step:      0.182863E+07 MJ (0.100000E+03 MJ/s)
 Total enthalpy discharge:           0.199818E+00 MJ (0.182192E-05 MJ/s)
 Total enthalpy input:               0.109675E+08 MJ (0.100000E+03 MJ/s)

 Enthalpy discharge this time step:  0.432674E-02 MJ (0.197176E-06 MJ/s)
 Enthalpy input this time step:      0.219436E+07 MJ (0.100000E+03 MJ/s)
 Total enthalpy discharge:           0.204145E+00 MJ (0.155104E-05 MJ/s)
 Total enthalpy input:               0.131618E+08 MJ (0.100000E+03 MJ/s)

 Water discharge this time step:   0.000000E+00 kg (0.000000E+00 kg/s)
 Water input this time step:       0.000000E+00 kg (0.000000E+00 kg/s)
 Total water discharge:            0.239635E-03 kg (0.182068E-08 kg/s)
 Total water input:                0.669986E-03 kg (0.509037E-08 kg/s)

 Enthalpy discharge this time step:  0.432674E-02 MJ (0.197176E-06 MJ/s)
 Enthalpy input this time step:      0.219436E+07 MJ (0.100000E+03 MJ/s)
 Total enthalpy discharge:           0.204145E+00 MJ (0.155104E-05 MJ/s)
 Total enthalpy input:               0.131618E+08 MJ (0.100000E+03 MJ/s)

 Enthalpy discharge this time step:  0.205812E-02 MJ (0.781597E-07 MJ/s)
 Enthalpy input this time step:      0.263323E+07 MJ (0.100000E+03 MJ/s)
 Total enthalpy discharge:           0.206203E+00 MJ (0.130549E-05 MJ/s)
 Total enthalpy input:               0.157951E+08 MJ (0.100000E+03 MJ/s)

 Water discharge this time step:   0.000000E+00 kg (0.000000E+00 kg/s)
 Water input this time step:       0.000000E+00 kg (0.000000E+00 kg/s)
 Total water discharge:            0.239635E-03 kg (0.151715E-08 kg/s)
 Total water input:                0.669986E-03 kg (0.424174E-08 kg/s)

 Enthalpy discharge this time step:  0.205812E-02 MJ (0.781597E-07 MJ/s)
 Enthalpy input this time step:      0.263323E+07 MJ (0.100000E+03 MJ/s)
 Total enthalpy discharge:           0.206203E+00 MJ (0.130549E-05 MJ/s)
 Total enthalpy input:               0.157951E+08 MJ (0.100000E+03 MJ/s)

 Enthalpy discharge this time step:  0.294686E-03 MJ (0.932587E-08 MJ/s)
 Enthalpy input this time step:      0.315987E+07 MJ (0.100000E+03 MJ/s)
 Total enthalpy discharge:           0.206498E+00 MJ (0.108941E-05 MJ/s)
 Total enthalpy input:               0.189549E+08 MJ (0.100000E+03 MJ/s)

 Water discharge this time step:   0.000000E+00 kg (0.000000E+00 kg/s)
 Water input this time step:       0.000000E+00 kg (0.000000E+00 kg/s)
 Total water discharge:            0.239635E-03 kg (0.126423E-08 kg/s)
 Total water input:                0.669986E-03 kg (0.353463E-08 kg/s)

 Enthalpy discharge this time step:  0.294686E-03 MJ (0.932587E-08 MJ/s)
 Enthalpy input this time step:      0.315987E+07 MJ (0.100000E+03 MJ/s)
 Total enthalpy discharge:           0.206498E+00 MJ (0.108941E-05 MJ/s)
 Total enthalpy input:               0.189549E+08 MJ (0.100000E+03 MJ/s)

 Enthalpy discharge this time step:  0.353623E-03 MJ (0.932587E-08 MJ/s)
 Enthalpy input this time step:      0.379185E+07 MJ (0.100000E+03 MJ/s)
 Total enthalpy discharge:           0.206851E+00 MJ (0.909365E-06 MJ/s)
 Total enthalpy input:               0.227468E+08 MJ (0.100000E+03 MJ/s)

 Water discharge this time step:   0.000000E+00 kg (0.000000E+00 kg/s)
 Water input this time step:       0.000000E+00 kg (0.000000E+00 kg/s)
 Total water discharge:            0.239635E-03 kg (0.105349E-08 kg/s)
 Total water input:                0.669986E-03 kg (0.294541E-08 kg/s)

 Enthalpy discharge this time step:  0.353623E-03 MJ (0.932587E-08 MJ/s)
 Enthalpy input this time step:      0.379185E+07 MJ (0.100000E+03 MJ/s)
 Total enthalpy discharge:           0.206851E+00 MJ (0.909365E-06 MJ/s)
 Total enthalpy input:               0.227468E+08 MJ (0.100000E+03 MJ/s)

 Enthalpy discharge this time step:  0.282898E-03 MJ (0.621725E-08 MJ/s)
 Enthalpy input this time step:      0.455022E+07 MJ (0.100000E+03 MJ/s)
 Total enthalpy discharge:           0.207134E+00 MJ (0.758817E-06 MJ/s)
 Total enthalpy input:               0.272970E+08 MJ (0.100000E+03 MJ/s)

 Water discharge this time step:   0.000000E+00 kg (0.000000E+00 kg/s)
 Water input this time step:       0.000000E+00 kg (0.000000E+00 kg/s)
 Total water discharge:            0.239635E-03 kg (0.877879E-09 kg/s)
 Total water input:                0.669986E-03 kg (0.245443E-08 kg/s)

 Enthalpy discharge this time step:  0.282898E-03 MJ (0.621725E-08 MJ/s)
 Enthalpy input this time step:      0.455022E+07 MJ (0.100000E+03 MJ/s)
 Total enthalpy discharge:           0.207134E+00 MJ (0.758817E-06 MJ/s)
 Total enthalpy input:               0.272970E+08 MJ (0.100000E+03 MJ/s)

 Enthalpy discharge this time step:  0.339478E-03 MJ (0.621725E-08 MJ/s)
 Enthalpy input this time step:      0.546026E+07 MJ (0.100000E+03 MJ/s)
 Total enthalpy discharge:           0.207474E+00 MJ (0.633367E-06 MJ/s)
 Total enthalpy input:               0.327573E+08 MJ (0.100000E+03 MJ/s)

 Water discharge this time step:   0.000000E+00 kg (0.000000E+00 kg/s)
 Water input this time step:       0.000000E+00 kg (0.000000E+00 kg/s)
 Total water discharge:            0.239635E-03 kg (0.731547E-09 kg/s)
 Total water input:                0.669986E-03 kg (0.204530E-08 kg/s)

 Enthalpy discharge this time step:  0.339478E-03 MJ (0.621725E-08 MJ/s)
 Enthalpy input this time step:      0.546026E+07 MJ (0.100000E+03 MJ/s)
 Total enthalpy discharge:           0.207474E+00 MJ (0.633367E-06 MJ/s)
 Total enthalpy input:               0.327573E+08 MJ (0.100000E+03 MJ/s)

 Enthalpy discharge this time step:  0.203687E-03 MJ (0.310862E-08 MJ/s)
 Enthalpy input this time step:      0.655232E+07 MJ (0.100000E+03 MJ/s)
 Total enthalpy discharge:           0.207677E+00 MJ (0.528312E-06 MJ/s)
 Total enthalpy input:               0.393096E+08 MJ (0.100000E+03 MJ/s)

 Water discharge this time step:   0.000000E+00 kg (0.000000E+00 kg/s)
 Water input this time step:       0.000000E+00 kg (0.000000E+00 kg/s)
 Total water discharge:            0.239635E-03 kg (0.609609E-09 kg/s)
 Total water input:                0.669986E-03 kg (0.170438E-08 kg/s)

 Enthalpy discharge this time step:  0.203687E-03 MJ (0.310862E-08 MJ/s)
 Enthalpy input this time step:      0.655232E+07 MJ (0.100000E+03 MJ/s)
 Total enthalpy discharge:           0.207677E+00 MJ (0.528312E-06 MJ/s)
 Total enthalpy input:               0.393096E+08 MJ (0.100000E+03 MJ/s)
*********************************************************************
 Time Step        51

                    Timing Information
           Years              Days         Step Size (Days)
     0.149480161E-01      5.45976289        0.910043815    
 Cpu Sec for Time Step =   1.765     Current Total =     88.66    

                    Equation Performance
 Number of N-R Iterations:          2
 Avg # of Linear Equation Solver Iterations:   1.0
 Number of Active Nodes:    532436.
 Total Number of Iterations, N-R:        102 , Solver:         85
 Phase Changes This Time Step:        0 Total           0
 Nodes Liq Phase:   532436 change        0
 Nodes Two Phase:        0 change        0
 Nodes Gas Phase:         0 change        0
 Nodes SC Phase:        0 change        0
 Number of restarted time steps            0
                    Largest Residuals
 EQ1 R=  0.5954E-11 node= 351903 zone=     5 x=0.1600E+05 y=0.3000E+05 z=-.2500E+05
 EQ2 R=  0.6940E-13 node= 382293 zone=     5 x=0.2200E+05 y=-6000.     z=-.2500E+05
   Node   Equation 1 Residual   Equation 2 Residual
 266236     -0.518787E-17          -0.836170E-19
 266234      0.143289E-15           0.124090E-17
 266231      0.532538E-14           0.176634E-16
 266226      0.160553E-14           0.546264E-17
 266221      0.141752E-13           0.209604E-16
 266210      0.409244E-15           0.628329E-18
 266201      0.504163E-11          -0.672051E-13

                    Nodal Information (Water)
                                                  source/sink  E source/sink
   Node   P (MPa)    E (MJ)    L sat     Temp (C)    (kg/s)       (MJ/s)
 266236    135.2     0.167      1.00        2.000   0.000       0.00    
 266234    139.3     0.167      1.00        2.000   0.000       0.00    
 266231    142.1     0.166      1.00        2.000   0.000       0.00    
 266226    149.0     0.166      1.00        2.000   0.000       0.00    
 266221    155.9     0.165      1.00        2.000   0.000       0.00    
 266210    179.6     0.163      1.00        2.000   0.000       0.00    
 266201    204.8     0.161      1.00        2.000   0.000     -0.400E-01

                    Global Mass & Energy Balances
 Total mass in system at this time:            0.477635E+17 kg
 Total mass of steam in system at this time:   0.000000E+00 kg
 Total enthalpy in system at this time:        0.319067E+16 MJ

 Water discharge this time step:   0.000000E+00 kg (0.000000E+00 kg/s)
 Water input this time step:       0.000000E+00 kg (0.000000E+00 kg/s)
 Total water discharge:            0.239635E-03 kg (0.507998E-09 kg/s)
 Total water input:                0.669986E-03 kg (0.142029E-08 kg/s)

 Enthalpy discharge this time step:  0.000000E+00 MJ (0.000000E+00 MJ/s)
 Enthalpy input this time step:      0.786278E+07 MJ (0.100000E+03 MJ/s)
 Total enthalpy discharge:           0.207677E+00 MJ (0.440252E-06 MJ/s)
 Total enthalpy input:               0.471724E+08 MJ (0.100000E+03 MJ/s)

 Net kg water discharge (total out-total in):  -0.430351E-03
 Net MJ energy discharge (total out-total in):  -0.471724E+08
 Conservation Errors:  -0.250752E+06 (mass),   0.621268E-05 (energy)

 Enthalpy discharge this time step:  0.000000E+00 MJ (0.000000E+00 MJ/s)
 Enthalpy input this time step:      0.943533E+07 MJ (0.100000E+03 MJ/s)
 Total enthalpy discharge:           0.207677E+00 MJ (0.366871E-06 MJ/s)
 Total enthalpy input:               0.566077E+08 MJ (0.100000E+03 MJ/s)

 Water discharge this time step:   0.000000E+00 kg (0.000000E+00 kg/s)
 Water input this time step:       0.000000E+00 kg (0.000000E+00 kg/s)
 Total water discharge:            0.239635E-03 kg (0.423325E-09 kg/s)
 Total water input:                0.669986E-03 kg (0.118356E-08 kg/s)

 Enthalpy discharge this time step:  0.000000E+00 MJ (0.000000E+00 MJ/s)
 Enthalpy input this time step:      0.943533E+07 MJ (0.100000E+03 MJ/s)
 Total enthalpy discharge:           0.207677E+00 MJ (0.366871E-06 MJ/s)
 Total enthalpy input:               0.566077E+08 MJ (0.100000E+03 MJ/s)

 Enthalpy discharge this time step:  0.000000E+00 MJ (0.000000E+00 MJ/s)
 Enthalpy input this time step:      0.113224E+08 MJ (0.100000E+03 MJ/s)
 Total enthalpy discharge:           0.207677E+00 MJ (0.305722E-06 MJ/s)
 Total enthalpy input:               0.679301E+08 MJ (0.100000E+03 MJ/s)

 Water discharge this time step:   0.000000E+00 kg (0.000000E+00 kg/s)
 Water input this time step:       0.000000E+00 kg (0.000000E+00 kg/s)
 Total water discharge:            0.239635E-03 kg (0.352767E-09 kg/s)
 Total water input:                0.669986E-03 kg (0.986287E-09 kg/s)

 Enthalpy discharge this time step:  0.000000E+00 MJ (0.000000E+00 MJ/s)
 Enthalpy input this time step:      0.113224E+08 MJ (0.100000E+03 MJ/s)
 Total enthalpy discharge:           0.207677E+00 MJ (0.305722E-06 MJ/s)
 Total enthalpy input:               0.679301E+08 MJ (0.100000E+03 MJ/s)

 Enthalpy discharge this time step:  0.000000E+00 MJ (0.000000E+00 MJ/s)
 Enthalpy input this time step:      0.135869E+08 MJ (0.100000E+03 MJ/s)
 Total enthalpy discharge:           0.207677E+00 MJ (0.254766E-06 MJ/s)
 Total enthalpy input:               0.815170E+08 MJ (0.100000E+03 MJ/s)

 Water discharge this time step:   0.000000E+00 kg (0.000000E+00 kg/s)
 Water input this time step:       0.000000E+00 kg (0.000000E+00 kg/s)
 Total water discharge:            0.239635E-03 kg (0.293969E-09 kg/s)
 Total water input:                0.669986E-03 kg (0.821897E-09 kg/s)

 Enthalpy discharge this time step:  0.000000E+00 MJ (0.000000E+00 MJ/s)
 Enthalpy input this time step:      0.135869E+08 MJ (0.100000E+03 MJ/s)
 Total enthalpy discharge:           0.207677E+00 MJ (0.254766E-06 MJ/s)
 Total enthalpy input:               0.815170E+08 MJ (0.100000E+03 MJ/s)

 Enthalpy discharge this time step:  0.000000E+00 MJ (0.000000E+00 MJ/s)
 Enthalpy input this time step:      0.163043E+08 MJ (0.100000E+03 MJ/s)
 Total enthalpy discharge:           0.207677E+00 MJ (0.212303E-06 MJ/s)
 Total enthalpy input:               0.978212E+08 MJ (0.100000E+03 MJ/s)

 Water discharge this time step:   0.000000E+00 kg (0.000000E+00 kg/s)
 Water input this time step:       0.000000E+00 kg (0.000000E+00 kg/s)
 Total water discharge:            0.239635E-03 kg (0.244972E-09 kg/s)
 Total water input:                0.669986E-03 kg (0.684908E-09 kg/s)

 Enthalpy discharge this time step:  0.000000E+00 MJ (0.000000E+00 MJ/s)
 Enthalpy input this time step:      0.163043E+08 MJ (0.100000E+03 MJ/s)
 Total enthalpy discharge:           0.207677E+00 MJ (0.212303E-06 MJ/s)
 Total enthalpy input:               0.978212E+08 MJ (0.100000E+03 MJ/s)

 Enthalpy discharge this time step:  0.000000E+00 MJ (0.000000E+00 MJ/s)
 Enthalpy input this time step:      0.195651E+08 MJ (0.100000E+03 MJ/s)
 Total enthalpy discharge:           0.207677E+00 MJ (0.176918E-06 MJ/s)
 Total enthalpy input:               0.117386E+09 MJ (0.100000E+03 MJ/s)

 Water discharge this time step:   0.000000E+00 kg (0.000000E+00 kg/s)
 Water input this time step:       0.000000E+00 kg (0.000000E+00 kg/s)
 Total water discharge:            0.239635E-03 kg (0.204142E-09 kg/s)
 Total water input:                0.669986E-03 kg (0.570753E-09 kg/s)

 Enthalpy discharge this time step:  0.000000E+00 MJ (0.000000E+00 MJ/s)
 Enthalpy input this time step:      0.195651E+08 MJ (0.100000E+03 MJ/s)
 Total enthalpy discharge:           0.207677E+00 MJ (0.176918E-06 MJ/s)
 Total enthalpy input:               0.117386E+09 MJ (0.100000E+03 MJ/s)

 Enthalpy discharge this time step:  0.000000E+00 MJ (0.000000E+00 MJ/s)
 Enthalpy input this time step:      0.234781E+08 MJ (0.100000E+03 MJ/s)
 Total enthalpy discharge:           0.207677E+00 MJ (0.147431E-06 MJ/s)
 Total enthalpy input:               0.140864E+09 MJ (0.100000E+03 MJ/s)

 Water discharge this time step:   0.000000E+00 kg (0.000000E+00 kg/s)
 Water input this time step:       0.000000E+00 kg (0.000000E+00 kg/s)
 Total water discharge:            0.239635E-03 kg (0.170117E-09 kg/s)
 Total water input:                0.669986E-03 kg (0.475624E-09 kg/s)

 Enthalpy discharge this time step:  0.000000E+00 MJ (0.000000E+00 MJ/s)
 Enthalpy input this time step:      0.234781E+08 MJ (0.100000E+03 MJ/s)
 Total enthalpy discharge:           0.207677E+00 MJ (0.147431E-06 MJ/s)
 Total enthalpy input:               0.140864E+09 MJ (0.100000E+03 MJ/s)

 Enthalpy discharge this time step:  0.000000E+00 MJ (0.000000E+00 MJ/s)
 Enthalpy input this time step:      0.281738E+08 MJ (0.100000E+03 MJ/s)
 Total enthalpy discharge:           0.207677E+00 MJ (0.122858E-06 MJ/s)
 Total enthalpy input:               0.169038E+09 MJ (0.100000E+03 MJ/s)

 Water discharge this time step:   0.000000E+00 kg (0.000000E+00 kg/s)
 Water input this time step:       0.000000E+00 kg (0.000000E+00 kg/s)
 Total water discharge:            0.239635E-03 kg (0.141764E-09 kg/s)
 Total water input:                0.669986E-03 kg (0.396352E-09 kg/s)

 Enthalpy discharge this time step:  0.000000E+00 MJ (0.000000E+00 MJ/s)
 Enthalpy input this time step:      0.281738E+08 MJ (0.100000E+03 MJ/s)
 Total enthalpy discharge:           0.207677E+00 MJ (0.122858E-06 MJ/s)
 Total enthalpy input:               0.169038E+09 MJ (0.100000E+03 MJ/s)

 Enthalpy discharge this time step:  0.000000E+00 MJ (0.000000E+00 MJ/s)
 Enthalpy input this time step:      0.338085E+08 MJ (0.100000E+03 MJ/s)
 Total enthalpy discharge:           0.207677E+00 MJ (0.102381E-06 MJ/s)
 Total enthalpy input:               0.202847E+09 MJ (0.100000E+03 MJ/s)

 Water discharge this time step:   0.000000E+00 kg (0.000000E+00 kg/s)
 Water input this time step:       0.000000E+00 kg (0.000000E+00 kg/s)
 Total water discharge:            0.239635E-03 kg (0.118136E-09 kg/s)
 Total water input:                0.669986E-03 kg (0.330292E-09 kg/s)

 Enthalpy discharge this time step:  0.000000E+00 MJ (0.000000E+00 MJ/s)
 Enthalpy input this time step:      0.338085E+08 MJ (0.100000E+03 MJ/s)
 Total enthalpy discharge:           0.207677E+00 MJ (0.102381E-06 MJ/s)
 Total enthalpy input:               0.202847E+09 MJ (0.100000E+03 MJ/s)

 Enthalpy discharge this time step:  0.000000E+00 MJ (0.000000E+00 MJ/s)
 Enthalpy input this time step:      0.405702E+08 MJ (0.100000E+03 MJ/s)
 Total enthalpy discharge:           0.207677E+00 MJ (0.853176E-07 MJ/s)
 Total enthalpy input:               0.243417E+09 MJ (0.100000E+03 MJ/s)

 Water discharge this time step:   0.000000E+00 kg (0.000000E+00 kg/s)
 Water input this time step:       0.000000E+00 kg (0.000000E+00 kg/s)
 Total water discharge:            0.239635E-03 kg (0.984462E-10 kg/s)
 Total water input:                0.669986E-03 kg (0.275242E-09 kg/s)

 Enthalpy discharge this time step:  0.000000E+00 MJ (0.000000E+00 MJ/s)
 Enthalpy input this time step:      0.405702E+08 MJ (0.100000E+03 MJ/s)
 Total enthalpy discharge:           0.207677E+00 MJ (0.853176E-07 MJ/s)
 Total enthalpy input:               0.243417E+09 MJ (0.100000E+03 MJ/s)
*********************************************************************
 Time Step        61

                    Timing Information
           Years              Days         Step Size (Days)
     0.925612830E-01      33.8080086         5.63475144    
 Cpu Sec for Time Step =   1.827     Current Total =     107.3    

                    Equation Performance
 Number of N-R Iterations:          2
 Avg # of Linear Equation Solver Iterations:   1.5
 Number of Active Nodes:    532436.
 Total Number of Iterations, N-R:        122 , Solver:        108
 Phase Changes This Time Step:        0 Total           0
 Nodes Liq Phase:   532436 change        0
 Nodes Two Phase:        0 change        0
 Nodes Gas Phase:         0 change        0
 Nodes SC Phase:        0 change        0
 Number of restarted time steps            0
                    Largest Residuals
 EQ1 R=  0.3249E-10 node= 404625 zone=     5 x=0.2600E+05 y=0.2600E+05 z=-.2500E+05
 EQ2 R=  0.4111E-12 node= 392941 zone=     5 x=0.2400E+05 y=-4000.     z=-.2500E+05
   Node   Equation 1 Residual   Equation 2 Residual
 266236     -0.518903E-17          -0.853505E-19
 266234     -0.162572E-16          -0.211147E-18
 266231     -0.112305E-12           0.382254E-15
 266226      0.994403E-14           0.338331E-16
 266221      0.431729E-12           0.854674E-15
 266210      0.198415E-15           0.158001E-18
 266201      0.301287E-10          -0.407281E-12

                    Nodal Information (Water)
                                                  source/sink  E source/sink
   Node   P (MPa)    E (MJ)    L sat     Temp (C)    (kg/s)       (MJ/s)
 266236    135.2     0.167      1.00        2.000   0.000       0.00    
 266234    139.3     0.167      1.00        2.000   0.000       0.00    
 266231    142.1     0.166      1.00        2.000   0.000       0.00    
 266226    149.0     0.166      1.00        2.000   0.000       0.00    
 266221    155.9     0.165      1.00        2.000   0.000       0.00    
 266210    179.6     0.163      1.00        2.000   0.000       0.00    
 266201    204.8     0.161      1.00        2.000   0.000     -0.400E-01

                    Global Mass & Energy Balances
 Total mass in system at this time:            0.477635E+17 kg
 Total mass of steam in system at this time:   0.000000E+00 kg
 Total enthalpy in system at this time:        0.319067E+16 MJ

 Water discharge this time step:   0.000000E+00 kg (0.000000E+00 kg/s)
 Water input this time step:       0.000000E+00 kg (0.000000E+00 kg/s)
 Total water discharge:            0.239635E-03 kg (0.820382E-10 kg/s)
 Total water input:                0.669986E-03 kg (0.229368E-09 kg/s)

 Enthalpy discharge this time step:  0.000000E+00 MJ (0.000000E+00 MJ/s)
 Enthalpy input this time step:      0.486843E+08 MJ (0.100000E+03 MJ/s)
 Total enthalpy discharge:           0.207677E+00 MJ (0.710978E-07 MJ/s)
 Total enthalpy input:               0.292101E+09 MJ (0.100000E+03 MJ/s)

 Net kg water discharge (total out-total in):  -0.430351E-03
 Net MJ energy discharge (total out-total in):  -0.292101E+09
 Conservation Errors:  -0.835845E+05 (mass),   0.478383E-06 (energy)

 Enthalpy discharge this time step:  0.000000E+00 MJ (0.000000E+00 MJ/s)
 Enthalpy input this time step:      0.584211E+08 MJ (0.100000E+03 MJ/s)
 Total enthalpy discharge:           0.207677E+00 MJ (0.592480E-07 MJ/s)
 Total enthalpy input:               0.350522E+09 MJ (0.100000E+03 MJ/s)

 Water discharge this time step:   0.000000E+00 kg (0.000000E+00 kg/s)
 Water input this time step:       0.000000E+00 kg (0.000000E+00 kg/s)
 Total water discharge:            0.239635E-03 kg (0.683650E-10 kg/s)
 Total water input:                0.669986E-03 kg (0.191139E-09 kg/s)

 Enthalpy discharge this time step:  0.000000E+00 MJ (0.000000E+00 MJ/s)
 Enthalpy input this time step:      0.584211E+08 MJ (0.100000E+03 MJ/s)
 Total enthalpy discharge:           0.207677E+00 MJ (0.592480E-07 MJ/s)
 Total enthalpy input:               0.350522E+09 MJ (0.100000E+03 MJ/s)

 Enthalpy discharge this time step:  0.000000E+00 MJ (0.000000E+00 MJ/s)
 Enthalpy input this time step:      0.701053E+08 MJ (0.100000E+03 MJ/s)
 Total enthalpy discharge:           0.207677E+00 MJ (0.493732E-07 MJ/s)
 Total enthalpy input:               0.420628E+09 MJ (0.100000E+03 MJ/s)

 Water discharge this time step:   0.000000E+00 kg (0.000000E+00 kg/s)
 Water input this time step:       0.000000E+00 kg (0.000000E+00 kg/s)
 Total water discharge:            0.239635E-03 kg (0.569707E-10 kg/s)
 Total water input:                0.669986E-03 kg (0.159282E-09 kg/s)

 Enthalpy discharge this time step:  0.000000E+00 MJ (0.000000E+00 MJ/s)
 Enthalpy input this time step:      0.701053E+08 MJ (0.100000E+03 MJ/s)
 Total enthalpy discharge:           0.207677E+00 MJ (0.493732E-07 MJ/s)
 Total enthalpy input:               0.420628E+09 MJ (0.100000E+03 MJ/s)

 Enthalpy discharge this time step:  0.000000E+00 MJ (0.000000E+00 MJ/s)
 Enthalpy input this time step:      0.841264E+08 MJ (0.100000E+03 MJ/s)
 Total enthalpy discharge:           0.207677E+00 MJ (0.411443E-07 MJ/s)
 Total enthalpy input:               0.504754E+09 MJ (0.100000E+03 MJ/s)

 Water discharge this time step:   0.000000E+00 kg (0.000000E+00 kg/s)
 Water input this time step:       0.000000E+00 kg (0.000000E+00 kg/s)
 Total water discharge:            0.239635E-03 kg (0.474755E-10 kg/s)
 Total water input:                0.669986E-03 kg (0.132735E-09 kg/s)

 Enthalpy discharge this time step:  0.000000E+00 MJ (0.000000E+00 MJ/s)
 Enthalpy input this time step:      0.841264E+08 MJ (0.100000E+03 MJ/s)
 Total enthalpy discharge:           0.207677E+00 MJ (0.411443E-07 MJ/s)
 Total enthalpy input:               0.504754E+09 MJ (0.100000E+03 MJ/s)

 Enthalpy discharge this time step:  0.000000E+00 MJ (0.000000E+00 MJ/s)
 Enthalpy input this time step:      0.100952E+09 MJ (0.100000E+03 MJ/s)
 Total enthalpy discharge:           0.207677E+00 MJ (0.342868E-07 MJ/s)
 Total enthalpy input:               0.605706E+09 MJ (0.100000E+03 MJ/s)

 Water discharge this time step:   0.000000E+00 kg (0.000000E+00 kg/s)
 Water input this time step:       0.000000E+00 kg (0.000000E+00 kg/s)
 Total water discharge:            0.239635E-03 kg (0.395629E-10 kg/s)
 Total water input:                0.669986E-03 kg (0.110612E-09 kg/s)

 Enthalpy discharge this time step:  0.000000E+00 MJ (0.000000E+00 MJ/s)
 Enthalpy input this time step:      0.100952E+09 MJ (0.100000E+03 MJ/s)
 Total enthalpy discharge:           0.207677E+00 MJ (0.342868E-07 MJ/s)
 Total enthalpy input:               0.605706E+09 MJ (0.100000E+03 MJ/s)

 Enthalpy discharge this time step:  0.000000E+00 MJ (0.000000E+00 MJ/s)
 Enthalpy input this time step:      0.121142E+09 MJ (0.100000E+03 MJ/s)
 Total enthalpy discharge:           0.207677E+00 MJ (0.285723E-07 MJ/s)
 Total enthalpy input:               0.726848E+09 MJ (0.100000E+03 MJ/s)

 Water discharge this time step:   0.000000E+00 kg (0.000000E+00 kg/s)
 Water input this time step:       0.000000E+00 kg (0.000000E+00 kg/s)
 Total water discharge:            0.239635E-03 kg (0.329690E-10 kg/s)
 Total water input:                0.669986E-03 kg (0.921769E-10 kg/s)

 Enthalpy discharge this time step:  0.000000E+00 MJ (0.000000E+00 MJ/s)
 Enthalpy input this time step:      0.121142E+09 MJ (0.100000E+03 MJ/s)
 Total enthalpy discharge:           0.207677E+00 MJ (0.285723E-07 MJ/s)
 Total enthalpy input:               0.726848E+09 MJ (0.100000E+03 MJ/s)

 Enthalpy discharge this time step:  0.000000E+00 MJ (0.000000E+00 MJ/s)
 Enthalpy input this time step:      0.145370E+09 MJ (0.100000E+03 MJ/s)
 Total enthalpy discharge:           0.207677E+00 MJ (0.238103E-07 MJ/s)
 Total enthalpy input:               0.872218E+09 MJ (0.100000E+03 MJ/s)

 Water discharge this time step:   0.000000E+00 kg (0.000000E+00 kg/s)
 Water input this time step:       0.000000E+00 kg (0.000000E+00 kg/s)
 Total water discharge:            0.239635E-03 kg (0.274742E-10 kg/s)
 Total water input:                0.669986E-03 kg (0.768140E-10 kg/s)

 Enthalpy discharge this time step:  0.000000E+00 MJ (0.000000E+00 MJ/s)
 Enthalpy input this time step:      0.145370E+09 MJ (0.100000E+03 MJ/s)
 Total enthalpy discharge:           0.207677E+00 MJ (0.238103E-07 MJ/s)
 Total enthalpy input:               0.872218E+09 MJ (0.100000E+03 MJ/s)

 Enthalpy discharge this time step:  0.000000E+00 MJ (0.000000E+00 MJ/s)
 Enthalpy input this time step:      0.174444E+09 MJ (0.100000E+03 MJ/s)
 Total enthalpy discharge:           0.207677E+00 MJ (0.198419E-07 MJ/s)
 Total enthalpy input:               0.104666E+10 MJ (0.100000E+03 MJ/s)

 Water discharge this time step:   0.000000E+00 kg (0.000000E+00 kg/s)
 Water input this time step:       0.000000E+00 kg (0.000000E+00 kg/s)
 Total water discharge:            0.239635E-03 kg (0.228951E-10 kg/s)
 Total water input:                0.669986E-03 kg (0.640116E-10 kg/s)

 Enthalpy discharge this time step:  0.000000E+00 MJ (0.000000E+00 MJ/s)
 Enthalpy input this time step:      0.174444E+09 MJ (0.100000E+03 MJ/s)
 Total enthalpy discharge:           0.207677E+00 MJ (0.198419E-07 MJ/s)
 Total enthalpy input:               0.104666E+10 MJ (0.100000E+03 MJ/s)

 Enthalpy discharge this time step:  0.000000E+00 MJ (0.000000E+00 MJ/s)
 Enthalpy input this time step:      0.209333E+09 MJ (0.100000E+03 MJ/s)
 Total enthalpy discharge:           0.207677E+00 MJ (0.165349E-07 MJ/s)
 Total enthalpy input:               0.125600E+10 MJ (0.100000E+03 MJ/s)

 Water discharge this time step:   0.000000E+00 kg (0.000000E+00 kg/s)
 Water input this time step:       0.000000E+00 kg (0.000000E+00 kg/s)
 Total water discharge:            0.239635E-03 kg (0.190793E-10 kg/s)
 Total water input:                0.669986E-03 kg (0.533430E-10 kg/s)

 Enthalpy discharge this time step:  0.000000E+00 MJ (0.000000E+00 MJ/s)
 Enthalpy input this time step:      0.209333E+09 MJ (0.100000E+03 MJ/s)
 Total enthalpy discharge:           0.207677E+00 MJ (0.165349E-07 MJ/s)
 Total enthalpy input:               0.125600E+10 MJ (0.100000E+03 MJ/s)

 Enthalpy discharge this time step:  0.000000E+00 MJ (0.000000E+00 MJ/s)
 Enthalpy input this time step:      0.251200E+09 MJ (0.100000E+03 MJ/s)
 Total enthalpy discharge:           0.207677E+00 MJ (0.137791E-07 MJ/s)
 Total enthalpy input:               0.150720E+10 MJ (0.100000E+03 MJ/s)

 Water discharge this time step:   0.000000E+00 kg (0.000000E+00 kg/s)
 Water input this time step:       0.000000E+00 kg (0.000000E+00 kg/s)
 Total water discharge:            0.239635E-03 kg (0.158994E-10 kg/s)
 Total water input:                0.669986E-03 kg (0.444525E-10 kg/s)

 Enthalpy discharge this time step:  0.000000E+00 MJ (0.000000E+00 MJ/s)
 Enthalpy input this time step:      0.251200E+09 MJ (0.100000E+03 MJ/s)
 Total enthalpy discharge:           0.207677E+00 MJ (0.137791E-07 MJ/s)
 Total enthalpy input:               0.150720E+10 MJ (0.100000E+03 MJ/s)
*********************************************************************
 Time Step        71

                    Timing Information
           Years              Days         Step Size (Days)
     0.573122174          209.332874         34.8888957    
 Cpu Sec for Time Step =   1.895     Current Total =     126.6    

                    Equation Performance
 Number of N-R Iterations:          2
 Avg # of Linear Equation Solver Iterations:   2.0
 Number of Active Nodes:    532436.
 Total Number of Iterations, N-R:        142 , Solver:        144
 Phase Changes This Time Step:        0 Total           0
 Nodes Liq Phase:   532436 change        0
 Nodes Two Phase:        0 change        0
 Nodes Gas Phase:         0 change        0
 Nodes SC Phase:        0 change        0
 Number of restarted time steps            0
                    Largest Residuals
 EQ1 R=  0.1654E-09 node= 340515 zone=     5 x=0.1400E+05 y= 8000.     z=-.2500E+05
 EQ2 R=  0.2549E-11 node= 118313 zone=     5 x=-.2800E+05 y= 4000.     z=-.2500E+05
   Node   Equation 1 Residual   Equation 2 Residual
 266236     -0.521571E-17          -0.863847E-19
 266234     -0.139217E-13          -0.272927E-14
 266231      0.121614E-13           0.398693E-16
 266226      0.727980E-13           0.100310E-14
 266221     -0.109930E-12           0.257592E-15
 266210      0.618934E-13          -0.539190E-15
 266201      0.164553E-09          -0.254485E-11

                    Nodal Information (Water)
                                                  source/sink  E source/sink
   Node   P (MPa)    E (MJ)    L sat     Temp (C)    (kg/s)       (MJ/s)
 266236    135.2     0.167      1.00        2.000   0.000       0.00    
 266234    139.3     0.167      1.00        2.000   0.000       0.00    
 266231    142.1     0.166      1.00        2.000   0.000       0.00    
 266226    149.0     0.166      1.00        2.000   0.000       0.00    
 266221    155.9     0.165      1.00        2.000   0.000       0.00    
 266210    179.6     0.163      1.00        2.000   0.000       0.00    
 266201    204.8     0.161      1.00        2.000   0.000     -0.400E-01

                    Global Mass & Energy Balances
 Total mass in system at this time:            0.477635E+17 kg
 Total mass of steam in system at this time:   0.000000E+00 kg
 Total enthalpy in system at this time:        0.319067E+16 MJ

 Water discharge this time step:   0.000000E+00 kg (0.000000E+00 kg/s)
 Water input this time step:       0.000000E+00 kg (0.000000E+00 kg/s)
 Total water discharge:            0.239635E-03 kg (0.132495E-10 kg/s)
 Total water input:                0.669986E-03 kg (0.370437E-10 kg/s)

 Enthalpy discharge this time step:  0.000000E+00 MJ (0.000000E+00 MJ/s)
 Enthalpy input this time step:      0.301440E+09 MJ (0.100000E+03 MJ/s)
 Total enthalpy discharge:           0.207677E+00 MJ (0.114825E-07 MJ/s)
 Total enthalpy input:               0.180864E+10 MJ (0.100000E+03 MJ/s)

 Net kg water discharge (total out-total in):  -0.430351E-03
 Net MJ energy discharge (total out-total in):  -0.180864E+10
 Conservation Errors:   0.155227E+06 (mass),  -0.669530E-07 (energy)

 Enthalpy discharge this time step:  0.000000E+00 MJ (0.000000E+00 MJ/s)
 Enthalpy input this time step:      0.361728E+09 MJ (0.100000E+03 MJ/s)
 Total enthalpy discharge:           0.207677E+00 MJ (0.956878E-08 MJ/s)
 Total enthalpy input:               0.217036E+10 MJ (0.100000E+03 MJ/s)

 Water discharge this time step:   0.000000E+00 kg (0.000000E+00 kg/s)
 Water input this time step:       0.000000E+00 kg (0.000000E+00 kg/s)
 Total water discharge:            0.239635E-03 kg (0.110412E-10 kg/s)
 Total water input:                0.669986E-03 kg (0.308697E-10 kg/s)

 Enthalpy discharge this time step:  0.000000E+00 MJ (0.000000E+00 MJ/s)
 Enthalpy input this time step:      0.361728E+09 MJ (0.100000E+03 MJ/s)
 Total enthalpy discharge:           0.207677E+00 MJ (0.956878E-08 MJ/s)
 Total enthalpy input:               0.217036E+10 MJ (0.100000E+03 MJ/s)

 Enthalpy discharge this time step:  0.000000E+00 MJ (0.000000E+00 MJ/s)
 Enthalpy input this time step:      0.434074E+09 MJ (0.100000E+03 MJ/s)
 Total enthalpy discharge:           0.207677E+00 MJ (0.797398E-08 MJ/s)
 Total enthalpy input:               0.260444E+10 MJ (0.100000E+03 MJ/s)

 Water discharge this time step:   0.000000E+00 kg (0.000000E+00 kg/s)
 Water input this time step:       0.000000E+00 kg (0.000000E+00 kg/s)
 Total water discharge:            0.239635E-03 kg (0.920101E-11 kg/s)
 Total water input:                0.669986E-03 kg (0.257248E-10 kg/s)

 Enthalpy discharge this time step:  0.000000E+00 MJ (0.000000E+00 MJ/s)
 Enthalpy input this time step:      0.434074E+09 MJ (0.100000E+03 MJ/s)
 Total enthalpy discharge:           0.207677E+00 MJ (0.797398E-08 MJ/s)
 Total enthalpy input:               0.260444E+10 MJ (0.100000E+03 MJ/s)

 Enthalpy discharge this time step:  0.000000E+00 MJ (0.000000E+00 MJ/s)
 Enthalpy input this time step:      0.520888E+09 MJ (0.100000E+03 MJ/s)
 Total enthalpy discharge:           0.207677E+00 MJ (0.664498E-08 MJ/s)
 Total enthalpy input:               0.312533E+10 MJ (0.100000E+03 MJ/s)

 Water discharge this time step:   0.000000E+00 kg (0.000000E+00 kg/s)
 Water input this time step:       0.000000E+00 kg (0.000000E+00 kg/s)
 Total water discharge:            0.239635E-03 kg (0.766751E-11 kg/s)
 Total water input:                0.669986E-03 kg (0.214373E-10 kg/s)

 Enthalpy discharge this time step:  0.000000E+00 MJ (0.000000E+00 MJ/s)
 Enthalpy input this time step:      0.520888E+09 MJ (0.100000E+03 MJ/s)
 Total enthalpy discharge:           0.207677E+00 MJ (0.664498E-08 MJ/s)
 Total enthalpy input:               0.312533E+10 MJ (0.100000E+03 MJ/s)

 Enthalpy discharge this time step:  0.000000E+00 MJ (0.000000E+00 MJ/s)
 Enthalpy input this time step:      0.625066E+09 MJ (0.100000E+03 MJ/s)
 Total enthalpy discharge:           0.207677E+00 MJ (0.553748E-08 MJ/s)
 Total enthalpy input:               0.375039E+10 MJ (0.100000E+03 MJ/s)

 Water discharge this time step:   0.000000E+00 kg (0.000000E+00 kg/s)
 Water input this time step:       0.000000E+00 kg (0.000000E+00 kg/s)
 Total water discharge:            0.239635E-03 kg (0.638959E-11 kg/s)
 Total water input:                0.669986E-03 kg (0.178644E-10 kg/s)

 Enthalpy discharge this time step:  0.000000E+00 MJ (0.000000E+00 MJ/s)
 Enthalpy input this time step:      0.625066E+09 MJ (0.100000E+03 MJ/s)
 Total enthalpy discharge:           0.207677E+00 MJ (0.553748E-08 MJ/s)
 Total enthalpy input:               0.375039E+10 MJ (0.100000E+03 MJ/s)

 Enthalpy discharge this time step:  0.000000E+00 MJ (0.000000E+00 MJ/s)
 Enthalpy input this time step:      0.750079E+09 MJ (0.100000E+03 MJ/s)
 Total enthalpy discharge:           0.207677E+00 MJ (0.461457E-08 MJ/s)
 Total enthalpy input:               0.450047E+10 MJ (0.100000E+03 MJ/s)

 Water discharge this time step:   0.000000E+00 kg (0.000000E+00 kg/s)
 Water input this time step:       0.000000E+00 kg (0.000000E+00 kg/s)
 Total water discharge:            0.239635E-03 kg (0.532466E-11 kg/s)
 Total water input:                0.669986E-03 kg (0.148870E-10 kg/s)

 Enthalpy discharge this time step:  0.000000E+00 MJ (0.000000E+00 MJ/s)
 Enthalpy input this time step:      0.750079E+09 MJ (0.100000E+03 MJ/s)
 Total enthalpy discharge:           0.207677E+00 MJ (0.461457E-08 MJ/s)
 Total enthalpy input:               0.450047E+10 MJ (0.100000E+03 MJ/s)

 Enthalpy discharge this time step:  0.000000E+00 MJ (0.000000E+00 MJ/s)
 Enthalpy input this time step:      0.900095E+09 MJ (0.100000E+03 MJ/s)
 Total enthalpy discharge:           0.207677E+00 MJ (0.384547E-08 MJ/s)
 Total enthalpy input:               0.540057E+10 MJ (0.100000E+03 MJ/s)

 Water discharge this time step:   0.000000E+00 kg (0.000000E+00 kg/s)
 Water input this time step:       0.000000E+00 kg (0.000000E+00 kg/s)
 Total water discharge:            0.239635E-03 kg (0.443721E-11 kg/s)
 Total water input:                0.669986E-03 kg (0.124058E-10 kg/s)

 Enthalpy discharge this time step:  0.000000E+00 MJ (0.000000E+00 MJ/s)
 Enthalpy input this time step:      0.900095E+09 MJ (0.100000E+03 MJ/s)
 Total enthalpy discharge:           0.207677E+00 MJ (0.384547E-08 MJ/s)
 Total enthalpy input:               0.540057E+10 MJ (0.100000E+03 MJ/s)

 Enthalpy discharge this time step:  0.000000E+00 MJ (0.000000E+00 MJ/s)
 Enthalpy input this time step:      0.108011E+10 MJ (0.100000E+03 MJ/s)
 Total enthalpy discharge:           0.207677E+00 MJ (0.320456E-08 MJ/s)
 Total enthalpy input:               0.648068E+10 MJ (0.100000E+03 MJ/s)

 Water discharge this time step:   0.000000E+00 kg (0.000000E+00 kg/s)
 Water input this time step:       0.000000E+00 kg (0.000000E+00 kg/s)
 Total water discharge:            0.239635E-03 kg (0.369768E-11 kg/s)
 Total water input:                0.669986E-03 kg (0.103382E-10 kg/s)

 Enthalpy discharge this time step:  0.000000E+00 MJ (0.000000E+00 MJ/s)
 Enthalpy input this time step:      0.108011E+10 MJ (0.100000E+03 MJ/s)
 Total enthalpy discharge:           0.207677E+00 MJ (0.320456E-08 MJ/s)
 Total enthalpy input:               0.648068E+10 MJ (0.100000E+03 MJ/s)

 Enthalpy discharge this time step:  0.000000E+00 MJ (0.000000E+00 MJ/s)
 Enthalpy input this time step:      0.129614E+10 MJ (0.100000E+03 MJ/s)
 Total enthalpy discharge:           0.207677E+00 MJ (0.267047E-08 MJ/s)
 Total enthalpy input:               0.777682E+10 MJ (0.100000E+03 MJ/s)

 Water discharge this time step:   0.000000E+00 kg (0.000000E+00 kg/s)
 Water input this time step:       0.000000E+00 kg (0.000000E+00 kg/s)
 Total water discharge:            0.239635E-03 kg (0.308140E-11 kg/s)
 Total water input:                0.669986E-03 kg (0.861516E-11 kg/s)

 Enthalpy discharge this time step:  0.000000E+00 MJ (0.000000E+00 MJ/s)
 Enthalpy input this time step:      0.129614E+10 MJ (0.100000E+03 MJ/s)
 Total enthalpy discharge:           0.207677E+00 MJ (0.267047E-08 MJ/s)
 Total enthalpy input:               0.777682E+10 MJ (0.100000E+03 MJ/s)

 Enthalpy discharge this time step:  0.000000E+00 MJ (0.000000E+00 MJ/s)
 Enthalpy input this time step:      0.155536E+10 MJ (0.100000E+03 MJ/s)
 Total enthalpy discharge:           0.207677E+00 MJ (0.222539E-08 MJ/s)
 Total enthalpy input:               0.933218E+10 MJ (0.100000E+03 MJ/s)

 Water discharge this time step:   0.000000E+00 kg (0.000000E+00 kg/s)
 Water input this time step:       0.000000E+00 kg (0.000000E+00 kg/s)
 Total water discharge:            0.239635E-03 kg (0.256783E-11 kg/s)
 Total water input:                0.669986E-03 kg (0.717930E-11 kg/s)

 Enthalpy discharge this time step:  0.000000E+00 MJ (0.000000E+00 MJ/s)
 Enthalpy input this time step:      0.155536E+10 MJ (0.100000E+03 MJ/s)
 Total enthalpy discharge:           0.207677E+00 MJ (0.222539E-08 MJ/s)
 Total enthalpy input:               0.933218E+10 MJ (0.100000E+03 MJ/s)
*********************************************************************
 Time Step        81

                    Timing Information
           Years              Days         Step Size (Days)
      3.54862855          1296.13658         216.022846    
 Cpu Sec for Time Step =   2.021     Current Total =     146.8    

                    Equation Performance
 Number of N-R Iterations:          2
 Avg # of Linear Equation Solver Iterations:   3.0
 Number of Active Nodes:    532436.
 Total Number of Iterations, N-R:        162 , Solver:        194
 Phase Changes This Time Step:        0 Total           0
 Nodes Liq Phase:   532436 change        0
 Nodes Two Phase:        0 change        0
 Nodes Gas Phase:         0 change        0
 Nodes SC Phase:        0 change        0
 Number of restarted time steps            0
                    Largest Residuals
 EQ1 R=  0.6928E-09 node= 521828 zone=     3 x=0.4800E+05 y=0.5000E+05 z=-.2300E+05
 EQ2 R=  0.1596E-10 node= 478569 zone=     5 x=0.4000E+05 y=0.2400E+05 z=-.2500E+05
   Node   Equation 1 Residual   Equation 2 Residual
 266236     -0.518932E-17          -0.856360E-19
 266234      0.325988E-12           0.197910E-14
 266231      0.626288E-14           0.164651E-16
 266226     -0.131625E-12           0.299097E-15
 266221      0.366549E-14          -0.319160E-15
 266210     -0.101680E-12           0.666965E-15
 266201      0.544405E-09          -0.159574E-10

                    Nodal Information (Water)
                                                  source/sink  E source/sink
   Node   P (MPa)    E (MJ)    L sat     Temp (C)    (kg/s)       (MJ/s)
 266236    135.2     0.167      1.00        2.000   0.000       0.00    
 266234    139.3     0.167      1.00        2.000   0.000       0.00    
 266231    142.1     0.166      1.00        2.000   0.000       0.00    
 266226    149.0     0.166      1.00        2.000   0.000       0.00    
 266221    155.9     0.165      1.00        2.000   0.000       0.00    
 266210    179.6     0.163      1.00        2.000   0.000       0.00    
 266201    204.8     0.161      1.00        2.000   0.000     -0.400E-01

                    Global Mass & Energy Balances
 Total mass in system at this time:            0.477635E+17 kg
 Total mass of steam in system at this time:   0.000000E+00 kg
 Total enthalpy in system at this time:        0.319068E+16 MJ

 Water discharge this time step:   0.000000E+00 kg (0.000000E+00 kg/s)
 Water input this time step:       0.000000E+00 kg (0.000000E+00 kg/s)
 Total water discharge:            0.239635E-03 kg (0.213986E-11 kg/s)
 Total water input:                0.669986E-03 kg (0.598275E-11 kg/s)

 Enthalpy discharge this time step:  0.000000E+00 MJ (0.000000E+00 MJ/s)
 Enthalpy input this time step:      0.186644E+10 MJ (0.100000E+03 MJ/s)
 Total enthalpy discharge:           0.207677E+00 MJ (0.185449E-08 MJ/s)
 Total enthalpy input:               0.111986E+11 MJ (0.100000E+03 MJ/s)

 Net kg water discharge (total out-total in):  -0.430351E-03
 Net MJ energy discharge (total out-total in):  -0.111986E+11
 Conservation Errors:  -0.133495E+08 (mass),  -0.384058E-06 (energy)

 Enthalpy discharge this time step:  0.000000E+00 MJ (0.000000E+00 MJ/s)
 Enthalpy input this time step:      0.223972E+10 MJ (0.100000E+03 MJ/s)
 Total enthalpy discharge:           0.207677E+00 MJ (0.154541E-08 MJ/s)
 Total enthalpy input:               0.134383E+11 MJ (0.100000E+03 MJ/s)

 Water discharge this time step:   0.000000E+00 kg (0.000000E+00 kg/s)
 Water input this time step:       0.000000E+00 kg (0.000000E+00 kg/s)
 Total water discharge:            0.239635E-03 kg (0.178322E-11 kg/s)
 Total water input:                0.669986E-03 kg (0.498563E-11 kg/s)

 Enthalpy discharge this time step:  0.000000E+00 MJ (0.000000E+00 MJ/s)
 Enthalpy input this time step:      0.223972E+10 MJ (0.100000E+03 MJ/s)
 Total enthalpy discharge:           0.207677E+00 MJ (0.154541E-08 MJ/s)
 Total enthalpy input:               0.134383E+11 MJ (0.100000E+03 MJ/s)

 Enthalpy discharge this time step:  0.000000E+00 MJ (0.000000E+00 MJ/s)
 Enthalpy input this time step:      0.268767E+10 MJ (0.100000E+03 MJ/s)
 Total enthalpy discharge:           0.207677E+00 MJ (0.128784E-08 MJ/s)
 Total enthalpy input:               0.161260E+11 MJ (0.100000E+03 MJ/s)

 Water discharge this time step:   0.000000E+00 kg (0.000000E+00 kg/s)
 Water input this time step:       0.000000E+00 kg (0.000000E+00 kg/s)
 Total water discharge:            0.239635E-03 kg (0.148601E-11 kg/s)
 Total water input:                0.669986E-03 kg (0.415469E-11 kg/s)

 Enthalpy discharge this time step:  0.000000E+00 MJ (0.000000E+00 MJ/s)
 Enthalpy input this time step:      0.268767E+10 MJ (0.100000E+03 MJ/s)
 Total enthalpy discharge:           0.207677E+00 MJ (0.128784E-08 MJ/s)
 Total enthalpy input:               0.161260E+11 MJ (0.100000E+03 MJ/s)

 Enthalpy discharge this time step:  0.000000E+00 MJ (0.000000E+00 MJ/s)
 Enthalpy input this time step:      0.322520E+10 MJ (0.100000E+03 MJ/s)
 Total enthalpy discharge:           0.207677E+00 MJ (0.107320E-08 MJ/s)
 Total enthalpy input:               0.193512E+11 MJ (0.100000E+03 MJ/s)

 Water discharge this time step:   0.000000E+00 kg (0.000000E+00 kg/s)
 Water input this time step:       0.000000E+00 kg (0.000000E+00 kg/s)
 Total water discharge:            0.239635E-03 kg (0.123834E-11 kg/s)
 Total water input:                0.669986E-03 kg (0.346224E-11 kg/s)

 Enthalpy discharge this time step:  0.000000E+00 MJ (0.000000E+00 MJ/s)
 Enthalpy input this time step:      0.322520E+10 MJ (0.100000E+03 MJ/s)
 Total enthalpy discharge:           0.207677E+00 MJ (0.107320E-08 MJ/s)
 Total enthalpy input:               0.193512E+11 MJ (0.100000E+03 MJ/s)

 Enthalpy discharge this time step:  0.000000E+00 MJ (0.000000E+00 MJ/s)
 Enthalpy input this time step:      0.387024E+10 MJ (0.100000E+03 MJ/s)
 Total enthalpy discharge:           0.207677E+00 MJ (0.894334E-09 MJ/s)
 Total enthalpy input:               0.232215E+11 MJ (0.100000E+03 MJ/s)

 Water discharge this time step:   0.000000E+00 kg (0.000000E+00 kg/s)
 Water input this time step:       0.000000E+00 kg (0.000000E+00 kg/s)
 Total water discharge:            0.239635E-03 kg (0.103195E-11 kg/s)
 Total water input:                0.669986E-03 kg (0.288520E-11 kg/s)

 Enthalpy discharge this time step:  0.000000E+00 MJ (0.000000E+00 MJ/s)
 Enthalpy input this time step:      0.387024E+10 MJ (0.100000E+03 MJ/s)
 Total enthalpy discharge:           0.207677E+00 MJ (0.894334E-09 MJ/s)
 Total enthalpy input:               0.232215E+11 MJ (0.100000E+03 MJ/s)

 Enthalpy discharge this time step:  0.000000E+00 MJ (0.000000E+00 MJ/s)
 Enthalpy input this time step:      0.464429E+10 MJ (0.100000E+03 MJ/s)
 Total enthalpy discharge:           0.207677E+00 MJ (0.745278E-09 MJ/s)
 Total enthalpy input:               0.278658E+11 MJ (0.100000E+03 MJ/s)

 Water discharge this time step:   0.000000E+00 kg (0.000000E+00 kg/s)
 Water input this time step:       0.000000E+00 kg (0.000000E+00 kg/s)
 Total water discharge:            0.239635E-03 kg (0.859961E-12 kg/s)
 Total water input:                0.669986E-03 kg (0.240433E-11 kg/s)

 Enthalpy discharge this time step:  0.000000E+00 MJ (0.000000E+00 MJ/s)
 Enthalpy input this time step:      0.464429E+10 MJ (0.100000E+03 MJ/s)
 Total enthalpy discharge:           0.207677E+00 MJ (0.745278E-09 MJ/s)
 Total enthalpy input:               0.278658E+11 MJ (0.100000E+03 MJ/s)

 Enthalpy discharge this time step:  0.000000E+00 MJ (0.000000E+00 MJ/s)
 Enthalpy input this time step:      0.557315E+10 MJ (0.100000E+03 MJ/s)
 Total enthalpy discharge:           0.207677E+00 MJ (0.621065E-09 MJ/s)
 Total enthalpy input:               0.334389E+11 MJ (0.100000E+03 MJ/s)

 Water discharge this time step:   0.000000E+00 kg (0.000000E+00 kg/s)
 Water input this time step:       0.000000E+00 kg (0.000000E+00 kg/s)
 Total water discharge:            0.239635E-03 kg (0.716634E-12 kg/s)
 Total water input:                0.669986E-03 kg (0.200361E-11 kg/s)

 Enthalpy discharge this time step:  0.000000E+00 MJ (0.000000E+00 MJ/s)
 Enthalpy input this time step:      0.557315E+10 MJ (0.100000E+03 MJ/s)
 Total enthalpy discharge:           0.207677E+00 MJ (0.621065E-09 MJ/s)
 Total enthalpy input:               0.334389E+11 MJ (0.100000E+03 MJ/s)

 Enthalpy discharge this time step:  0.000000E+00 MJ (0.000000E+00 MJ/s)
 Enthalpy input this time step:      0.668778E+10 MJ (0.100000E+03 MJ/s)
 Total enthalpy discharge:           0.207677E+00 MJ (0.517554E-09 MJ/s)
 Total enthalpy input:               0.401267E+11 MJ (0.100000E+03 MJ/s)

 Water discharge this time step:   0.000000E+00 kg (0.000000E+00 kg/s)
 Water input this time step:       0.000000E+00 kg (0.000000E+00 kg/s)
 Total water discharge:            0.239635E-03 kg (0.597195E-12 kg/s)
 Total water input:                0.669986E-03 kg (0.166968E-11 kg/s)

 Enthalpy discharge this time step:  0.000000E+00 MJ (0.000000E+00 MJ/s)
 Enthalpy input this time step:      0.668778E+10 MJ (0.100000E+03 MJ/s)
 Total enthalpy discharge:           0.207677E+00 MJ (0.517554E-09 MJ/s)
 Total enthalpy input:               0.401267E+11 MJ (0.100000E+03 MJ/s)

 Enthalpy discharge this time step:  0.000000E+00 MJ (0.000000E+00 MJ/s)
 Enthalpy input this time step:      0.802534E+10 MJ (0.100000E+03 MJ/s)
 Total enthalpy discharge:           0.207677E+00 MJ (0.431295E-09 MJ/s)
 Total enthalpy input:               0.481520E+11 MJ (0.100000E+03 MJ/s)

 Water discharge this time step:   0.000000E+00 kg (0.000000E+00 kg/s)
 Water input this time step:       0.000000E+00 kg (0.000000E+00 kg/s)
 Total water discharge:            0.239635E-03 kg (0.497663E-12 kg/s)
 Total water input:                0.669986E-03 kg (0.139140E-11 kg/s)

 Enthalpy discharge this time step:  0.000000E+00 MJ (0.000000E+00 MJ/s)
 Enthalpy input this time step:      0.802534E+10 MJ (0.100000E+03 MJ/s)
 Total enthalpy discharge:           0.207677E+00 MJ (0.431295E-09 MJ/s)
 Total enthalpy input:               0.481520E+11 MJ (0.100000E+03 MJ/s)

 Enthalpy discharge this time step:  0.000000E+00 MJ (0.000000E+00 MJ/s)
 Enthalpy input this time step:      0.963041E+10 MJ (0.100000E+03 MJ/s)
 Total enthalpy discharge:           0.207677E+00 MJ (0.359413E-09 MJ/s)
 Total enthalpy input:               0.577824E+11 MJ (0.100000E+03 MJ/s)

 Water discharge this time step:   0.000000E+00 kg (0.000000E+00 kg/s)
 Water input this time step:       0.000000E+00 kg (0.000000E+00 kg/s)
 Total water discharge:            0.239635E-03 kg (0.414719E-12 kg/s)
 Total water input:                0.669986E-03 kg (0.115950E-11 kg/s)

 Enthalpy discharge this time step:  0.000000E+00 MJ (0.000000E+00 MJ/s)
 Enthalpy input this time step:      0.963041E+10 MJ (0.100000E+03 MJ/s)
 Total enthalpy discharge:           0.207677E+00 MJ (0.359413E-09 MJ/s)
 Total enthalpy input:               0.577824E+11 MJ (0.100000E+03 MJ/s)
*********************************************************************
 Time Step        91

                    Timing Information
           Years              Days         Step Size (Days)
      21.9721797          8025.33865         1337.55652    
 Cpu Sec for Time Step =   2.505     Current Total =     170.2    

                    Equation Performance
 Number of N-R Iterations:          2
 Avg # of Linear Equation Solver Iterations:   6.5
 Number of Active Nodes:    532436.
 Total Number of Iterations, N-R:        182 , Solver:        289
 Phase Changes This Time Step:        0 Total           0
 Nodes Liq Phase:   532436 change        0
 Nodes Two Phase:        0 change        0
 Nodes Gas Phase:         0 change        0
 Nodes SC Phase:        0 change        0
 Number of restarted time steps            0
                    Largest Residuals
 EQ1 R=  0.1528E-08 node= 521828 zone=     3 x=0.4800E+05 y=0.5000E+05 z=-.2300E+05
 EQ2 R=  0.9412E-10 node=      1 zone=     5 x=-.5000E+05 y=-.5000E+05 z=-.2500E+05
   Node   Equation 1 Residual   Equation 2 Residual
 266236     -0.515014E-17          -0.842811E-19
 266234      0.259441E-12           0.532397E-15
 266231      0.240931E-13          -0.115781E-14
 266226      0.307745E-12           0.252749E-14
 266221     -0.242644E-13           0.618395E-15
 266210     -0.734419E-11          -0.253747E-12
 266201      0.847171E-09          -0.940937E-10

                    Nodal Information (Water)
                                                  source/sink  E source/sink
   Node   P (MPa)    E (MJ)    L sat     Temp (C)    (kg/s)       (MJ/s)
 266236    135.2     0.167      1.00        2.000   0.000       0.00    
 266234    139.3     0.167      1.00        2.000   0.000       0.00    
 266231    142.1     0.166      1.00        2.000   0.000       0.00    
 266226    149.0     0.166      1.00        2.000   0.000       0.00    
 266221    155.9     0.165      1.00        2.000   0.000       0.00    
 266210    179.6     0.163      1.00        2.000   0.000       0.00    
 266201    204.8     0.161      1.00        2.002   0.000     -0.400E-01

                    Global Mass & Energy Balances
 Total mass in system at this time:            0.477635E+17 kg
 Total mass of steam in system at this time:   0.000000E+00 kg
 Total enthalpy in system at this time:        0.319074E+16 MJ

 Water discharge this time step:   0.000000E+00 kg (0.000000E+00 kg/s)
 Water input this time step:       0.000000E+00 kg (0.000000E+00 kg/s)
 Total water discharge:            0.239635E-03 kg (0.345599E-12 kg/s)
 Total water input:                0.669986E-03 kg (0.966247E-12 kg/s)

 Enthalpy discharge this time step:  0.000000E+00 MJ (0.000000E+00 MJ/s)
 Enthalpy input this time step:      0.115565E+11 MJ (0.100000E+03 MJ/s)
 Total enthalpy discharge:           0.207677E+00 MJ (0.299511E-09 MJ/s)
 Total enthalpy input:               0.693389E+11 MJ (0.100000E+03 MJ/s)

 Net kg water discharge (total out-total in):  -0.430351E-03
 Net MJ energy discharge (total out-total in):  -0.693389E+11
 Conservation Errors:  -0.306514E+08 (mass),  -0.463446E-06 (energy)

 Enthalpy discharge this time step:  0.000000E+00 MJ (0.000000E+00 MJ/s)
 Enthalpy input this time step:      0.138678E+11 MJ (0.100000E+03 MJ/s)
 Total enthalpy discharge:           0.207677E+00 MJ (0.249592E-09 MJ/s)
 Total enthalpy input:               0.832067E+11 MJ (0.100000E+03 MJ/s)

 Water discharge this time step:   0.000000E+00 kg (0.000000E+00 kg/s)
 Water input this time step:       0.000000E+00 kg (0.000000E+00 kg/s)
 Total water discharge:            0.239635E-03 kg (0.287999E-12 kg/s)
 Total water input:                0.669986E-03 kg (0.805206E-12 kg/s)

 Enthalpy discharge this time step:  0.000000E+00 MJ (0.000000E+00 MJ/s)
 Enthalpy input this time step:      0.138678E+11 MJ (0.100000E+03 MJ/s)
 Total enthalpy discharge:           0.207677E+00 MJ (0.249592E-09 MJ/s)
 Total enthalpy input:               0.832067E+11 MJ (0.100000E+03 MJ/s)

 Enthalpy discharge this time step:  0.000000E+00 MJ (0.000000E+00 MJ/s)
 Enthalpy input this time step:      0.166413E+11 MJ (0.100000E+03 MJ/s)
 Total enthalpy discharge:           0.207677E+00 MJ (0.207993E-09 MJ/s)
 Total enthalpy input:               0.998481E+11 MJ (0.100000E+03 MJ/s)

 Water discharge this time step:   0.000000E+00 kg (0.000000E+00 kg/s)
 Water input this time step:       0.000000E+00 kg (0.000000E+00 kg/s)
 Total water discharge:            0.239635E-03 kg (0.239999E-12 kg/s)
 Total water input:                0.669986E-03 kg (0.671005E-12 kg/s)

 Enthalpy discharge this time step:  0.000000E+00 MJ (0.000000E+00 MJ/s)
 Enthalpy input this time step:      0.166413E+11 MJ (0.100000E+03 MJ/s)
 Total enthalpy discharge:           0.207677E+00 MJ (0.207993E-09 MJ/s)
 Total enthalpy input:               0.998481E+11 MJ (0.100000E+03 MJ/s)

 Enthalpy discharge this time step:  0.000000E+00 MJ (0.000000E+00 MJ/s)
 Enthalpy input this time step:      0.199696E+11 MJ (0.100000E+03 MJ/s)
 Total enthalpy discharge:           0.207677E+00 MJ (0.173328E-09 MJ/s)
 Total enthalpy input:               0.119818E+12 MJ (0.100000E+03 MJ/s)

 Water discharge this time step:   0.000000E+00 kg (0.000000E+00 kg/s)
 Water input this time step:       0.000000E+00 kg (0.000000E+00 kg/s)
 Total water discharge:            0.239635E-03 kg (0.199999E-12 kg/s)
 Total water input:                0.669986E-03 kg (0.559171E-12 kg/s)

 Enthalpy discharge this time step:  0.000000E+00 MJ (0.000000E+00 MJ/s)
 Enthalpy input this time step:      0.199696E+11 MJ (0.100000E+03 MJ/s)
 Total enthalpy discharge:           0.207677E+00 MJ (0.173328E-09 MJ/s)
 Total enthalpy input:               0.119818E+12 MJ (0.100000E+03 MJ/s)

 Enthalpy discharge this time step:  0.000000E+00 MJ (0.000000E+00 MJ/s)
 Enthalpy input this time step:      0.239635E+11 MJ (0.100000E+03 MJ/s)
 Total enthalpy discharge:           0.207677E+00 MJ (0.144440E-09 MJ/s)
 Total enthalpy input:               0.143781E+12 MJ (0.100000E+03 MJ/s)

 Water discharge this time step:   0.000000E+00 kg (0.000000E+00 kg/s)
 Water input this time step:       0.000000E+00 kg (0.000000E+00 kg/s)
 Total water discharge:            0.239635E-03 kg (0.166666E-12 kg/s)
 Total water input:                0.669986E-03 kg (0.465976E-12 kg/s)

 Enthalpy discharge this time step:  0.000000E+00 MJ (0.000000E+00 MJ/s)
 Enthalpy input this time step:      0.239635E+11 MJ (0.100000E+03 MJ/s)
 Total enthalpy discharge:           0.207677E+00 MJ (0.144440E-09 MJ/s)
 Total enthalpy input:               0.143781E+12 MJ (0.100000E+03 MJ/s)

 Enthalpy discharge this time step:  0.638006E+03 MJ (0.221867E-05 MJ/s)
 Enthalpy input this time step:      0.287562E+11 MJ (0.100000E+03 MJ/s)
 Total enthalpy discharge:           0.638214E+03 MJ (0.369899E-06 MJ/s)
 Total enthalpy input:               0.172537E+12 MJ (0.100000E+03 MJ/s)

 Water discharge this time step:   0.000000E+00 kg (0.000000E+00 kg/s)
 Water input this time step:       0.000000E+00 kg (0.000000E+00 kg/s)
 Total water discharge:            0.239635E-03 kg (0.138889E-12 kg/s)
 Total water input:                0.669986E-03 kg (0.388313E-12 kg/s)

 Enthalpy discharge this time step:  0.638006E+03 MJ (0.221867E-05 MJ/s)
 Enthalpy input this time step:      0.287562E+11 MJ (0.100000E+03 MJ/s)
 Total enthalpy discharge:           0.638214E+03 MJ (0.369899E-06 MJ/s)
 Total enthalpy input:               0.172537E+12 MJ (0.100000E+03 MJ/s)

 Enthalpy discharge this time step:  0.229743E+04 MJ (0.665779E-05 MJ/s)
 Enthalpy input this time step:      0.345075E+11 MJ (0.100000E+03 MJ/s)
 Total enthalpy discharge:           0.293565E+04 MJ (0.141788E-05 MJ/s)
 Total enthalpy input:               0.207045E+12 MJ (0.100000E+03 MJ/s)

 Water discharge this time step:   0.000000E+00 kg (0.000000E+00 kg/s)
 Water input this time step:       0.000000E+00 kg (0.000000E+00 kg/s)
 Total water discharge:            0.239635E-03 kg (0.115740E-12 kg/s)
 Total water input:                0.669986E-03 kg (0.323594E-12 kg/s)

 Enthalpy discharge this time step:  0.229743E+04 MJ (0.665779E-05 MJ/s)
 Enthalpy input this time step:      0.345075E+11 MJ (0.100000E+03 MJ/s)
 Total enthalpy discharge:           0.293565E+04 MJ (0.141788E-05 MJ/s)
 Total enthalpy input:               0.207045E+12 MJ (0.100000E+03 MJ/s)

 Enthalpy discharge this time step:  0.892211E+04 MJ (0.215463E-04 MJ/s)
 Enthalpy input this time step:      0.414090E+11 MJ (0.100000E+03 MJ/s)
 Total enthalpy discharge:           0.118578E+05 MJ (0.477262E-05 MJ/s)
 Total enthalpy input:               0.248454E+12 MJ (0.100000E+03 MJ/s)

 Water discharge this time step:   0.000000E+00 kg (0.000000E+00 kg/s)
 Water input this time step:       0.000000E+00 kg (0.000000E+00 kg/s)
 Total water discharge:            0.239635E-03 kg (0.964504E-13 kg/s)
 Total water input:                0.669986E-03 kg (0.269662E-12 kg/s)

 Enthalpy discharge this time step:  0.892211E+04 MJ (0.215463E-04 MJ/s)
 Enthalpy input this time step:      0.414090E+11 MJ (0.100000E+03 MJ/s)
 Total enthalpy discharge:           0.118578E+05 MJ (0.477262E-05 MJ/s)
 Total enthalpy input:               0.248454E+12 MJ (0.100000E+03 MJ/s)

 Enthalpy discharge this time step:  0.297754E+05 MJ (0.599214E-04 MJ/s)
 Enthalpy input this time step:      0.496908E+11 MJ (0.100000E+03 MJ/s)
 Total enthalpy discharge:           0.416332E+05 MJ (0.139641E-04 MJ/s)
 Total enthalpy input:               0.298145E+12 MJ (0.100000E+03 MJ/s)

 Water discharge this time step:   0.000000E+00 kg (0.000000E+00 kg/s)
 Water input this time step:       0.000000E+00 kg (0.000000E+00 kg/s)
 Total water discharge:            0.239635E-03 kg (0.803753E-13 kg/s)
 Total water input:                0.669986E-03 kg (0.224718E-12 kg/s)

 Enthalpy discharge this time step:  0.297754E+05 MJ (0.599214E-04 MJ/s)
 Enthalpy input this time step:      0.496908E+11 MJ (0.100000E+03 MJ/s)
 Total enthalpy discharge:           0.416332E+05 MJ (0.139641E-04 MJ/s)
 Total enthalpy input:               0.298145E+12 MJ (0.100000E+03 MJ/s)

 Enthalpy discharge this time step:  0.876855E+05 MJ (0.147052E-03 MJ/s)
 Enthalpy input this time step:      0.596289E+11 MJ (0.100000E+03 MJ/s)
 Total enthalpy discharge:           0.129319E+06 MJ (0.361454E-04 MJ/s)
 Total enthalpy input:               0.357774E+12 MJ (0.100000E+03 MJ/s)

 Water discharge this time step:   0.593165E+03 kg (0.994760E-06 kg/s)
 Water input this time step:       0.000000E+00 kg (0.000000E+00 kg/s)
 Total water discharge:            0.593165E+03 kg (0.165793E-06 kg/s)
 Total water input:                0.669986E-03 kg (0.187265E-12 kg/s)

 Enthalpy discharge this time step:  0.876855E+05 MJ (0.147052E-03 MJ/s)
 Enthalpy input this time step:      0.596289E+11 MJ (0.100000E+03 MJ/s)
 Total enthalpy discharge:           0.129319E+06 MJ (0.361454E-04 MJ/s)
 Total enthalpy input:               0.357774E+12 MJ (0.100000E+03 MJ/s)
*********************************************************************
 Time Step       101

                    Timing Information
           Years              Days         Step Size (Days)
      136.045953          49690.7842         8281.79745    
 Cpu Sec for Time Step =   3.984     Current Total =     203.5    

                    Equation Performance
 Number of N-R Iterations:          2
 Avg # of Linear Equation Solver Iterations:  15.5
 Number of Active Nodes:    532436.
 Total Number of Iterations, N-R:        202 , Solver:        516
 Phase Changes This Time Step:        0 Total           0
 Nodes Liq Phase:   532436 change        0
 Nodes Two Phase:        0 change        0
 Nodes Gas Phase:         0 change        0
 Nodes SC Phase:        0 change        0
 Number of restarted time steps            0
                    Largest Residuals
 EQ1 R=  0.1301E-08 node= 532254 zone=     3 x=0.5000E+05 y=0.4600E+05 z=-.2300E+05
 EQ2 R=  0.5693E-09 node= 532327 zone=     5 x=0.5000E+05 y=0.4800E+05 z=-.2500E+05
   Node   Equation 1 Residual   Equation 2 Residual
 266236     -0.109694E-13           0.109490E-15
 266234     -0.246397E-12          -0.660849E-12
 266231     -0.720979E-12          -0.279051E-12
 266226      0.277141E-11          -0.258561E-12
 266221      0.969069E-12           0.181732E-12
 266210      0.100080E-09           0.219359E-10
 266201      0.903721E-09          -0.568942E-09

                    Nodal Information (Water)
                                                  source/sink  E source/sink
   Node   P (MPa)    E (MJ)    L sat     Temp (C)    (kg/s)       (MJ/s)
 266236    135.2     0.167      1.00        2.000  0.2984E-05  0.498E-06
 266234    139.3     0.167      1.00        2.000   0.000       0.00    
 266231    142.1     0.166      1.00        2.000   0.000       0.00    
 266226    149.0     0.166      1.00        2.000   0.000       0.00    
 266221    155.9     0.165      1.00        2.000   0.000       0.00    
 266210    179.6     0.163      1.00        2.000   0.000       0.00    
 266201    204.8     0.161      1.00        2.015   0.000     -0.400E-01

                    Global Mass & Energy Balances
 Total mass in system at this time:            0.477635E+17 kg
 Total mass of steam in system at this time:   0.000000E+00 kg
 Total enthalpy in system at this time:        0.319110E+16 MJ

 Water discharge this time step:   0.213539E+04 kg (0.298428E-05 kg/s)
 Water input this time step:       0.000000E+00 kg (0.000000E+00 kg/s)
 Total water discharge:            0.272856E+04 kg (0.635541E-06 kg/s)
 Total water input:                0.669986E-03 kg (0.156054E-12 kg/s)

 Enthalpy discharge this time step:  0.230410E+06 MJ (0.322005E-03 MJ/s)
 Enthalpy input this time step:      0.715547E+11 MJ (0.100000E+03 MJ/s)
 Total enthalpy discharge:           0.359729E+06 MJ (0.837887E-04 MJ/s)
 Total enthalpy input:               0.429328E+12 MJ (0.100000E+03 MJ/s)

 Net kg water discharge (total out-total in):   0.272856E+04
 Net MJ energy discharge (total out-total in):  -0.429328E+12
 Conservation Errors:  -0.887774E+01 (mass),  -0.302322E-06 (energy)

 Enthalpy discharge this time step:  0.545792E+06 MJ (0.635634E-03 MJ/s)
 Enthalpy input this time step:      0.858657E+11 MJ (0.100000E+03 MJ/s)
 Total enthalpy discharge:           0.905520E+06 MJ (0.175763E-03 MJ/s)
 Total enthalpy input:               0.515194E+12 MJ (0.100000E+03 MJ/s)

 Water discharge this time step:   0.683326E+04 kg (0.795808E-05 kg/s)
 Water input this time step:       0.000000E+00 kg (0.000000E+00 kg/s)
 Total water discharge:            0.956182E+04 kg (0.185596E-05 kg/s)
 Total water input:                0.669986E-03 kg (0.130045E-12 kg/s)

 Enthalpy discharge this time step:  0.545792E+06 MJ (0.635634E-03 MJ/s)
 Enthalpy input this time step:      0.858657E+11 MJ (0.100000E+03 MJ/s)
 Total enthalpy discharge:           0.905520E+06 MJ (0.175763E-03 MJ/s)
 Total enthalpy input:               0.515194E+12 MJ (0.100000E+03 MJ/s)

 Enthalpy discharge this time step:  0.117637E+07 MJ (0.114168E-02 MJ/s)
 Enthalpy input this time step:      0.103039E+12 MJ (0.100000E+03 MJ/s)
 Total enthalpy discharge:           0.208189E+07 MJ (0.336749E-03 MJ/s)
 Total enthalpy input:               0.618233E+12 MJ (0.100000E+03 MJ/s)

 Water discharge this time step:   0.184498E+05 kg (0.179057E-04 kg/s)
 Water input this time step:       0.000000E+00 kg (0.000000E+00 kg/s)
 Total water discharge:            0.280116E+05 kg (0.453092E-05 kg/s)
 Total water input:                0.669986E-03 kg (0.108371E-12 kg/s)

 Enthalpy discharge this time step:  0.117637E+07 MJ (0.114168E-02 MJ/s)
 Enthalpy input this time step:      0.103039E+12 MJ (0.100000E+03 MJ/s)
 Total enthalpy discharge:           0.208189E+07 MJ (0.336749E-03 MJ/s)
 Total enthalpy input:               0.618233E+12 MJ (0.100000E+03 MJ/s)

 Enthalpy discharge this time step:  0.232862E+07 MJ (0.188329E-02 MJ/s)
 Enthalpy input this time step:      0.123647E+12 MJ (0.100000E+03 MJ/s)
 Total enthalpy discharge:           0.441052E+07 MJ (0.594506E-03 MJ/s)
 Total enthalpy input:               0.741879E+12 MJ (0.100000E+03 MJ/s)

 Water discharge this time step:   0.442795E+05 kg (0.358114E-04 kg/s)
 Water input this time step:       0.000000E+00 kg (0.000000E+00 kg/s)
 Total water discharge:            0.722911E+05 kg (0.974432E-05 kg/s)
 Total water input:                0.669986E-03 kg (0.903092E-13 kg/s)

 Enthalpy discharge this time step:  0.232862E+07 MJ (0.188329E-02 MJ/s)
 Enthalpy input this time step:      0.123647E+12 MJ (0.100000E+03 MJ/s)
 Total enthalpy discharge:           0.441052E+07 MJ (0.594506E-03 MJ/s)
 Total enthalpy input:               0.741879E+12 MJ (0.100000E+03 MJ/s)

 Enthalpy discharge this time step:  0.427252E+07 MJ (0.287952E-02 MJ/s)
 Enthalpy input this time step:      0.148376E+12 MJ (0.100000E+03 MJ/s)
 Total enthalpy discharge:           0.868304E+07 MJ (0.975342E-03 MJ/s)
 Total enthalpy input:               0.890255E+12 MJ (0.100000E+03 MJ/s)

 Water discharge this time step:   0.100367E+06 kg (0.676437E-04 kg/s)
 Water input this time step:       0.000000E+00 kg (0.000000E+00 kg/s)
 Total water discharge:            0.172658E+06 kg (0.193942E-04 kg/s)
 Total water input:                0.669986E-03 kg (0.752577E-13 kg/s)

 Enthalpy discharge this time step:  0.427252E+07 MJ (0.287952E-02 MJ/s)
 Enthalpy input this time step:      0.148376E+12 MJ (0.100000E+03 MJ/s)
 Total enthalpy discharge:           0.868304E+07 MJ (0.975342E-03 MJ/s)
 Total enthalpy input:               0.890255E+12 MJ (0.100000E+03 MJ/s)

 Enthalpy discharge this time step:  0.732862E+07 MJ (0.411602E-02 MJ/s)
 Enthalpy input this time step:      0.178051E+12 MJ (0.100000E+03 MJ/s)
 Total enthalpy discharge:           0.160117E+08 MJ (0.149879E-02 MJ/s)
 Total enthalpy input:               0.106831E+13 MJ (0.100000E+03 MJ/s)

 Water discharge this time step:   0.216084E+06 kg (0.121361E-03 kg/s)
 Water input this time step:       0.000000E+00 kg (0.000000E+00 kg/s)
 Total water discharge:            0.388742E+06 kg (0.363886E-04 kg/s)
 Total water input:                0.669986E-03 kg (0.627147E-13 kg/s)

 Enthalpy discharge this time step:  0.732862E+07 MJ (0.411602E-02 MJ/s)
 Enthalpy input this time step:      0.178051E+12 MJ (0.100000E+03 MJ/s)
 Total enthalpy discharge:           0.160117E+08 MJ (0.149879E-02 MJ/s)
 Total enthalpy input:               0.106831E+13 MJ (0.100000E+03 MJ/s)

 Enthalpy discharge this time step:  0.118470E+08 MJ (0.554475E-02 MJ/s)
 Enthalpy input this time step:      0.213661E+12 MJ (0.100000E+03 MJ/s)
 Total enthalpy discharge:           0.278586E+08 MJ (0.217311E-02 MJ/s)
 Total enthalpy input:               0.128197E+13 MJ (0.100000E+03 MJ/s)

 Water discharge this time step:   0.439961E+06 kg (0.205915E-03 kg/s)
 Water input this time step:       0.000000E+00 kg (0.000000E+00 kg/s)
 Total water discharge:            0.828703E+06 kg (0.646431E-04 kg/s)
 Total water input:                0.669986E-03 kg (0.522623E-13 kg/s)

 Enthalpy discharge this time step:  0.118470E+08 MJ (0.554475E-02 MJ/s)
 Enthalpy input this time step:      0.213661E+12 MJ (0.100000E+03 MJ/s)
 Total enthalpy discharge:           0.278586E+08 MJ (0.217311E-02 MJ/s)
 Total enthalpy input:               0.128197E+13 MJ (0.100000E+03 MJ/s)

 Enthalpy discharge this time step:  0.181827E+08 MJ (0.709171E-02 MJ/s)
 Enthalpy input this time step:      0.256394E+12 MJ (0.100000E+03 MJ/s)
 Total enthalpy discharge:           0.460413E+08 MJ (0.299288E-02 MJ/s)
 Total enthalpy input:               0.153836E+13 MJ (0.100000E+03 MJ/s)

 Water discharge this time step:   0.851867E+06 kg (0.332250E-03 kg/s)
 Water input this time step:       0.000000E+00 kg (0.000000E+00 kg/s)
 Total water discharge:            0.168057E+07 kg (0.109244E-03 kg/s)
 Total water input:                0.669986E-03 kg (0.435519E-13 kg/s)

 Enthalpy discharge this time step:  0.181827E+08 MJ (0.709171E-02 MJ/s)
 Enthalpy input this time step:      0.256394E+12 MJ (0.100000E+03 MJ/s)
 Total enthalpy discharge:           0.460413E+08 MJ (0.299288E-02 MJ/s)
 Total enthalpy input:               0.153836E+13 MJ (0.100000E+03 MJ/s)

 Enthalpy discharge this time step:  0.266745E+08 MJ (0.866979E-02 MJ/s)
 Enthalpy input this time step:      0.307672E+12 MJ (0.100000E+03 MJ/s)
 Total enthalpy discharge:           0.727159E+08 MJ (0.393903E-02 MJ/s)
 Total enthalpy input:               0.184603E+13 MJ (0.100000E+03 MJ/s)

 Water discharge this time step:   0.157927E+07 kg (0.513296E-03 kg/s)
 Water input this time step:       0.000000E+00 kg (0.000000E+00 kg/s)
 Total water discharge:            0.325984E+07 kg (0.176586E-03 kg/s)
 Total water input:                0.669986E-03 kg (0.362933E-13 kg/s)

 Enthalpy discharge this time step:  0.266745E+08 MJ (0.866979E-02 MJ/s)
 Enthalpy input this time step:      0.307672E+12 MJ (0.100000E+03 MJ/s)
 Total enthalpy discharge:           0.727159E+08 MJ (0.393903E-02 MJ/s)
 Total enthalpy input:               0.184603E+13 MJ (0.100000E+03 MJ/s)

 Enthalpy discharge this time step:  0.376330E+08 MJ (0.101929E-01 MJ/s)
 Enthalpy input this time step:      0.369207E+12 MJ (0.100000E+03 MJ/s)
 Total enthalpy discharge:           0.110349E+09 MJ (0.498135E-02 MJ/s)
 Total enthalpy input:               0.221524E+13 MJ (0.100000E+03 MJ/s)

 Water discharge this time step:   0.282799E+07 kg (0.765965E-03 kg/s)
 Water input this time step:       0.000000E+00 kg (0.000000E+00 kg/s)
 Total water discharge:            0.608783E+07 kg (0.274816E-03 kg/s)
 Total water input:                0.669986E-03 kg (0.302444E-13 kg/s)

 Enthalpy discharge this time step:  0.376330E+08 MJ (0.101929E-01 MJ/s)
 Enthalpy input this time step:      0.369207E+12 MJ (0.100000E+03 MJ/s)
 Total enthalpy discharge:           0.110349E+09 MJ (0.498135E-02 MJ/s)
 Total enthalpy input:               0.221524E+13 MJ (0.100000E+03 MJ/s)
*********************************************************************
 Time Step       111

                    Timing Information
           Years              Days         Step Size (Days)
      842.360687          307672.241         51278.7069    
 Cpu Sec for Time Step =   5.510     Current Total =     251.9    

                    Equation Performance
 Number of N-R Iterations:          2
 Avg # of Linear Equation Solver Iterations:  23.5
 Number of Active Nodes:    532436.
 Total Number of Iterations, N-R:        222 , Solver:        908
 Phase Changes This Time Step:        0 Total           0
 Nodes Liq Phase:   532436 change        0
 Nodes Two Phase:        0 change        0
 Nodes Gas Phase:         0 change        0
 Nodes SC Phase:        0 change        0
 Number of restarted time steps            0
                    Largest Residuals
 EQ1 R=  0.1587E-08 node= 528849 zone=     5 x=0.5000E+05 y=-.4600E+05 z=-.2500E+05
 EQ2 R=  0.3235E-08 node= 532031 zone=     5 x=0.5000E+05 y=0.4000E+05 z=-.2500E+05
   Node   Equation 1 Residual   Equation 2 Residual
 266236     -0.115429E-13          -0.447475E-17
 266234      0.317589E-10           0.318128E-10
 266231      0.127420E-10          -0.358817E-10
 266226      0.928535E-10           0.120202E-09
 266221      0.669087E-11           0.200456E-10
 266210      0.303426E-09           0.442656E-09
 266201      0.837244E-09          -0.323454E-08

                    Nodal Information (Water)
                                                  source/sink  E source/sink
   Node   P (MPa)    E (MJ)    L sat     Temp (C)    (kg/s)       (MJ/s)
 266236    135.2     0.167      1.00        2.000  0.1104E-02  0.184E-03
 266234    139.3     0.167      1.00        2.000   0.000       0.00    
 266231    142.1     0.166      1.00        2.000   0.000       0.00    
 266226    149.0     0.166      1.00        2.000   0.000       0.00    
 266221    155.9     0.165      1.00        2.000   0.000       0.00    
 266210    179.6     0.163      1.00        2.000   0.000       0.00    
 266201    204.8     0.162      1.00        2.095   0.000     -0.400E-01

                    Global Mass & Energy Balances
 Total mass in system at this time:            0.477635E+17 kg
 Total mass of steam in system at this time:   0.000000E+00 kg
 Total enthalpy in system at this time:        0.319333E+16 MJ

 Water discharge this time step:   0.489206E+07 kg (0.110418E-02 kg/s)
 Water input this time step:       0.000000E+00 kg (0.000000E+00 kg/s)
 Total water discharge:            0.109799E+08 kg (0.413044E-03 kg/s)
 Total water input:                0.669986E-03 kg (0.252037E-13 kg/s)

 Enthalpy discharge this time step:  0.513359E+08 MJ (0.115870E-01 MJ/s)
 Enthalpy input this time step:      0.443048E+12 MJ (0.100000E+03 MJ/s)
 Total enthalpy discharge:           0.161685E+09 MJ (0.608229E-02 MJ/s)
 Total enthalpy input:               0.265829E+13 MJ (0.100000E+03 MJ/s)

 Net kg water discharge (total out-total in):   0.109799E+08
 Net MJ energy discharge (total out-total in):  -0.265813E+13
 Conservation Errors:   0.418737E-02 (mass),  -0.219934E-06 (energy)

 Enthalpy discharge this time step:  0.680508E+08 MJ (0.127997E-01 MJ/s)
 Enthalpy input this time step:      0.531658E+12 MJ (0.100000E+03 MJ/s)
 Total enthalpy discharge:           0.229736E+09 MJ (0.720186E-02 MJ/s)
 Total enthalpy input:               0.318995E+13 MJ (0.100000E+03 MJ/s)

 Water discharge this time step:   0.822924E+07 kg (0.154785E-02 kg/s)
 Water input this time step:       0.000000E+00 kg (0.000000E+00 kg/s)
 Total water discharge:            0.192091E+08 kg (0.602178E-03 kg/s)
 Total water input:                0.669986E-03 kg (0.210031E-13 kg/s)

 Enthalpy discharge this time step:  0.680508E+08 MJ (0.127997E-01 MJ/s)
 Enthalpy input this time step:      0.531658E+12 MJ (0.100000E+03 MJ/s)
 Total enthalpy discharge:           0.229736E+09 MJ (0.720186E-02 MJ/s)
 Total enthalpy input:               0.318995E+13 MJ (0.100000E+03 MJ/s)

 Enthalpy discharge this time step:  0.880714E+08 MJ (0.138045E-01 MJ/s)
 Enthalpy input this time step:      0.637989E+12 MJ (0.100000E+03 MJ/s)
 Total enthalpy discharge:           0.317807E+09 MJ (0.830231E-02 MJ/s)
 Total enthalpy input:               0.382793E+13 MJ (0.100000E+03 MJ/s)

 Water discharge this time step:   0.134799E+08 kg (0.211287E-02 kg/s)
 Water input this time step:       0.000000E+00 kg (0.000000E+00 kg/s)
 Total water discharge:            0.326890E+08 kg (0.853960E-03 kg/s)
 Total water input:                0.669986E-03 kg (0.175025E-13 kg/s)

 Enthalpy discharge this time step:  0.880714E+08 MJ (0.138045E-01 MJ/s)
 Enthalpy input this time step:      0.637989E+12 MJ (0.100000E+03 MJ/s)
 Total enthalpy discharge:           0.317807E+09 MJ (0.830231E-02 MJ/s)
 Total enthalpy input:               0.382793E+13 MJ (0.100000E+03 MJ/s)

 Enthalpy discharge this time step:  0.111798E+09 MJ (0.146029E-01 MJ/s)
 Enthalpy input this time step:      0.765587E+12 MJ (0.100000E+03 MJ/s)
 Total enthalpy discharge:           0.429605E+09 MJ (0.935240E-02 MJ/s)
 Total enthalpy input:               0.459352E+13 MJ (0.100000E+03 MJ/s)

 Water discharge this time step:   0.216059E+08 kg (0.282213E-02 kg/s)
 Water input this time step:       0.000000E+00 kg (0.000000E+00 kg/s)
 Total water discharge:            0.542949E+08 kg (0.118199E-02 kg/s)
 Total water input:                0.669986E-03 kg (0.145855E-13 kg/s)

 Enthalpy discharge this time step:  0.111798E+09 MJ (0.146029E-01 MJ/s)
 Enthalpy input this time step:      0.765587E+12 MJ (0.100000E+03 MJ/s)
 Total enthalpy discharge:           0.429605E+09 MJ (0.935240E-02 MJ/s)
 Total enthalpy input:               0.459352E+13 MJ (0.100000E+03 MJ/s)

 Enthalpy discharge this time step:  0.139824E+09 MJ (0.152197E-01 MJ/s)
 Enthalpy input this time step:      0.918704E+12 MJ (0.100000E+03 MJ/s)
 Total enthalpy discharge:           0.569428E+09 MJ (0.103303E-01 MJ/s)
 Total enthalpy input:               0.551223E+13 MJ (0.100000E+03 MJ/s)

 Water discharge this time step:   0.339602E+08 kg (0.369653E-02 kg/s)
 Water input this time step:       0.000000E+00 kg (0.000000E+00 kg/s)
 Total water discharge:            0.882551E+08 kg (0.160108E-02 kg/s)
 Total water input:                0.669986E-03 kg (0.121545E-13 kg/s)

 Enthalpy discharge this time step:  0.139824E+09 MJ (0.152197E-01 MJ/s)
 Enthalpy input this time step:      0.918704E+12 MJ (0.100000E+03 MJ/s)
 Total enthalpy discharge:           0.569428E+09 MJ (0.103303E-01 MJ/s)
 Total enthalpy input:               0.551223E+13 MJ (0.100000E+03 MJ/s)

 Enthalpy discharge this time step:  0.173053E+09 MJ (0.156972E-01 MJ/s)
 Enthalpy input this time step:      0.110245E+13 MJ (0.100000E+03 MJ/s)
 Total enthalpy discharge:           0.742481E+09 MJ (0.112248E-01 MJ/s)
 Total enthalpy input:               0.661467E+13 MJ (0.100000E+03 MJ/s)

 Water discharge this time step:   0.525085E+08 kg (0.476291E-02 kg/s)
 Water input this time step:       0.000000E+00 kg (0.000000E+00 kg/s)
 Total water discharge:            0.140764E+09 kg (0.212805E-02 kg/s)
 Total water input:                0.669986E-03 kg (0.101288E-13 kg/s)

 Enthalpy discharge this time step:  0.173053E+09 MJ (0.156972E-01 MJ/s)
 Enthalpy input this time step:      0.110245E+13 MJ (0.100000E+03 MJ/s)
 Total enthalpy discharge:           0.742481E+09 MJ (0.112248E-01 MJ/s)
 Total enthalpy input:               0.661467E+13 MJ (0.100000E+03 MJ/s)

 Enthalpy discharge this time step:  0.212798E+09 MJ (0.160853E-01 MJ/s)
 Enthalpy input this time step:      0.132293E+13 MJ (0.100000E+03 MJ/s)
 Total enthalpy discharge:           0.955279E+09 MJ (0.120348E-01 MJ/s)
 Total enthalpy input:               0.793761E+13 MJ (0.100000E+03 MJ/s)

 Water discharge this time step:   0.800787E+08 kg (0.605311E-02 kg/s)
 Water input this time step:       0.000000E+00 kg (0.000000E+00 kg/s)
 Total water discharge:            0.220842E+09 kg (0.278223E-02 kg/s)
 Total water input:                0.669986E-03 kg (0.844066E-14 kg/s)

 Enthalpy discharge this time step:  0.212798E+09 MJ (0.160853E-01 MJ/s)
 Enthalpy input this time step:      0.132293E+13 MJ (0.100000E+03 MJ/s)
 Total enthalpy discharge:           0.955279E+09 MJ (0.120348E-01 MJ/s)
 Total enthalpy input:               0.793761E+13 MJ (0.100000E+03 MJ/s)

 Enthalpy discharge this time step:  0.260877E+09 MJ (0.164330E-01 MJ/s)
 Enthalpy input this time step:      0.158752E+13 MJ (0.100000E+03 MJ/s)
 Total enthalpy discharge:           0.121616E+10 MJ (0.127679E-01 MJ/s)
 Total enthalpy input:               0.952513E+13 MJ (0.100000E+03 MJ/s)

 Water discharge this time step:   0.120746E+09 kg (0.760593E-02 kg/s)
 Water input this time step:       0.000000E+00 kg (0.000000E+00 kg/s)
 Total water discharge:            0.341588E+09 kg (0.358618E-02 kg/s)
 Total water input:                0.670016E-03 kg (0.703419E-14 kg/s)

 Enthalpy discharge this time step:  0.260877E+09 MJ (0.164330E-01 MJ/s)
 Enthalpy input this time step:      0.158752E+13 MJ (0.100000E+03 MJ/s)
 Total enthalpy discharge:           0.121616E+10 MJ (0.127679E-01 MJ/s)
 Total enthalpy input:               0.952513E+13 MJ (0.100000E+03 MJ/s)

 Enthalpy discharge this time step:  0.319693E+09 MJ (0.167816E-01 MJ/s)
 Enthalpy input this time step:      0.190503E+13 MJ (0.100000E+03 MJ/s)
 Total enthalpy discharge:           0.153585E+10 MJ (0.134368E-01 MJ/s)
 Total enthalpy input:               0.114302E+14 MJ (0.100000E+03 MJ/s)

 Water discharge this time step:   0.180351E+09 kg (0.946713E-02 kg/s)
 Water input this time step:       0.000000E+00 kg (0.000000E+00 kg/s)
 Total water discharge:            0.521939E+09 kg (0.456634E-02 kg/s)
 Total water input:                0.670016E-03 kg (0.586183E-14 kg/s)

 Enthalpy discharge this time step:  0.319693E+09 MJ (0.167816E-01 MJ/s)
 Enthalpy input this time step:      0.190503E+13 MJ (0.100000E+03 MJ/s)
 Total enthalpy discharge:           0.153585E+10 MJ (0.134368E-01 MJ/s)
 Total enthalpy input:               0.114302E+14 MJ (0.100000E+03 MJ/s)

 Enthalpy discharge this time step:  0.392380E+09 MJ (0.171642E-01 MJ/s)
 Enthalpy input this time step:      0.228603E+13 MJ (0.100000E+03 MJ/s)
 Total enthalpy discharge:           0.192823E+10 MJ (0.140581E-01 MJ/s)
 Total enthalpy input:               0.137162E+14 MJ (0.100000E+03 MJ/s)

 Water discharge this time step:   0.267383E+09 kg (0.116964E-01 kg/s)
 Water input this time step:       0.000000E+00 kg (0.000000E+00 kg/s)
 Total water discharge:            0.789322E+09 kg (0.575468E-02 kg/s)
 Total water input:                0.669956E-03 kg (0.488442E-14 kg/s)

 Enthalpy discharge this time step:  0.392380E+09 MJ (0.171642E-01 MJ/s)
 Enthalpy input this time step:      0.228603E+13 MJ (0.100000E+03 MJ/s)
 Total enthalpy discharge:           0.192823E+10 MJ (0.140581E-01 MJ/s)
 Total enthalpy input:               0.137162E+14 MJ (0.100000E+03 MJ/s)
*********************************************************************
 Time Step       121

                    Timing Information
           Years              Days         Step Size (Days)
      5215.67536          1905025.42         317504.237    
 Cpu Sec for Time Step =   6.968     Current Total =     315.9    

                    Equation Performance
 Number of N-R Iterations:          2
 Avg # of Linear Equation Solver Iterations:  32.5
 Number of Active Nodes:    532436.
 Total Number of Iterations, N-R:        242 , Solver:       1484
 Phase Changes This Time Step:        0 Total           0
 Nodes Liq Phase:   532436 change        0
 Nodes Two Phase:        0 change        0
 Nodes Gas Phase:         0 change        0
 Nodes SC Phase:        0 change        0
 Number of restarted time steps            0
                    Largest Residuals
 EQ1 R=  0.3025E-08 node= 528775 zone=     5 x=0.5000E+05 y=-.4800E+05 z=-.2500E+05
 EQ2 R=  0.1333E-07 node= 528775 zone=     5 x=0.5000E+05 y=-.4800E+05 z=-.2500E+05
   Node   Equation 1 Residual   Equation 2 Residual
 266236      0.132717E-13           0.107392E-16
 266234      0.206466E-09           0.378043E-08
 266231      0.868902E-10          -0.763328E-09
 266226      0.323720E-09           0.210317E-08
 266221      0.177976E-09           0.149704E-09
 266210      0.232639E-09           0.201350E-08
 266201      0.558156E-09          -0.133191E-07

                    Nodal Information (Water)
                                                  source/sink  E source/sink
   Node   P (MPa)    E (MJ)    L sat     Temp (C)    (kg/s)       (MJ/s)
 266236    135.2     0.167      1.00        2.000  0.1436E-01  0.240E-02
 266234    139.3     0.167      1.00        2.000   0.000       0.00    
 266231    142.1     0.166      1.00        2.000   0.000       0.00    
 266226    149.0     0.166      1.00        2.000   0.000       0.00    
 266221    155.9     0.165      1.00        2.000   0.000       0.00    
 266210    179.6     0.163      1.00        2.000   0.000       0.00    
 266201    204.8     0.163      1.00        2.561   0.000     -0.400E-01

                    Global Mass & Energy Balances
 Total mass in system at this time:            0.477635E+17 kg
 Total mass of steam in system at this time:   0.000000E+00 kg
 Total enthalpy in system at this time:        0.320713E+16 MJ

 Water discharge this time step:   0.393993E+09 kg (0.143623E-01 kg/s)
 Water input this time step:       0.000000E+00 kg (0.000000E+00 kg/s)
 Total water discharge:            0.118332E+10 kg (0.718929E-02 kg/s)
 Total water input:                0.669956E-03 kg (0.407035E-14 kg/s)

 Enthalpy discharge this time step:  0.482974E+09 MJ (0.176060E-01 MJ/s)
 Enthalpy input this time step:      0.274324E+13 MJ (0.100000E+03 MJ/s)
 Total enthalpy discharge:           0.241120E+10 MJ (0.146494E-01 MJ/s)
 Total enthalpy input:               0.164594E+14 MJ (0.100000E+03 MJ/s)

 Net kg water discharge (total out-total in):   0.118332E+10
 Net MJ energy discharge (total out-total in):  -0.164570E+14
 Conservation Errors:   0.841995E-03 (mass),  -0.144119E-06 (energy)

 Enthalpy discharge this time step:  0.596713E+09 MJ (0.181268E-01 MJ/s)
 Enthalpy input this time step:      0.329188E+13 MJ (0.100000E+03 MJ/s)
 Total enthalpy discharge:           0.300792E+10 MJ (0.152289E-01 MJ/s)
 Total enthalpy input:               0.197513E+14 MJ (0.100000E+03 MJ/s)

 Water discharge this time step:   0.577547E+09 kg (0.175446E-01 kg/s)
 Water input this time step:       0.000000E+00 kg (0.000000E+00 kg/s)
 Total water discharge:            0.176086E+10 kg (0.891517E-02 kg/s)
 Total water input:                0.669956E-03 kg (0.339196E-14 kg/s)

 Enthalpy discharge this time step:  0.596713E+09 MJ (0.181268E-01 MJ/s)
 Enthalpy input this time step:      0.329188E+13 MJ (0.100000E+03 MJ/s)
 Total enthalpy discharge:           0.300792E+10 MJ (0.152289E-01 MJ/s)
 Total enthalpy input:               0.197513E+14 MJ (0.100000E+03 MJ/s)

 Enthalpy discharge this time step:  0.740513E+09 MJ (0.187459E-01 MJ/s)
 Enthalpy input this time step:      0.395026E+13 MJ (0.100000E+03 MJ/s)
 Total enthalpy discharge:           0.374843E+10 MJ (0.158151E-01 MJ/s)
 Total enthalpy input:               0.237016E+14 MJ (0.100000E+03 MJ/s)

 Water discharge this time step:   0.843087E+09 kg (0.213426E-01 kg/s)
 Water input this time step:       0.000000E+00 kg (0.000000E+00 kg/s)
 Total water discharge:            0.260395E+10 kg (0.109864E-01 kg/s)
 Total water input:                0.669956E-03 kg (0.282663E-14 kg/s)

 Enthalpy discharge this time step:  0.740513E+09 MJ (0.187459E-01 MJ/s)
 Enthalpy input this time step:      0.395026E+13 MJ (0.100000E+03 MJ/s)
 Total enthalpy discharge:           0.374843E+10 MJ (0.158151E-01 MJ/s)
 Total enthalpy input:               0.237016E+14 MJ (0.100000E+03 MJ/s)

 Enthalpy discharge this time step:  0.923537E+09 MJ (0.194826E-01 MJ/s)
 Enthalpy input this time step:      0.474031E+13 MJ (0.100000E+03 MJ/s)
 Total enthalpy discharge:           0.467197E+10 MJ (0.164264E-01 MJ/s)
 Total enthalpy input:               0.284419E+14 MJ (0.100000E+03 MJ/s)

 Water discharge this time step:   0.122626E+10 kg (0.258687E-01 kg/s)
 Water input this time step:       0.000000E+00 kg (0.000000E+00 kg/s)
 Total water discharge:            0.383021E+10 kg (0.134668E-01 kg/s)
 Total water input:                0.669956E-03 kg (0.235553E-14 kg/s)

 Enthalpy discharge this time step:  0.923537E+09 MJ (0.194826E-01 MJ/s)
 Enthalpy input this time step:      0.474031E+13 MJ (0.100000E+03 MJ/s)
 Total enthalpy discharge:           0.467197E+10 MJ (0.164264E-01 MJ/s)
 Total enthalpy input:               0.284419E+14 MJ (0.100000E+03 MJ/s)

 Enthalpy discharge this time step:  0.115806E+10 MJ (0.203584E-01 MJ/s)
 Enthalpy input this time step:      0.568838E+13 MJ (0.100000E+03 MJ/s)
 Total enthalpy discharge:           0.583003E+10 MJ (0.170817E-01 MJ/s)
 Total enthalpy input:               0.341303E+14 MJ (0.100000E+03 MJ/s)

 Water discharge this time step:   0.177787E+10 kg (0.312544E-01 kg/s)
 Water input this time step:       0.000000E+00 kg (0.000000E+00 kg/s)
 Total water discharge:            0.560807E+10 kg (0.164314E-01 kg/s)
 Total water input:                0.669479E-03 kg (0.196154E-14 kg/s)

 Enthalpy discharge this time step:  0.115806E+10 MJ (0.203584E-01 MJ/s)
 Enthalpy input this time step:      0.568838E+13 MJ (0.100000E+03 MJ/s)
 Total enthalpy discharge:           0.583003E+10 MJ (0.170817E-01 MJ/s)
 Total enthalpy input:               0.341303E+14 MJ (0.100000E+03 MJ/s)

 Enthalpy discharge this time step:  0.146064E+10 MJ (0.213980E-01 MJ/s)
 Enthalpy input this time step:      0.682605E+13 MJ (0.100000E+03 MJ/s)
 Total enthalpy discharge:           0.729066E+10 MJ (0.178011E-01 MJ/s)
 Total enthalpy input:               0.409563E+14 MJ (0.100000E+03 MJ/s)

 Water discharge this time step:   0.257019E+10 kg (0.376527E-01 kg/s)
 Water input this time step:       0.000000E+00 kg (0.000000E+00 kg/s)
 Total water discharge:            0.817826E+10 kg (0.199683E-01 kg/s)
 Total water input:                0.669479E-03 kg (0.163462E-14 kg/s)

 Enthalpy discharge this time step:  0.146064E+10 MJ (0.213980E-01 MJ/s)
 Enthalpy input this time step:      0.682605E+13 MJ (0.100000E+03 MJ/s)
 Total enthalpy discharge:           0.729066E+10 MJ (0.178011E-01 MJ/s)
 Total enthalpy input:               0.409563E+14 MJ (0.100000E+03 MJ/s)

 Enthalpy discharge this time step:  0.185363E+10 MJ (0.226294E-01 MJ/s)
 Enthalpy input this time step:      0.819126E+13 MJ (0.100000E+03 MJ/s)
 Total enthalpy discharge:           0.914429E+10 MJ (0.186058E-01 MJ/s)
 Total enthalpy input:               0.491476E+14 MJ (0.100000E+03 MJ/s)

 Water discharge this time step:   0.370570E+10 kg (0.452397E-01 kg/s)
 Water input this time step:       0.000000E+00 kg (0.000000E+00 kg/s)
 Total water discharge:            0.118840E+11 kg (0.241802E-01 kg/s)
 Total water input:                0.669479E-03 kg (0.136218E-14 kg/s)

 Enthalpy discharge this time step:  0.185363E+10 MJ (0.226294E-01 MJ/s)
 Enthalpy input this time step:      0.819126E+13 MJ (0.100000E+03 MJ/s)
 Total enthalpy discharge:           0.914429E+10 MJ (0.186058E-01 MJ/s)
 Total enthalpy input:               0.491476E+14 MJ (0.100000E+03 MJ/s)

 Enthalpy discharge this time step:  0.236738E+10 MJ (0.240844E-01 MJ/s)
 Enthalpy input this time step:      0.982951E+13 MJ (0.100000E+03 MJ/s)
 Total enthalpy discharge:           0.115117E+11 MJ (0.195189E-01 MJ/s)
 Total enthalpy input:               0.589771E+14 MJ (0.100000E+03 MJ/s)

 Water discharge this time step:   0.532911E+10 kg (0.542154E-01 kg/s)
 Water input this time step:       0.000000E+00 kg (0.000000E+00 kg/s)
 Total water discharge:            0.172131E+11 kg (0.291860E-01 kg/s)
 Total water input:                0.671387E-03 kg (0.113839E-14 kg/s)

 Enthalpy discharge this time step:  0.236738E+10 MJ (0.240844E-01 MJ/s)
 Enthalpy input this time step:      0.982951E+13 MJ (0.100000E+03 MJ/s)
 Total enthalpy discharge:           0.115117E+11 MJ (0.195189E-01 MJ/s)
 Total enthalpy input:               0.589771E+14 MJ (0.100000E+03 MJ/s)

 Enthalpy discharge this time step:  0.304300E+10 MJ (0.257981E-01 MJ/s)
 Enthalpy input this time step:      0.117954E+14 MJ (0.100000E+03 MJ/s)
 Total enthalpy discharge:           0.145547E+11 MJ (0.205654E-01 MJ/s)
 Total enthalpy input:               0.707725E+14 MJ (0.100000E+03 MJ/s)

 Water discharge this time step:   0.764362E+10 kg (0.648016E-01 kg/s)
 Water input this time step:       0.000000E+00 kg (0.000000E+00 kg/s)
 Total water discharge:            0.248567E+11 kg (0.351220E-01 kg/s)
 Total water input:                0.671387E-03 kg (0.948655E-15 kg/s)

 Enthalpy discharge this time step:  0.304300E+10 MJ (0.257981E-01 MJ/s)
 Enthalpy input this time step:      0.117954E+14 MJ (0.100000E+03 MJ/s)
 Total enthalpy discharge:           0.145547E+11 MJ (0.205654E-01 MJ/s)
 Total enthalpy input:               0.707725E+14 MJ (0.100000E+03 MJ/s)

 Enthalpy discharge this time step:  0.393633E+10 MJ (0.278097E-01 MJ/s)
 Enthalpy input this time step:      0.141545E+14 MJ (0.100000E+03 MJ/s)
 Total enthalpy discharge:           0.184910E+11 MJ (0.217728E-01 MJ/s)
 Total enthalpy input:               0.849270E+14 MJ (0.100000E+03 MJ/s)

 Water discharge this time step:   0.109341E+11 kg (0.772481E-01 kg/s)
 Water input this time step:       0.000000E+00 kg (0.000000E+00 kg/s)
 Total water discharge:            0.357908E+11 kg (0.421430E-01 kg/s)
 Total water input:                0.671387E-03 kg (0.790546E-15 kg/s)

 Enthalpy discharge this time step:  0.393633E+10 MJ (0.278097E-01 MJ/s)
 Enthalpy input this time step:      0.141545E+14 MJ (0.100000E+03 MJ/s)
 Total enthalpy discharge:           0.184910E+11 MJ (0.217728E-01 MJ/s)
 Total enthalpy input:               0.849270E+14 MJ (0.100000E+03 MJ/s)
*********************************************************************
 Time Step       131

                    Timing Information
           Years              Days         Step Size (Days)
      32294.0871          11795415.3         1965902.55    
 Cpu Sec for Time Step =   9.637     Current Total =     398.5    

                    Equation Performance
 Number of N-R Iterations:          2
 Avg # of Linear Equation Solver Iterations:  47.5
 Number of Active Nodes:    532436.
 Total Number of Iterations, N-R:        262 , Solver:       2261
 Phase Changes This Time Step:        0 Total           0
 Nodes Liq Phase:   532436 change        0
 Nodes Two Phase:        0 change        0
 Nodes Gas Phase:         0 change        0
 Nodes SC Phase:        0 change        0
 Number of restarted time steps            0
                    Largest Residuals
 EQ1 R=  0.1568E-07 node= 528701 zone=     5 x=0.5000E+05 y=-.5000E+05 z=-.2500E+05
 EQ2 R=  0.2122E-07 node= 278613 zone=     1 x= 2000.     y=0.4900E+05 z=0.2200E+05
   Node   Equation 1 Residual   Equation 2 Residual
 266236      0.150607E-14          -0.853870E-17
 266234      0.296729E-09           0.175552E-07
 266231      0.254079E-09          -0.161553E-08
 266226      0.257321E-09           0.881573E-08
 266221      0.694882E-10           0.246006E-09
 266210      0.139807E-09           0.437267E-08
 266201      0.363017E-09          -0.391528E-08

                    Nodal Information (Water)
                                                  source/sink  E source/sink
   Node   P (MPa)    E (MJ)    L sat     Temp (C)    (kg/s)       (MJ/s)
 266236    135.2     0.167      1.00        2.000  0.9182E-01  0.153E-01
 266234    139.4     0.167      1.00        2.000   0.000       0.00    
 266231    142.1     0.166      1.00        2.000   0.000       0.00    
 266226    149.0     0.166      1.00        2.000   0.000       0.00    
 266221    156.0     0.165      1.00        2.000   0.000       0.00    
 266210    179.6     0.164      1.00        2.000   0.000       0.00    
 266201    204.8     0.172      1.00        4.793   0.000     -0.400E-01

                    Global Mass & Energy Balances
 Total mass in system at this time:            0.477635E+17 kg
 Total mass of steam in system at this time:   0.000000E+00 kg
 Total enthalpy in system at this time:        0.329256E+16 MJ

 Water discharge this time step:   0.155962E+11 kg (0.918213E-01 kg/s)
 Water input this time step:       0.000000E+00 kg (0.000000E+00 kg/s)
 Total water discharge:            0.513870E+11 kg (0.504227E-01 kg/s)
 Total water input:                0.671387E-03 kg (0.658788E-15 kg/s)

 Enthalpy discharge this time step:  0.512287E+10 MJ (0.301604E-01 MJ/s)
 Enthalpy input this time step:      0.169854E+14 MJ (0.100000E+03 MJ/s)
 Total enthalpy discharge:           0.236139E+11 MJ (0.231707E-01 MJ/s)
 Total enthalpy input:               0.101912E+15 MJ (0.100000E+03 MJ/s)

 Net kg water discharge (total out-total in):   0.513870E+11
 Net MJ energy discharge (total out-total in):  -0.101889E+15
 Conservation Errors:  -0.186136E-03 (mass),  -0.752814E-07 (energy)

 Enthalpy discharge this time step:  0.670430E+10 MJ (0.328925E-01 MJ/s)
 Enthalpy input this time step:      0.203825E+14 MJ (0.100000E+03 MJ/s)
 Total enthalpy discharge:           0.303182E+11 MJ (0.247910E-01 MJ/s)
 Total enthalpy input:               0.122295E+15 MJ (0.100000E+03 MJ/s)

 Water discharge this time step:   0.221763E+11 kg (0.108801E+00 kg/s)
 Water input this time step:       0.000000E+00 kg (0.000000E+00 kg/s)
 Total water discharge:            0.735633E+11 kg (0.601524E-01 kg/s)
 Total water input:                0.671387E-03 kg (0.548990E-15 kg/s)

 Enthalpy discharge this time step:  0.670430E+10 MJ (0.328925E-01 MJ/s)
 Enthalpy input this time step:      0.203825E+14 MJ (0.100000E+03 MJ/s)
 Total enthalpy discharge:           0.303182E+11 MJ (0.247910E-01 MJ/s)
 Total enthalpy input:               0.122295E+15 MJ (0.100000E+03 MJ/s)

 Enthalpy discharge this time step:  0.881712E+10 MJ (0.360486E-01 MJ/s)
 Enthalpy input this time step:      0.244590E+14 MJ (0.100000E+03 MJ/s)
 Total enthalpy discharge:           0.391353E+11 MJ (0.266673E-01 MJ/s)
 Total enthalpy input:               0.146754E+15 MJ (0.100000E+03 MJ/s)

 Water discharge this time step:   0.314227E+11 kg (0.128471E+00 kg/s)
 Water input this time step:       0.000000E+00 kg (0.000000E+00 kg/s)
 Total water discharge:            0.104986E+12 kg (0.715389E-01 kg/s)
 Total water input:                0.671387E-03 kg (0.457492E-15 kg/s)

 Enthalpy discharge this time step:  0.881712E+10 MJ (0.360486E-01 MJ/s)
 Enthalpy input this time step:      0.244590E+14 MJ (0.100000E+03 MJ/s)
 Total enthalpy discharge:           0.391353E+11 MJ (0.266673E-01 MJ/s)
 Total enthalpy input:               0.146754E+15 MJ (0.100000E+03 MJ/s)

 Enthalpy discharge this time step:  0.116434E+11 MJ (0.396697E-01 MJ/s)
 Enthalpy input this time step:      0.293508E+14 MJ (0.100000E+03 MJ/s)
 Total enthalpy discharge:           0.507787E+11 MJ (0.288344E-01 MJ/s)
 Total enthalpy input:               0.176105E+15 MJ (0.100000E+03 MJ/s)

 Water discharge this time step:   0.443508E+11 kg (0.151106E+00 kg/s)
 Water input this time step:       0.000000E+00 kg (0.000000E+00 kg/s)
 Total water discharge:            0.149337E+12 kg (0.848001E-01 kg/s)
 Total water input:                0.671387E-03 kg (0.381243E-15 kg/s)

 Enthalpy discharge this time step:  0.116434E+11 MJ (0.396697E-01 MJ/s)
 Enthalpy input this time step:      0.293508E+14 MJ (0.100000E+03 MJ/s)
 Total enthalpy discharge:           0.507787E+11 MJ (0.288344E-01 MJ/s)
 Total enthalpy input:               0.176105E+15 MJ (0.100000E+03 MJ/s)

 Enthalpy discharge this time step:  0.154215E+11 MJ (0.437850E-01 MJ/s)
 Enthalpy input this time step:      0.352209E+14 MJ (0.100000E+03 MJ/s)
 Total enthalpy discharge:           0.662001E+11 MJ (0.313261E-01 MJ/s)
 Total enthalpy input:               0.211326E+15 MJ (0.100000E+03 MJ/s)

 Water discharge this time step:   0.623181E+11 kg (0.176935E+00 kg/s)
 Water input this time step:       0.000000E+00 kg (0.000000E+00 kg/s)
 Total water discharge:            0.211655E+12 kg (0.100156E+00 kg/s)
 Total water input:                0.671387E-03 kg (0.317703E-15 kg/s)

 Enthalpy discharge this time step:  0.154215E+11 MJ (0.437850E-01 MJ/s)
 Enthalpy input this time step:      0.352209E+14 MJ (0.100000E+03 MJ/s)
 Total enthalpy discharge:           0.662001E+11 MJ (0.313261E-01 MJ/s)
 Total enthalpy input:               0.211326E+15 MJ (0.100000E+03 MJ/s)

 Enthalpy discharge this time step:  0.204610E+11 MJ (0.484110E-01 MJ/s)
 Enthalpy input this time step:      0.422651E+14 MJ (0.100000E+03 MJ/s)
 Total enthalpy discharge:           0.866611E+11 MJ (0.341736E-01 MJ/s)
 Total enthalpy input:               0.253591E+15 MJ (0.100000E+03 MJ/s)

 Water discharge this time step:   0.871169E+11 kg (0.206120E+00 kg/s)
 Water input this time step:       0.000000E+00 kg (0.000000E+00 kg/s)
 Total water discharge:            0.298772E+12 kg (0.117817E+00 kg/s)
 Total water input:                0.671387E-03 kg (0.264752E-15 kg/s)

 Enthalpy discharge this time step:  0.204610E+11 MJ (0.484110E-01 MJ/s)
 Enthalpy input this time step:      0.422651E+14 MJ (0.100000E+03 MJ/s)
 Total enthalpy discharge:           0.866611E+11 MJ (0.341736E-01 MJ/s)
 Total enthalpy input:               0.253591E+15 MJ (0.100000E+03 MJ/s)

 Enthalpy discharge this time step:  0.271626E+11 MJ (0.535560E-01 MJ/s)
 Enthalpy input this time step:      0.507181E+14 MJ (0.100000E+03 MJ/s)
 Total enthalpy discharge:           0.113824E+12 MJ (0.374040E-01 MJ/s)
 Total enthalpy input:               0.304309E+15 MJ (0.100000E+03 MJ/s)

 Water discharge this time step:   0.121080E+12 kg (0.238731E+00 kg/s)
 Water input this time step:       0.000000E+00 kg (0.000000E+00 kg/s)
 Total water discharge:            0.419852E+12 kg (0.137969E+00 kg/s)
 Total water input:                0.671387E-03 kg (0.220627E-15 kg/s)

 Enthalpy discharge this time step:  0.271626E+11 MJ (0.535560E-01 MJ/s)
 Enthalpy input this time step:      0.507181E+14 MJ (0.100000E+03 MJ/s)
 Total enthalpy discharge:           0.113824E+12 MJ (0.374040E-01 MJ/s)
 Total enthalpy input:               0.304309E+15 MJ (0.100000E+03 MJ/s)

 Enthalpy discharge this time step:  0.360247E+11 MJ (0.591910E-01 MJ/s)
 Enthalpy input this time step:      0.608618E+14 MJ (0.100000E+03 MJ/s)
 Total enthalpy discharge:           0.149848E+12 MJ (0.410352E-01 MJ/s)
 Total enthalpy input:               0.365171E+15 MJ (0.100000E+03 MJ/s)

 Water discharge this time step:   0.167175E+12 kg (0.274680E+00 kg/s)
 Water input this time step:       0.000000E+00 kg (0.000000E+00 kg/s)
 Total water discharge:            0.587027E+12 kg (0.160754E+00 kg/s)
 Total water input:                0.732422E-03 kg (0.200570E-15 kg/s)

 Enthalpy discharge this time step:  0.360247E+11 MJ (0.591910E-01 MJ/s)
 Enthalpy input this time step:      0.608618E+14 MJ (0.100000E+03 MJ/s)
 Total enthalpy discharge:           0.149848E+12 MJ (0.410352E-01 MJ/s)
 Total enthalpy input:               0.365171E+15 MJ (0.100000E+03 MJ/s)

 Enthalpy discharge this time step:  0.476241E+11 MJ (0.652081E-01 MJ/s)
 Enthalpy input this time step:      0.730341E+14 MJ (0.100000E+03 MJ/s)
 Total enthalpy discharge:           0.197473E+12 MJ (0.450640E-01 MJ/s)
 Total enthalpy input:               0.438205E+15 MJ (0.100000E+03 MJ/s)

 Water discharge this time step:   0.229004E+12 kg (0.313558E+00 kg/s)
 Water input this time step:       0.000000E+00 kg (0.000000E+00 kg/s)
 Total water discharge:            0.816032E+12 kg (0.186222E+00 kg/s)
 Total water input:                0.732422E-03 kg (0.167142E-15 kg/s)

 Enthalpy discharge this time step:  0.476241E+11 MJ (0.652081E-01 MJ/s)
 Enthalpy input this time step:      0.730341E+14 MJ (0.100000E+03 MJ/s)
 Total enthalpy discharge:           0.197473E+12 MJ (0.450640E-01 MJ/s)
 Total enthalpy input:               0.438205E+15 MJ (0.100000E+03 MJ/s)

 Enthalpy discharge this time step:  0.628204E+11 MJ (0.716793E-01 MJ/s)
 Enthalpy input this time step:      0.876409E+14 MJ (0.100000E+03 MJ/s)
 Total enthalpy discharge:           0.260293E+12 MJ (0.494999E-01 MJ/s)
 Total enthalpy input:               0.525846E+15 MJ (0.100000E+03 MJ/s)

 Water discharge this time step:   0.311315E+12 kg (0.355217E+00 kg/s)
 Water input this time step:       0.000000E+00 kg (0.000000E+00 kg/s)
 Total water discharge:            0.112735E+13 kg (0.214387E+00 kg/s)
 Total water input:                0.732422E-03 kg (0.139285E-15 kg/s)

 Enthalpy discharge this time step:  0.628204E+11 MJ (0.716793E-01 MJ/s)
 Enthalpy input this time step:      0.876409E+14 MJ (0.100000E+03 MJ/s)
 Total enthalpy discharge:           0.260293E+12 MJ (0.494999E-01 MJ/s)
 Total enthalpy input:               0.525846E+15 MJ (0.100000E+03 MJ/s)
*********************************************************************
 Time Step       141

                    Timing Information
           Years              Days         Step Size (Days)
      199956.475          73034102.6         12172350.4    
 Cpu Sec for Time Step =   18.81     Current Total =     544.5    

                    Equation Performance
 Number of N-R Iterations:          2
 Avg # of Linear Equation Solver Iterations: 101.0
 Number of Active Nodes:    532436.
 Total Number of Iterations, N-R:        282 , Solver:       3782
 Phase Changes This Time Step:        0 Total           0
 Nodes Liq Phase:   532436 change        0
 Nodes Two Phase:        0 change        0
 Nodes Gas Phase:         0 change        0
 Nodes SC Phase:        0 change        0
 Number of restarted time steps            0
                    Largest Residuals
 EQ1 R=  0.2296E-07 node= 532031 zone=     5 x=0.5000E+05 y=0.4000E+05 z=-.2500E+05
 EQ2 R=  0.7267E-07 node= 463245 zone=     1 x=0.3700E+05 y=0.5000E+05 z=0.2200E+05
   Node   Equation 1 Residual   Equation 2 Residual
 266236     -0.689949E-14          -0.965053E-15
 266234     -0.687092E-09           0.604975E-07
 266231     -0.441579E-09          -0.237963E-08
 266226     -0.135950E-08           0.356820E-07
 266221     -0.537832E-09           0.242512E-09
 266210     -0.266873E-08           0.128586E-07
 266201     -0.298543E-08          -0.231761E-07

                    Nodal Information (Water)
                                                  source/sink  E source/sink
   Node   P (MPa)    E (MJ)    L sat     Temp (C)    (kg/s)       (MJ/s)
 266236    135.2     0.167      1.00        2.000  0.3996      0.667E-01
 266234    139.5     0.167      1.00        2.001   0.000       0.00    
 266231    142.2     0.167      1.00        2.001   0.000       0.00    
 266226    149.2     0.166      1.00        2.000   0.000       0.00    
 266221    156.1     0.166      1.00        2.000   0.000       0.00    
 266210    179.7     0.164      1.00        2.001   0.000       0.00    
 266201    205.0     0.196      1.00       11.004   0.000     -0.400E-01

                    Global Mass & Energy Balances
 Total mass in system at this time:            0.477620E+17 kg
 Total mass of steam in system at this time:   0.000000E+00 kg
 Total enthalpy in system at this time:        0.382134E+16 MJ

 Water discharge this time step:   0.420243E+12 kg (0.399588E+00 kg/s)
 Water input this time step:       0.000000E+00 kg (0.000000E+00 kg/s)
 Total water discharge:            0.154759E+13 kg (0.245254E+00 kg/s)
 Total water input:                0.732422E-03 kg (0.116071E-15 kg/s)

 Enthalpy discharge this time step:  0.826795E+11 MJ (0.786157E-01 MJ/s)
 Enthalpy input this time step:      0.105169E+15 MJ (0.100000E+03 MJ/s)
 Total enthalpy discharge:           0.342972E+12 MJ (0.543525E-01 MJ/s)
 Total enthalpy input:               0.631015E+15 MJ (0.100000E+03 MJ/s)

 Net kg water discharge (total out-total in):   0.154759E+13
 Net MJ energy discharge (total out-total in):  -0.630672E+15
 Conservation Errors:  -0.330729E-02 (mass),  -0.137254E-05 (energy)

 Enthalpy discharge this time step:  0.107181E+12 MJ (0.849278E-01 MJ/s)
 Enthalpy input this time step:      0.126203E+15 MJ (0.100000E+03 MJ/s)
 Total enthalpy discharge:           0.450154E+12 MJ (0.594484E-01 MJ/s)
 Total enthalpy input:               0.757218E+15 MJ (0.100000E+03 MJ/s)

 Water discharge this time step:   0.559202E+12 kg (0.443098E+00 kg/s)
 Water input this time step:       0.000000E+00 kg (0.000000E+00 kg/s)
 Total water discharge:            0.210679E+13 kg (0.278228E+00 kg/s)
 Total water input:                0.976562E-03 kg (0.128967E-15 kg/s)

 Enthalpy discharge this time step:  0.107181E+12 MJ (0.849278E-01 MJ/s)
 Enthalpy input this time step:      0.126203E+15 MJ (0.100000E+03 MJ/s)
 Total enthalpy discharge:           0.450154E+12 MJ (0.594484E-01 MJ/s)
 Total enthalpy input:               0.757218E+15 MJ (0.100000E+03 MJ/s)

 Enthalpy discharge this time step:  0.134908E+12 MJ (0.890816E-01 MJ/s)
 Enthalpy input this time step:      0.151444E+15 MJ (0.100000E+03 MJ/s)
 Total enthalpy discharge:           0.585062E+12 MJ (0.643873E-01 MJ/s)
 Total enthalpy input:               0.908661E+15 MJ (0.100000E+03 MJ/s)

 Water discharge this time step:   0.724411E+12 kg (0.478337E+00 kg/s)
 Water input this time step:       0.000000E+00 kg (0.000000E+00 kg/s)
 Total water discharge:            0.283120E+13 kg (0.311580E+00 kg/s)
 Total water input:                0.976562E-03 kg (0.107473E-15 kg/s)

 Enthalpy discharge this time step:  0.134908E+12 MJ (0.890816E-01 MJ/s)
 Enthalpy input this time step:      0.151444E+15 MJ (0.100000E+03 MJ/s)
 Total enthalpy discharge:           0.585062E+12 MJ (0.643873E-01 MJ/s)
 Total enthalpy input:               0.908661E+15 MJ (0.100000E+03 MJ/s)

 Enthalpy discharge this time step:  0.167285E+12 MJ (0.920505E-01 MJ/s)
 Enthalpy input this time step:      0.181732E+15 MJ (0.100000E+03 MJ/s)
 Total enthalpy discharge:           0.752347E+12 MJ (0.689978E-01 MJ/s)
 Total enthalpy input:               0.109039E+16 MJ (0.100000E+03 MJ/s)

 Water discharge this time step:   0.918216E+12 kg (0.505257E+00 kg/s)
 Water input this time step:       0.000000E+00 kg (0.000000E+00 kg/s)
 Total water discharge:            0.374942E+13 kg (0.343859E+00 kg/s)
 Total water input:                0.976562E-03 kg (0.895606E-16 kg/s)

 Enthalpy discharge this time step:  0.167285E+12 MJ (0.920505E-01 MJ/s)
 Enthalpy input this time step:      0.181732E+15 MJ (0.100000E+03 MJ/s)
 Total enthalpy discharge:           0.752347E+12 MJ (0.689978E-01 MJ/s)
 Total enthalpy input:               0.109039E+16 MJ (0.100000E+03 MJ/s)

 Enthalpy discharge this time step:  0.206692E+12 MJ (0.947789E-01 MJ/s)
 Enthalpy input this time step:      0.218079E+15 MJ (0.100000E+03 MJ/s)
 Total enthalpy discharge:           0.959040E+12 MJ (0.732947E-01 MJ/s)
 Total enthalpy input:               0.130847E+16 MJ (0.100000E+03 MJ/s)

 Water discharge this time step:   0.115101E+13 kg (0.527795E+00 kg/s)
 Water input this time step:       0.000000E+00 kg (0.000000E+00 kg/s)
 Total water discharge:            0.490043E+13 kg (0.374515E+00 kg/s)
 Total water input:                0.976562E-03 kg (0.746338E-16 kg/s)

 Enthalpy discharge this time step:  0.206692E+12 MJ (0.947789E-01 MJ/s)
 Enthalpy input this time step:      0.218079E+15 MJ (0.100000E+03 MJ/s)
 Total enthalpy discharge:           0.959040E+12 MJ (0.732947E-01 MJ/s)
 Total enthalpy input:               0.130847E+16 MJ (0.100000E+03 MJ/s)

 Enthalpy discharge this time step:  0.266449E+12 MJ (0.101817E+00 MJ/s)
 Enthalpy input this time step:      0.261694E+15 MJ (0.100000E+03 MJ/s)
 Total enthalpy discharge:           0.122549E+13 MJ (0.780484E-01 MJ/s)
 Total enthalpy input:               0.157017E+16 MJ (0.100000E+03 MJ/s)

 Water discharge this time step:   0.148261E+13 kg (0.566542E+00 kg/s)
 Water input this time step:       0.000000E+00 kg (0.000000E+00 kg/s)
 Total water discharge:            0.638303E+13 kg (0.406520E+00 kg/s)
 Total water input:                0.195312E-02 kg (0.124390E-15 kg/s)

 Enthalpy discharge this time step:  0.266449E+12 MJ (0.101817E+00 MJ/s)
 Enthalpy input this time step:      0.261694E+15 MJ (0.100000E+03 MJ/s)
 Total enthalpy discharge:           0.122549E+13 MJ (0.780484E-01 MJ/s)
 Total enthalpy input:               0.157017E+16 MJ (0.100000E+03 MJ/s)

 Enthalpy discharge this time step:  0.337043E+12 MJ (0.107327E+00 MJ/s)
 Enthalpy input this time step:      0.314033E+15 MJ (0.100000E+03 MJ/s)
 Total enthalpy discharge:           0.156253E+13 MJ (0.829282E-01 MJ/s)
 Total enthalpy input:               0.188420E+16 MJ (0.100000E+03 MJ/s)

 Water discharge this time step:   0.189550E+13 kg (0.603597E+00 kg/s)
 Water input this time step:       0.000000E+00 kg (0.000000E+00 kg/s)
 Total water discharge:            0.827853E+13 kg (0.439366E+00 kg/s)
 Total water input:                0.195312E-02 kg (0.103658E-15 kg/s)

 Enthalpy discharge this time step:  0.337043E+12 MJ (0.107327E+00 MJ/s)
 Enthalpy input this time step:      0.314033E+15 MJ (0.100000E+03 MJ/s)
 Total enthalpy discharge:           0.156253E+13 MJ (0.829282E-01 MJ/s)
 Total enthalpy input:               0.188420E+16 MJ (0.100000E+03 MJ/s)

 Enthalpy discharge this time step:  0.349150E+12 MJ (0.110715E+00 MJ/s)
 Enthalpy input this time step:      0.315360E+15 MJ (0.100000E+03 MJ/s)
 Total enthalpy discharge:           0.191168E+13 MJ (0.869120E-01 MJ/s)
 Total enthalpy input:               0.219956E+16 MJ (0.100000E+03 MJ/s)

 Water discharge this time step:   0.198408E+13 kg (0.629148E+00 kg/s)
 Water input this time step:       0.000000E+00 kg (0.000000E+00 kg/s)
 Total water discharge:            0.102626E+14 kg (0.466576E+00 kg/s)
 Total water input:                0.195312E-02 kg (0.887962E-16 kg/s)

 Enthalpy discharge this time step:  0.349150E+12 MJ (0.110715E+00 MJ/s)
 Enthalpy input this time step:      0.315360E+15 MJ (0.100000E+03 MJ/s)
 Total enthalpy discharge:           0.191168E+13 MJ (0.869120E-01 MJ/s)
 Total enthalpy input:               0.219956E+16 MJ (0.100000E+03 MJ/s)

 Enthalpy discharge this time step:  0.355589E+12 MJ (0.112756E+00 MJ/s)
 Enthalpy input this time step:      0.315360E+15 MJ (0.100000E+03 MJ/s)
 Total enthalpy discharge:           0.226727E+13 MJ (0.901528E-01 MJ/s)
 Total enthalpy input:               0.251492E+16 MJ (0.100000E+03 MJ/s)

 Water discharge this time step:   0.203729E+13 kg (0.646021E+00 kg/s)
 Water input this time step:       0.000000E+00 kg (0.000000E+00 kg/s)
 Total water discharge:            0.122999E+14 kg (0.489077E+00 kg/s)
 Total water input:                0.195312E-02 kg (0.776615E-16 kg/s)

 Enthalpy discharge this time step:  0.355589E+12 MJ (0.112756E+00 MJ/s)
 Enthalpy input this time step:      0.315360E+15 MJ (0.100000E+03 MJ/s)
 Total enthalpy discharge:           0.226727E+13 MJ (0.901528E-01 MJ/s)
 Total enthalpy input:               0.251492E+16 MJ (0.100000E+03 MJ/s)

 Enthalpy discharge this time step:  0.360387E+12 MJ (0.114278E+00 MJ/s)
 Enthalpy input this time step:      0.315360E+15 MJ (0.100000E+03 MJ/s)
 Total enthalpy discharge:           0.262766E+13 MJ (0.928409E-01 MJ/s)
 Total enthalpy input:               0.283028E+16 MJ (0.100000E+03 MJ/s)

 Water discharge this time step:   0.207636E+13 kg (0.658409E+00 kg/s)
 Water input this time step:       0.000000E+00 kg (0.000000E+00 kg/s)
 Total water discharge:            0.143763E+14 kg (0.507945E+00 kg/s)
 Total water input:                0.195312E-02 kg (0.690082E-16 kg/s)

 Enthalpy discharge this time step:  0.360387E+12 MJ (0.114278E+00 MJ/s)
 Enthalpy input this time step:      0.315360E+15 MJ (0.100000E+03 MJ/s)
 Total enthalpy discharge:           0.262766E+13 MJ (0.928409E-01 MJ/s)
 Total enthalpy input:               0.283028E+16 MJ (0.100000E+03 MJ/s)
*********************************************************************
 Time Step       151

                    Timing Information
           Years              Days         Step Size (Days)
      996793.051          364078662.         36500000.0    
 Cpu Sec for Time Step =   18.59     Current Total =     734.5    

                    Equation Performance
 Number of N-R Iterations:          2
 Avg # of Linear Equation Solver Iterations: 101.0
 Number of Active Nodes:    532436.
 Total Number of Iterations, N-R:        302 , Solver:       5802
 Phase Changes This Time Step:        0 Total           0
 Nodes Liq Phase:   532436 change        0
 Nodes Two Phase:        0 change        0
 Nodes Gas Phase:         0 change        0
 Nodes SC Phase:        0 change        0
 Number of restarted time steps            0
                    Largest Residuals
 EQ1 R=  0.1619E-06 node= 528775 zone=     5 x=0.5000E+05 y=-.4800E+05 z=-.2500E+05
 EQ2 R=  0.4417E-06 node= 528703 zone=     3 x=0.5000E+05 y=-.5000E+05 z=-.2100E+05
   Node   Equation 1 Residual   Equation 2 Residual
 266236      0.667269E-14          -0.466252E-14
 266234     -0.981954E-08           0.661513E-07
 266231     -0.120545E-07          -0.191308E-08
 266226     -0.133789E-07           0.388440E-07
 266221     -0.461450E-08           0.129971E-08
 266210     -0.211424E-07           0.111293E-07
 266201     -0.211312E-07           0.172269E-08

                    Nodal Information (Water)
                                                  source/sink  E source/sink
   Node   P (MPa)    E (MJ)    L sat     Temp (C)    (kg/s)       (MJ/s)
 266236    135.2     0.167      1.00        2.000  0.6672      0.111    
 266234    139.6     0.167      1.00        1.999   0.000       0.00    
 266231    142.3     0.167      1.00        2.000   0.000       0.00    
 266226    149.3     0.166      1.00        2.000   0.000       0.00    
 266221    156.2     0.166      1.00        2.002   0.000       0.00    
 266210    179.9     0.165      1.00        2.403   0.000       0.00    
 266201    205.0     0.241      1.00       22.807   0.000     -0.400E-01

                    Global Mass & Energy Balances
 Total mass in system at this time:            0.477463E+17 kg
 Total mass of steam in system at this time:   0.000000E+00 kg
 Total enthalpy in system at this time:        0.633319E+16 MJ

 Water discharge this time step:   0.210394E+13 kg (0.667156E+00 kg/s)
 Water input this time step:       0.000000E+00 kg (0.000000E+00 kg/s)
 Total water discharge:            0.164802E+14 kg (0.523906E+00 kg/s)
 Total water input:                0.195312E-02 kg (0.620899E-16 kg/s)

 Enthalpy discharge this time step:  0.363483E+12 MJ (0.115260E+00 MJ/s)
 Enthalpy input this time step:      0.315360E+15 MJ (0.100000E+03 MJ/s)
 Total enthalpy discharge:           0.299114E+13 MJ (0.950885E-01 MJ/s)
 Total enthalpy input:               0.314564E+16 MJ (0.100000E+03 MJ/s)

 Net kg water discharge (total out-total in):   0.164802E+14
 Net MJ energy discharge (total out-total in):  -0.314265E+16
 Conservation Errors:  -0.462184E-01 (mass),  -0.407675E-04 (energy)

 Enthalpy discharge this time step:  0.365589E+12 MJ (0.115927E+00 MJ/s)
 Enthalpy input this time step:      0.315360E+15 MJ (0.100000E+03 MJ/s)
 Total enthalpy discharge:           0.335673E+13 MJ (0.969873E-01 MJ/s)
 Total enthalpy input:               0.346100E+16 MJ (0.100000E+03 MJ/s)

 Water discharge this time step:   0.212380E+13 kg (0.673452E+00 kg/s)
 Water input this time step:       0.000000E+00 kg (0.000000E+00 kg/s)
 Total water discharge:            0.186040E+14 kg (0.537533E+00 kg/s)
 Total water input:                0.000000E+00 kg (0.000000E+00 kg/s)

 Enthalpy discharge this time step:  0.365589E+12 MJ (0.115927E+00 MJ/s)
 Enthalpy input this time step:      0.315360E+15 MJ (0.100000E+03 MJ/s)
 Total enthalpy discharge:           0.335673E+13 MJ (0.969873E-01 MJ/s)
 Total enthalpy input:               0.346100E+16 MJ (0.100000E+03 MJ/s)

 Enthalpy discharge this time step:  0.368335E+12 MJ (0.116798E+00 MJ/s)
 Enthalpy input this time step:      0.315360E+15 MJ (0.100000E+03 MJ/s)
 Total enthalpy discharge:           0.372506E+13 MJ (0.986417E-01 MJ/s)
 Total enthalpy input:               0.377636E+16 MJ (0.100000E+03 MJ/s)

 Water discharge this time step:   0.214375E+13 kg (0.679780E+00 kg/s)
 Water input this time step:       0.000000E+00 kg (0.000000E+00 kg/s)
 Total water discharge:            0.207478E+14 kg (0.549412E+00 kg/s)
 Total water input:                0.000000E+00 kg (0.000000E+00 kg/s)

 Enthalpy discharge this time step:  0.368335E+12 MJ (0.116798E+00 MJ/s)
 Enthalpy input this time step:      0.315360E+15 MJ (0.100000E+03 MJ/s)
 Total enthalpy discharge:           0.372506E+13 MJ (0.986417E-01 MJ/s)
 Total enthalpy input:               0.377636E+16 MJ (0.100000E+03 MJ/s)

 Enthalpy discharge this time step:  0.370275E+12 MJ (0.117413E+00 MJ/s)
 Enthalpy input this time step:      0.315360E+15 MJ (0.100000E+03 MJ/s)
 Total enthalpy discharge:           0.409534E+13 MJ (0.100088E+00 MJ/s)
 Total enthalpy input:               0.409172E+16 MJ (0.100000E+03 MJ/s)

 Water discharge this time step:   0.215920E+13 kg (0.684677E+00 kg/s)
 Water input this time step:       0.000000E+00 kg (0.000000E+00 kg/s)
 Total water discharge:            0.229070E+14 kg (0.559837E+00 kg/s)
 Total water input:                0.000000E+00 kg (0.000000E+00 kg/s)

 Enthalpy discharge this time step:  0.370275E+12 MJ (0.117413E+00 MJ/s)
 Enthalpy input this time step:      0.315360E+15 MJ (0.100000E+03 MJ/s)
 Total enthalpy discharge:           0.409534E+13 MJ (0.100088E+00 MJ/s)
 Total enthalpy input:               0.409172E+16 MJ (0.100000E+03 MJ/s)

 Enthalpy discharge this time step:  0.372665E+12 MJ (0.118171E+00 MJ/s)
 Enthalpy input this time step:      0.315360E+15 MJ (0.100000E+03 MJ/s)
 Total enthalpy discharge:           0.446800E+13 MJ (0.101382E+00 MJ/s)
 Total enthalpy input:               0.440708E+16 MJ (0.100000E+03 MJ/s)

 Water discharge this time step:   0.217446E+13 kg (0.689516E+00 kg/s)
 Water input this time step:       0.000000E+00 kg (0.000000E+00 kg/s)
 Total water discharge:            0.250814E+14 kg (0.569116E+00 kg/s)
 Total water input:                0.000000E+00 kg (0.000000E+00 kg/s)

 Enthalpy discharge this time step:  0.372665E+12 MJ (0.118171E+00 MJ/s)
 Enthalpy input this time step:      0.315360E+15 MJ (0.100000E+03 MJ/s)
 Total enthalpy discharge:           0.446800E+13 MJ (0.101382E+00 MJ/s)
 Total enthalpy input:               0.440708E+16 MJ (0.100000E+03 MJ/s)

 Enthalpy discharge this time step:  0.374711E+12 MJ (0.118820E+00 MJ/s)
 Enthalpy input this time step:      0.315360E+15 MJ (0.100000E+03 MJ/s)
 Total enthalpy discharge:           0.484271E+13 MJ (0.102547E+00 MJ/s)
 Total enthalpy input:               0.472244E+16 MJ (0.100000E+03 MJ/s)

 Water discharge this time step:   0.218673E+13 kg (0.693407E+00 kg/s)
 Water input this time step:       0.000000E+00 kg (0.000000E+00 kg/s)
 Total water discharge:            0.272681E+14 kg (0.577416E+00 kg/s)
 Total water input:                0.000000E+00 kg (0.000000E+00 kg/s)

 Enthalpy discharge this time step:  0.374711E+12 MJ (0.118820E+00 MJ/s)
 Enthalpy input this time step:      0.315360E+15 MJ (0.100000E+03 MJ/s)
 Total enthalpy discharge:           0.484271E+13 MJ (0.102547E+00 MJ/s)
 Total enthalpy input:               0.472244E+16 MJ (0.100000E+03 MJ/s)

 Enthalpy discharge this time step:  0.376762E+12 MJ (0.119470E+00 MJ/s)
 Enthalpy input this time step:      0.315360E+15 MJ (0.100000E+03 MJ/s)
 Total enthalpy discharge:           0.521948E+13 MJ (0.103606E+00 MJ/s)
 Total enthalpy input:               0.503780E+16 MJ (0.100000E+03 MJ/s)

 Water discharge this time step:   0.219656E+13 kg (0.696524E+00 kg/s)
 Water input this time step:       0.000000E+00 kg (0.000000E+00 kg/s)
 Total water discharge:            0.294647E+14 kg (0.584872E+00 kg/s)
 Total water input:                0.000000E+00 kg (0.000000E+00 kg/s)

 Enthalpy discharge this time step:  0.376762E+12 MJ (0.119470E+00 MJ/s)
 Enthalpy input this time step:      0.315360E+15 MJ (0.100000E+03 MJ/s)
 Total enthalpy discharge:           0.521948E+13 MJ (0.103606E+00 MJ/s)
 Total enthalpy input:               0.503780E+16 MJ (0.100000E+03 MJ/s)

 Enthalpy discharge this time step:  0.379140E+12 MJ (0.120224E+00 MJ/s)
 Enthalpy input this time step:      0.315360E+15 MJ (0.100000E+03 MJ/s)
 Total enthalpy discharge:           0.559862E+13 MJ (0.104585E+00 MJ/s)
 Total enthalpy input:               0.535316E+16 MJ (0.100000E+03 MJ/s)

 Water discharge this time step:   0.220493E+13 kg (0.699179E+00 kg/s)
 Water input this time step:       0.000000E+00 kg (0.000000E+00 kg/s)
 Total water discharge:            0.316696E+14 kg (0.591606E+00 kg/s)
 Total water input:                0.000000E+00 kg (0.000000E+00 kg/s)

 Enthalpy discharge this time step:  0.379140E+12 MJ (0.120224E+00 MJ/s)
 Enthalpy input this time step:      0.315360E+15 MJ (0.100000E+03 MJ/s)
 Total enthalpy discharge:           0.559862E+13 MJ (0.104585E+00 MJ/s)
 Total enthalpy input:               0.535316E+16 MJ (0.100000E+03 MJ/s)

 Enthalpy discharge this time step:  0.382091E+12 MJ (0.121160E+00 MJ/s)
 Enthalpy input this time step:      0.315360E+15 MJ (0.100000E+03 MJ/s)
 Total enthalpy discharge:           0.598071E+13 MJ (0.105507E+00 MJ/s)
 Total enthalpy input:               0.566852E+16 MJ (0.100000E+03 MJ/s)

 Water discharge this time step:   0.221245E+13 kg (0.701564E+00 kg/s)
 Water input this time step:       0.000000E+00 kg (0.000000E+00 kg/s)
 Total water discharge:            0.338821E+14 kg (0.597724E+00 kg/s)
 Total water input:                0.000000E+00 kg (0.000000E+00 kg/s)

 Enthalpy discharge this time step:  0.382091E+12 MJ (0.121160E+00 MJ/s)
 Enthalpy input this time step:      0.315360E+15 MJ (0.100000E+03 MJ/s)
 Total enthalpy discharge:           0.598071E+13 MJ (0.105507E+00 MJ/s)
 Total enthalpy input:               0.566852E+16 MJ (0.100000E+03 MJ/s)

 Enthalpy discharge this time step:  0.385972E+12 MJ (0.122391E+00 MJ/s)
 Enthalpy input this time step:      0.315360E+15 MJ (0.100000E+03 MJ/s)
 Total enthalpy discharge:           0.636668E+13 MJ (0.106397E+00 MJ/s)
 Total enthalpy input:               0.598388E+16 MJ (0.100000E+03 MJ/s)

 Water discharge this time step:   0.222000E+13 kg (0.703959E+00 kg/s)
 Water input this time step:       0.000000E+00 kg (0.000000E+00 kg/s)
 Total water discharge:            0.361021E+14 kg (0.603322E+00 kg/s)
 Total water input:                0.000000E+00 kg (0.000000E+00 kg/s)

 Enthalpy discharge this time step:  0.385972E+12 MJ (0.122391E+00 MJ/s)
 Enthalpy input this time step:      0.315360E+15 MJ (0.100000E+03 MJ/s)
 Total enthalpy discharge:           0.636668E+13 MJ (0.106397E+00 MJ/s)
 Total enthalpy input:               0.598388E+16 MJ (0.100000E+03 MJ/s)
*********************************************************************
 Time Step       161

                    Timing Information
           Years              Days         Step Size (Days)
      1996108.59          729078662.         36500000.0    
 Cpu Sec for Time Step =   18.88     Current Total =     924.7    

                    Equation Performance
 Number of N-R Iterations:          2
 Avg # of Linear Equation Solver Iterations: 101.0
 Number of Active Nodes:    532436.
 Total Number of Iterations, N-R:        322 , Solver:       7822
 Phase Changes This Time Step:        0 Total           0
 Nodes Liq Phase:   532436 change        0
 Nodes Two Phase:        0 change        0
 Nodes Gas Phase:         0 change        0
 Nodes SC Phase:        0 change        0
 Number of restarted time steps            0
                    Largest Residuals
 EQ1 R=  0.2849E-07 node=   3703 zone=     3 x=-.5000E+05 y=0.5000E+05 z=-.2100E+05
 EQ2 R=  0.5637E-07 node=   3703 zone=     3 x=-.5000E+05 y=0.5000E+05 z=-.2100E+05
   Node   Equation 1 Residual   Equation 2 Residual
 266236      0.913241E-14          -0.830675E-15
 266234     -0.356181E-08           0.235631E-07
 266231     -0.297258E-08          -0.574929E-09
 266226     -0.864635E-08           0.137063E-07
 266221     -0.568513E-08           0.101170E-08
 266210     -0.132829E-07           0.503881E-11
 266201     -0.603240E-08          -0.588376E-08

                    Nodal Information (Water)
                                                  source/sink  E source/sink
   Node   P (MPa)    E (MJ)    L sat     Temp (C)    (kg/s)       (MJ/s)
 266236    135.2     0.167      1.00        2.000  0.7071      0.118    
 266234    139.6     0.167      1.00        2.000   0.000       0.00    
 266231    142.4     0.167      1.00        2.003   0.000       0.00    
 266226    149.3     0.166      1.00        2.016   0.000       0.00    
 266221    156.2     0.166      1.00        2.068   0.000       0.00    
 266210    179.9     0.172      1.00        4.283   0.000       0.00    
 266201    205.0     0.276      1.00       31.660   0.000     -0.400E-01

                    Global Mass & Energy Balances
 Total mass in system at this time:            0.477241E+17 kg
 Total mass of steam in system at this time:   0.000000E+00 kg
 Total enthalpy in system at this time:        0.948297E+16 MJ

 Water discharge this time step:   0.222996E+13 kg (0.707116E+00 kg/s)
 Water input this time step:       0.000000E+00 kg (0.000000E+00 kg/s)
 Total water discharge:            0.383320E+14 kg (0.608519E+00 kg/s)
 Total water input:                0.000000E+00 kg (0.000000E+00 kg/s)

 Enthalpy discharge this time step:  0.391494E+12 MJ (0.124142E+00 MJ/s)
 Enthalpy input this time step:      0.315360E+15 MJ (0.100000E+03 MJ/s)
 Total enthalpy discharge:           0.675817E+13 MJ (0.107286E+00 MJ/s)
 Total enthalpy input:               0.629924E+16 MJ (0.100000E+03 MJ/s)

 Net kg water discharge (total out-total in):   0.383320E+14
 Net MJ energy discharge (total out-total in):  -0.629248E+16
 Conservation Errors:  -0.281491E-01 (mass),  -0.290988E-04 (energy)

 Enthalpy discharge this time step:  0.397952E+12 MJ (0.126190E+00 MJ/s)
 Enthalpy input this time step:      0.315360E+15 MJ (0.100000E+03 MJ/s)
 Total enthalpy discharge:           0.715612E+13 MJ (0.108187E+00 MJ/s)
 Total enthalpy input:               0.661460E+16 MJ (0.100000E+03 MJ/s)

 Water discharge this time step:   0.223871E+13 kg (0.709891E+00 kg/s)
 Water input this time step:       0.000000E+00 kg (0.000000E+00 kg/s)
 Total water discharge:            0.405708E+14 kg (0.613352E+00 kg/s)
 Total water input:                0.000000E+00 kg (0.000000E+00 kg/s)

 Enthalpy discharge this time step:  0.397952E+12 MJ (0.126190E+00 MJ/s)
 Enthalpy input this time step:      0.315360E+15 MJ (0.100000E+03 MJ/s)
 Total enthalpy discharge:           0.715612E+13 MJ (0.108187E+00 MJ/s)
 Total enthalpy input:               0.661460E+16 MJ (0.100000E+03 MJ/s)

 Enthalpy discharge this time step:  0.405789E+12 MJ (0.128675E+00 MJ/s)
 Enthalpy input this time step:      0.315360E+15 MJ (0.100000E+03 MJ/s)
 Total enthalpy discharge:           0.756191E+13 MJ (0.109119E+00 MJ/s)
 Total enthalpy input:               0.692996E+16 MJ (0.100000E+03 MJ/s)

 Water discharge this time step:   0.224624E+13 kg (0.712279E+00 kg/s)
 Water input this time step:       0.000000E+00 kg (0.000000E+00 kg/s)
 Total water discharge:            0.428170E+14 kg (0.617854E+00 kg/s)
 Total water input:                0.000000E+00 kg (0.000000E+00 kg/s)

 Enthalpy discharge this time step:  0.405789E+12 MJ (0.128675E+00 MJ/s)
 Enthalpy input this time step:      0.315360E+15 MJ (0.100000E+03 MJ/s)
 Total enthalpy discharge:           0.756191E+13 MJ (0.109119E+00 MJ/s)
 Total enthalpy input:               0.692996E+16 MJ (0.100000E+03 MJ/s)

 Enthalpy discharge this time step:  0.415395E+12 MJ (0.131721E+00 MJ/s)
 Enthalpy input this time step:      0.315360E+15 MJ (0.100000E+03 MJ/s)
 Total enthalpy discharge:           0.797731E+13 MJ (0.110103E+00 MJ/s)
 Total enthalpy input:               0.724532E+16 MJ (0.100000E+03 MJ/s)

 Water discharge this time step:   0.225292E+13 kg (0.714396E+00 kg/s)
 Water input this time step:       0.000000E+00 kg (0.000000E+00 kg/s)
 Total water discharge:            0.450699E+14 kg (0.622056E+00 kg/s)
 Total water input:                0.000000E+00 kg (0.000000E+00 kg/s)

 Enthalpy discharge this time step:  0.415395E+12 MJ (0.131721E+00 MJ/s)
 Enthalpy input this time step:      0.315360E+15 MJ (0.100000E+03 MJ/s)
 Total enthalpy discharge:           0.797731E+13 MJ (0.110103E+00 MJ/s)
 Total enthalpy input:               0.724532E+16 MJ (0.100000E+03 MJ/s)

 Enthalpy discharge this time step:  0.427336E+12 MJ (0.135507E+00 MJ/s)
 Enthalpy input this time step:      0.315360E+15 MJ (0.100000E+03 MJ/s)
 Total enthalpy discharge:           0.840465E+13 MJ (0.111163E+00 MJ/s)
 Total enthalpy input:               0.756068E+16 MJ (0.100000E+03 MJ/s)

 Water discharge this time step:   0.225990E+13 kg (0.716609E+00 kg/s)
 Water input this time step:       0.000000E+00 kg (0.000000E+00 kg/s)
 Total water discharge:            0.473298E+14 kg (0.626000E+00 kg/s)
 Total water input:                0.000000E+00 kg (0.000000E+00 kg/s)

 Enthalpy discharge this time step:  0.427336E+12 MJ (0.135507E+00 MJ/s)
 Enthalpy input this time step:      0.315360E+15 MJ (0.100000E+03 MJ/s)
 Total enthalpy discharge:           0.840465E+13 MJ (0.111163E+00 MJ/s)
 Total enthalpy input:               0.756068E+16 MJ (0.100000E+03 MJ/s)

 Enthalpy discharge this time step:  0.441859E+12 MJ (0.140113E+00 MJ/s)
 Enthalpy input this time step:      0.315360E+15 MJ (0.100000E+03 MJ/s)
 Total enthalpy discharge:           0.884650E+13 MJ (0.112322E+00 MJ/s)
 Total enthalpy input:               0.787604E+16 MJ (0.100000E+03 MJ/s)

 Water discharge this time step:   0.226704E+13 kg (0.718873E+00 kg/s)
 Water input this time step:       0.000000E+00 kg (0.000000E+00 kg/s)
 Total water discharge:            0.495969E+14 kg (0.629718E+00 kg/s)
 Total water input:                0.000000E+00 kg (0.000000E+00 kg/s)

 Enthalpy discharge this time step:  0.441859E+12 MJ (0.140113E+00 MJ/s)
 Enthalpy input this time step:      0.315360E+15 MJ (0.100000E+03 MJ/s)
 Total enthalpy discharge:           0.884650E+13 MJ (0.112322E+00 MJ/s)
 Total enthalpy input:               0.787604E+16 MJ (0.100000E+03 MJ/s)

 Enthalpy discharge this time step:  0.459353E+12 MJ (0.145660E+00 MJ/s)
 Enthalpy input this time step:      0.315360E+15 MJ (0.100000E+03 MJ/s)
 Total enthalpy discharge:           0.930586E+13 MJ (0.113605E+00 MJ/s)
 Total enthalpy input:               0.819140E+16 MJ (0.100000E+03 MJ/s)

 Water discharge this time step:   0.227441E+13 kg (0.721212E+00 kg/s)
 Water input this time step:       0.000000E+00 kg (0.000000E+00 kg/s)
 Total water discharge:            0.518713E+14 kg (0.633241E+00 kg/s)
 Total water input:                0.000000E+00 kg (0.000000E+00 kg/s)

 Enthalpy discharge this time step:  0.459353E+12 MJ (0.145660E+00 MJ/s)
 Enthalpy input this time step:      0.315360E+15 MJ (0.100000E+03 MJ/s)
 Total enthalpy discharge:           0.930586E+13 MJ (0.113605E+00 MJ/s)
 Total enthalpy input:               0.819140E+16 MJ (0.100000E+03 MJ/s)

 Enthalpy discharge this time step:  0.480334E+12 MJ (0.152313E+00 MJ/s)
 Enthalpy input this time step:      0.315360E+15 MJ (0.100000E+03 MJ/s)
 Total enthalpy discharge:           0.978619E+13 MJ (0.115040E+00 MJ/s)
 Total enthalpy input:               0.850676E+16 MJ (0.100000E+03 MJ/s)

 Water discharge this time step:   0.228276E+13 kg (0.723859E+00 kg/s)
 Water input this time step:       0.000000E+00 kg (0.000000E+00 kg/s)
 Total water discharge:            0.541540E+14 kg (0.636600E+00 kg/s)
 Total water input:                0.000000E+00 kg (0.000000E+00 kg/s)

 Enthalpy discharge this time step:  0.480334E+12 MJ (0.152313E+00 MJ/s)
 Enthalpy input this time step:      0.315360E+15 MJ (0.100000E+03 MJ/s)
 Total enthalpy discharge:           0.978619E+13 MJ (0.115040E+00 MJ/s)
 Total enthalpy input:               0.850676E+16 MJ (0.100000E+03 MJ/s)

 Enthalpy discharge this time step:  0.504828E+12 MJ (0.160080E+00 MJ/s)
 Enthalpy input this time step:      0.315360E+15 MJ (0.100000E+03 MJ/s)
 Total enthalpy discharge:           0.102910E+14 MJ (0.116650E+00 MJ/s)
 Total enthalpy input:               0.882212E+16 MJ (0.100000E+03 MJ/s)

 Water discharge this time step:   0.229076E+13 kg (0.726396E+00 kg/s)
 Water input this time step:       0.000000E+00 kg (0.000000E+00 kg/s)
 Total water discharge:            0.564448E+14 kg (0.639810E+00 kg/s)
 Total water input:                0.000000E+00 kg (0.000000E+00 kg/s)

 Enthalpy discharge this time step:  0.504828E+12 MJ (0.160080E+00 MJ/s)
 Enthalpy input this time step:      0.315360E+15 MJ (0.100000E+03 MJ/s)
 Total enthalpy discharge:           0.102910E+14 MJ (0.116650E+00 MJ/s)
 Total enthalpy input:               0.882212E+16 MJ (0.100000E+03 MJ/s)

 Enthalpy discharge this time step:  0.533170E+12 MJ (0.169067E+00 MJ/s)
 Enthalpy input this time step:      0.315360E+15 MJ (0.100000E+03 MJ/s)
 Total enthalpy discharge:           0.108242E+14 MJ (0.118459E+00 MJ/s)
 Total enthalpy input:               0.913748E+16 MJ (0.100000E+03 MJ/s)

 Water discharge this time step:   0.229793E+13 kg (0.728669E+00 kg/s)
 Water input this time step:       0.000000E+00 kg (0.000000E+00 kg/s)
 Total water discharge:            0.587427E+14 kg (0.642877E+00 kg/s)
 Total water input:                0.000000E+00 kg (0.000000E+00 kg/s)

 Enthalpy discharge this time step:  0.533170E+12 MJ (0.169067E+00 MJ/s)
 Enthalpy input this time step:      0.315360E+15 MJ (0.100000E+03 MJ/s)
 Total enthalpy discharge:           0.108242E+14 MJ (0.118459E+00 MJ/s)
 Total enthalpy input:               0.913748E+16 MJ (0.100000E+03 MJ/s)
*********************************************************************
 Time Step       171

                    Timing Information
           Years              Days         Step Size (Days)
      2995424.13         0.109407866E+10     36500000.0    
 Cpu Sec for Time Step =   19.08     Current Total =     1115.    

                    Equation Performance
 Number of N-R Iterations:          2
 Avg # of Linear Equation Solver Iterations: 101.0
 Number of Active Nodes:    532436.
 Total Number of Iterations, N-R:        342 , Solver:       9842
 Phase Changes This Time Step:        0 Total           0
 Nodes Liq Phase:   532436 change        0
 Nodes Two Phase:        0 change        0
 Nodes Gas Phase:         0 change        0
 Nodes SC Phase:        0 change        0
 Number of restarted time steps            0
                    Largest Residuals
 EQ1 R=  0.1143E-07 node= 518203 zone=     3 x=0.4800E+05 y=-.4800E+05 z=-.2100E+05
 EQ2 R=  0.2990E-07 node= 528703 zone=     3 x=0.5000E+05 y=-.5000E+05 z=-.2100E+05
   Node   Equation 1 Residual   Equation 2 Residual
 266236      0.313594E-14          -0.389072E-16
 266234     -0.139578E-08           0.817719E-08
 266231     -0.187048E-08          -0.953916E-10
 266226     -0.143961E-08           0.332724E-08
 266221     -0.143283E-08          -0.144624E-09
 266210     -0.557308E-08           0.964505E-10
 266201     -0.548983E-08           0.124093E-08

                    Nodal Information (Water)
                                                  source/sink  E source/sink
   Node   P (MPa)    E (MJ)    L sat     Temp (C)    (kg/s)       (MJ/s)
 266236    135.2     0.167      1.00        2.000  0.7312      0.122    
 266234    139.6     0.167      1.00        2.017   0.000       0.00    
 266231    142.4     0.167      1.00        2.039   0.000       0.00    
 266226    149.3     0.167      1.00        2.122   0.000       0.00    
 266221    156.2     0.167      1.00        2.355   0.000       0.00    
 266210    179.9     0.183      1.00        6.963   0.000       0.00    
 266201    204.9     0.302      1.00       38.436   0.000     -0.400E-01

                    Global Mass & Energy Balances
 Total mass in system at this time:            0.477013E+17 kg
 Total mass of steam in system at this time:   0.000000E+00 kg
 Total enthalpy in system at this time:        0.126319E+17 MJ

 Water discharge this time step:   0.230580E+13 kg (0.731163E+00 kg/s)
 Water input this time step:       0.000000E+00 kg (0.000000E+00 kg/s)
 Total water discharge:            0.610485E+14 kg (0.645822E+00 kg/s)
 Total water input:                0.000000E+00 kg (0.000000E+00 kg/s)

 Enthalpy discharge this time step:  0.566116E+12 MJ (0.179514E+00 MJ/s)
 Enthalpy input this time step:      0.315360E+15 MJ (0.100000E+03 MJ/s)
 Total enthalpy discharge:           0.113903E+14 MJ (0.120496E+00 MJ/s)
 Total enthalpy input:               0.945284E+16 MJ (0.100000E+03 MJ/s)

 Net kg water discharge (total out-total in):   0.610485E+14
 Net MJ energy discharge (total out-total in):  -0.944145E+16
 Conservation Errors:  -0.198306E-01 (mass),  -0.220188E-04 (energy)

 Enthalpy discharge this time step:  0.603711E+12 MJ (0.191435E+00 MJ/s)
 Enthalpy input this time step:      0.315360E+15 MJ (0.100000E+03 MJ/s)
 Total enthalpy discharge:           0.119940E+14 MJ (0.122786E+00 MJ/s)
 Total enthalpy input:               0.976820E+16 MJ (0.100000E+03 MJ/s)

 Water discharge this time step:   0.231327E+13 kg (0.733533E+00 kg/s)
 Water input this time step:       0.000000E+00 kg (0.000000E+00 kg/s)
 Total water discharge:            0.633618E+14 kg (0.648654E+00 kg/s)
 Total water input:                0.000000E+00 kg (0.000000E+00 kg/s)

 Enthalpy discharge this time step:  0.603711E+12 MJ (0.191435E+00 MJ/s)
 Enthalpy input this time step:      0.315360E+15 MJ (0.100000E+03 MJ/s)
 Total enthalpy discharge:           0.119940E+14 MJ (0.122786E+00 MJ/s)
 Total enthalpy input:               0.976820E+16 MJ (0.100000E+03 MJ/s)

 Enthalpy discharge this time step:  0.646385E+12 MJ (0.204967E+00 MJ/s)
 Enthalpy input this time step:      0.315360E+15 MJ (0.100000E+03 MJ/s)
 Total enthalpy discharge:           0.126404E+14 MJ (0.125357E+00 MJ/s)
 Total enthalpy input:               0.100836E+17 MJ (0.100000E+03 MJ/s)

 Water discharge this time step:   0.232037E+13 kg (0.735786E+00 kg/s)
 Water input this time step:       0.000000E+00 kg (0.000000E+00 kg/s)
 Total water discharge:            0.656822E+14 kg (0.651379E+00 kg/s)
 Total water input:                0.000000E+00 kg (0.000000E+00 kg/s)

 Enthalpy discharge this time step:  0.646385E+12 MJ (0.204967E+00 MJ/s)
 Enthalpy input this time step:      0.315360E+15 MJ (0.100000E+03 MJ/s)
 Total enthalpy discharge:           0.126404E+14 MJ (0.125357E+00 MJ/s)
 Total enthalpy input:               0.100836E+17 MJ (0.100000E+03 MJ/s)

 Enthalpy discharge this time step:  0.694657E+12 MJ (0.220274E+00 MJ/s)
 Enthalpy input this time step:      0.315360E+15 MJ (0.100000E+03 MJ/s)
 Total enthalpy discharge:           0.133351E+14 MJ (0.128235E+00 MJ/s)
 Total enthalpy input:               0.103989E+17 MJ (0.100000E+03 MJ/s)

 Water discharge this time step:   0.232781E+13 kg (0.738143E+00 kg/s)
 Water input this time step:       0.000000E+00 kg (0.000000E+00 kg/s)
 Total water discharge:            0.680100E+14 kg (0.654010E+00 kg/s)
 Total water input:                0.000000E+00 kg (0.000000E+00 kg/s)

 Enthalpy discharge this time step:  0.694657E+12 MJ (0.220274E+00 MJ/s)
 Enthalpy input this time step:      0.315360E+15 MJ (0.100000E+03 MJ/s)
 Total enthalpy discharge:           0.133351E+14 MJ (0.128235E+00 MJ/s)
 Total enthalpy input:               0.103989E+17 MJ (0.100000E+03 MJ/s)

 Enthalpy discharge this time step:  0.748807E+12 MJ (0.237445E+00 MJ/s)
 Enthalpy input this time step:      0.315360E+15 MJ (0.100000E+03 MJ/s)
 Total enthalpy discharge:           0.140839E+14 MJ (0.131449E+00 MJ/s)
 Total enthalpy input:               0.107143E+17 MJ (0.100000E+03 MJ/s)

 Water discharge this time step:   0.233543E+13 kg (0.740560E+00 kg/s)
 Water input this time step:       0.000000E+00 kg (0.000000E+00 kg/s)
 Total water discharge:            0.703454E+14 kg (0.656557E+00 kg/s)
 Total water input:                0.000000E+00 kg (0.000000E+00 kg/s)

 Enthalpy discharge this time step:  0.748807E+12 MJ (0.237445E+00 MJ/s)
 Enthalpy input this time step:      0.315360E+15 MJ (0.100000E+03 MJ/s)
 Total enthalpy discharge:           0.140839E+14 MJ (0.131449E+00 MJ/s)
 Total enthalpy input:               0.107143E+17 MJ (0.100000E+03 MJ/s)

 Enthalpy discharge this time step:  0.809223E+12 MJ (0.256603E+00 MJ/s)
 Enthalpy input this time step:      0.315360E+15 MJ (0.100000E+03 MJ/s)
 Total enthalpy discharge:           0.148931E+14 MJ (0.135028E+00 MJ/s)
 Total enthalpy input:               0.110296E+17 MJ (0.100000E+03 MJ/s)

 Water discharge this time step:   0.234344E+13 kg (0.743101E+00 kg/s)
 Water input this time step:       0.000000E+00 kg (0.000000E+00 kg/s)
 Total water discharge:            0.726888E+14 kg (0.659032E+00 kg/s)
 Total water input:                0.000000E+00 kg (0.000000E+00 kg/s)

 Enthalpy discharge this time step:  0.809223E+12 MJ (0.256603E+00 MJ/s)
 Enthalpy input this time step:      0.315360E+15 MJ (0.100000E+03 MJ/s)
 Total enthalpy discharge:           0.148931E+14 MJ (0.135028E+00 MJ/s)
 Total enthalpy input:               0.110296E+17 MJ (0.100000E+03 MJ/s)

 Enthalpy discharge this time step:  0.876322E+12 MJ (0.277880E+00 MJ/s)
 Enthalpy input this time step:      0.315360E+15 MJ (0.100000E+03 MJ/s)
 Total enthalpy discharge:           0.157694E+14 MJ (0.138999E+00 MJ/s)
 Total enthalpy input:               0.113450E+17 MJ (0.100000E+03 MJ/s)

 Water discharge this time step:   0.235232E+13 kg (0.745916E+00 kg/s)
 Water input this time step:       0.000000E+00 kg (0.000000E+00 kg/s)
 Total water discharge:            0.750412E+14 kg (0.661447E+00 kg/s)
 Total water input:                0.000000E+00 kg (0.000000E+00 kg/s)

 Enthalpy discharge this time step:  0.876322E+12 MJ (0.277880E+00 MJ/s)
 Enthalpy input this time step:      0.315360E+15 MJ (0.100000E+03 MJ/s)
 Total enthalpy discharge:           0.157694E+14 MJ (0.138999E+00 MJ/s)
 Total enthalpy input:               0.113450E+17 MJ (0.100000E+03 MJ/s)

 Enthalpy discharge this time step:  0.949881E+12 MJ (0.301205E+00 MJ/s)
 Enthalpy input this time step:      0.315360E+15 MJ (0.100000E+03 MJ/s)
 Total enthalpy discharge:           0.167193E+14 MJ (0.143386E+00 MJ/s)
 Total enthalpy input:               0.116604E+17 MJ (0.100000E+03 MJ/s)

 Water discharge this time step:   0.235991E+13 kg (0.748324E+00 kg/s)
 Water input this time step:       0.000000E+00 kg (0.000000E+00 kg/s)
 Total water discharge:            0.774011E+14 kg (0.663797E+00 kg/s)
 Total water input:                0.000000E+00 kg (0.000000E+00 kg/s)

 Enthalpy discharge this time step:  0.949881E+12 MJ (0.301205E+00 MJ/s)
 Enthalpy input this time step:      0.315360E+15 MJ (0.100000E+03 MJ/s)
 Total enthalpy discharge:           0.167193E+14 MJ (0.143386E+00 MJ/s)
 Total enthalpy input:               0.116604E+17 MJ (0.100000E+03 MJ/s)

 Enthalpy discharge this time step:  0.103057E+13 MJ (0.326790E+00 MJ/s)
 Enthalpy input this time step:      0.315360E+15 MJ (0.100000E+03 MJ/s)
 Total enthalpy discharge:           0.177499E+14 MJ (0.148215E+00 MJ/s)
 Total enthalpy input:               0.119757E+17 MJ (0.100000E+03 MJ/s)

 Water discharge this time step:   0.236741E+13 kg (0.750699E+00 kg/s)
 Water input this time step:       0.000000E+00 kg (0.000000E+00 kg/s)
 Total water discharge:            0.797685E+14 kg (0.666085E+00 kg/s)
 Total water input:                0.000000E+00 kg (0.000000E+00 kg/s)

 Enthalpy discharge this time step:  0.103057E+13 MJ (0.326790E+00 MJ/s)
 Enthalpy input this time step:      0.315360E+15 MJ (0.100000E+03 MJ/s)
 Total enthalpy discharge:           0.177499E+14 MJ (0.148215E+00 MJ/s)
 Total enthalpy input:               0.119757E+17 MJ (0.100000E+03 MJ/s)

 Enthalpy discharge this time step:  0.111856E+13 MJ (0.354693E+00 MJ/s)
 Enthalpy input this time step:      0.315360E+15 MJ (0.100000E+03 MJ/s)
 Total enthalpy discharge:           0.188684E+14 MJ (0.153513E+00 MJ/s)
 Total enthalpy input:               0.122911E+17 MJ (0.100000E+03 MJ/s)

 Water discharge this time step:   0.237471E+13 kg (0.753016E+00 kg/s)
 Water input this time step:       0.000000E+00 kg (0.000000E+00 kg/s)
 Total water discharge:            0.821432E+14 kg (0.668316E+00 kg/s)
 Total water input:                0.000000E+00 kg (0.000000E+00 kg/s)

 Enthalpy discharge this time step:  0.111856E+13 MJ (0.354693E+00 MJ/s)
 Enthalpy input this time step:      0.315360E+15 MJ (0.100000E+03 MJ/s)
 Total enthalpy discharge:           0.188684E+14 MJ (0.153513E+00 MJ/s)
 Total enthalpy input:               0.122911E+17 MJ (0.100000E+03 MJ/s)
*********************************************************************
 Time Step       181

                    Timing Information
           Years              Days         Step Size (Days)
      3994739.66         0.145907866E+10     36500000.0    
 Cpu Sec for Time Step =   14.52     Current Total =     1295.    

                    Equation Performance
 Number of N-R Iterations:          2
 Avg # of Linear Equation Solver Iterations:  75.0
 Number of Active Nodes:    532436.
 Total Number of Iterations, N-R:        362 , Solver:      11751
 Phase Changes This Time Step:        0 Total           0
 Nodes Liq Phase:   532436 change        0
 Nodes Two Phase:        0 change        0
 Nodes Gas Phase:         0 change        0
 Nodes SC Phase:        0 change        0
 Number of restarted time steps            0
                    Largest Residuals
 EQ1 R=  0.2554E-08 node= 528701 zone=     5 x=0.5000E+05 y=-.5000E+05 z=-.2500E+05
 EQ2 R=  0.4468E-08 node=   2452 zone=     3 x=-.5000E+05 y=0.1600E+05 z=-7000.    
   Node   Equation 1 Residual   Equation 2 Residual
 266236     -0.146743E-14           0.877192E-16
 266234     -0.136683E-09           0.460297E-09
 266231     -0.737398E-10          -0.301651E-09
 266226     -0.187335E-09          -0.148466E-08
 266221     -0.212304E-09          -0.125739E-09
 266210     -0.586021E-09          -0.424633E-08
 266201     -0.579483E-09           0.597649E-10

                    Nodal Information (Water)
                                                  source/sink  E source/sink
   Node   P (MPa)    E (MJ)    L sat     Temp (C)    (kg/s)       (MJ/s)
 266236    135.2     0.167      1.00        2.000  0.7553      0.126    
 266234    139.6     0.167      1.00        2.081   0.000       0.00    
 266231    142.4     0.167      1.00        2.160   0.000       0.00    
 266226    149.3     0.168      1.00        2.397   0.000       0.00    
 266221    156.2     0.169      1.00        2.941   0.000       0.00    
 266210    179.9     0.194      1.00        9.924   0.000       0.00    
 266201    204.9     0.324      1.00       44.140   0.000     -0.400E-01

                    Global Mass & Energy Balances
 Total mass in system at this time:            0.476777E+17 kg
 Total mass of steam in system at this time:   0.000000E+00 kg
 Total enthalpy in system at this time:        0.157768E+17 MJ

 Water discharge this time step:   0.238202E+13 kg (0.755334E+00 kg/s)
 Water input this time step:       0.000000E+00 kg (0.000000E+00 kg/s)
 Total water discharge:            0.845252E+14 kg (0.670492E+00 kg/s)
 Total water input:                0.000000E+00 kg (0.000000E+00 kg/s)

 Enthalpy discharge this time step:  0.121416E+13 MJ (0.385006E+00 MJ/s)
 Enthalpy input this time step:      0.315360E+15 MJ (0.100000E+03 MJ/s)
 Total enthalpy discharge:           0.200826E+14 MJ (0.159304E+00 MJ/s)
 Total enthalpy input:               0.126064E+17 MJ (0.100000E+03 MJ/s)

 Net kg water discharge (total out-total in):   0.845252E+14
 Net MJ energy discharge (total out-total in):  -0.125864E+17
 Conservation Errors:  -0.151292E-01 (mass),  -0.176031E-04 (energy)

 Enthalpy discharge this time step:  0.131776E+13 MJ (0.417860E+00 MJ/s)
 Enthalpy input this time step:      0.315360E+15 MJ (0.100000E+03 MJ/s)
 Total enthalpy discharge:           0.214003E+14 MJ (0.165614E+00 MJ/s)
 Total enthalpy input:               0.129218E+17 MJ (0.100000E+03 MJ/s)

 Water discharge this time step:   0.239020E+13 kg (0.757927E+00 kg/s)
 Water input this time step:       0.000000E+00 kg (0.000000E+00 kg/s)
 Total water discharge:            0.869154E+14 kg (0.672626E+00 kg/s)
 Total water input:                0.000000E+00 kg (0.000000E+00 kg/s)

 Enthalpy discharge this time step:  0.131776E+13 MJ (0.417860E+00 MJ/s)
 Enthalpy input this time step:      0.315360E+15 MJ (0.100000E+03 MJ/s)
 Total enthalpy discharge:           0.214003E+14 MJ (0.165614E+00 MJ/s)
 Total enthalpy input:               0.129218E+17 MJ (0.100000E+03 MJ/s)

 Enthalpy discharge this time step:  0.142930E+13 MJ (0.453229E+00 MJ/s)
 Enthalpy input this time step:      0.315360E+15 MJ (0.100000E+03 MJ/s)
 Total enthalpy discharge:           0.228296E+14 MJ (0.172466E+00 MJ/s)
 Total enthalpy input:               0.132372E+17 MJ (0.100000E+03 MJ/s)

 Water discharge this time step:   0.239823E+13 kg (0.760473E+00 kg/s)
 Water input this time step:       0.000000E+00 kg (0.000000E+00 kg/s)
 Total water discharge:            0.893136E+14 kg (0.674719E+00 kg/s)
 Total water input:                0.000000E+00 kg (0.000000E+00 kg/s)

 Enthalpy discharge this time step:  0.142930E+13 MJ (0.453229E+00 MJ/s)
 Enthalpy input this time step:      0.315360E+15 MJ (0.100000E+03 MJ/s)
 Total enthalpy discharge:           0.228296E+14 MJ (0.172466E+00 MJ/s)
 Total enthalpy input:               0.132372E+17 MJ (0.100000E+03 MJ/s)

 Enthalpy discharge this time step:  0.154897E+13 MJ (0.491175E+00 MJ/s)
 Enthalpy input this time step:      0.315360E+15 MJ (0.100000E+03 MJ/s)
 Total enthalpy discharge:           0.243786E+14 MJ (0.179883E+00 MJ/s)
 Total enthalpy input:               0.135525E+17 MJ (0.100000E+03 MJ/s)

 Water discharge this time step:   0.240596E+13 kg (0.762924E+00 kg/s)
 Water input this time step:       0.000000E+00 kg (0.000000E+00 kg/s)
 Total water discharge:            0.917196E+14 kg (0.676772E+00 kg/s)
 Total water input:                0.000000E+00 kg (0.000000E+00 kg/s)

 Enthalpy discharge this time step:  0.154897E+13 MJ (0.491175E+00 MJ/s)
 Enthalpy input this time step:      0.315360E+15 MJ (0.100000E+03 MJ/s)
 Total enthalpy discharge:           0.243786E+14 MJ (0.179883E+00 MJ/s)
 Total enthalpy input:               0.135525E+17 MJ (0.100000E+03 MJ/s)

 Enthalpy discharge this time step:  0.167707E+13 MJ (0.531796E+00 MJ/s)
 Enthalpy input this time step:      0.315360E+15 MJ (0.100000E+03 MJ/s)
 Total enthalpy discharge:           0.260557E+14 MJ (0.187885E+00 MJ/s)
 Total enthalpy input:               0.138679E+17 MJ (0.100000E+03 MJ/s)

 Water discharge this time step:   0.241400E+13 kg (0.765476E+00 kg/s)
 Water input this time step:       0.000000E+00 kg (0.000000E+00 kg/s)
 Total water discharge:            0.941336E+14 kg (0.678789E+00 kg/s)
 Total water input:                0.000000E+00 kg (0.000000E+00 kg/s)

 Enthalpy discharge this time step:  0.167707E+13 MJ (0.531796E+00 MJ/s)
 Enthalpy input this time step:      0.315360E+15 MJ (0.100000E+03 MJ/s)
 Total enthalpy discharge:           0.260557E+14 MJ (0.187885E+00 MJ/s)
 Total enthalpy input:               0.138679E+17 MJ (0.100000E+03 MJ/s)

 Enthalpy discharge this time step:  0.181373E+13 MJ (0.575131E+00 MJ/s)
 Enthalpy input this time step:      0.315360E+15 MJ (0.100000E+03 MJ/s)
 Total enthalpy discharge:           0.278694E+14 MJ (0.196495E+00 MJ/s)
 Total enthalpy input:               0.141832E+17 MJ (0.100000E+03 MJ/s)

 Water discharge this time step:   0.242244E+13 kg (0.768150E+00 kg/s)
 Water input this time step:       0.000000E+00 kg (0.000000E+00 kg/s)
 Total water discharge:            0.965560E+14 kg (0.680776E+00 kg/s)
 Total water input:                0.000000E+00 kg (0.000000E+00 kg/s)

 Enthalpy discharge this time step:  0.181373E+13 MJ (0.575131E+00 MJ/s)
 Enthalpy input this time step:      0.315360E+15 MJ (0.100000E+03 MJ/s)
 Total enthalpy discharge:           0.278694E+14 MJ (0.196495E+00 MJ/s)
 Total enthalpy input:               0.141832E+17 MJ (0.100000E+03 MJ/s)

 Enthalpy discharge this time step:  0.195883E+13 MJ (0.621140E+00 MJ/s)
 Enthalpy input this time step:      0.315360E+15 MJ (0.100000E+03 MJ/s)
 Total enthalpy discharge:           0.298282E+14 MJ (0.205732E+00 MJ/s)
 Total enthalpy input:               0.144986E+17 MJ (0.100000E+03 MJ/s)

 Water discharge this time step:   0.243024E+13 kg (0.770623E+00 kg/s)
 Water input this time step:       0.000000E+00 kg (0.000000E+00 kg/s)
 Total water discharge:            0.989863E+14 kg (0.682730E+00 kg/s)
 Total water input:                0.000000E+00 kg (0.000000E+00 kg/s)

 Enthalpy discharge this time step:  0.195883E+13 MJ (0.621140E+00 MJ/s)
 Enthalpy input this time step:      0.315360E+15 MJ (0.100000E+03 MJ/s)
 Total enthalpy discharge:           0.298282E+14 MJ (0.205732E+00 MJ/s)
 Total enthalpy input:               0.144986E+17 MJ (0.100000E+03 MJ/s)

 Enthalpy discharge this time step:  0.211278E+13 MJ (0.669958E+00 MJ/s)
 Enthalpy input this time step:      0.315360E+15 MJ (0.100000E+03 MJ/s)
 Total enthalpy discharge:           0.319410E+14 MJ (0.215614E+00 MJ/s)
 Total enthalpy input:               0.148140E+17 MJ (0.100000E+03 MJ/s)

 Water discharge this time step:   0.243857E+13 kg (0.773266E+00 kg/s)
 Water input this time step:       0.000000E+00 kg (0.000000E+00 kg/s)
 Total water discharge:            0.101425E+15 kg (0.684657E+00 kg/s)
 Total water input:                0.000000E+00 kg (0.000000E+00 kg/s)

 Enthalpy discharge this time step:  0.211278E+13 MJ (0.669958E+00 MJ/s)
 Enthalpy input this time step:      0.315360E+15 MJ (0.100000E+03 MJ/s)
 Total enthalpy discharge:           0.319410E+14 MJ (0.215614E+00 MJ/s)
 Total enthalpy input:               0.148140E+17 MJ (0.100000E+03 MJ/s)

 Enthalpy discharge this time step:  0.227553E+13 MJ (0.721565E+00 MJ/s)
 Enthalpy input this time step:      0.315360E+15 MJ (0.100000E+03 MJ/s)
 Total enthalpy discharge:           0.342165E+14 MJ (0.226161E+00 MJ/s)
 Total enthalpy input:               0.151293E+17 MJ (0.100000E+03 MJ/s)

 Water discharge this time step:   0.244709E+13 kg (0.775966E+00 kg/s)
 Water input this time step:       0.000000E+00 kg (0.000000E+00 kg/s)
 Total water discharge:            0.103872E+15 kg (0.686561E+00 kg/s)
 Total water input:                0.000000E+00 kg (0.000000E+00 kg/s)

 Enthalpy discharge this time step:  0.227553E+13 MJ (0.721565E+00 MJ/s)
 Enthalpy input this time step:      0.315360E+15 MJ (0.100000E+03 MJ/s)
 Total enthalpy discharge:           0.342165E+14 MJ (0.226161E+00 MJ/s)
 Total enthalpy input:               0.151293E+17 MJ (0.100000E+03 MJ/s)

 Enthalpy discharge this time step:  0.244711E+13 MJ (0.775974E+00 MJ/s)
 Enthalpy input this time step:      0.315360E+15 MJ (0.100000E+03 MJ/s)
 Total enthalpy discharge:           0.366637E+14 MJ (0.237387E+00 MJ/s)
 Total enthalpy input:               0.154447E+17 MJ (0.100000E+03 MJ/s)

 Water discharge this time step:   0.245564E+13 kg (0.778678E+00 kg/s)
 Water input this time step:       0.000000E+00 kg (0.000000E+00 kg/s)
 Total water discharge:            0.106328E+15 kg (0.688441E+00 kg/s)
 Total water input:                0.000000E+00 kg (0.000000E+00 kg/s)

 Enthalpy discharge this time step:  0.244711E+13 MJ (0.775974E+00 MJ/s)
 Enthalpy input this time step:      0.315360E+15 MJ (0.100000E+03 MJ/s)
 Total enthalpy discharge:           0.366637E+14 MJ (0.237387E+00 MJ/s)
 Total enthalpy input:               0.154447E+17 MJ (0.100000E+03 MJ/s)
*********************************************************************
 Time Step       191

                    Timing Information
           Years              Days         Step Size (Days)
      4994055.20         0.182407866E+10     36500000.0    
 Cpu Sec for Time Step =   19.16     Current Total =     1477.    

                    Equation Performance
 Number of N-R Iterations:          2
 Avg # of Linear Equation Solver Iterations: 101.0
 Number of Active Nodes:    532436.
 Total Number of Iterations, N-R:        382 , Solver:      13666
 Phase Changes This Time Step:        0 Total           0
 Nodes Liq Phase:   532436 change        0
 Nodes Two Phase:        0 change        0
 Nodes Gas Phase:         0 change        0
 Nodes SC Phase:        0 change        0
 Number of restarted time steps            0
                    Largest Residuals
 EQ1 R=  0.3687E-08 node= 521828 zone=     3 x=0.4800E+05 y=0.5000E+05 z=-.2300E+05
 EQ2 R=  0.1405E-07 node= 521828 zone=     3 x=0.4800E+05 y=0.5000E+05 z=-.2300E+05
   Node   Equation 1 Residual   Equation 2 Residual
 266236      0.461113E-14          -0.761293E-16
 266234     -0.437364E-09          -0.399667E-08
 266231     -0.480001E-09          -0.401811E-09
 266226     -0.347607E-09          -0.293571E-08
 266221     -0.131332E-09           0.649682E-10
 266210     -0.117851E-08          -0.468138E-09
 266201     -0.984231E-09          -0.400402E-09

                    Nodal Information (Water)
                                                  source/sink  E source/sink
   Node   P (MPa)    E (MJ)    L sat     Temp (C)    (kg/s)       (MJ/s)
 266236    135.2     0.167      1.00        2.000  0.7811      0.131    
 266234    139.6     0.168      1.00        2.218   0.000       0.00    
 266231    142.4     0.168      1.00        2.401   0.000       0.00    
 266226    149.3     0.170      1.00        2.873   0.000       0.00    
 266221    156.2     0.173      1.00        3.810   0.000       0.00    
 266210    179.9     0.206      1.00       12.957   0.000       0.00    
 266201    204.8     0.344      1.00       49.163   0.000     -0.400E-01

                    Global Mass & Energy Balances
 Total mass in system at this time:            0.476534E+17 kg
 Total mass of steam in system at this time:   0.000000E+00 kg
 Total enthalpy in system at this time:        0.189112E+17 MJ

 Water discharge this time step:   0.246333E+13 kg (0.781115E+00 kg/s)
 Water input this time step:       0.000000E+00 kg (0.000000E+00 kg/s)
 Total water discharge:            0.108791E+15 kg (0.690296E+00 kg/s)
 Total water input:                0.000000E+00 kg (0.000000E+00 kg/s)

 Enthalpy discharge this time step:  0.262738E+13 MJ (0.833136E+00 MJ/s)
 Enthalpy input this time step:      0.315360E+15 MJ (0.100000E+03 MJ/s)
 Total enthalpy discharge:           0.392910E+14 MJ (0.249308E+00 MJ/s)
 Total enthalpy input:               0.157600E+17 MJ (0.100000E+03 MJ/s)

 Net kg water discharge (total out-total in):   0.108791E+15
 Net MJ energy discharge (total out-total in):  -0.157208E+17
 Conservation Errors:  -0.122380E-01 (mass),  -0.147826E-04 (energy)

 Enthalpy discharge this time step:  0.281650E+13 MJ (0.893108E+00 MJ/s)
 Enthalpy input this time step:      0.315360E+15 MJ (0.100000E+03 MJ/s)
 Total enthalpy discharge:           0.421075E+14 MJ (0.261938E+00 MJ/s)
 Total enthalpy input:               0.160754E+17 MJ (0.100000E+03 MJ/s)

 Water discharge this time step:   0.247062E+13 kg (0.783428E+00 kg/s)
 Water input this time step:       0.000000E+00 kg (0.000000E+00 kg/s)
 Total water discharge:            0.111262E+15 kg (0.692123E+00 kg/s)
 Total water input:                0.000000E+00 kg (0.000000E+00 kg/s)

 Enthalpy discharge this time step:  0.281650E+13 MJ (0.893108E+00 MJ/s)
 Enthalpy input this time step:      0.315360E+15 MJ (0.100000E+03 MJ/s)
 Total enthalpy discharge:           0.421075E+14 MJ (0.261938E+00 MJ/s)
 Total enthalpy input:               0.160754E+17 MJ (0.100000E+03 MJ/s)

 Enthalpy discharge this time step:  0.301453E+13 MJ (0.955901E+00 MJ/s)
 Enthalpy input this time step:      0.315360E+15 MJ (0.100000E+03 MJ/s)
 Total enthalpy discharge:           0.451221E+14 MJ (0.275290E+00 MJ/s)
 Total enthalpy input:               0.163908E+17 MJ (0.100000E+03 MJ/s)

 Water discharge this time step:   0.247771E+13 kg (0.785675E+00 kg/s)
 Water input this time step:       0.000000E+00 kg (0.000000E+00 kg/s)
 Total water discharge:            0.113739E+15 kg (0.693923E+00 kg/s)
 Total water input:                0.000000E+00 kg (0.000000E+00 kg/s)

 Enthalpy discharge this time step:  0.301453E+13 MJ (0.955901E+00 MJ/s)
 Enthalpy input this time step:      0.315360E+15 MJ (0.100000E+03 MJ/s)
 Total enthalpy discharge:           0.451221E+14 MJ (0.275290E+00 MJ/s)
 Total enthalpy input:               0.163908E+17 MJ (0.100000E+03 MJ/s)

 Enthalpy discharge this time step:  0.322149E+13 MJ (0.102153E+01 MJ/s)
 Enthalpy input this time step:      0.315360E+15 MJ (0.100000E+03 MJ/s)
 Total enthalpy discharge:           0.483436E+14 MJ (0.289376E+00 MJ/s)
 Total enthalpy input:               0.167061E+17 MJ (0.100000E+03 MJ/s)

 Water discharge this time step:   0.248481E+13 kg (0.787927E+00 kg/s)
 Water input this time step:       0.000000E+00 kg (0.000000E+00 kg/s)
 Total water discharge:            0.116224E+15 kg (0.695697E+00 kg/s)
 Total water input:                0.000000E+00 kg (0.000000E+00 kg/s)

 Enthalpy discharge this time step:  0.322149E+13 MJ (0.102153E+01 MJ/s)
 Enthalpy input this time step:      0.315360E+15 MJ (0.100000E+03 MJ/s)
 Total enthalpy discharge:           0.483436E+14 MJ (0.289376E+00 MJ/s)
 Total enthalpy input:               0.167061E+17 MJ (0.100000E+03 MJ/s)

 Enthalpy discharge this time step:  0.343746E+13 MJ (0.109001E+01 MJ/s)
 Enthalpy input this time step:      0.315360E+15 MJ (0.100000E+03 MJ/s)
 Total enthalpy discharge:           0.517810E+14 MJ (0.304210E+00 MJ/s)
 Total enthalpy input:               0.170215E+17 MJ (0.100000E+03 MJ/s)

 Water discharge this time step:   0.249239E+13 kg (0.790332E+00 kg/s)
 Water input this time step:       0.000000E+00 kg (0.000000E+00 kg/s)
 Total water discharge:            0.118716E+15 kg (0.697451E+00 kg/s)
 Total water input:                0.000000E+00 kg (0.000000E+00 kg/s)

 Enthalpy discharge this time step:  0.343746E+13 MJ (0.109001E+01 MJ/s)
 Enthalpy input this time step:      0.315360E+15 MJ (0.100000E+03 MJ/s)
 Total enthalpy discharge:           0.517810E+14 MJ (0.304210E+00 MJ/s)
 Total enthalpy input:               0.170215E+17 MJ (0.100000E+03 MJ/s)

 Enthalpy discharge this time step:  0.366233E+13 MJ (0.116132E+01 MJ/s)
 Enthalpy input this time step:      0.315360E+15 MJ (0.100000E+03 MJ/s)
 Total enthalpy discharge:           0.554433E+14 MJ (0.319801E+00 MJ/s)
 Total enthalpy input:               0.173368E+17 MJ (0.100000E+03 MJ/s)

 Water discharge this time step:   0.250023E+13 kg (0.792819E+00 kg/s)
 Water input this time step:       0.000000E+00 kg (0.000000E+00 kg/s)
 Total water discharge:            0.121217E+15 kg (0.699185E+00 kg/s)
 Total water input:                0.000000E+00 kg (0.000000E+00 kg/s)

 Enthalpy discharge this time step:  0.366233E+13 MJ (0.116132E+01 MJ/s)
 Enthalpy input this time step:      0.315360E+15 MJ (0.100000E+03 MJ/s)
 Total enthalpy discharge:           0.554433E+14 MJ (0.319801E+00 MJ/s)
 Total enthalpy input:               0.173368E+17 MJ (0.100000E+03 MJ/s)

 Enthalpy discharge this time step:  0.389607E+13 MJ (0.123544E+01 MJ/s)
 Enthalpy input this time step:      0.315360E+15 MJ (0.100000E+03 MJ/s)
 Total enthalpy discharge:           0.593394E+14 MJ (0.336159E+00 MJ/s)
 Total enthalpy input:               0.176522E+17 MJ (0.100000E+03 MJ/s)

 Water discharge this time step:   0.250828E+13 kg (0.795371E+00 kg/s)
 Water input this time step:       0.000000E+00 kg (0.000000E+00 kg/s)
 Total water discharge:            0.123725E+15 kg (0.700904E+00 kg/s)
 Total water input:                0.000000E+00 kg (0.000000E+00 kg/s)

 Enthalpy discharge this time step:  0.389607E+13 MJ (0.123544E+01 MJ/s)
 Enthalpy input this time step:      0.315360E+15 MJ (0.100000E+03 MJ/s)
 Total enthalpy discharge:           0.593394E+14 MJ (0.336159E+00 MJ/s)
 Total enthalpy input:               0.176522E+17 MJ (0.100000E+03 MJ/s)

 Enthalpy discharge this time step:  0.413868E+13 MJ (0.131237E+01 MJ/s)
 Enthalpy input this time step:      0.315360E+15 MJ (0.100000E+03 MJ/s)
 Total enthalpy discharge:           0.634781E+14 MJ (0.353293E+00 MJ/s)
 Total enthalpy input:               0.179676E+17 MJ (0.100000E+03 MJ/s)

 Water discharge this time step:   0.251682E+13 kg (0.798078E+00 kg/s)
 Water input this time step:       0.000000E+00 kg (0.000000E+00 kg/s)
 Total water discharge:            0.126242E+15 kg (0.702609E+00 kg/s)
 Total water input:                0.000000E+00 kg (0.000000E+00 kg/s)

 Enthalpy discharge this time step:  0.413868E+13 MJ (0.131237E+01 MJ/s)
 Enthalpy input this time step:      0.315360E+15 MJ (0.100000E+03 MJ/s)
 Total enthalpy discharge:           0.634781E+14 MJ (0.353293E+00 MJ/s)
 Total enthalpy input:               0.179676E+17 MJ (0.100000E+03 MJ/s)

 Enthalpy discharge this time step:  0.438990E+13 MJ (0.139203E+01 MJ/s)
 Enthalpy input this time step:      0.315360E+15 MJ (0.100000E+03 MJ/s)
 Total enthalpy discharge:           0.678680E+14 MJ (0.371210E+00 MJ/s)
 Total enthalpy input:               0.182829E+17 MJ (0.100000E+03 MJ/s)

 Water discharge this time step:   0.252504E+13 kg (0.800686E+00 kg/s)
 Water input this time step:       0.000000E+00 kg (0.000000E+00 kg/s)
 Total water discharge:            0.128767E+15 kg (0.704301E+00 kg/s)
 Total water input:                0.000000E+00 kg (0.000000E+00 kg/s)

 Enthalpy discharge this time step:  0.438990E+13 MJ (0.139203E+01 MJ/s)
 Enthalpy input this time step:      0.315360E+15 MJ (0.100000E+03 MJ/s)
 Total enthalpy discharge:           0.678680E+14 MJ (0.371210E+00 MJ/s)
 Total enthalpy input:               0.182829E+17 MJ (0.100000E+03 MJ/s)

 Enthalpy discharge this time step:  0.464979E+13 MJ (0.147444E+01 MJ/s)
 Enthalpy input this time step:      0.315360E+15 MJ (0.100000E+03 MJ/s)
 Total enthalpy discharge:           0.725178E+14 MJ (0.389917E+00 MJ/s)
 Total enthalpy input:               0.185983E+17 MJ (0.100000E+03 MJ/s)

 Water discharge this time step:   0.253339E+13 kg (0.803333E+00 kg/s)
 Water input this time step:       0.000000E+00 kg (0.000000E+00 kg/s)
 Total water discharge:            0.131300E+15 kg (0.705980E+00 kg/s)
 Total water input:                0.000000E+00 kg (0.000000E+00 kg/s)

 Enthalpy discharge this time step:  0.464979E+13 MJ (0.147444E+01 MJ/s)
 Enthalpy input this time step:      0.315360E+15 MJ (0.100000E+03 MJ/s)
 Total enthalpy discharge:           0.725178E+14 MJ (0.389917E+00 MJ/s)
 Total enthalpy input:               0.185983E+17 MJ (0.100000E+03 MJ/s)
*********************************************************************
 Time Step       201

                    Timing Information
           Years              Days         Step Size (Days)
      5993370.74         0.218907866E+10     36500000.0    
 Cpu Sec for Time Step =   19.14     Current Total =     1661.    

                    Equation Performance
 Number of N-R Iterations:          2
 Avg # of Linear Equation Solver Iterations: 101.0
 Number of Active Nodes:    532436.
 Total Number of Iterations, N-R:        402 , Solver:      15603
 Phase Changes This Time Step:        0 Total           0
 Nodes Liq Phase:   532436 change        0
 Nodes Two Phase:        0 change        0
 Nodes Gas Phase:         0 change        0
 Nodes SC Phase:        0 change        0
 Number of restarted time steps            0
                    Largest Residuals
 EQ1 R=  0.7575E-08 node= 528701 zone=     5 x=0.5000E+05 y=-.5000E+05 z=-.2500E+05
 EQ2 R=  0.2642E-07 node=  81006 zone=     2 x=-.3500E+05 y=-6000.     z=0.1700E+05
   Node   Equation 1 Residual   Equation 2 Residual
 266236     -0.124659E-13           0.369199E-15
 266234      0.107860E-08          -0.148680E-07
 266231      0.140190E-08          -0.556761E-10
 266226      0.114583E-08          -0.682001E-08
 266221      0.126502E-08          -0.225041E-09
 266210      0.298425E-08           0.353489E-09
 266201      0.226155E-08           0.287710E-09

                    Nodal Information (Water)
                                                  source/sink  E source/sink
   Node   P (MPa)    E (MJ)    L sat     Temp (C)    (kg/s)       (MJ/s)
 266236    135.2     0.167      1.00        2.000  0.8057      0.136    
 266234    139.6     0.169      1.00        2.437   0.000       0.00    
 266231    142.4     0.170      1.00        2.771   0.000       0.00    
 266226    149.3     0.172      1.00        3.539   0.000       0.00    
 266221    156.2     0.177      1.00        4.913   0.000       0.00    
 266210    179.8     0.217      1.00       15.978   0.000       0.00    
 266201    204.8     0.361      1.00       53.703   0.000     -0.400E-01

                    Global Mass & Energy Balances
 Total mass in system at this time:            0.476284E+17 kg
 Total mass of steam in system at this time:   0.000000E+00 kg
 Total enthalpy in system at this time:        0.220266E+17 MJ

 Water discharge this time step:   0.254086E+13 kg (0.805703E+00 kg/s)
 Water input this time step:       0.000000E+00 kg (0.000000E+00 kg/s)
 Total water discharge:            0.133841E+15 kg (0.707643E+00 kg/s)
 Total water input:                0.000000E+00 kg (0.000000E+00 kg/s)

 Enthalpy discharge this time step:  0.491802E+13 MJ (0.155949E+01 MJ/s)
 Enthalpy input this time step:      0.315360E+15 MJ (0.100000E+03 MJ/s)
 Total enthalpy discharge:           0.774358E+14 MJ (0.409418E+00 MJ/s)
 Total enthalpy input:               0.189136E+17 MJ (0.100000E+03 MJ/s)

 Net kg water discharge (total out-total in):   0.133841E+15
 Net MJ energy discharge (total out-total in):  -0.188362E+17
 Conservation Errors:  -0.977910E-02 (mass),  -0.120642E-04 (energy)

 Enthalpy discharge this time step:  0.519466E+13 MJ (0.164722E+01 MJ/s)
 Enthalpy input this time step:      0.315360E+15 MJ (0.100000E+03 MJ/s)
 Total enthalpy discharge:           0.826305E+14 MJ (0.429718E+00 MJ/s)
 Total enthalpy input:               0.192290E+17 MJ (0.100000E+03 MJ/s)

 Water discharge this time step:   0.254795E+13 kg (0.807951E+00 kg/s)
 Water input this time step:       0.000000E+00 kg (0.000000E+00 kg/s)
 Total water discharge:            0.136389E+15 kg (0.709288E+00 kg/s)
 Total water input:                0.000000E+00 kg (0.000000E+00 kg/s)

 Enthalpy discharge this time step:  0.519466E+13 MJ (0.164722E+01 MJ/s)
 Enthalpy input this time step:      0.315360E+15 MJ (0.100000E+03 MJ/s)
 Total enthalpy discharge:           0.826305E+14 MJ (0.429718E+00 MJ/s)
 Total enthalpy input:               0.192290E+17 MJ (0.100000E+03 MJ/s)

 Enthalpy discharge this time step:  0.547978E+13 MJ (0.173763E+01 MJ/s)
 Enthalpy input this time step:      0.315360E+15 MJ (0.100000E+03 MJ/s)
 Total enthalpy discharge:           0.881102E+14 MJ (0.450822E+00 MJ/s)
 Total enthalpy input:               0.195444E+17 MJ (0.100000E+03 MJ/s)

 Water discharge this time step:   0.255549E+13 kg (0.810341E+00 kg/s)
 Water input this time step:       0.000000E+00 kg (0.000000E+00 kg/s)
 Total water discharge:            0.138945E+15 kg (0.710919E+00 kg/s)
 Total water input:                0.000000E+00 kg (0.000000E+00 kg/s)

 Enthalpy discharge this time step:  0.547978E+13 MJ (0.173763E+01 MJ/s)
 Enthalpy input this time step:      0.315360E+15 MJ (0.100000E+03 MJ/s)
 Total enthalpy discharge:           0.881102E+14 MJ (0.450822E+00 MJ/s)
 Total enthalpy input:               0.195444E+17 MJ (0.100000E+03 MJ/s)

 Enthalpy discharge this time step:  0.577320E+13 MJ (0.183067E+01 MJ/s)
 Enthalpy input this time step:      0.315360E+15 MJ (0.100000E+03 MJ/s)
 Total enthalpy discharge:           0.938834E+14 MJ (0.472733E+00 MJ/s)
 Total enthalpy input:               0.198597E+17 MJ (0.100000E+03 MJ/s)

 Water discharge this time step:   0.256331E+13 kg (0.812821E+00 kg/s)
 Water input this time step:       0.000000E+00 kg (0.000000E+00 kg/s)
 Total water discharge:            0.141508E+15 kg (0.712537E+00 kg/s)
 Total water input:                0.000000E+00 kg (0.000000E+00 kg/s)

 Enthalpy discharge this time step:  0.577320E+13 MJ (0.183067E+01 MJ/s)
 Enthalpy input this time step:      0.315360E+15 MJ (0.100000E+03 MJ/s)
 Total enthalpy discharge:           0.938834E+14 MJ (0.472733E+00 MJ/s)
 Total enthalpy input:               0.198597E+17 MJ (0.100000E+03 MJ/s)

 Enthalpy discharge this time step:  0.607322E+13 MJ (0.192580E+01 MJ/s)
 Enthalpy input this time step:      0.315360E+15 MJ (0.100000E+03 MJ/s)
 Total enthalpy discharge:           0.999567E+14 MJ (0.495446E+00 MJ/s)
 Total enthalpy input:               0.201751E+17 MJ (0.100000E+03 MJ/s)

 Water discharge this time step:   0.256459E+13 kg (0.813225E+00 kg/s)
 Water input this time step:       0.000000E+00 kg (0.000000E+00 kg/s)
 Total water discharge:            0.144072E+15 kg (0.714111E+00 kg/s)
 Total water input:                0.000000E+00 kg (0.000000E+00 kg/s)

 Enthalpy discharge this time step:  0.607322E+13 MJ (0.192580E+01 MJ/s)
 Enthalpy input this time step:      0.315360E+15 MJ (0.100000E+03 MJ/s)
 Total enthalpy discharge:           0.999567E+14 MJ (0.495446E+00 MJ/s)
 Total enthalpy input:               0.201751E+17 MJ (0.100000E+03 MJ/s)

 Enthalpy discharge this time step:  0.638322E+13 MJ (0.202410E+01 MJ/s)
 Enthalpy input this time step:      0.315360E+15 MJ (0.100000E+03 MJ/s)
 Total enthalpy discharge:           0.106340E+15 MJ (0.518973E+00 MJ/s)
 Total enthalpy input:               0.204904E+17 MJ (0.100000E+03 MJ/s)

 Water discharge this time step:   0.257285E+13 kg (0.815846E+00 kg/s)
 Water input this time step:       0.000000E+00 kg (0.000000E+00 kg/s)
 Total water discharge:            0.146645E+15 kg (0.715676E+00 kg/s)
 Total water input:                0.000000E+00 kg (0.000000E+00 kg/s)

 Enthalpy discharge this time step:  0.638322E+13 MJ (0.202410E+01 MJ/s)
 Enthalpy input this time step:      0.315360E+15 MJ (0.100000E+03 MJ/s)
 Total enthalpy discharge:           0.106340E+15 MJ (0.518973E+00 MJ/s)
 Total enthalpy input:               0.204904E+17 MJ (0.100000E+03 MJ/s)

 Enthalpy discharge this time step:  0.670074E+13 MJ (0.212479E+01 MJ/s)
 Enthalpy input this time step:      0.315360E+15 MJ (0.100000E+03 MJ/s)
 Total enthalpy discharge:           0.113041E+15 MJ (0.543313E+00 MJ/s)
 Total enthalpy input:               0.208058E+17 MJ (0.100000E+03 MJ/s)

 Water discharge this time step:   0.258097E+13 kg (0.818422E+00 kg/s)
 Water input this time step:       0.000000E+00 kg (0.000000E+00 kg/s)
 Total water discharge:            0.149226E+15 kg (0.717234E+00 kg/s)
 Total water input:                0.000000E+00 kg (0.000000E+00 kg/s)

 Enthalpy discharge this time step:  0.670074E+13 MJ (0.212479E+01 MJ/s)
 Enthalpy input this time step:      0.315360E+15 MJ (0.100000E+03 MJ/s)
 Total enthalpy discharge:           0.113041E+15 MJ (0.543313E+00 MJ/s)
 Total enthalpy input:               0.208058E+17 MJ (0.100000E+03 MJ/s)

 Enthalpy discharge this time step:  0.702603E+13 MJ (0.222794E+01 MJ/s)
 Enthalpy input this time step:      0.315360E+15 MJ (0.100000E+03 MJ/s)
 Total enthalpy discharge:           0.120067E+15 MJ (0.568466E+00 MJ/s)
 Total enthalpy input:               0.211212E+17 MJ (0.100000E+03 MJ/s)

 Water discharge this time step:   0.258910E+13 kg (0.820998E+00 kg/s)
 Water input this time step:       0.000000E+00 kg (0.000000E+00 kg/s)
 Total water discharge:            0.151815E+15 kg (0.718783E+00 kg/s)
 Total water input:                0.000000E+00 kg (0.000000E+00 kg/s)

 Enthalpy discharge this time step:  0.702603E+13 MJ (0.222794E+01 MJ/s)
 Enthalpy input this time step:      0.315360E+15 MJ (0.100000E+03 MJ/s)
 Total enthalpy discharge:           0.120067E+15 MJ (0.568466E+00 MJ/s)
 Total enthalpy input:               0.211212E+17 MJ (0.100000E+03 MJ/s)

 Enthalpy discharge this time step:  0.735896E+13 MJ (0.233351E+01 MJ/s)
 Enthalpy input this time step:      0.315360E+15 MJ (0.100000E+03 MJ/s)
 Total enthalpy discharge:           0.127426E+15 MJ (0.594432E+00 MJ/s)
 Total enthalpy input:               0.214365E+17 MJ (0.100000E+03 MJ/s)

 Water discharge this time step:   0.259726E+13 kg (0.823587E+00 kg/s)
 Water input this time step:       0.000000E+00 kg (0.000000E+00 kg/s)
 Total water discharge:            0.154413E+15 kg (0.720325E+00 kg/s)
 Total water input:                0.000000E+00 kg (0.000000E+00 kg/s)

 Enthalpy discharge this time step:  0.735896E+13 MJ (0.233351E+01 MJ/s)
 Enthalpy input this time step:      0.315360E+15 MJ (0.100000E+03 MJ/s)
 Total enthalpy discharge:           0.127426E+15 MJ (0.594432E+00 MJ/s)
 Total enthalpy input:               0.214365E+17 MJ (0.100000E+03 MJ/s)

 Enthalpy discharge this time step:  0.769911E+13 MJ (0.244137E+01 MJ/s)
 Enthalpy input this time step:      0.315360E+15 MJ (0.100000E+03 MJ/s)
 Total enthalpy discharge:           0.135125E+15 MJ (0.621209E+00 MJ/s)
 Total enthalpy input:               0.217519E+17 MJ (0.100000E+03 MJ/s)

 Water discharge this time step:   0.260418E+13 kg (0.825781E+00 kg/s)
 Water input this time step:       0.000000E+00 kg (0.000000E+00 kg/s)
 Total water discharge:            0.157017E+15 kg (0.721854E+00 kg/s)
 Total water input:                0.000000E+00 kg (0.000000E+00 kg/s)

 Enthalpy discharge this time step:  0.769911E+13 MJ (0.244137E+01 MJ/s)
 Enthalpy input this time step:      0.315360E+15 MJ (0.100000E+03 MJ/s)
 Total enthalpy discharge:           0.135125E+15 MJ (0.621209E+00 MJ/s)
 Total enthalpy input:               0.217519E+17 MJ (0.100000E+03 MJ/s)
*********************************************************************
 Time Step       211

                    Timing Information
           Years              Days         Step Size (Days)
      6992686.27         0.255407866E+10     36500000.0    
 Cpu Sec for Time Step =   19.13     Current Total =     1853.    

                    Equation Performance
 Number of N-R Iterations:          2
 Avg # of Linear Equation Solver Iterations: 101.0
 Number of Active Nodes:    532436.
 Total Number of Iterations, N-R:        422 , Solver:      17623
 Phase Changes This Time Step:        0 Total           0
 Nodes Liq Phase:   532436 change        0
 Nodes Two Phase:        0 change        0
 Nodes Gas Phase:         0 change        0
 Nodes SC Phase:        0 change        0
 Number of restarted time steps            0
                    Largest Residuals
 EQ1 R=  0.1978E-07 node=   3704 zone=     3 x=-.5000E+05 y=0.5000E+05 z=-.1900E+05
 EQ2 R=  0.6093E-07 node=   3704 zone=     3 x=-.5000E+05 y=0.5000E+05 z=-.1900E+05
   Node   Equation 1 Residual   Equation 2 Residual
 266236      0.218328E-14           0.146443E-15
 266234      0.394492E-08          -0.190559E-07
 266231      0.338249E-08           0.255364E-09
 266226      0.467247E-08          -0.587864E-08
 266221      0.426596E-08          -0.687238E-09
 266210      0.939690E-08          -0.978699E-10
 266201      0.926276E-08          -0.613970E-08

                    Nodal Information (Water)
                                                  source/sink  E source/sink
   Node   P (MPa)    E (MJ)    L sat     Temp (C)    (kg/s)       (MJ/s)
 266236    135.2     0.167      1.00        2.000  0.8282      0.140    
 266234    139.6     0.170      1.00        2.733   0.000       0.00    
 266231    142.4     0.172      1.00        3.258   0.000       0.00    
 266226    149.3     0.175      1.00        4.368   0.000       0.00    
 266221    156.2     0.182      1.00        6.197   0.000       0.00    
 266210    179.8     0.229      1.00       18.954   0.000       0.00    
 266201    204.7     0.378      1.00       57.882   0.000     -0.400E-01

                    Global Mass & Energy Balances
 Total mass in system at this time:            0.476027E+17 kg
 Total mass of steam in system at this time:   0.000000E+00 kg
 Total enthalpy in system at this time:        0.251146E+17 MJ

 Water discharge this time step:   0.261168E+13 kg (0.828159E+00 kg/s)
 Water input this time step:       0.000000E+00 kg (0.000000E+00 kg/s)
 Total water discharge:            0.159628E+15 kg (0.723373E+00 kg/s)
 Total water input:                0.000000E+00 kg (0.000000E+00 kg/s)

 Enthalpy discharge this time step:  0.804682E+13 MJ (0.255163E+01 MJ/s)
 Enthalpy input this time step:      0.315360E+15 MJ (0.100000E+03 MJ/s)
 Total enthalpy discharge:           0.143172E+15 MJ (0.648797E+00 MJ/s)
 Total enthalpy input:               0.220672E+17 MJ (0.100000E+03 MJ/s)

 Net kg water discharge (total out-total in):   0.159628E+15
 Net MJ energy discharge (total out-total in):  -0.219241E+17
 Conservation Errors:  -0.716409E-02 (mass),  -0.860474E-05 (energy)

 Enthalpy discharge this time step:  0.840205E+13 MJ (0.266427E+01 MJ/s)
 Enthalpy input this time step:      0.315360E+15 MJ (0.100000E+03 MJ/s)
 Total enthalpy discharge:           0.151574E+15 MJ (0.677194E+00 MJ/s)
 Total enthalpy input:               0.223826E+17 MJ (0.100000E+03 MJ/s)

 Water discharge this time step:   0.262052E+13 kg (0.830961E+00 kg/s)
 Water input this time step:       0.000000E+00 kg (0.000000E+00 kg/s)
 Total water discharge:            0.162249E+15 kg (0.724889E+00 kg/s)
 Total water input:                0.000000E+00 kg (0.000000E+00 kg/s)

 Enthalpy discharge this time step:  0.840205E+13 MJ (0.266427E+01 MJ/s)
 Enthalpy input this time step:      0.315360E+15 MJ (0.100000E+03 MJ/s)
 Total enthalpy discharge:           0.151574E+15 MJ (0.677194E+00 MJ/s)
 Total enthalpy input:               0.223826E+17 MJ (0.100000E+03 MJ/s)

 Enthalpy discharge this time step:  0.876278E+13 MJ (0.277866E+01 MJ/s)
 Enthalpy input this time step:      0.315360E+15 MJ (0.100000E+03 MJ/s)
 Total enthalpy discharge:           0.160336E+15 MJ (0.706391E+00 MJ/s)
 Total enthalpy input:               0.226980E+17 MJ (0.100000E+03 MJ/s)

 Water discharge this time step:   0.262291E+13 kg (0.831719E+00 kg/s)
 Water input this time step:       0.000000E+00 kg (0.000000E+00 kg/s)
 Total water discharge:            0.164872E+15 kg (0.726373E+00 kg/s)
 Total water input:                0.000000E+00 kg (0.000000E+00 kg/s)

 Enthalpy discharge this time step:  0.876278E+13 MJ (0.277866E+01 MJ/s)
 Enthalpy input this time step:      0.315360E+15 MJ (0.100000E+03 MJ/s)
 Total enthalpy discharge:           0.160336E+15 MJ (0.706391E+00 MJ/s)
 Total enthalpy input:               0.226980E+17 MJ (0.100000E+03 MJ/s)

 Enthalpy discharge this time step:  0.913247E+13 MJ (0.289589E+01 MJ/s)
 Enthalpy input this time step:      0.315360E+15 MJ (0.100000E+03 MJ/s)
 Total enthalpy discharge:           0.169469E+15 MJ (0.736395E+00 MJ/s)
 Total enthalpy input:               0.230133E+17 MJ (0.100000E+03 MJ/s)

 Water discharge this time step:   0.263245E+13 kg (0.834745E+00 kg/s)
 Water input this time step:       0.000000E+00 kg (0.000000E+00 kg/s)
 Total water discharge:            0.167504E+15 kg (0.727858E+00 kg/s)
 Total water input:                0.000000E+00 kg (0.000000E+00 kg/s)

 Enthalpy discharge this time step:  0.913247E+13 MJ (0.289589E+01 MJ/s)
 Enthalpy input this time step:      0.315360E+15 MJ (0.100000E+03 MJ/s)
 Total enthalpy discharge:           0.169469E+15 MJ (0.736395E+00 MJ/s)
 Total enthalpy input:               0.230133E+17 MJ (0.100000E+03 MJ/s)

 Enthalpy discharge this time step:  0.950775E+13 MJ (0.301489E+01 MJ/s)
 Enthalpy input this time step:      0.315360E+15 MJ (0.100000E+03 MJ/s)
 Total enthalpy discharge:           0.178977E+15 MJ (0.767195E+00 MJ/s)
 Total enthalpy input:               0.233287E+17 MJ (0.100000E+03 MJ/s)

 Water discharge this time step:   0.263838E+13 kg (0.836624E+00 kg/s)
 Water input this time step:       0.000000E+00 kg (0.000000E+00 kg/s)
 Total water discharge:            0.170143E+15 kg (0.729329E+00 kg/s)
 Total water input:                0.000000E+00 kg (0.000000E+00 kg/s)

 Enthalpy discharge this time step:  0.950775E+13 MJ (0.301489E+01 MJ/s)
 Enthalpy input this time step:      0.315360E+15 MJ (0.100000E+03 MJ/s)
 Total enthalpy discharge:           0.178977E+15 MJ (0.767195E+00 MJ/s)
 Total enthalpy input:               0.233287E+17 MJ (0.100000E+03 MJ/s)

 Enthalpy discharge this time step:  0.988999E+13 MJ (0.313609E+01 MJ/s)
 Enthalpy input this time step:      0.315360E+15 MJ (0.100000E+03 MJ/s)
 Total enthalpy discharge:           0.188867E+15 MJ (0.798791E+00 MJ/s)
 Total enthalpy input:               0.236440E+17 MJ (0.100000E+03 MJ/s)

 Water discharge this time step:   0.264484E+13 kg (0.838672E+00 kg/s)
 Water input this time step:       0.000000E+00 kg (0.000000E+00 kg/s)
 Total water discharge:            0.172788E+15 kg (0.730787E+00 kg/s)
 Total water input:                0.000000E+00 kg (0.000000E+00 kg/s)

 Enthalpy discharge this time step:  0.988999E+13 MJ (0.313609E+01 MJ/s)
 Enthalpy input this time step:      0.315360E+15 MJ (0.100000E+03 MJ/s)
 Total enthalpy discharge:           0.188867E+15 MJ (0.798791E+00 MJ/s)
 Total enthalpy input:               0.236440E+17 MJ (0.100000E+03 MJ/s)

 Enthalpy discharge this time step:  0.102782E+14 MJ (0.325920E+01 MJ/s)
 Enthalpy input this time step:      0.315360E+15 MJ (0.100000E+03 MJ/s)
 Total enthalpy discharge:           0.199145E+15 MJ (0.831176E+00 MJ/s)
 Total enthalpy input:               0.239594E+17 MJ (0.100000E+03 MJ/s)

 Water discharge this time step:   0.264914E+13 kg (0.840037E+00 kg/s)
 Water input this time step:       0.000000E+00 kg (0.000000E+00 kg/s)
 Total water discharge:            0.175437E+15 kg (0.732225E+00 kg/s)
 Total water input:                0.000000E+00 kg (0.000000E+00 kg/s)

 Enthalpy discharge this time step:  0.102782E+14 MJ (0.325920E+01 MJ/s)
 Enthalpy input this time step:      0.315360E+15 MJ (0.100000E+03 MJ/s)
 Total enthalpy discharge:           0.199145E+15 MJ (0.831176E+00 MJ/s)
 Total enthalpy input:               0.239594E+17 MJ (0.100000E+03 MJ/s)

 Enthalpy discharge this time step:  0.106734E+14 MJ (0.338452E+01 MJ/s)
 Enthalpy input this time step:      0.315360E+15 MJ (0.100000E+03 MJ/s)
 Total enthalpy discharge:           0.209818E+15 MJ (0.864347E+00 MJ/s)
 Total enthalpy input:               0.242748E+17 MJ (0.100000E+03 MJ/s)

 Water discharge this time step:   0.265565E+13 kg (0.842101E+00 kg/s)
 Water input this time step:       0.000000E+00 kg (0.000000E+00 kg/s)
 Total water discharge:            0.178092E+15 kg (0.733652E+00 kg/s)
 Total water input:                0.000000E+00 kg (0.000000E+00 kg/s)

 Enthalpy discharge this time step:  0.106734E+14 MJ (0.338452E+01 MJ/s)
 Enthalpy input this time step:      0.315360E+15 MJ (0.100000E+03 MJ/s)
 Total enthalpy discharge:           0.209818E+15 MJ (0.864347E+00 MJ/s)
 Total enthalpy input:               0.242748E+17 MJ (0.100000E+03 MJ/s)

 Enthalpy discharge this time step:  0.110744E+14 MJ (0.351167E+01 MJ/s)
 Enthalpy input this time step:      0.315360E+15 MJ (0.100000E+03 MJ/s)
 Total enthalpy discharge:           0.220893E+15 MJ (0.898298E+00 MJ/s)
 Total enthalpy input:               0.245901E+17 MJ (0.100000E+03 MJ/s)

 Water discharge this time step:   0.266065E+13 kg (0.843686E+00 kg/s)
 Water input this time step:       0.000000E+00 kg (0.000000E+00 kg/s)
 Total water discharge:            0.180753E+15 kg (0.735063E+00 kg/s)
 Total water input:                0.000000E+00 kg (0.000000E+00 kg/s)

 Enthalpy discharge this time step:  0.110744E+14 MJ (0.351167E+01 MJ/s)
 Enthalpy input this time step:      0.315360E+15 MJ (0.100000E+03 MJ/s)
 Total enthalpy discharge:           0.220893E+15 MJ (0.898298E+00 MJ/s)
 Total enthalpy input:               0.245901E+17 MJ (0.100000E+03 MJ/s)

 Enthalpy discharge this time step:  0.114818E+14 MJ (0.364086E+01 MJ/s)
 Enthalpy input this time step:      0.315360E+15 MJ (0.100000E+03 MJ/s)
 Total enthalpy discharge:           0.232374E+15 MJ (0.933025E+00 MJ/s)
 Total enthalpy input:               0.249055E+17 MJ (0.100000E+03 MJ/s)

 Water discharge this time step:   0.266704E+13 kg (0.845714E+00 kg/s)
 Water input this time step:       0.000000E+00 kg (0.000000E+00 kg/s)
 Total water discharge:            0.183420E+15 kg (0.736465E+00 kg/s)
 Total water input:                0.000000E+00 kg (0.000000E+00 kg/s)

 Enthalpy discharge this time step:  0.114818E+14 MJ (0.364086E+01 MJ/s)
 Enthalpy input this time step:      0.315360E+15 MJ (0.100000E+03 MJ/s)
 Total enthalpy discharge:           0.232374E+15 MJ (0.933025E+00 MJ/s)
 Total enthalpy input:               0.249055E+17 MJ (0.100000E+03 MJ/s)
*********************************************************************
 Time Step       221

                    Timing Information
           Years              Days         Step Size (Days)
      7992001.81         0.291907866E+10     36500000.0    
 Cpu Sec for Time Step =   18.98     Current Total =     2043.    

                    Equation Performance
 Number of N-R Iterations:          2
 Avg # of Linear Equation Solver Iterations: 101.0
 Number of Active Nodes:    532436.
 Total Number of Iterations, N-R:        442 , Solver:      19643
 Phase Changes This Time Step:        0 Total           0
 Nodes Liq Phase:   532436 change        0
 Nodes Two Phase:        0 change        0
 Nodes Gas Phase:         0 change        0
 Nodes SC Phase:        0 change        0
 Number of restarted time steps            0
                    Largest Residuals
 EQ1 R=  0.6044E-07 node= 528701 zone=     5 x=0.5000E+05 y=-.5000E+05 z=-.2500E+05
 EQ2 R=  0.9968E-07 node=   3407 zone=     3 x=-.5000E+05 y=0.4200E+05 z=-.2100E+05
   Node   Equation 1 Residual   Equation 2 Residual
 266236      0.130288E-13           0.466949E-16
 266234      0.469120E-08          -0.336223E-07
 266231      0.590532E-08           0.377017E-09
 266226      0.524712E-08          -0.116808E-07
 266221      0.690623E-08           0.206393E-10
 266210      0.159721E-07           0.314013E-09
 266201      0.175731E-07          -0.243888E-07

                    Nodal Information (Water)
                                                  source/sink  E source/sink
   Node   P (MPa)    E (MJ)    L sat     Temp (C)    (kg/s)       (MJ/s)
 266236    135.2     0.167      1.00        2.000  0.8472      0.144    
 266234    139.6     0.171      1.00        3.095   0.000       0.00    
 266231    142.4     0.174      1.00        3.845   0.000       0.00    
 266226    149.3     0.179      1.00        5.328   0.000       0.00    
 266221    156.2     0.187      1.00        7.614   0.000       0.00    
 266210    179.8     0.240      1.00       21.870   0.000       0.00    
 266201    204.7     0.393      1.00       61.776   0.000     -0.400E-01

                    Global Mass & Energy Balances
 Total mass in system at this time:            0.475767E+17 kg
 Total mass of steam in system at this time:   0.000000E+00 kg
 Total enthalpy in system at this time:        0.281671E+17 MJ

 Water discharge this time step:   0.267168E+13 kg (0.847183E+00 kg/s)
 Water input this time step:       0.000000E+00 kg (0.000000E+00 kg/s)
 Total water discharge:            0.186092E+15 kg (0.737849E+00 kg/s)
 Total water input:                0.000000E+00 kg (0.000000E+00 kg/s)

 Enthalpy discharge this time step:  0.118947E+14 MJ (0.377179E+01 MJ/s)
 Enthalpy input this time step:      0.315360E+15 MJ (0.100000E+03 MJ/s)
 Total enthalpy discharge:           0.244269E+15 MJ (0.968521E+00 MJ/s)
 Total enthalpy input:               0.252208E+17 MJ (0.100000E+03 MJ/s)

 Net kg water discharge (total out-total in):   0.186092E+15
 Net MJ energy discharge (total out-total in):  -0.249766E+17
 Conservation Errors:  -0.402542E-02 (mass),  -0.374158E-05 (energy)

 Enthalpy discharge this time step:  0.123136E+14 MJ (0.390461E+01 MJ/s)
 Enthalpy input this time step:      0.315360E+15 MJ (0.100000E+03 MJ/s)
 Total enthalpy discharge:           0.256583E+15 MJ (0.100478E+01 MJ/s)
 Total enthalpy input:               0.255362E+17 MJ (0.100000E+03 MJ/s)

 Water discharge this time step:   0.267671E+13 kg (0.848779E+00 kg/s)
 Water input this time step:       0.000000E+00 kg (0.000000E+00 kg/s)
 Total water discharge:            0.188768E+15 kg (0.739219E+00 kg/s)
 Total water input:                0.000000E+00 kg (0.000000E+00 kg/s)

 Enthalpy discharge this time step:  0.123136E+14 MJ (0.390461E+01 MJ/s)
 Enthalpy input this time step:      0.315360E+15 MJ (0.100000E+03 MJ/s)
 Total enthalpy discharge:           0.256583E+15 MJ (0.100478E+01 MJ/s)
 Total enthalpy input:               0.255362E+17 MJ (0.100000E+03 MJ/s)

 Enthalpy discharge this time step:  0.127384E+14 MJ (0.403932E+01 MJ/s)
 Enthalpy input this time step:      0.315360E+15 MJ (0.100000E+03 MJ/s)
 Total enthalpy discharge:           0.269321E+15 MJ (0.104180E+01 MJ/s)
 Total enthalpy input:               0.258516E+17 MJ (0.100000E+03 MJ/s)

 Water discharge this time step:   0.268320E+13 kg (0.850838E+00 kg/s)
 Water input this time step:       0.000000E+00 kg (0.000000E+00 kg/s)
 Total water discharge:            0.191452E+15 kg (0.740581E+00 kg/s)
 Total water input:                0.000000E+00 kg (0.000000E+00 kg/s)

 Enthalpy discharge this time step:  0.127384E+14 MJ (0.403932E+01 MJ/s)
 Enthalpy input this time step:      0.315360E+15 MJ (0.100000E+03 MJ/s)
 Total enthalpy discharge:           0.269321E+15 MJ (0.104180E+01 MJ/s)
 Total enthalpy input:               0.258516E+17 MJ (0.100000E+03 MJ/s)

 Enthalpy discharge this time step:  0.131685E+14 MJ (0.417570E+01 MJ/s)
 Enthalpy input this time step:      0.315360E+15 MJ (0.100000E+03 MJ/s)
 Total enthalpy discharge:           0.282490E+15 MJ (0.107957E+01 MJ/s)
 Total enthalpy input:               0.261669E+17 MJ (0.100000E+03 MJ/s)

 Water discharge this time step:   0.268904E+13 kg (0.852689E+00 kg/s)
 Water input this time step:       0.000000E+00 kg (0.000000E+00 kg/s)
 Total water discharge:            0.194141E+15 kg (0.741932E+00 kg/s)
 Total water input:                0.000000E+00 kg (0.000000E+00 kg/s)

 Enthalpy discharge this time step:  0.131685E+14 MJ (0.417570E+01 MJ/s)
 Enthalpy input this time step:      0.315360E+15 MJ (0.100000E+03 MJ/s)
 Total enthalpy discharge:           0.282490E+15 MJ (0.107957E+01 MJ/s)
 Total enthalpy input:               0.261669E+17 MJ (0.100000E+03 MJ/s)

 Enthalpy discharge this time step:  0.136033E+14 MJ (0.431359E+01 MJ/s)
 Enthalpy input this time step:      0.315360E+15 MJ (0.100000E+03 MJ/s)
 Total enthalpy discharge:           0.296093E+15 MJ (0.111808E+01 MJ/s)
 Total enthalpy input:               0.264823E+17 MJ (0.100000E+03 MJ/s)

 Water discharge this time step:   0.269223E+13 kg (0.853700E+00 kg/s)
 Water input this time step:       0.000000E+00 kg (0.000000E+00 kg/s)
 Total water discharge:            0.196833E+15 kg (0.743263E+00 kg/s)
 Total water input:                0.000000E+00 kg (0.000000E+00 kg/s)

 Enthalpy discharge this time step:  0.136033E+14 MJ (0.431359E+01 MJ/s)
 Enthalpy input this time step:      0.315360E+15 MJ (0.100000E+03 MJ/s)
 Total enthalpy discharge:           0.296093E+15 MJ (0.111808E+01 MJ/s)
 Total enthalpy input:               0.264823E+17 MJ (0.100000E+03 MJ/s)

 Enthalpy discharge this time step:  0.140439E+14 MJ (0.445329E+01 MJ/s)
 Enthalpy input this time step:      0.315360E+15 MJ (0.100000E+03 MJ/s)
 Total enthalpy discharge:           0.310137E+15 MJ (0.115733E+01 MJ/s)
 Total enthalpy input:               0.267976E+17 MJ (0.100000E+03 MJ/s)

 Water discharge this time step:   0.269700E+13 kg (0.855214E+00 kg/s)
 Water input this time step:       0.000000E+00 kg (0.000000E+00 kg/s)
 Total water discharge:            0.199530E+15 kg (0.744580E+00 kg/s)
 Total water input:                0.000000E+00 kg (0.000000E+00 kg/s)

 Enthalpy discharge this time step:  0.140439E+14 MJ (0.445329E+01 MJ/s)
 Enthalpy input this time step:      0.315360E+15 MJ (0.100000E+03 MJ/s)
 Total enthalpy discharge:           0.310137E+15 MJ (0.115733E+01 MJ/s)
 Total enthalpy input:               0.267976E+17 MJ (0.100000E+03 MJ/s)

 Enthalpy discharge this time step:  0.144898E+14 MJ (0.459468E+01 MJ/s)
 Enthalpy input this time step:      0.315360E+15 MJ (0.100000E+03 MJ/s)
 Total enthalpy discharge:           0.324627E+15 MJ (0.119731E+01 MJ/s)
 Total enthalpy input:               0.271130E+17 MJ (0.100000E+03 MJ/s)

 Water discharge this time step:   0.270317E+13 kg (0.857171E+00 kg/s)
 Water input this time step:       0.000000E+00 kg (0.000000E+00 kg/s)
 Total water discharge:            0.202233E+15 kg (0.745890E+00 kg/s)
 Total water input:                0.000000E+00 kg (0.000000E+00 kg/s)

 Enthalpy discharge this time step:  0.144898E+14 MJ (0.459468E+01 MJ/s)
 Enthalpy input this time step:      0.315360E+15 MJ (0.100000E+03 MJ/s)
 Total enthalpy discharge:           0.324627E+15 MJ (0.119731E+01 MJ/s)
 Total enthalpy input:               0.271130E+17 MJ (0.100000E+03 MJ/s)

 Enthalpy discharge this time step:  0.149400E+14 MJ (0.473746E+01 MJ/s)
 Enthalpy input this time step:      0.315360E+15 MJ (0.100000E+03 MJ/s)
 Total enthalpy discharge:           0.339567E+15 MJ (0.123801E+01 MJ/s)
 Total enthalpy input:               0.274284E+17 MJ (0.100000E+03 MJ/s)

 Water discharge this time step:   0.270716E+13 kg (0.858436E+00 kg/s)
 Water input this time step:       0.000000E+00 kg (0.000000E+00 kg/s)
 Total water discharge:            0.204940E+15 kg (0.747184E+00 kg/s)
 Total water input:                0.000000E+00 kg (0.000000E+00 kg/s)

 Enthalpy discharge this time step:  0.149400E+14 MJ (0.473746E+01 MJ/s)
 Enthalpy input this time step:      0.315360E+15 MJ (0.100000E+03 MJ/s)
 Total enthalpy discharge:           0.339567E+15 MJ (0.123801E+01 MJ/s)
 Total enthalpy input:               0.274284E+17 MJ (0.100000E+03 MJ/s)

 Enthalpy discharge this time step:  0.153951E+14 MJ (0.488177E+01 MJ/s)
 Enthalpy input this time step:      0.315360E+15 MJ (0.100000E+03 MJ/s)
 Total enthalpy discharge:           0.354962E+15 MJ (0.127943E+01 MJ/s)
 Total enthalpy input:               0.277437E+17 MJ (0.100000E+03 MJ/s)

 Water discharge this time step:   0.271088E+13 kg (0.859614E+00 kg/s)
 Water input this time step:       0.000000E+00 kg (0.000000E+00 kg/s)
 Total water discharge:            0.207651E+15 kg (0.748462E+00 kg/s)
 Total water input:                0.000000E+00 kg (0.000000E+00 kg/s)

 Enthalpy discharge this time step:  0.153951E+14 MJ (0.488177E+01 MJ/s)
 Enthalpy input this time step:      0.315360E+15 MJ (0.100000E+03 MJ/s)
 Total enthalpy discharge:           0.354962E+15 MJ (0.127943E+01 MJ/s)
 Total enthalpy input:               0.277437E+17 MJ (0.100000E+03 MJ/s)

 Enthalpy discharge this time step:  0.158548E+14 MJ (0.502754E+01 MJ/s)
 Enthalpy input this time step:      0.315360E+15 MJ (0.100000E+03 MJ/s)
 Total enthalpy discharge:           0.370817E+15 MJ (0.132156E+01 MJ/s)
 Total enthalpy input:               0.280591E+17 MJ (0.100000E+03 MJ/s)

 Water discharge this time step:   0.271422E+13 kg (0.860674E+00 kg/s)
 Water input this time step:       0.000000E+00 kg (0.000000E+00 kg/s)
 Total water discharge:            0.210365E+15 kg (0.749723E+00 kg/s)
 Total water input:                0.000000E+00 kg (0.000000E+00 kg/s)

 Enthalpy discharge this time step:  0.158548E+14 MJ (0.502754E+01 MJ/s)
 Enthalpy input this time step:      0.315360E+15 MJ (0.100000E+03 MJ/s)
 Total enthalpy discharge:           0.370817E+15 MJ (0.132156E+01 MJ/s)
 Total enthalpy input:               0.280591E+17 MJ (0.100000E+03 MJ/s)
*********************************************************************
 Time Step       231

                    Timing Information
           Years              Days         Step Size (Days)
      8991317.35         0.328407866E+10     36500000.0    
 Cpu Sec for Time Step =   19.05     Current Total =     2233.    

                    Equation Performance
 Number of N-R Iterations:          2
 Avg # of Linear Equation Solver Iterations: 101.0
 Number of Active Nodes:    532436.
 Total Number of Iterations, N-R:        462 , Solver:      21663
 Phase Changes This Time Step:        0 Total           0
 Nodes Liq Phase:   532436 change        0
 Nodes Two Phase:        0 change        0
 Nodes Gas Phase:         0 change        0
 Nodes SC Phase:        0 change        0
 Number of restarted time steps            0
                    Largest Residuals
 EQ1 R=  0.1213E-06 node= 150479 zone=     5 x=-.2200E+05 y=0.1600E+05 z=-.2500E+05
 EQ2 R=  0.1710E-04 node= 351607 zone=     5 x=0.1600E+05 y=0.2200E+05 z=-.2500E+05
   Node   Equation 1 Residual   Equation 2 Residual
 266236     -0.481899E-14          -0.240680E-15
 266234      0.118289E-07          -0.337864E-07
 266231      0.120405E-07          -0.333155E-09
 266226      0.121339E-07          -0.165284E-07
 266221      0.100318E-07          -0.207535E-08
 266210      0.237339E-07           0.432254E-08
 266201      0.247056E-07          -0.152537E-07

                    Nodal Information (Water)
                                                  source/sink  E source/sink
   Node   P (MPa)    E (MJ)    L sat     Temp (C)    (kg/s)       (MJ/s)
 266236    135.2     0.167      1.00        2.000  0.8619      0.148    
 266234    139.6     0.173      1.00        3.510   0.000       0.00    
 266231    142.4     0.176      1.00        4.510   0.000       0.00    
 266226    149.3     0.183      1.00        6.386   0.000       0.00    
 266221    156.2     0.193      1.00        9.128   0.000       0.00    
 266210    179.8     0.251      1.00       24.722   0.000       0.00    
 266201    204.6     0.407      1.00       65.441   0.000     -0.400E-01

                    Global Mass & Energy Balances
 Total mass in system at this time:            0.475503E+17 kg
 Total mass of steam in system at this time:   0.000000E+00 kg
 Total enthalpy in system at this time:        0.311780E+17 MJ

 Water discharge this time step:   0.271803E+13 kg (0.861881E+00 kg/s)
 Water input this time step:       0.000000E+00 kg (0.000000E+00 kg/s)
 Total water discharge:            0.213083E+15 kg (0.750969E+00 kg/s)
 Total water input:                0.000000E+00 kg (0.000000E+00 kg/s)

 Enthalpy discharge this time step:  0.163192E+14 MJ (0.517478E+01 MJ/s)
 Enthalpy input this time step:      0.315360E+15 MJ (0.100000E+03 MJ/s)
 Total enthalpy discharge:           0.387136E+15 MJ (0.136438E+01 MJ/s)
 Total enthalpy input:               0.283744E+17 MJ (0.100000E+03 MJ/s)

 Net kg water discharge (total out-total in):   0.213083E+15
 Net MJ energy discharge (total out-total in):  -0.279873E+17
 Conservation Errors:  -0.860049E-03 (mass),   0.187289E-05 (energy)

 Enthalpy discharge this time step:  0.167876E+14 MJ (0.532331E+01 MJ/s)
 Enthalpy input this time step:      0.315360E+15 MJ (0.100000E+03 MJ/s)
 Total enthalpy discharge:           0.403923E+15 MJ (0.140790E+01 MJ/s)
 Total enthalpy input:               0.286898E+17 MJ (0.100000E+03 MJ/s)

 Water discharge this time step:   0.272043E+13 kg (0.862643E+00 kg/s)
 Water input this time step:       0.000000E+00 kg (0.000000E+00 kg/s)
 Total water discharge:            0.215804E+15 kg (0.752197E+00 kg/s)
 Total water input:                0.000000E+00 kg (0.000000E+00 kg/s)

 Enthalpy discharge this time step:  0.167876E+14 MJ (0.532331E+01 MJ/s)
 Enthalpy input this time step:      0.315360E+15 MJ (0.100000E+03 MJ/s)
 Total enthalpy discharge:           0.403923E+15 MJ (0.140790E+01 MJ/s)
 Total enthalpy input:               0.286898E+17 MJ (0.100000E+03 MJ/s)

 Enthalpy discharge this time step:  0.172610E+14 MJ (0.547344E+01 MJ/s)
 Enthalpy input this time step:      0.315360E+15 MJ (0.100000E+03 MJ/s)
 Total enthalpy discharge:           0.421184E+15 MJ (0.145210E+01 MJ/s)
 Total enthalpy input:               0.290052E+17 MJ (0.100000E+03 MJ/s)

 Water discharge this time step:   0.272567E+13 kg (0.864305E+00 kg/s)
 Water input this time step:       0.000000E+00 kg (0.000000E+00 kg/s)
 Total water discharge:            0.218529E+15 kg (0.753416E+00 kg/s)
 Total water input:                0.000000E+00 kg (0.000000E+00 kg/s)

 Enthalpy discharge this time step:  0.172610E+14 MJ (0.547344E+01 MJ/s)
 Enthalpy input this time step:      0.315360E+15 MJ (0.100000E+03 MJ/s)
 Total enthalpy discharge:           0.421184E+15 MJ (0.145210E+01 MJ/s)
 Total enthalpy input:               0.290052E+17 MJ (0.100000E+03 MJ/s)

 Enthalpy discharge this time step:  0.177382E+14 MJ (0.562475E+01 MJ/s)
 Enthalpy input this time step:      0.315360E+15 MJ (0.100000E+03 MJ/s)
 Total enthalpy discharge:           0.438923E+15 MJ (0.149698E+01 MJ/s)
 Total enthalpy input:               0.293205E+17 MJ (0.100000E+03 MJ/s)

 Water discharge this time step:   0.272993E+13 kg (0.865656E+00 kg/s)
 Water input this time step:       0.000000E+00 kg (0.000000E+00 kg/s)
 Total water discharge:            0.221259E+15 kg (0.754623E+00 kg/s)
 Total water input:                0.000000E+00 kg (0.000000E+00 kg/s)

 Enthalpy discharge this time step:  0.177382E+14 MJ (0.562475E+01 MJ/s)
 Enthalpy input this time step:      0.315360E+15 MJ (0.100000E+03 MJ/s)
 Total enthalpy discharge:           0.438923E+15 MJ (0.149698E+01 MJ/s)
 Total enthalpy input:               0.293205E+17 MJ (0.100000E+03 MJ/s)

 Enthalpy discharge this time step:  0.182195E+14 MJ (0.577736E+01 MJ/s)
 Enthalpy input this time step:      0.315360E+15 MJ (0.100000E+03 MJ/s)
 Total enthalpy discharge:           0.457142E+15 MJ (0.154253E+01 MJ/s)
 Total enthalpy input:               0.296359E+17 MJ (0.100000E+03 MJ/s)

 Water discharge this time step:   0.273411E+13 kg (0.866980E+00 kg/s)
 Water input this time step:       0.000000E+00 kg (0.000000E+00 kg/s)
 Total water discharge:            0.223993E+15 kg (0.755819E+00 kg/s)
 Total water input:                0.000000E+00 kg (0.000000E+00 kg/s)

 Enthalpy discharge this time step:  0.182195E+14 MJ (0.577736E+01 MJ/s)
 Enthalpy input this time step:      0.315360E+15 MJ (0.100000E+03 MJ/s)
 Total enthalpy discharge:           0.457142E+15 MJ (0.154253E+01 MJ/s)
 Total enthalpy input:               0.296359E+17 MJ (0.100000E+03 MJ/s)

 Enthalpy discharge this time step:  0.187046E+14 MJ (0.593120E+01 MJ/s)
 Enthalpy input this time step:      0.315360E+15 MJ (0.100000E+03 MJ/s)
 Total enthalpy discharge:           0.475847E+15 MJ (0.158874E+01 MJ/s)
 Total enthalpy input:               0.299512E+17 MJ (0.100000E+03 MJ/s)

 Water discharge this time step:   0.273833E+13 kg (0.868318E+00 kg/s)
 Water input this time step:       0.000000E+00 kg (0.000000E+00 kg/s)
 Total water discharge:            0.226732E+15 kg (0.757003E+00 kg/s)
 Total water input:                0.000000E+00 kg (0.000000E+00 kg/s)

 Enthalpy discharge this time step:  0.187046E+14 MJ (0.593120E+01 MJ/s)
 Enthalpy input this time step:      0.315360E+15 MJ (0.100000E+03 MJ/s)
 Total enthalpy discharge:           0.475847E+15 MJ (0.158874E+01 MJ/s)
 Total enthalpy input:               0.299512E+17 MJ (0.100000E+03 MJ/s)

 Enthalpy discharge this time step:  0.191934E+14 MJ (0.608618E+01 MJ/s)
 Enthalpy input this time step:      0.315360E+15 MJ (0.100000E+03 MJ/s)
 Total enthalpy discharge:           0.495040E+15 MJ (0.163560E+01 MJ/s)
 Total enthalpy input:               0.302666E+17 MJ (0.100000E+03 MJ/s)

 Water discharge this time step:   0.274166E+13 kg (0.869375E+00 kg/s)
 Water input this time step:       0.000000E+00 kg (0.000000E+00 kg/s)
 Total water discharge:            0.229473E+15 kg (0.758174E+00 kg/s)
 Total water input:                0.000000E+00 kg (0.000000E+00 kg/s)

 Enthalpy discharge this time step:  0.191934E+14 MJ (0.608618E+01 MJ/s)
 Enthalpy input this time step:      0.315360E+15 MJ (0.100000E+03 MJ/s)
 Total enthalpy discharge:           0.495040E+15 MJ (0.163560E+01 MJ/s)
 Total enthalpy input:               0.302666E+17 MJ (0.100000E+03 MJ/s)

 Enthalpy discharge this time step:  0.196857E+14 MJ (0.624230E+01 MJ/s)
 Enthalpy input this time step:      0.315360E+15 MJ (0.100000E+03 MJ/s)
 Total enthalpy discharge:           0.514726E+15 MJ (0.168310E+01 MJ/s)
 Total enthalpy input:               0.305820E+17 MJ (0.100000E+03 MJ/s)

 Water discharge this time step:   0.274454E+13 kg (0.870289E+00 kg/s)
 Water input this time step:       0.000000E+00 kg (0.000000E+00 kg/s)
 Total water discharge:            0.232218E+15 kg (0.759330E+00 kg/s)
 Total water input:                0.000000E+00 kg (0.000000E+00 kg/s)

 Enthalpy discharge this time step:  0.196857E+14 MJ (0.624230E+01 MJ/s)
 Enthalpy input this time step:      0.315360E+15 MJ (0.100000E+03 MJ/s)
 Total enthalpy discharge:           0.514726E+15 MJ (0.168310E+01 MJ/s)
 Total enthalpy input:               0.305820E+17 MJ (0.100000E+03 MJ/s)

 Enthalpy discharge this time step:  0.201818E+14 MJ (0.639961E+01 MJ/s)
 Enthalpy input this time step:      0.315360E+15 MJ (0.100000E+03 MJ/s)
 Total enthalpy discharge:           0.534908E+15 MJ (0.173124E+01 MJ/s)
 Total enthalpy input:               0.308973E+17 MJ (0.100000E+03 MJ/s)

 Water discharge this time step:   0.274822E+13 kg (0.871456E+00 kg/s)
 Water input this time step:       0.000000E+00 kg (0.000000E+00 kg/s)
 Total water discharge:            0.234966E+15 kg (0.760475E+00 kg/s)
 Total water input:                0.000000E+00 kg (0.000000E+00 kg/s)

 Enthalpy discharge this time step:  0.201818E+14 MJ (0.639961E+01 MJ/s)
 Enthalpy input this time step:      0.315360E+15 MJ (0.100000E+03 MJ/s)
 Total enthalpy discharge:           0.534908E+15 MJ (0.173124E+01 MJ/s)
 Total enthalpy input:               0.308973E+17 MJ (0.100000E+03 MJ/s)

 Enthalpy discharge this time step:  0.206813E+14 MJ (0.655799E+01 MJ/s)
 Enthalpy input this time step:      0.315360E+15 MJ (0.100000E+03 MJ/s)
 Total enthalpy discharge:           0.555589E+15 MJ (0.178001E+01 MJ/s)
 Total enthalpy input:               0.312127E+17 MJ (0.100000E+03 MJ/s)

 Water discharge this time step:   0.275187E+13 kg (0.872612E+00 kg/s)
 Water input this time step:       0.000000E+00 kg (0.000000E+00 kg/s)
 Total water discharge:            0.237718E+15 kg (0.761608E+00 kg/s)
 Total water input:                0.000000E+00 kg (0.000000E+00 kg/s)

 Enthalpy discharge this time step:  0.206813E+14 MJ (0.655799E+01 MJ/s)
 Enthalpy input this time step:      0.315360E+15 MJ (0.100000E+03 MJ/s)
 Total enthalpy discharge:           0.555589E+15 MJ (0.178001E+01 MJ/s)
 Total enthalpy input:               0.312127E+17 MJ (0.100000E+03 MJ/s)
*********************************************************************
 Time Step       241

                    Timing Information
           Years              Days         Step Size (Days)
      9990632.89         0.364907866E+10     36500000.0    
 Cpu Sec for Time Step =   18.99     Current Total =     2424.    

                    Equation Performance
 Number of N-R Iterations:          2
 Avg # of Linear Equation Solver Iterations: 101.0
 Number of Active Nodes:    532436.
 Total Number of Iterations, N-R:        482 , Solver:      23683
 Phase Changes This Time Step:        0 Total           0
 Nodes Liq Phase:   532436 change        0
 Nodes Two Phase:        0 change        0
 Nodes Gas Phase:         0 change        0
 Nodes SC Phase:        0 change        0
 Number of restarted time steps            0
                    Largest Residuals
 EQ1 R=  0.7674E-07 node=   8550 zone=     3 x=-.4900E+05 y=0.5000E+05 z= 9500.    
 EQ2 R=  0.2316E-05 node=   3109 zone=     5 x=-.5000E+05 y=0.3400E+05 z=-.2500E+05
   Node   Equation 1 Residual   Equation 2 Residual
 266236     -0.630155E-14           0.303830E-15
 266234      0.111060E-07          -0.308447E-07
 266231      0.121789E-07           0.219716E-08
 266226      0.111618E-07          -0.132677E-08
 266221      0.119772E-07           0.420108E-09
 266210      0.293182E-07           0.962218E-08
 266201      0.306403E-07          -0.218945E-07

                    Nodal Information (Water)
                                                  source/sink  E source/sink
   Node   P (MPa)    E (MJ)    L sat     Temp (C)    (kg/s)       (MJ/s)
 266236    135.2     0.167      1.00        2.000  0.8737      0.151    
 266234    139.6     0.174      1.00        3.965   0.000       0.00    
 266231    142.4     0.179      1.00        5.233   0.000       0.00    
 266226    149.3     0.187      1.00        7.516   0.000       0.00    
 266221    156.2     0.199      1.00       10.707   0.000       0.00    
 266210    179.8     0.262      1.00       27.508   0.000       0.00    
 266201    204.6     0.421      1.00       68.917   0.000     -0.400E-01

                    Global Mass & Energy Balances
 Total mass in system at this time:            0.475236E+17 kg
 Total mass of steam in system at this time:   0.000000E+00 kg
 Total enthalpy in system at this time:        0.341422E+17 MJ

 Water discharge this time step:   0.275522E+13 kg (0.873676E+00 kg/s)
 Water input this time step:       0.000000E+00 kg (0.000000E+00 kg/s)
 Total water discharge:            0.240473E+15 kg (0.762729E+00 kg/s)
 Total water input:                0.000000E+00 kg (0.000000E+00 kg/s)

 Enthalpy discharge this time step:  0.211840E+14 MJ (0.671740E+01 MJ/s)
 Enthalpy input this time step:      0.315360E+15 MJ (0.100000E+03 MJ/s)
 Total enthalpy discharge:           0.576773E+15 MJ (0.182940E+01 MJ/s)
 Total enthalpy input:               0.315280E+17 MJ (0.100000E+03 MJ/s)

 Net kg water discharge (total out-total in):   0.240473E+15
 Net MJ energy discharge (total out-total in):  -0.309513E+17
 Conservation Errors:   0.233181E-02 (mass),   0.809281E-05 (energy)

 Enthalpy discharge this time step:  0.216897E+14 MJ (0.687776E+01 MJ/s)
 Enthalpy input this time step:      0.315360E+15 MJ (0.100000E+03 MJ/s)
 Total enthalpy discharge:           0.598463E+15 MJ (0.187939E+01 MJ/s)
 Total enthalpy input:               0.318434E+17 MJ (0.100000E+03 MJ/s)

 Water discharge this time step:   0.275770E+13 kg (0.874462E+00 kg/s)
 Water input this time step:       0.000000E+00 kg (0.000000E+00 kg/s)
 Total water discharge:            0.243231E+15 kg (0.763835E+00 kg/s)
 Total water input:                0.000000E+00 kg (0.000000E+00 kg/s)

 Enthalpy discharge this time step:  0.216897E+14 MJ (0.687776E+01 MJ/s)
 Enthalpy input this time step:      0.315360E+15 MJ (0.100000E+03 MJ/s)
 Total enthalpy discharge:           0.598463E+15 MJ (0.187939E+01 MJ/s)
 Total enthalpy input:               0.318434E+17 MJ (0.100000E+03 MJ/s)

 Enthalpy discharge this time step:  0.221983E+14 MJ (0.703902E+01 MJ/s)
 Enthalpy input this time step:      0.315360E+15 MJ (0.100000E+03 MJ/s)
 Total enthalpy discharge:           0.620661E+15 MJ (0.192999E+01 MJ/s)
 Total enthalpy input:               0.321588E+17 MJ (0.100000E+03 MJ/s)

 Water discharge this time step:   0.275877E+13 kg (0.874800E+00 kg/s)
 Water input this time step:       0.000000E+00 kg (0.000000E+00 kg/s)
 Total water discharge:            0.245990E+15 kg (0.764923E+00 kg/s)
 Total water input:                0.000000E+00 kg (0.000000E+00 kg/s)

 Enthalpy discharge this time step:  0.221983E+14 MJ (0.703902E+01 MJ/s)
 Enthalpy input this time step:      0.315360E+15 MJ (0.100000E+03 MJ/s)
 Total enthalpy discharge:           0.620661E+15 MJ (0.192999E+01 MJ/s)
 Total enthalpy input:               0.321588E+17 MJ (0.100000E+03 MJ/s)

 Enthalpy discharge this time step:  0.227102E+14 MJ (0.720137E+01 MJ/s)
 Enthalpy input this time step:      0.315360E+15 MJ (0.100000E+03 MJ/s)
 Total enthalpy discharge:           0.643371E+15 MJ (0.198118E+01 MJ/s)
 Total enthalpy input:               0.324741E+17 MJ (0.100000E+03 MJ/s)

 Water discharge this time step:   0.276142E+13 kg (0.875640E+00 kg/s)
 Water input this time step:       0.000000E+00 kg (0.000000E+00 kg/s)
 Total water discharge:            0.248751E+15 kg (0.765998E+00 kg/s)
 Total water input:                0.000000E+00 kg (0.000000E+00 kg/s)

 Enthalpy discharge this time step:  0.227102E+14 MJ (0.720137E+01 MJ/s)
 Enthalpy input this time step:      0.315360E+15 MJ (0.100000E+03 MJ/s)
 Total enthalpy discharge:           0.643371E+15 MJ (0.198118E+01 MJ/s)
 Total enthalpy input:               0.324741E+17 MJ (0.100000E+03 MJ/s)

 Enthalpy discharge this time step:  0.232246E+14 MJ (0.736448E+01 MJ/s)
 Enthalpy input this time step:      0.315360E+15 MJ (0.100000E+03 MJ/s)
 Total enthalpy discharge:           0.666596E+15 MJ (0.203296E+01 MJ/s)
 Total enthalpy input:               0.327895E+17 MJ (0.100000E+03 MJ/s)

 Water discharge this time step:   0.276246E+13 kg (0.875972E+00 kg/s)
 Water input this time step:       0.000000E+00 kg (0.000000E+00 kg/s)
 Total water discharge:            0.251514E+15 kg (0.767056E+00 kg/s)
 Total water input:                0.000000E+00 kg (0.000000E+00 kg/s)

 Enthalpy discharge this time step:  0.232246E+14 MJ (0.736448E+01 MJ/s)
 Enthalpy input this time step:      0.315360E+15 MJ (0.100000E+03 MJ/s)
 Total enthalpy discharge:           0.666596E+15 MJ (0.203296E+01 MJ/s)
 Total enthalpy input:               0.327895E+17 MJ (0.100000E+03 MJ/s)

 Enthalpy discharge this time step:  0.237414E+14 MJ (0.752834E+01 MJ/s)
 Enthalpy input this time step:      0.315360E+15 MJ (0.100000E+03 MJ/s)
 Total enthalpy discharge:           0.690337E+15 MJ (0.208531E+01 MJ/s)
 Total enthalpy input:               0.331048E+17 MJ (0.100000E+03 MJ/s)

 Water discharge this time step:   0.276132E+13 kg (0.875608E+00 kg/s)
 Water input this time step:       0.000000E+00 kg (0.000000E+00 kg/s)
 Total water discharge:            0.254275E+15 kg (0.768090E+00 kg/s)
 Total water input:                0.000000E+00 kg (0.000000E+00 kg/s)

 Enthalpy discharge this time step:  0.237414E+14 MJ (0.752834E+01 MJ/s)
 Enthalpy input this time step:      0.315360E+15 MJ (0.100000E+03 MJ/s)
 Total enthalpy discharge:           0.690337E+15 MJ (0.208531E+01 MJ/s)
 Total enthalpy input:               0.331048E+17 MJ (0.100000E+03 MJ/s)

 Enthalpy discharge this time step:  0.242616E+14 MJ (0.769331E+01 MJ/s)
 Enthalpy input this time step:      0.315360E+15 MJ (0.100000E+03 MJ/s)
 Total enthalpy discharge:           0.714599E+15 MJ (0.213822E+01 MJ/s)
 Total enthalpy input:               0.334202E+17 MJ (0.100000E+03 MJ/s)

 Water discharge this time step:   0.276314E+13 kg (0.876186E+00 kg/s)
 Water input this time step:       0.000000E+00 kg (0.000000E+00 kg/s)
 Total water discharge:            0.257038E+15 kg (0.769110E+00 kg/s)
 Total water input:                0.000000E+00 kg (0.000000E+00 kg/s)

 Enthalpy discharge this time step:  0.242616E+14 MJ (0.769331E+01 MJ/s)
 Enthalpy input this time step:      0.315360E+15 MJ (0.100000E+03 MJ/s)
 Total enthalpy discharge:           0.714599E+15 MJ (0.213822E+01 MJ/s)
 Total enthalpy input:               0.334202E+17 MJ (0.100000E+03 MJ/s)

 Enthalpy discharge this time step:  0.247843E+14 MJ (0.785905E+01 MJ/s)
 Enthalpy input this time step:      0.315360E+15 MJ (0.100000E+03 MJ/s)
 Total enthalpy discharge:           0.739383E+15 MJ (0.219170E+01 MJ/s)
 Total enthalpy input:               0.337356E+17 MJ (0.100000E+03 MJ/s)

 Water discharge this time step:   0.276486E+13 kg (0.876731E+00 kg/s)
 Water input this time step:       0.000000E+00 kg (0.000000E+00 kg/s)
 Total water discharge:            0.259803E+15 kg (0.770116E+00 kg/s)
 Total water input:                0.000000E+00 kg (0.000000E+00 kg/s)

 Enthalpy discharge this time step:  0.247843E+14 MJ (0.785905E+01 MJ/s)
 Enthalpy input this time step:      0.315360E+15 MJ (0.100000E+03 MJ/s)
 Total enthalpy discharge:           0.739383E+15 MJ (0.219170E+01 MJ/s)
 Total enthalpy input:               0.337356E+17 MJ (0.100000E+03 MJ/s)

 Enthalpy discharge this time step:  0.253093E+14 MJ (0.802552E+01 MJ/s)
 Enthalpy input this time step:      0.315360E+15 MJ (0.100000E+03 MJ/s)
 Total enthalpy discharge:           0.764692E+15 MJ (0.224573E+01 MJ/s)
 Total enthalpy input:               0.340509E+17 MJ (0.100000E+03 MJ/s)

 Water discharge this time step:   0.276588E+13 kg (0.877055E+00 kg/s)
 Water input this time step:       0.000000E+00 kg (0.000000E+00 kg/s)
 Total water discharge:            0.262569E+15 kg (0.771107E+00 kg/s)
 Total water input:                0.000000E+00 kg (0.000000E+00 kg/s)

 Enthalpy discharge this time step:  0.253093E+14 MJ (0.802552E+01 MJ/s)
 Enthalpy input this time step:      0.315360E+15 MJ (0.100000E+03 MJ/s)
 Total enthalpy discharge:           0.764692E+15 MJ (0.224573E+01 MJ/s)
 Total enthalpy input:               0.340509E+17 MJ (0.100000E+03 MJ/s)

 Enthalpy discharge this time step:  0.258373E+14 MJ (0.819295E+01 MJ/s)
 Enthalpy input this time step:      0.315360E+15 MJ (0.100000E+03 MJ/s)
 Total enthalpy discharge:           0.790530E+15 MJ (0.230031E+01 MJ/s)
 Total enthalpy input:               0.343663E+17 MJ (0.100000E+03 MJ/s)

 Water discharge this time step:   0.276934E+13 kg (0.878153E+00 kg/s)
 Water input this time step:       0.000000E+00 kg (0.000000E+00 kg/s)
 Total water discharge:            0.265338E+15 kg (0.772089E+00 kg/s)
 Total water input:                0.000000E+00 kg (0.000000E+00 kg/s)

 Enthalpy discharge this time step:  0.258373E+14 MJ (0.819295E+01 MJ/s)
 Enthalpy input this time step:      0.315360E+15 MJ (0.100000E+03 MJ/s)
 Total enthalpy discharge:           0.790530E+15 MJ (0.230031E+01 MJ/s)
 Total enthalpy input:               0.343663E+17 MJ (0.100000E+03 MJ/s)
*********************************************************************
 Time Step       251

                    Timing Information
           Years              Days         Step Size (Days)
      10989948.4         0.401407866E+10     36500000.0    
 Cpu Sec for Time Step =   19.02     Current Total =     2618.    

                    Equation Performance
 Number of N-R Iterations:          2
 Avg # of Linear Equation Solver Iterations: 101.0
 Number of Active Nodes:    532436.
 Total Number of Iterations, N-R:        502 , Solver:      25703
 Phase Changes This Time Step:        0 Total           0
 Nodes Liq Phase:   532436 change        0
 Nodes Two Phase:        0 change        0
 Nodes Gas Phase:         0 change        0
 Nodes SC Phase:        0 change        0
 Number of restarted time steps            0
                    Largest Residuals
 EQ1 R=  0.6588E-07 node= 531513 zone=     5 x=0.5000E+05 y=0.2600E+05 z=-.2500E+05
 EQ2 R=  0.4914E-06 node=  31970 zone=     2 x=-.4400E+05 y=-.4400E+05 z=0.1500E+05
   Node   Equation 1 Residual   Equation 2 Residual
 266236     -0.557322E-14          -0.107393E-14
 266234      0.766423E-08          -0.499946E-07
 266231      0.104218E-07           0.138706E-08
 266226      0.638960E-08          -0.314588E-07
 266221      0.665137E-08          -0.695146E-09
 266210      0.252735E-07          -0.183085E-08
 266201      0.271651E-07          -0.244802E-07

                    Nodal Information (Water)
                                                  source/sink  E source/sink
   Node   P (MPa)    E (MJ)    L sat     Temp (C)    (kg/s)       (MJ/s)
 266236    135.2     0.167      1.00        2.000  0.8779      0.153    
 266234    139.6     0.176      1.00        4.450   0.000       0.00    
 266231    142.4     0.182      1.00        5.998   0.000       0.00    
 266226    149.3     0.192      1.00        8.697   0.000       0.00    
 266221    156.2     0.205      1.00       12.327   0.000       0.00    
 266210    179.8     0.273      1.00       30.229   0.000       0.00    
 266201    204.5     0.434      1.00       72.233   0.000     -0.400E-01

                    Global Mass & Energy Balances
 Total mass in system at this time:            0.474968E+17 kg
 Total mass of steam in system at this time:   0.000000E+00 kg
 Total enthalpy in system at this time:        0.370559E+17 MJ

 Water discharge this time step:   0.276866E+13 kg (0.877935E+00 kg/s)
 Water input this time step:       0.000000E+00 kg (0.000000E+00 kg/s)
 Total water discharge:            0.268107E+15 kg (0.773051E+00 kg/s)
 Total water input:                0.000000E+00 kg (0.000000E+00 kg/s)

 Enthalpy discharge this time step:  0.263665E+14 MJ (0.836076E+01 MJ/s)
 Enthalpy input this time step:      0.315360E+15 MJ (0.100000E+03 MJ/s)
 Total enthalpy discharge:           0.816896E+15 MJ (0.235541E+01 MJ/s)
 Total enthalpy input:               0.346816E+17 MJ (0.100000E+03 MJ/s)

 Net kg water discharge (total out-total in):   0.268107E+15
 Net MJ energy discharge (total out-total in):  -0.338647E+17
 Conservation Errors:   0.524672E-02 (mass),   0.141936E-04 (energy)

 Enthalpy discharge this time step:  0.268988E+14 MJ (0.852954E+01 MJ/s)
 Enthalpy input this time step:      0.315360E+15 MJ (0.100000E+03 MJ/s)
 Total enthalpy discharge:           0.843795E+15 MJ (0.241105E+01 MJ/s)
 Total enthalpy input:               0.349970E+17 MJ (0.100000E+03 MJ/s)

 Water discharge this time step:   0.277061E+13 kg (0.878554E+00 kg/s)
 Water input this time step:       0.000000E+00 kg (0.000000E+00 kg/s)
 Total water discharge:            0.270878E+15 kg (0.774002E+00 kg/s)
 Total water input:                0.000000E+00 kg (0.000000E+00 kg/s)

 Enthalpy discharge this time step:  0.268988E+14 MJ (0.852954E+01 MJ/s)
 Enthalpy input this time step:      0.315360E+15 MJ (0.100000E+03 MJ/s)
 Total enthalpy discharge:           0.843795E+15 MJ (0.241105E+01 MJ/s)
 Total enthalpy input:               0.349970E+17 MJ (0.100000E+03 MJ/s)

 Enthalpy discharge this time step:  0.274328E+14 MJ (0.869887E+01 MJ/s)
 Enthalpy input this time step:      0.315360E+15 MJ (0.100000E+03 MJ/s)
 Total enthalpy discharge:           0.871228E+15 MJ (0.246720E+01 MJ/s)
 Total enthalpy input:               0.353124E+17 MJ (0.100000E+03 MJ/s)

 Water discharge this time step:   0.277149E+13 kg (0.878834E+00 kg/s)
 Water input this time step:       0.000000E+00 kg (0.000000E+00 kg/s)
 Total water discharge:            0.273649E+15 kg (0.774938E+00 kg/s)
 Total water input:                0.000000E+00 kg (0.000000E+00 kg/s)

 Enthalpy discharge this time step:  0.274328E+14 MJ (0.869887E+01 MJ/s)
 Enthalpy input this time step:      0.315360E+15 MJ (0.100000E+03 MJ/s)
 Total enthalpy discharge:           0.871228E+15 MJ (0.246720E+01 MJ/s)
 Total enthalpy input:               0.353124E+17 MJ (0.100000E+03 MJ/s)

 Enthalpy discharge this time step:  0.279691E+14 MJ (0.886894E+01 MJ/s)
 Enthalpy input this time step:      0.315360E+15 MJ (0.100000E+03 MJ/s)
 Total enthalpy discharge:           0.899197E+15 MJ (0.252387E+01 MJ/s)
 Total enthalpy input:               0.356277E+17 MJ (0.100000E+03 MJ/s)

 Water discharge this time step:   0.277334E+13 kg (0.879419E+00 kg/s)
 Water input this time step:       0.000000E+00 kg (0.000000E+00 kg/s)
 Total water discharge:            0.276422E+15 kg (0.775863E+00 kg/s)
 Total water input:                0.000000E+00 kg (0.000000E+00 kg/s)

 Enthalpy discharge this time step:  0.279691E+14 MJ (0.886894E+01 MJ/s)
 Enthalpy input this time step:      0.315360E+15 MJ (0.100000E+03 MJ/s)
 Total enthalpy discharge:           0.899197E+15 MJ (0.252387E+01 MJ/s)
 Total enthalpy input:               0.356277E+17 MJ (0.100000E+03 MJ/s)

 Enthalpy discharge this time step:  0.285073E+14 MJ (0.903959E+01 MJ/s)
 Enthalpy input this time step:      0.315360E+15 MJ (0.100000E+03 MJ/s)
 Total enthalpy discharge:           0.927704E+15 MJ (0.258104E+01 MJ/s)
 Total enthalpy input:               0.359431E+17 MJ (0.100000E+03 MJ/s)

 Water discharge this time step:   0.277494E+13 kg (0.879929E+00 kg/s)
 Water input this time step:       0.000000E+00 kg (0.000000E+00 kg/s)
 Total water discharge:            0.279197E+15 kg (0.776776E+00 kg/s)
 Total water input:                0.000000E+00 kg (0.000000E+00 kg/s)

 Enthalpy discharge this time step:  0.285073E+14 MJ (0.903959E+01 MJ/s)
 Enthalpy input this time step:      0.315360E+15 MJ (0.100000E+03 MJ/s)
 Total enthalpy discharge:           0.927704E+15 MJ (0.258104E+01 MJ/s)
 Total enthalpy input:               0.359431E+17 MJ (0.100000E+03 MJ/s)

 Enthalpy discharge this time step:  0.290472E+14 MJ (0.921081E+01 MJ/s)
 Enthalpy input this time step:      0.315360E+15 MJ (0.100000E+03 MJ/s)
 Total enthalpy discharge:           0.956751E+15 MJ (0.263870E+01 MJ/s)
 Total enthalpy input:               0.362584E+17 MJ (0.100000E+03 MJ/s)

 Water discharge this time step:   0.277604E+13 kg (0.880276E+00 kg/s)
 Water input this time step:       0.000000E+00 kg (0.000000E+00 kg/s)
 Total water discharge:            0.281973E+15 kg (0.777676E+00 kg/s)
 Total water input:                0.000000E+00 kg (0.000000E+00 kg/s)

 Enthalpy discharge this time step:  0.290472E+14 MJ (0.921081E+01 MJ/s)
 Enthalpy input this time step:      0.315360E+15 MJ (0.100000E+03 MJ/s)
 Total enthalpy discharge:           0.956751E+15 MJ (0.263870E+01 MJ/s)
 Total enthalpy input:               0.362584E+17 MJ (0.100000E+03 MJ/s)

 Enthalpy discharge this time step:  0.295893E+14 MJ (0.938269E+01 MJ/s)
 Enthalpy input this time step:      0.315360E+15 MJ (0.100000E+03 MJ/s)
 Total enthalpy discharge:           0.986340E+15 MJ (0.269685E+01 MJ/s)
 Total enthalpy input:               0.365738E+17 MJ (0.100000E+03 MJ/s)

 Water discharge this time step:   0.277836E+13 kg (0.881012E+00 kg/s)
 Water input this time step:       0.000000E+00 kg (0.000000E+00 kg/s)
 Total water discharge:            0.284752E+15 kg (0.778567E+00 kg/s)
 Total water input:                0.000000E+00 kg (0.000000E+00 kg/s)

 Enthalpy discharge this time step:  0.295893E+14 MJ (0.938269E+01 MJ/s)
 Enthalpy input this time step:      0.315360E+15 MJ (0.100000E+03 MJ/s)
 Total enthalpy discharge:           0.986340E+15 MJ (0.269685E+01 MJ/s)
 Total enthalpy input:               0.365738E+17 MJ (0.100000E+03 MJ/s)
