FEHM V3.4.0lbUbuntu16 24-03-17   05/13/2025    12:37:18

Copyright  2015.   Los Alamos National Security, LLC.  This material was
produced under U.S. Government contract DE-AC52-06NA25396 for Los Alamos
National  Laboratory  (LANL),  which is operated by  Los Alamos National
Security, LLC  for the U. S. Department of Energy.  The U. S. Government
has rights to use, reproduce, and distribute this software.  Neither the
U. S. Government nor Los Alamos National Security, LLC or persons acting
on their behalf,  make any warranty,  express or implied, or assumes any
liability for the accuracy, completeness, or usefulness of the software,
any information pertaining to the software,  or  represents that its use
would not infringe privately owned rights.

The  software  being licensed  may  be Export Controlled.  It may not be
distributed  or  used by individuals  or entities prohibited from having
access to the software package, pursuant to United States export control
laws and regulations. An export control review and determination must be
completed before LANS will provide access to the identified Software.

 ppor read from optional input file: s5_0fr_sm0_p17un_cold.ppor                                                                                                                                                                              
 n0 =       532436

 "Europa gravity; 100 km x 100 km x 50 km box; uniform perm = 10-17 m2; no fracs;



 File purpose - Variable - Unit number - File name

    control       - iocntl -  1 - fehmn.files                                                                                         
    input         - inpt   - 11 - s5_0fr_sm0_p17un_cold.dat                                                                           
    geometry      - incoor - 12 - s5_0fr_sm0_p17un_cold.fehm                                                                          
    zone          - inzone - 13 - s5_0fr_sm0_p17un_cold_material.zone                                                                 
    output        - iout   - 14 - s5_0fr_sm0_p17un_cold.out                                                                           
    initial state - iread  - 15 - s5_0fr_sm0_p17un_cold.ini                                                                           
    final state   - isave  - 16 - s5_0fr_sm0_p17un_cold.fin                                                                           
    time history  - ishis  - 17 - s5_0fr_sm0_p17un_cold.hist                                                                          
    time his.(tr) - istrc  -  0 - not using                                                                                           
    contour plot  - iscon  -  0 - not using                                                                                           
    con plot (dp) - iscon1 -  0 - not using                                                                                           
    fe coef stor  - isstor - 21 - s5_0fr_sm0_p17un_cold.stor                                                                          
    input check   - ischk  - 22 - s5_0fr_sm0_p17un_cold.chk                                                                           
 Value provided to subroutine user: not using

 **** input title : coor **** incoor =  12 ****
 **** input title : elem **** incoor =  12 ****
 **** input title : stop **** incoor =  12 ****
 **** input title : zone **** inzone =  13 ****
 **** input title : stop **** inzone =  13 ****
 **** input title : cont **** inpt =  11 ****
 **** contour format defined  : avs  ****
 **** input title : sol  **** inpt =  11 ****
 **** input title : node **** inpt =  11 ****
 **** input title : eos  **** inpt =  11 ****
 **** input title : flow **** inpt =  11 ****
 **** input title : perm **** inpt =  11 ****
 perm read from optional input file: s5_0fr_sm0_p17un_cold.perm                                                                                                                                                                              
 **** input title : rock **** inpt =  11 ****
 rock read from optional input file: s5_0fr_sm0_p17un_cold.rock                                                                                                                                                                              
 **** input title : cond **** inpt =  11 ****
 cond read from optional input file: s5_0fr_sm0_p17un_cold.cond                                                                                                                                                                              
 **** input title : ppor **** inpt =  11 ****
 ppor read from optional input file: s5_0fr_sm0_p17un_cold.ppor                                                                                                                                                                              
 **** input title : hflx **** inpt =  11 ****
 **** input title : time **** inpt =  11 ****
 **** input title : ctrl **** inpt =  11 ****
 **** input title : stop **** inpt =  11 ****
 !!!!!!!!!!!!!!!!!!!!!!!!!!!!!!!!!!!!!!!
 Coefficients read from file s5_0fr_sm0_p17un_cold.stor
 !!!!!!!!!!!!!!!!!!!!!!!!!!!!!!!!!!!!!!!

 storage for geometric coefficients         19 in common(nr)         19
Reading initial condition data from file s5_0fr_sm0_p17un_cold.ini
 gmres method chosen 
 >>>reading nop from file nop.temp .....
 >>>reading nop was succesful .....

 storage needed for ncon        4892943 available    4892943
 storage needed for nop         8748543 available    8748543
 storage needed for a matrix   17442024 available   17442024
 storage needed for b matrix   32864424 available   59688428
 storage for acceleration  27686672 available   27686672
 storage available for b matrix resized to   32864424<<<<<<


 time for reading input, forming coefficients   10.4    



 **** analysis of input data on file s5_0fr_sm0_p17un_cold.chk        ****

*********************************************************************
 Time Step         1

                    Timing Information
           Years              Days         Step Size (Days)
     0.273785079E-06     0.100000000E-03    0.100000000E-03
 Cpu Sec for Time Step =   1.578     Current Total =     1.594    

                    Equation Performance
 Number of N-R Iterations:          2
 Avg # of Linear Equation Solver Iterations:   0.5
 Number of Active Nodes:    266218.
 Total Number of Iterations, N-R:          2 , Solver:          1
 Phase Changes This Time Step:        0 Total           0
 Nodes Liq Phase:   532436 change        0
 Nodes Two Phase:        0 change        0
 Nodes Gas Phase:         0 change        0
 Nodes SC Phase:        0 change        0
 Number of restarted time steps            0
                    Largest Residuals
 EQ1 R=  0.2044E-11 node= 203509 zone=     3 x=-.1200E+05 y=0.2000E+05 z=-1000.    
 EQ2 R=  0.2339E-13 node= 514128 zone=     1 x=0.4700E+05 y=-.2100E+05 z=0.2300E+05
   Node   Equation 1 Residual   Equation 2 Residual
 266236      0.113654E-12          -0.189428E-14
 266234     -0.423268E-19          -0.239233E-19
 266231      0.137212E-17           0.787784E-18
 266226      0.994715E-20          -0.714420E-19
 266221      0.286127E-15           0.319323E-15
 266210      0.323785E-15           0.318940E-15
 266201      0.130171E-17           0.975061E-18

                    Nodal Information (Water)
                                                  source/sink  E source/sink
   Node   P (MPa)    E (MJ)    L sat     Temp (C)    (kg/s)       (MJ/s)
 266236    135.2     0.167      1.00        2.000  0.1393E-04  0.233E-05
 266234    139.3     0.167      1.00        2.000   0.000       0.00    
 266231    142.1     0.166      1.00        2.000   0.000       0.00    
 266226    149.0     0.166      1.00        2.000   0.000       0.00    
 266221    155.9     0.165      1.00        2.000   0.000       0.00    
 266210    179.6     0.163      1.00        2.000   0.000       0.00    
 266201    204.8     0.161      1.00        2.000   0.000     -0.200E-08

                    Global Mass & Energy Balances
 Total mass in system at this time:            0.477635E+17 kg
 Total mass of steam in system at this time:   0.000000E+00 kg
 Total enthalpy in system at this time:        0.319067E+16 MJ

 Water discharge this time step:   0.120326E-03 kg (0.139266E-04 kg/s)
 Water input this time step:       0.000000E+00 kg (0.000000E+00 kg/s)
 Total water discharge:            0.120326E-03 kg (0.139266E-04 kg/s)
 Total water input:                0.000000E+00 kg (0.000000E+00 kg/s)

 Enthalpy discharge this time step:  0.455391E-04 MJ (0.527073E-05 MJ/s)
 Enthalpy input this time step:      0.889343E-04 MJ (0.102933E-04 MJ/s)
 Total enthalpy discharge:           0.455391E-04 MJ (0.527073E-05 MJ/s)
 Total enthalpy input:               0.889343E-04 MJ (0.102933E-04 MJ/s)

 Net kg water discharge (total out-total in):   0.120326E-03
 Net MJ energy discharge (total out-total in):  -0.433952E-04
 Conservation Errors:   0.100000E+01 (mass),   0.112438E+05 (energy)

 Enthalpy discharge this time step:  0.407962E-04 MJ (0.393481E-05 MJ/s)
 Enthalpy input this time step:      0.106721E-03 MJ (0.102933E-04 MJ/s)
 Total enthalpy discharge:           0.863353E-04 MJ (0.454205E-05 MJ/s)
 Total enthalpy input:               0.195655E-03 MJ (0.102933E-04 MJ/s)

 Water discharge this time step:   0.618820E-04 kg (0.596856E-05 kg/s)
 Water input this time step:       0.000000E+00 kg (0.000000E+00 kg/s)
 Total water discharge:            0.182208E-03 kg (0.958587E-05 kg/s)
 Total water input:                0.000000E+00 kg (0.000000E+00 kg/s)

 Enthalpy discharge this time step:  0.407962E-04 MJ (0.393481E-05 MJ/s)
 Enthalpy input this time step:      0.106721E-03 MJ (0.102933E-04 MJ/s)
 Total enthalpy discharge:           0.863353E-04 MJ (0.454205E-05 MJ/s)
 Total enthalpy input:               0.195655E-03 MJ (0.102933E-04 MJ/s)

 Enthalpy discharge this time step:  0.427412E-04 MJ (0.343534E-05 MJ/s)
 Enthalpy input this time step:      0.128065E-03 MJ (0.102933E-04 MJ/s)
 Total enthalpy discharge:           0.129076E-03 MJ (0.410423E-05 MJ/s)
 Total enthalpy input:               0.323721E-03 MJ (0.102933E-04 MJ/s)

 Water discharge this time step:   0.371292E-04 kg (0.298428E-05 kg/s)
 Water input this time step:       0.000000E+00 kg (0.000000E+00 kg/s)
 Total water discharge:            0.219337E-03 kg (0.697425E-05 kg/s)
 Total water input:                0.000000E+00 kg (0.000000E+00 kg/s)

 Enthalpy discharge this time step:  0.427412E-04 MJ (0.343534E-05 MJ/s)
 Enthalpy input this time step:      0.128065E-03 MJ (0.102933E-04 MJ/s)
 Total enthalpy discharge:           0.129076E-03 MJ (0.410423E-05 MJ/s)
 Total enthalpy input:               0.323721E-03 MJ (0.102933E-04 MJ/s)

 Enthalpy discharge this time step:  0.463214E-04 MJ (0.310259E-05 MJ/s)
 Enthalpy input this time step:      0.153678E-03 MJ (0.102933E-04 MJ/s)
 Total enthalpy discharge:           0.175398E-03 MJ (0.378179E-05 MJ/s)
 Total enthalpy input:               0.477399E-03 MJ (0.102933E-04 MJ/s)

 Water discharge this time step:   0.148517E-04 kg (0.994760E-06 kg/s)
 Water input this time step:       0.000000E+00 kg (0.000000E+00 kg/s)
 Total water discharge:            0.234189E-03 kg (0.504941E-05 kg/s)
 Total water input:                0.000000E+00 kg (0.000000E+00 kg/s)

 Enthalpy discharge this time step:  0.463214E-04 MJ (0.310259E-05 MJ/s)
 Enthalpy input this time step:      0.153678E-03 MJ (0.102933E-04 MJ/s)
 Total enthalpy discharge:           0.175398E-03 MJ (0.378179E-05 MJ/s)
 Total enthalpy input:               0.477399E-03 MJ (0.102933E-04 MJ/s)

 Enthalpy discharge this time step:  0.554981E-04 MJ (0.309770E-05 MJ/s)
 Enthalpy input this time step:      0.184414E-03 MJ (0.102933E-04 MJ/s)
 Total enthalpy discharge:           0.230896E-03 MJ (0.359117E-05 MJ/s)
 Total enthalpy input:               0.661813E-03 MJ (0.102933E-04 MJ/s)

 Water discharge this time step:   0.178220E-04 kg (0.994760E-06 kg/s)
 Water input this time step:       0.000000E+00 kg (0.000000E+00 kg/s)
 Total water discharge:            0.252011E-03 kg (0.391958E-05 kg/s)
 Total water input:                0.000000E+00 kg (0.000000E+00 kg/s)

 Enthalpy discharge this time step:  0.554981E-04 MJ (0.309770E-05 MJ/s)
 Enthalpy input this time step:      0.184414E-03 MJ (0.102933E-04 MJ/s)
 Total enthalpy discharge:           0.230896E-03 MJ (0.359117E-05 MJ/s)
 Total enthalpy input:               0.661813E-03 MJ (0.102933E-04 MJ/s)

 Enthalpy discharge this time step:  0.666884E-04 MJ (0.310192E-05 MJ/s)
 Enthalpy input this time step:      0.221287E-03 MJ (0.102929E-04 MJ/s)
 Total enthalpy discharge:           0.297584E-03 MJ (0.346857E-05 MJ/s)
 Total enthalpy input:               0.883101E-03 MJ (0.102932E-04 MJ/s)

 Water discharge this time step:   0.213864E-04 kg (0.994760E-06 kg/s)
 Water input this time step:       0.000000E+00 kg (0.000000E+00 kg/s)
 Total water discharge:            0.273398E-03 kg (0.318666E-05 kg/s)
 Total water input:                0.000000E+00 kg (0.000000E+00 kg/s)

 Enthalpy discharge this time step:  0.666884E-04 MJ (0.310192E-05 MJ/s)
 Enthalpy input this time step:      0.221287E-03 MJ (0.102929E-04 MJ/s)
 Total enthalpy discharge:           0.297584E-03 MJ (0.346857E-05 MJ/s)
 Total enthalpy input:               0.883101E-03 MJ (0.102932E-04 MJ/s)

 Enthalpy discharge this time step:  0.759027E-04 MJ (0.294209E-05 MJ/s)
 Enthalpy input this time step:      0.299830E-03 MJ (0.116218E-04 MJ/s)
 Total enthalpy discharge:           0.373487E-03 MJ (0.334686E-05 MJ/s)
 Total enthalpy input:               0.118293E-02 MJ (0.106004E-04 MJ/s)

 Water discharge this time step:   0.000000E+00 kg (0.000000E+00 kg/s)
 Water input this time step:       0.205310E-03 kg (0.795808E-05 kg/s)
 Total water discharge:            0.273398E-03 kg (0.244994E-05 kg/s)
 Total water input:                0.205310E-03 kg (0.183980E-05 kg/s)

 Enthalpy discharge this time step:  0.759027E-04 MJ (0.294209E-05 MJ/s)
 Enthalpy input this time step:      0.299830E-03 MJ (0.116218E-04 MJ/s)
 Total enthalpy discharge:           0.373487E-03 MJ (0.334686E-05 MJ/s)
 Total enthalpy input:               0.118293E-02 MJ (0.106004E-04 MJ/s)

 Enthalpy discharge this time step:  0.910833E-04 MJ (0.294209E-05 MJ/s)
 Enthalpy input this time step:      0.364827E-03 MJ (0.117843E-04 MJ/s)
 Total enthalpy discharge:           0.464570E-03 MJ (0.325895E-05 MJ/s)
 Total enthalpy input:               0.154776E-02 MJ (0.108575E-04 MJ/s)

 Water discharge this time step:   0.000000E+00 kg (0.000000E+00 kg/s)
 Water input this time step:       0.277168E-03 kg (0.895284E-05 kg/s)
 Total water discharge:            0.273398E-03 kg (0.191788E-05 kg/s)
 Total water input:                0.482478E-03 kg (0.338457E-05 kg/s)

 Enthalpy discharge this time step:  0.910833E-04 MJ (0.294209E-05 MJ/s)
 Enthalpy input this time step:      0.364827E-03 MJ (0.117843E-04 MJ/s)
 Total enthalpy discharge:           0.464570E-03 MJ (0.325895E-05 MJ/s)
 Total enthalpy input:               0.154776E-02 MJ (0.108575E-04 MJ/s)

 Enthalpy discharge this time step:  0.109300E-03 MJ (0.294209E-05 MJ/s)
 Enthalpy input this time step:      0.388520E-03 MJ (0.104580E-04 MJ/s)
 Total enthalpy discharge:           0.573870E-03 MJ (0.319345E-05 MJ/s)
 Total enthalpy input:               0.193628E-02 MJ (0.107749E-04 MJ/s)

 Water discharge this time step:   0.000000E+00 kg (0.000000E+00 kg/s)
 Water input this time step:       0.369557E-04 kg (0.994760E-06 kg/s)
 Total water discharge:            0.273398E-03 kg (0.152139E-05 kg/s)
 Total water input:                0.519434E-03 kg (0.289052E-05 kg/s)

 Enthalpy discharge this time step:  0.109300E-03 MJ (0.294209E-05 MJ/s)
 Enthalpy input this time step:      0.388520E-03 MJ (0.104580E-04 MJ/s)
 Total enthalpy discharge:           0.573870E-03 MJ (0.319345E-05 MJ/s)
 Total enthalpy input:               0.193628E-02 MJ (0.107749E-04 MJ/s)

 Enthalpy discharge this time step:  0.175040E-03 MJ (0.392638E-05 MJ/s)
 Enthalpy input this time step:      0.457298E-03 MJ (0.102578E-04 MJ/s)
 Total enthalpy discharge:           0.748910E-03 MJ (0.333913E-05 MJ/s)
 Total enthalpy input:               0.239358E-02 MJ (0.106721E-04 MJ/s)

 Water discharge this time step:   0.266081E-03 kg (0.596856E-05 kg/s)
 Water input this time step:       0.000000E+00 kg (0.000000E+00 kg/s)
 Total water discharge:            0.539479E-03 kg (0.240535E-05 kg/s)
 Total water input:                0.519434E-03 kg (0.231597E-05 kg/s)

 Enthalpy discharge this time step:  0.175040E-03 MJ (0.392638E-05 MJ/s)
 Enthalpy input this time step:      0.457298E-03 MJ (0.102578E-04 MJ/s)
 Total enthalpy discharge:           0.748910E-03 MJ (0.333913E-05 MJ/s)
 Total enthalpy input:               0.239358E-02 MJ (0.106721E-04 MJ/s)
*********************************************************************
 Time Step        11

                    Timing Information
           Years              Days         Step Size (Days)
     0.880230487E-05     0.321504185E-02    0.619173642E-03
 Cpu Sec for Time Step =   1.187     Current Total =     14.45    

                    Equation Performance
 Number of N-R Iterations:          2
 Avg # of Linear Equation Solver Iterations:   0.5
 Number of Active Nodes:    266218.
 Total Number of Iterations, N-R:         22 , Solver:         11
 Phase Changes This Time Step:        0 Total           0
 Nodes Liq Phase:   532436 change        0
 Nodes Two Phase:        0 change        0
 Nodes Gas Phase:         0 change        0
 Nodes SC Phase:        0 change        0
 Number of restarted time steps            0
                    Largest Residuals
 EQ1 R=  0.1085E-11 node= 373826 zone=     4 x=0.2000E+05 y=0.5000E+05 z=0.2500E+05
 EQ2 R=  0.1589E-13 node= 373826 zone=     4 x=0.2000E+05 y=0.5000E+05 z=0.2500E+05
   Node   Equation 1 Residual   Equation 2 Residual
 266236      0.186480E-13           0.163706E-15
 266234     -0.262076E-18          -0.148127E-18
 266231      0.849561E-17           0.487775E-17
 266226      0.615901E-19          -0.442350E-18
 266221      0.128880E-16           0.206297E-17
 266210      0.157019E-17          -0.841287E-18
 266201      0.803229E-17           0.601311E-17

                    Nodal Information (Water)
                                                  source/sink  E source/sink
   Node   P (MPa)    E (MJ)    L sat     Temp (C)    (kg/s)       (MJ/s)
 266236    135.2     0.167      1.00        2.000  0.9948E-06  0.148E-06
 266234    139.3     0.167      1.00        2.000   0.000       0.00    
 266231    142.1     0.166      1.00        2.000   0.000       0.00    
 266226    149.0     0.166      1.00        2.000   0.000       0.00    
 266221    155.9     0.165      1.00        2.000   0.000       0.00    
 266210    179.6     0.163      1.00        2.000   0.000       0.00    
 266201    204.8     0.161      1.00        2.000   0.000     -0.200E-08

                    Global Mass & Energy Balances
 Total mass in system at this time:            0.477635E+17 kg
 Total mass of steam in system at this time:   0.000000E+00 kg
 Total enthalpy in system at this time:        0.319067E+16 MJ

 Water discharge this time step:   0.532163E-04 kg (0.994760E-06 kg/s)
 Water input this time step:       0.000000E+00 kg (0.000000E+00 kg/s)
 Total water discharge:            0.592695E-03 kg (0.213369E-05 kg/s)
 Total water input:                0.519434E-03 kg (0.186995E-05 kg/s)

 Enthalpy discharge this time step:  0.165289E-03 MJ (0.308971E-05 MJ/s)
 Enthalpy input this time step:      0.549030E-03 MJ (0.102629E-04 MJ/s)
 Total enthalpy discharge:           0.914199E-03 MJ (0.329109E-05 MJ/s)
 Total enthalpy input:               0.294261E-02 MJ (0.105933E-04 MJ/s)

 Net kg water discharge (total out-total in):   0.732616E-04
 Net MJ energy discharge (total out-total in):  -0.202841E-02
 Conservation Errors:   0.123608E+00 (mass),   0.339145E+03 (energy)

 Enthalpy discharge this time step:  0.188870E-03 MJ (0.294209E-05 MJ/s)
 Enthalpy input this time step:      0.658124E-03 MJ (0.102518E-04 MJ/s)
 Total enthalpy discharge:           0.110307E-02 MJ (0.322558E-05 MJ/s)
 Total enthalpy input:               0.360073E-02 MJ (0.105292E-04 MJ/s)

 Water discharge this time step:   0.000000E+00 kg (0.000000E+00 kg/s)
 Water input this time step:       0.000000E+00 kg (0.000000E+00 kg/s)
 Total water discharge:            0.592695E-03 kg (0.173315E-05 kg/s)
 Total water input:                0.519434E-03 kg (0.151892E-05 kg/s)

 Enthalpy discharge this time step:  0.188870E-03 MJ (0.294209E-05 MJ/s)
 Enthalpy input this time step:      0.658124E-03 MJ (0.102518E-04 MJ/s)
 Total enthalpy discharge:           0.110307E-02 MJ (0.322558E-05 MJ/s)
 Total enthalpy input:               0.360073E-02 MJ (0.105292E-04 MJ/s)

 Enthalpy discharge this time step:  0.227705E-03 MJ (0.295586E-05 MJ/s)
 Enthalpy input this time step:      0.790809E-03 MJ (0.102656E-04 MJ/s)
 Total enthalpy discharge:           0.133077E-02 MJ (0.317599E-05 MJ/s)
 Total enthalpy input:               0.439154E-02 MJ (0.104807E-04 MJ/s)

 Water discharge this time step:   0.000000E+00 kg (0.000000E+00 kg/s)
 Water input this time step:       0.000000E+00 kg (0.000000E+00 kg/s)
 Total water discharge:            0.592695E-03 kg (0.141451E-05 kg/s)
 Total water input:                0.519434E-03 kg (0.123967E-05 kg/s)

 Enthalpy discharge this time step:  0.227705E-03 MJ (0.295586E-05 MJ/s)
 Enthalpy input this time step:      0.790809E-03 MJ (0.102656E-04 MJ/s)
 Total enthalpy discharge:           0.133077E-02 MJ (0.317599E-05 MJ/s)
 Total enthalpy input:               0.439154E-02 MJ (0.104807E-04 MJ/s)

 Enthalpy discharge this time step:  0.274724E-03 MJ (0.297184E-05 MJ/s)
 Enthalpy input this time step:      0.944311E-03 MJ (0.102152E-04 MJ/s)
 Total enthalpy discharge:           0.160550E-02 MJ (0.313909E-05 MJ/s)
 Total enthalpy input:               0.533585E-02 MJ (0.104327E-04 MJ/s)

 Water discharge this time step:   0.000000E+00 kg (0.000000E+00 kg/s)
 Water input this time step:       0.000000E+00 kg (0.000000E+00 kg/s)
 Total water discharge:            0.592695E-03 kg (0.115885E-05 kg/s)
 Total water input:                0.519434E-03 kg (0.101560E-05 kg/s)

 Enthalpy discharge this time step:  0.274724E-03 MJ (0.297184E-05 MJ/s)
 Enthalpy input this time step:      0.944311E-03 MJ (0.102152E-04 MJ/s)
 Total enthalpy discharge:           0.160550E-02 MJ (0.313909E-05 MJ/s)
 Total enthalpy input:               0.533585E-02 MJ (0.104327E-04 MJ/s)

 Enthalpy discharge this time step:  0.328880E-03 MJ (0.296474E-05 MJ/s)
 Enthalpy input this time step:      0.113721E-02 MJ (0.102516E-04 MJ/s)
 Total enthalpy discharge:           0.193438E-02 MJ (0.310802E-05 MJ/s)
 Total enthalpy input:               0.647306E-02 MJ (0.104004E-04 MJ/s)

 Water discharge this time step:   0.000000E+00 kg (0.000000E+00 kg/s)
 Water input this time step:       0.000000E+00 kg (0.000000E+00 kg/s)
 Total water discharge:            0.592695E-03 kg (0.952299E-06 kg/s)
 Total water input:                0.519434E-03 kg (0.834588E-06 kg/s)

 Enthalpy discharge this time step:  0.328880E-03 MJ (0.296474E-05 MJ/s)
 Enthalpy input this time step:      0.113721E-02 MJ (0.102516E-04 MJ/s)
 Total enthalpy discharge:           0.193438E-02 MJ (0.310802E-05 MJ/s)
 Total enthalpy input:               0.647306E-02 MJ (0.104004E-04 MJ/s)

 Enthalpy discharge this time step:  0.396311E-03 MJ (0.297717E-05 MJ/s)
 Enthalpy input this time step:      0.135378E-02 MJ (0.101699E-04 MJ/s)
 Total enthalpy discharge:           0.233069E-02 MJ (0.308496E-05 MJ/s)
 Total enthalpy input:               0.782684E-02 MJ (0.103598E-04 MJ/s)

 Water discharge this time step:   0.000000E+00 kg (0.000000E+00 kg/s)
 Water input this time step:       0.000000E+00 kg (0.000000E+00 kg/s)
 Total water discharge:            0.592695E-03 kg (0.784507E-06 kg/s)
 Total water input:                0.519434E-03 kg (0.687536E-06 kg/s)

 Enthalpy discharge this time step:  0.396311E-03 MJ (0.297717E-05 MJ/s)
 Enthalpy input this time step:      0.135378E-02 MJ (0.101699E-04 MJ/s)
 Total enthalpy discharge:           0.233069E-02 MJ (0.308496E-05 MJ/s)
 Total enthalpy input:               0.782684E-02 MJ (0.103598E-04 MJ/s)

 Enthalpy discharge this time step:  0.466423E-03 MJ (0.291989E-05 MJ/s)
 Enthalpy input this time step:      0.162989E-02 MJ (0.102034E-04 MJ/s)
 Total enthalpy discharge:           0.279711E-02 MJ (0.305615E-05 MJ/s)
 Total enthalpy input:               0.945673E-02 MJ (0.103325E-04 MJ/s)

 Water discharge this time step:   0.000000E+00 kg (0.000000E+00 kg/s)
 Water input this time step:       0.000000E+00 kg (0.000000E+00 kg/s)
 Total water discharge:            0.592695E-03 kg (0.647584E-06 kg/s)
 Total water input:                0.519434E-03 kg (0.567538E-06 kg/s)

 Enthalpy discharge this time step:  0.466423E-03 MJ (0.291989E-05 MJ/s)
 Enthalpy input this time step:      0.162989E-02 MJ (0.102034E-04 MJ/s)
 Total enthalpy discharge:           0.279711E-02 MJ (0.305615E-05 MJ/s)
 Total enthalpy input:               0.945673E-02 MJ (0.103325E-04 MJ/s)

 Enthalpy discharge this time step:  0.560984E-03 MJ (0.292655E-05 MJ/s)
 Enthalpy input this time step:      0.195242E-02 MJ (0.101854E-04 MJ/s)
 Total enthalpy discharge:           0.335810E-02 MJ (0.303371E-05 MJ/s)
 Total enthalpy input:               0.114092E-01 MJ (0.103070E-04 MJ/s)

 Water discharge this time step:   0.000000E+00 kg (0.000000E+00 kg/s)
 Water input this time step:       0.000000E+00 kg (0.000000E+00 kg/s)
 Total water discharge:            0.592695E-03 kg (0.535441E-06 kg/s)
 Total water input:                0.519434E-03 kg (0.469257E-06 kg/s)

 Enthalpy discharge this time step:  0.560984E-03 MJ (0.292655E-05 MJ/s)
 Enthalpy input this time step:      0.195242E-02 MJ (0.101854E-04 MJ/s)
 Total enthalpy discharge:           0.335810E-02 MJ (0.303371E-05 MJ/s)
 Total enthalpy input:               0.114092E-01 MJ (0.103070E-04 MJ/s)

 Enthalpy discharge this time step:  0.724768E-03 MJ (0.315081E-05 MJ/s)
 Enthalpy input this time step:      0.235884E-02 MJ (0.102547E-04 MJ/s)
 Total enthalpy discharge:           0.408286E-02 MJ (0.305386E-05 MJ/s)
 Total enthalpy input:               0.137680E-01 MJ (0.102980E-04 MJ/s)

 Water discharge this time step:   0.000000E+00 kg (0.000000E+00 kg/s)
 Water input this time step:       0.000000E+00 kg (0.000000E+00 kg/s)
 Total water discharge:            0.592695E-03 kg (0.443318E-06 kg/s)
 Total water input:                0.519434E-03 kg (0.388520E-06 kg/s)

 Enthalpy discharge this time step:  0.724768E-03 MJ (0.315081E-05 MJ/s)
 Enthalpy input this time step:      0.235884E-02 MJ (0.102547E-04 MJ/s)
 Total enthalpy discharge:           0.408286E-02 MJ (0.305386E-05 MJ/s)
 Total enthalpy input:               0.137680E-01 MJ (0.102980E-04 MJ/s)

 Enthalpy discharge this time step:  0.901102E-03 MJ (0.326450E-05 MJ/s)
 Enthalpy input this time step:      0.281670E-02 MJ (0.102043E-04 MJ/s)
 Total enthalpy discharge:           0.498397E-02 MJ (0.308990E-05 MJ/s)
 Total enthalpy input:               0.165847E-01 MJ (0.102820E-04 MJ/s)

 Water discharge this time step:   0.000000E+00 kg (0.000000E+00 kg/s)
 Water input this time step:       0.000000E+00 kg (0.000000E+00 kg/s)
 Total water discharge:            0.592695E-03 kg (0.367453E-06 kg/s)
 Total water input:                0.519434E-03 kg (0.322033E-06 kg/s)

 Enthalpy discharge this time step:  0.901102E-03 MJ (0.326450E-05 MJ/s)
 Enthalpy input this time step:      0.281670E-02 MJ (0.102043E-04 MJ/s)
 Total enthalpy discharge:           0.498397E-02 MJ (0.308990E-05 MJ/s)
 Total enthalpy input:               0.165847E-01 MJ (0.102820E-04 MJ/s)
*********************************************************************
 Time Step        21

                    Timing Information
           Years              Days         Step Size (Days)
     0.616086515E-04     0.225025600E-01    0.383375999E-02
 Cpu Sec for Time Step =   1.219     Current Total =     27.05    

                    Equation Performance
 Number of N-R Iterations:          2
 Avg # of Linear Equation Solver Iterations:   0.5
 Number of Active Nodes:    266218.
 Total Number of Iterations, N-R:         42 , Solver:         21
 Phase Changes This Time Step:        0 Total           0
 Nodes Liq Phase:   532436 change        0
 Nodes Two Phase:        0 change        0
 Nodes Gas Phase:         0 change        0
 Nodes SC Phase:        0 change        0
 Number of restarted time steps            0
                    Largest Residuals
 EQ1 R=  0.5477E-12 node= 509512 zone=     4 x=0.4600E+05 y= 2000.     z=0.2500E+05
 EQ2 R=  0.1521E-13 node= 509512 zone=     4 x=0.4600E+05 y= 2000.     z=0.2500E+05
   Node   Equation 1 Residual   Equation 2 Residual
 266236     -0.290314E-13          -0.596893E-15
 266234     -0.162269E-17          -0.917161E-18
 266231      0.525961E-16           0.302017E-16
 266226      0.381347E-18          -0.273892E-17
 266221      0.797787E-16           0.127733E-16
 266210      0.972206E-17          -0.520903E-17
 266201      0.487064E-16           0.363295E-16

                    Nodal Information (Water)
                                                  source/sink  E source/sink
   Node   P (MPa)    E (MJ)    L sat     Temp (C)    (kg/s)       (MJ/s)
 266236    135.2     0.167      1.00        2.000 -0.9948E-06 -0.174E-06
 266234    139.3     0.167      1.00        2.000   0.000       0.00    
 266231    142.1     0.166      1.00        2.000   0.000       0.00    
 266226    149.0     0.166      1.00        2.000   0.000       0.00    
 266221    155.9     0.165      1.00        2.000   0.000       0.00    
 266210    179.6     0.163      1.00        2.000   0.000       0.00    
 266201    204.8     0.161      1.00        2.000   0.000     -0.200E-08

                    Global Mass & Energy Balances
 Total mass in system at this time:            0.477635E+17 kg
 Total mass of steam in system at this time:   0.000000E+00 kg
 Total enthalpy in system at this time:        0.319067E+16 MJ

 Water discharge this time step:   0.000000E+00 kg (0.000000E+00 kg/s)
 Water input this time step:       0.329501E-03 kg (0.994760E-06 kg/s)
 Total water discharge:            0.592695E-03 kg (0.304850E-06 kg/s)
 Total water input:                0.848935E-03 kg (0.436645E-06 kg/s)

 Enthalpy discharge this time step:  0.105352E-02 MJ (0.318057E-05 MJ/s)
 Enthalpy input this time step:      0.340914E-02 MJ (0.102922E-04 MJ/s)
 Total enthalpy discharge:           0.603749E-02 MJ (0.310535E-05 MJ/s)
 Total enthalpy input:               0.199938E-01 MJ (0.102837E-04 MJ/s)

 Net kg water discharge (total out-total in):  -0.256239E-03
 Net MJ energy discharge (total out-total in):  -0.139563E-01
 Conservation Errors:  -0.301837E+00 (mass),   0.493174E+02 (energy)

 Enthalpy discharge this time step:  0.969616E-03 MJ (0.243938E-05 MJ/s)
 Enthalpy input this time step:      0.418419E-02 MJ (0.105267E-04 MJ/s)
 Total enthalpy discharge:           0.700710E-02 MJ (0.299231E-05 MJ/s)
 Total enthalpy input:               0.241780E-01 MJ (0.103250E-04 MJ/s)

 Water discharge this time step:   0.000000E+00 kg (0.000000E+00 kg/s)
 Water input this time step:       0.000000E+00 kg (0.000000E+00 kg/s)
 Total water discharge:            0.592695E-03 kg (0.253104E-06 kg/s)
 Total water input:                0.848935E-03 kg (0.362528E-06 kg/s)

 Enthalpy discharge this time step:  0.969616E-03 MJ (0.243938E-05 MJ/s)
 Enthalpy input this time step:      0.418419E-02 MJ (0.105267E-04 MJ/s)
 Total enthalpy discharge:           0.700710E-02 MJ (0.299231E-05 MJ/s)
 Total enthalpy input:               0.241780E-01 MJ (0.103250E-04 MJ/s)

 Enthalpy discharge this time step:  0.119319E-02 MJ (0.250155E-05 MJ/s)
 Enthalpy input this time step:      0.503120E-02 MJ (0.105480E-04 MJ/s)
 Total enthalpy discharge:           0.820030E-02 MJ (0.290926E-05 MJ/s)
 Total enthalpy input:               0.292092E-01 MJ (0.103627E-04 MJ/s)

 Water discharge this time step:   0.000000E+00 kg (0.000000E+00 kg/s)
 Water input this time step:       0.000000E+00 kg (0.000000E+00 kg/s)
 Total water discharge:            0.592695E-03 kg (0.210274E-06 kg/s)
 Total water input:                0.848935E-03 kg (0.301181E-06 kg/s)

 Enthalpy discharge this time step:  0.119319E-02 MJ (0.250155E-05 MJ/s)
 Enthalpy input this time step:      0.503120E-02 MJ (0.105480E-04 MJ/s)
 Total enthalpy discharge:           0.820030E-02 MJ (0.290926E-05 MJ/s)
 Total enthalpy input:               0.292092E-01 MJ (0.103627E-04 MJ/s)

 Enthalpy discharge this time step:  0.142853E-02 MJ (0.249578E-05 MJ/s)
 Enthalpy input this time step:      0.606451E-02 MJ (0.105953E-04 MJ/s)
 Total enthalpy discharge:           0.962883E-02 MJ (0.283947E-05 MJ/s)
 Total enthalpy input:               0.352737E-01 MJ (0.104020E-04 MJ/s)

 Water discharge this time step:   0.000000E+00 kg (0.000000E+00 kg/s)
 Water input this time step:       0.000000E+00 kg (0.000000E+00 kg/s)
 Total water discharge:            0.592695E-03 kg (0.174781E-06 kg/s)
 Total water input:                0.848935E-03 kg (0.250345E-06 kg/s)

 Enthalpy discharge this time step:  0.142853E-02 MJ (0.249578E-05 MJ/s)
 Enthalpy input this time step:      0.606451E-02 MJ (0.105953E-04 MJ/s)
 Total enthalpy discharge:           0.962883E-02 MJ (0.283947E-05 MJ/s)
 Total enthalpy input:               0.352737E-01 MJ (0.104020E-04 MJ/s)

 Enthalpy discharge this time step:  0.166238E-02 MJ (0.242029E-05 MJ/s)
 Enthalpy input this time step:      0.733476E-02 MJ (0.106788E-04 MJ/s)
 Total enthalpy discharge:           0.112912E-01 MJ (0.276887E-05 MJ/s)
 Total enthalpy input:               0.426085E-01 MJ (0.104486E-04 MJ/s)

 Water discharge this time step:   0.000000E+00 kg (0.000000E+00 kg/s)
 Water input this time step:       0.000000E+00 kg (0.000000E+00 kg/s)
 Total water discharge:            0.592695E-03 kg (0.145343E-06 kg/s)
 Total water input:                0.848935E-03 kg (0.208179E-06 kg/s)

 Enthalpy discharge this time step:  0.166238E-02 MJ (0.242029E-05 MJ/s)
 Enthalpy input this time step:      0.733476E-02 MJ (0.106788E-04 MJ/s)
 Total enthalpy discharge:           0.112912E-01 MJ (0.276887E-05 MJ/s)
 Total enthalpy input:               0.426085E-01 MJ (0.104486E-04 MJ/s)

 Enthalpy discharge this time step:  0.200986E-02 MJ (0.243849E-05 MJ/s)
 Enthalpy input this time step:      0.877993E-02 MJ (0.106524E-04 MJ/s)
 Total enthalpy discharge:           0.133011E-01 MJ (0.271332E-05 MJ/s)
 Total enthalpy input:               0.513884E-01 MJ (0.104829E-04 MJ/s)

 Water discharge this time step:   0.000000E+00 kg (0.000000E+00 kg/s)
 Water input this time step:       0.000000E+00 kg (0.000000E+00 kg/s)
 Total water discharge:            0.592695E-03 kg (0.120905E-06 kg/s)
 Total water input:                0.848935E-03 kg (0.173176E-06 kg/s)

 Enthalpy discharge this time step:  0.200986E-02 MJ (0.243849E-05 MJ/s)
 Enthalpy input this time step:      0.877993E-02 MJ (0.106524E-04 MJ/s)
 Total enthalpy discharge:           0.133011E-01 MJ (0.271332E-05 MJ/s)
 Total enthalpy input:               0.513884E-01 MJ (0.104829E-04 MJ/s)

 Enthalpy discharge this time step:  0.231125E-02 MJ (0.233680E-05 MJ/s)
 Enthalpy input this time step:      0.110891E-01 MJ (0.112117E-04 MJ/s)
 Total enthalpy discharge:           0.156123E-01 MJ (0.265011E-05 MJ/s)
 Total enthalpy input:               0.624776E-01 MJ (0.106052E-04 MJ/s)

 Water discharge this time step:   0.000000E+00 kg (0.000000E+00 kg/s)
 Water input this time step:       0.000000E+00 kg (0.000000E+00 kg/s)
 Total water discharge:            0.592695E-03 kg (0.100607E-06 kg/s)
 Total water input:                0.848935E-03 kg (0.144102E-06 kg/s)

 Enthalpy discharge this time step:  0.231125E-02 MJ (0.233680E-05 MJ/s)
 Enthalpy input this time step:      0.110891E-01 MJ (0.112117E-04 MJ/s)
 Total enthalpy discharge:           0.156123E-01 MJ (0.265011E-05 MJ/s)
 Total enthalpy input:               0.624776E-01 MJ (0.106052E-04 MJ/s)

 Enthalpy discharge this time step:  0.262592E-02 MJ (0.221245E-05 MJ/s)
 Enthalpy input this time step:      0.134419E-01 MJ (0.113254E-04 MJ/s)
 Total enthalpy discharge:           0.182382E-01 MJ (0.257672E-05 MJ/s)
 Total enthalpy input:               0.759194E-01 MJ (0.107260E-04 MJ/s)

 Water discharge this time step:   0.000000E+00 kg (0.000000E+00 kg/s)
 Water input this time step:       0.000000E+00 kg (0.000000E+00 kg/s)
 Total water discharge:            0.592695E-03 kg (0.837366E-07 kg/s)
 Total water input:                0.848935E-03 kg (0.119938E-06 kg/s)

 Enthalpy discharge this time step:  0.262592E-02 MJ (0.221245E-05 MJ/s)
 Enthalpy input this time step:      0.134419E-01 MJ (0.113254E-04 MJ/s)
 Total enthalpy discharge:           0.182382E-01 MJ (0.257672E-05 MJ/s)
 Total enthalpy input:               0.759194E-01 MJ (0.107260E-04 MJ/s)

 Enthalpy discharge this time step:  0.333453E-02 MJ (0.234124E-05 MJ/s)
 Enthalpy input this time step:      0.179696E-01 MJ (0.126168E-04 MJ/s)
 Total enthalpy discharge:           0.215728E-01 MJ (0.253727E-05 MJ/s)
 Total enthalpy input:               0.938890E-01 MJ (0.110427E-04 MJ/s)

 Water discharge this time step:   0.000000E+00 kg (0.000000E+00 kg/s)
 Water input this time step:       0.000000E+00 kg (0.000000E+00 kg/s)
 Total water discharge:            0.592695E-03 kg (0.697096E-07 kg/s)
 Total water input:                0.848935E-03 kg (0.998471E-07 kg/s)

 Enthalpy discharge this time step:  0.333453E-02 MJ (0.234124E-05 MJ/s)
 Enthalpy input this time step:      0.179696E-01 MJ (0.126168E-04 MJ/s)
 Total enthalpy discharge:           0.215728E-01 MJ (0.253727E-05 MJ/s)
 Total enthalpy input:               0.938890E-01 MJ (0.110427E-04 MJ/s)

 Enthalpy discharge this time step:  0.415399E-02 MJ (0.243050E-05 MJ/s)
 Enthalpy input this time step:      0.214014E-01 MJ (0.125220E-04 MJ/s)
 Total enthalpy discharge:           0.257268E-01 MJ (0.251940E-05 MJ/s)
 Total enthalpy input:               0.115290E+00 MJ (0.112903E-04 MJ/s)

 Water discharge this time step:   0.000000E+00 kg (0.000000E+00 kg/s)
 Water input this time step:       0.000000E+00 kg (0.000000E+00 kg/s)
 Total water discharge:            0.592695E-03 kg (0.580422E-07 kg/s)
 Total water input:                0.848935E-03 kg (0.831355E-07 kg/s)

 Enthalpy discharge this time step:  0.415399E-02 MJ (0.243050E-05 MJ/s)
 Enthalpy input this time step:      0.214014E-01 MJ (0.125220E-04 MJ/s)
 Total enthalpy discharge:           0.257268E-01 MJ (0.251940E-05 MJ/s)
 Total enthalpy input:               0.115290E+00 MJ (0.112903E-04 MJ/s)
*********************************************************************
 Time Step        31

                    Timing Information
           Years              Days         Step Size (Days)
     0.388571631E-03     0.141925788        0.237376314E-01
 Cpu Sec for Time Step =   1.197     Current Total =     39.71    

                    Equation Performance
 Number of N-R Iterations:          2
 Avg # of Linear Equation Solver Iterations:   0.5
 Number of Active Nodes:    266218.
 Total Number of Iterations, N-R:         62 , Solver:         31
 Phase Changes This Time Step:        0 Total           0
 Nodes Liq Phase:   532436 change        0
 Nodes Two Phase:        0 change        0
 Nodes Gas Phase:         0 change        0
 Nodes SC Phase:        0 change        0
 Number of restarted time steps            0
                    Largest Residuals
 EQ1 R=  0.1549E-11 node=  57203 zone=     2 x=-.3950E+05 y=-.2050E+05 z=0.1950E+05
 EQ2 R=  0.1750E-13 node=  33978 zone=     4 x=-.4400E+05 y=0.1000E+05 z=0.2500E+05
   Node   Equation 1 Residual   Equation 2 Residual
 266236     -0.792454E-14          -0.337753E-14
 266234     -0.100467E-16          -0.567881E-17
 266231      0.629940E-15           0.188011E-15
 266226      0.236110E-17          -0.169586E-16
 266221      0.493197E-15           0.790878E-16
 266210      0.601903E-16          -0.322529E-16
 266201      0.307463E-15           0.230144E-15

                    Nodal Information (Water)
                                                  source/sink  E source/sink
   Node   P (MPa)    E (MJ)    L sat     Temp (C)    (kg/s)       (MJ/s)
 266236    135.2     0.167      1.00        2.000   0.000     -0.600E-08
 266234    139.3     0.167      1.00        2.000   0.000       0.00    
 266231    142.1     0.166      1.00        2.000   0.000       0.00    
 266226    149.0     0.166      1.00        2.000   0.000       0.00    
 266221    155.9     0.165      1.00        2.000   0.000       0.00    
 266210    179.6     0.163      1.00        2.000   0.000       0.00    
 266201    204.8     0.161      1.00        2.000   0.000     -0.178E-08

                    Global Mass & Energy Balances
 Total mass in system at this time:            0.477635E+17 kg
 Total mass of steam in system at this time:   0.000000E+00 kg
 Total enthalpy in system at this time:        0.319067E+16 MJ

 Water discharge this time step:   0.000000E+00 kg (0.000000E+00 kg/s)
 Water input this time step:       0.000000E+00 kg (0.000000E+00 kg/s)
 Total water discharge:            0.592695E-03 kg (0.483344E-07 kg/s)
 Total water input:                0.848935E-03 kg (0.692308E-07 kg/s)

 Enthalpy discharge this time step:  0.459406E-02 MJ (0.223999E-05 MJ/s)
 Enthalpy input this time step:      0.252751E-01 MJ (0.123237E-04 MJ/s)
 Total enthalpy discharge:           0.303208E-01 MJ (0.247267E-05 MJ/s)
 Total enthalpy input:               0.140566E+00 MJ (0.114631E-04 MJ/s)

 Net kg water discharge (total out-total in):  -0.256239E-03
 Net MJ energy discharge (total out-total in):  -0.110245E+00
 Conservation Errors:  -0.301837E+00 (mass),   0.632983E+01 (energy)

 Enthalpy discharge this time step:  0.504508E-02 MJ (0.204992E-05 MJ/s)
 Enthalpy input this time step:      0.308132E-01 MJ (0.125200E-04 MJ/s)
 Total enthalpy discharge:           0.353659E-01 MJ (0.240200E-05 MJ/s)
 Total enthalpy input:               0.171379E+00 MJ (0.116398E-04 MJ/s)

 Water discharge this time step:   0.000000E+00 kg (0.000000E+00 kg/s)
 Water input this time step:       0.000000E+00 kg (0.000000E+00 kg/s)
 Total water discharge:            0.592695E-03 kg (0.402550E-07 kg/s)
 Total water input:                0.848935E-03 kg (0.576585E-07 kg/s)

 Enthalpy discharge this time step:  0.504508E-02 MJ (0.204992E-05 MJ/s)
 Enthalpy input this time step:      0.308132E-01 MJ (0.125200E-04 MJ/s)
 Total enthalpy discharge:           0.353659E-01 MJ (0.240200E-05 MJ/s)
 Total enthalpy input:               0.171379E+00 MJ (0.116398E-04 MJ/s)

 Enthalpy discharge this time step:  0.528422E-02 MJ (0.178924E-05 MJ/s)
 Enthalpy input this time step:      0.381536E-01 MJ (0.129188E-04 MJ/s)
 Total enthalpy discharge:           0.406501E-01 MJ (0.229963E-05 MJ/s)
 Total enthalpy input:               0.209532E+00 MJ (0.118535E-04 MJ/s)

 Water discharge this time step:   0.000000E+00 kg (0.000000E+00 kg/s)
 Water input this time step:       0.000000E+00 kg (0.000000E+00 kg/s)
 Total water discharge:            0.592695E-03 kg (0.335295E-07 kg/s)
 Total water input:                0.848935E-03 kg (0.480252E-07 kg/s)

 Enthalpy discharge this time step:  0.528422E-02 MJ (0.178924E-05 MJ/s)
 Enthalpy input this time step:      0.381536E-01 MJ (0.129188E-04 MJ/s)
 Total enthalpy discharge:           0.406501E-01 MJ (0.229963E-05 MJ/s)
 Total enthalpy input:               0.209532E+00 MJ (0.118535E-04 MJ/s)

 Enthalpy discharge this time step:  0.205656E-01 MJ (0.580291E-05 MJ/s)
 Enthalpy input this time step:      0.379551E-01 MJ (0.107097E-04 MJ/s)
 Total enthalpy discharge:           0.612157E-01 MJ (0.288470E-05 MJ/s)
 Total enthalpy input:               0.247487E+00 MJ (0.116625E-04 MJ/s)

 Water discharge this time step:   0.000000E+00 kg (0.000000E+00 kg/s)
 Water input this time step:       0.000000E+00 kg (0.000000E+00 kg/s)
 Total water discharge:            0.592695E-03 kg (0.279298E-07 kg/s)
 Total water input:                0.848935E-03 kg (0.400047E-07 kg/s)

 Enthalpy discharge this time step:  0.205656E-01 MJ (0.580291E-05 MJ/s)
 Enthalpy input this time step:      0.379551E-01 MJ (0.107097E-04 MJ/s)
 Total enthalpy discharge:           0.612157E-01 MJ (0.288470E-05 MJ/s)
 Total enthalpy input:               0.247487E+00 MJ (0.116625E-04 MJ/s)

 Enthalpy discharge this time step:  0.212395E-01 MJ (0.499423E-05 MJ/s)
 Enthalpy input this time step:      0.482195E-01 MJ (0.113383E-04 MJ/s)
 Total enthalpy discharge:           0.824552E-01 MJ (0.323688E-05 MJ/s)
 Total enthalpy input:               0.295707E+00 MJ (0.116083E-04 MJ/s)

 Water discharge this time step:   0.000000E+00 kg (0.000000E+00 kg/s)
 Water input this time step:       0.000000E+00 kg (0.000000E+00 kg/s)
 Total water discharge:            0.592695E-03 kg (0.232670E-07 kg/s)
 Total water input:                0.848935E-03 kg (0.333260E-07 kg/s)

 Enthalpy discharge this time step:  0.212395E-01 MJ (0.499423E-05 MJ/s)
 Enthalpy input this time step:      0.482195E-01 MJ (0.113383E-04 MJ/s)
 Total enthalpy discharge:           0.824552E-01 MJ (0.323688E-05 MJ/s)
 Total enthalpy input:               0.295707E+00 MJ (0.116083E-04 MJ/s)

 Enthalpy discharge this time step:  0.211496E-01 MJ (0.414424E-05 MJ/s)
 Enthalpy input this time step:      0.596776E-01 MJ (0.116938E-04 MJ/s)
 Total enthalpy discharge:           0.103605E+00 MJ (0.338832E-05 MJ/s)
 Total enthalpy input:               0.355384E+00 MJ (0.116226E-04 MJ/s)

 Water discharge this time step:   0.000000E+00 kg (0.000000E+00 kg/s)
 Water input this time step:       0.000000E+00 kg (0.000000E+00 kg/s)
 Total water discharge:            0.592695E-03 kg (0.193837E-07 kg/s)
 Total water input:                0.848935E-03 kg (0.277638E-07 kg/s)

 Enthalpy discharge this time step:  0.211496E-01 MJ (0.414424E-05 MJ/s)
 Enthalpy input this time step:      0.596776E-01 MJ (0.116938E-04 MJ/s)
 Total enthalpy discharge:           0.103605E+00 MJ (0.338832E-05 MJ/s)
 Total enthalpy input:               0.355384E+00 MJ (0.116226E-04 MJ/s)

 Enthalpy discharge this time step:  0.186702E-01 MJ (0.304867E-05 MJ/s)
 Enthalpy input this time step:      0.736257E-01 MJ (0.120224E-04 MJ/s)
 Total enthalpy discharge:           0.122275E+00 MJ (0.333165E-05 MJ/s)
 Total enthalpy input:               0.429010E+00 MJ (0.116893E-04 MJ/s)

 Water discharge this time step:   0.000000E+00 kg (0.000000E+00 kg/s)
 Water input this time step:       0.000000E+00 kg (0.000000E+00 kg/s)
 Total water discharge:            0.592695E-03 kg (0.161493E-07 kg/s)
 Total water input:                0.848935E-03 kg (0.231310E-07 kg/s)

 Enthalpy discharge this time step:  0.186702E-01 MJ (0.304867E-05 MJ/s)
 Enthalpy input this time step:      0.736257E-01 MJ (0.120224E-04 MJ/s)
 Total enthalpy discharge:           0.122275E+00 MJ (0.333165E-05 MJ/s)
 Total enthalpy input:               0.429010E+00 MJ (0.116893E-04 MJ/s)

 Enthalpy discharge this time step:  0.176134E-01 MJ (0.239675E-05 MJ/s)
 Enthalpy input this time step:      0.891618E-01 MJ (0.121327E-04 MJ/s)
 Total enthalpy discharge:           0.139888E+00 MJ (0.317568E-05 MJ/s)
 Total enthalpy input:               0.518172E+00 MJ (0.117633E-04 MJ/s)

 Water discharge this time step:   0.000000E+00 kg (0.000000E+00 kg/s)
 Water input this time step:       0.000000E+00 kg (0.000000E+00 kg/s)
 Total water discharge:            0.592695E-03 kg (0.134551E-07 kg/s)
 Total water input:                0.848935E-03 kg (0.192721E-07 kg/s)

 Enthalpy discharge this time step:  0.176134E-01 MJ (0.239675E-05 MJ/s)
 Enthalpy input this time step:      0.891618E-01 MJ (0.121327E-04 MJ/s)
 Total enthalpy discharge:           0.139888E+00 MJ (0.317568E-05 MJ/s)
 Total enthalpy input:               0.518172E+00 MJ (0.117633E-04 MJ/s)

 Enthalpy discharge this time step:  0.161193E-01 MJ (0.182787E-05 MJ/s)
 Enthalpy input this time step:      0.108600E+00 MJ (0.123148E-04 MJ/s)
 Total enthalpy discharge:           0.156008E+00 MJ (0.295086E-05 MJ/s)
 Total enthalpy input:               0.626772E+00 MJ (0.118553E-04 MJ/s)

 Water discharge this time step:   0.000000E+00 kg (0.000000E+00 kg/s)
 Water input this time step:       0.000000E+00 kg (0.000000E+00 kg/s)
 Total water discharge:            0.592695E-03 kg (0.112107E-07 kg/s)
 Total water input:                0.848935E-03 kg (0.160575E-07 kg/s)

 Enthalpy discharge this time step:  0.161193E-01 MJ (0.182787E-05 MJ/s)
 Enthalpy input this time step:      0.108600E+00 MJ (0.123148E-04 MJ/s)
 Total enthalpy discharge:           0.156008E+00 MJ (0.295086E-05 MJ/s)
 Total enthalpy input:               0.626772E+00 MJ (0.118553E-04 MJ/s)

 Enthalpy discharge this time step:  0.164248E-01 MJ (0.155209E-05 MJ/s)
 Enthalpy input this time step:      0.127596E+00 MJ (0.120575E-04 MJ/s)
 Total enthalpy discharge:           0.172433E+00 MJ (0.271757E-05 MJ/s)
 Total enthalpy input:               0.754368E+00 MJ (0.118890E-04 MJ/s)

 Water discharge this time step:   0.000000E+00 kg (0.000000E+00 kg/s)
 Water input this time step:       0.000000E+00 kg (0.000000E+00 kg/s)
 Total water discharge:            0.592695E-03 kg (0.934100E-08 kg/s)
 Total water input:                0.848935E-03 kg (0.133794E-07 kg/s)

 Enthalpy discharge this time step:  0.164248E-01 MJ (0.155209E-05 MJ/s)
 Enthalpy input this time step:      0.127596E+00 MJ (0.120575E-04 MJ/s)
 Total enthalpy discharge:           0.172433E+00 MJ (0.271757E-05 MJ/s)
 Total enthalpy input:               0.754368E+00 MJ (0.118890E-04 MJ/s)
*********************************************************************
 Time Step        41

                    Timing Information
           Years              Days         Step Size (Days)
     0.241304022E-02     0.881362941        0.146977157    
 Cpu Sec for Time Step =   1.463     Current Total =     53.44    

                    Equation Performance
 Number of N-R Iterations:          2
 Avg # of Linear Equation Solver Iterations:   0.5
 Number of Active Nodes:    266218.
 Total Number of Iterations, N-R:         82 , Solver:         41
 Phase Changes This Time Step:        0 Total           0
 Nodes Liq Phase:   532436 change        0
 Nodes Two Phase:        0 change        0
 Nodes Gas Phase:         0 change        0
 Nodes SC Phase:        0 change        0
 Number of restarted time steps            0
                    Largest Residuals
 EQ1 R=  0.1999E-11 node= 521059 zone=     3 x=0.4800E+05 y=0.2900E+05 z= 7000.    
 EQ2 R=  0.2193E-13 node= 268685 zone=     1 x= 500.0     y=-.2050E+05 z=0.2050E+05
   Node   Equation 1 Residual   Equation 2 Residual
 266236     -0.153944E-14           0.110151E-14
 266234     -0.621838E-16          -0.351615E-16
 266231      0.738249E-15          -0.186734E-14
 266226      0.230620E-16          -0.104975E-15
 266221      0.524271E-14           0.492931E-15
 266210      0.160686E-15          -0.200041E-15
 266201     -0.206046E-15           0.778762E-16

                    Nodal Information (Water)
                                                  source/sink  E source/sink
   Node   P (MPa)    E (MJ)    L sat     Temp (C)    (kg/s)       (MJ/s)
 266236    135.2     0.167      1.00        2.000   0.000     -0.200E-08
 266234    139.3     0.167      1.00        2.000   0.000       0.00    
 266231    142.1     0.166      1.00        2.000   0.000       0.00    
 266226    149.0     0.166      1.00        2.000   0.000       0.00    
 266221    155.9     0.165      1.00        2.000   0.000       0.00    
 266210    179.6     0.163      1.00        2.000   0.000       0.00    
 266201    204.8     0.161      1.00        2.000   0.000     -0.311E-08

                    Global Mass & Energy Balances
 Total mass in system at this time:            0.477635E+17 kg
 Total mass of steam in system at this time:   0.000000E+00 kg
 Total enthalpy in system at this time:        0.319067E+16 MJ

 Water discharge this time step:   0.000000E+00 kg (0.000000E+00 kg/s)
 Water input this time step:       0.000000E+00 kg (0.000000E+00 kg/s)
 Total water discharge:            0.592695E-03 kg (0.778328E-08 kg/s)
 Total water input:                0.848935E-03 kg (0.111482E-07 kg/s)

 Enthalpy discharge this time step:  0.122883E-01 MJ (0.967670E-06 MJ/s)
 Enthalpy input this time step:      0.152563E+00 MJ (0.120139E-04 MJ/s)
 Total enthalpy discharge:           0.184721E+00 MJ (0.242576E-05 MJ/s)
 Total enthalpy input:               0.906931E+00 MJ (0.119098E-04 MJ/s)

 Net kg water discharge (total out-total in):  -0.256239E-03
 Net MJ energy discharge (total out-total in):  -0.722210E+00
 Conservation Errors:  -0.301837E+00 (mass),  -0.796323E+00 (energy)

 Enthalpy discharge this time step:  0.104825E-01 MJ (0.687894E-06 MJ/s)
 Enthalpy input this time step:      0.183850E+00 MJ (0.120648E-04 MJ/s)
 Total enthalpy discharge:           0.195203E+00 MJ (0.213598E-05 MJ/s)
 Total enthalpy input:               0.109078E+01 MJ (0.119357E-04 MJ/s)

 Water discharge this time step:   0.000000E+00 kg (0.000000E+00 kg/s)
 Water input this time step:       0.000000E+00 kg (0.000000E+00 kg/s)
 Total water discharge:            0.592695E-03 kg (0.648546E-08 kg/s)
 Total water input:                0.848935E-03 kg (0.928931E-08 kg/s)

 Enthalpy discharge this time step:  0.104825E-01 MJ (0.687894E-06 MJ/s)
 Enthalpy input this time step:      0.183850E+00 MJ (0.120648E-04 MJ/s)
 Total enthalpy discharge:           0.195203E+00 MJ (0.213598E-05 MJ/s)
 Total enthalpy input:               0.109078E+01 MJ (0.119357E-04 MJ/s)

 Enthalpy discharge this time step:  0.695136E-02 MJ (0.380140E-06 MJ/s)
 Enthalpy input this time step:      0.217778E+00 MJ (0.119094E-04 MJ/s)
 Total enthalpy discharge:           0.202155E+00 MJ (0.184322E-05 MJ/s)
 Total enthalpy input:               0.130856E+01 MJ (0.119313E-04 MJ/s)

 Water discharge this time step:   0.000000E+00 kg (0.000000E+00 kg/s)
 Water input this time step:       0.000000E+00 kg (0.000000E+00 kg/s)
 Total water discharge:            0.592695E-03 kg (0.540412E-08 kg/s)
 Total water input:                0.848935E-03 kg (0.774048E-08 kg/s)

 Enthalpy discharge this time step:  0.695136E-02 MJ (0.380140E-06 MJ/s)
 Enthalpy input this time step:      0.217778E+00 MJ (0.119094E-04 MJ/s)
 Total enthalpy discharge:           0.202155E+00 MJ (0.184322E-05 MJ/s)
 Total enthalpy input:               0.130856E+01 MJ (0.119313E-04 MJ/s)

 Enthalpy discharge this time step:  0.911148E-02 MJ (0.415223E-06 MJ/s)
 Enthalpy input this time step:      0.257587E+00 MJ (0.117386E-04 MJ/s)
 Total enthalpy discharge:           0.211266E+00 MJ (0.160514E-05 MJ/s)
 Total enthalpy input:               0.156615E+01 MJ (0.118992E-04 MJ/s)

 Water discharge this time step:   0.000000E+00 kg (0.000000E+00 kg/s)
 Water input this time step:       0.000000E+00 kg (0.000000E+00 kg/s)
 Total water discharge:            0.592695E-03 kg (0.450314E-08 kg/s)
 Total water input:                0.848935E-03 kg (0.644998E-08 kg/s)

 Enthalpy discharge this time step:  0.911148E-02 MJ (0.415223E-06 MJ/s)
 Enthalpy input this time step:      0.257587E+00 MJ (0.117386E-04 MJ/s)
 Total enthalpy discharge:           0.211266E+00 MJ (0.160514E-05 MJ/s)
 Total enthalpy input:               0.156615E+01 MJ (0.118992E-04 MJ/s)

 Enthalpy discharge this time step:  0.681753E-02 MJ (0.258904E-06 MJ/s)
 Enthalpy input this time step:      0.309432E+00 MJ (0.117510E-04 MJ/s)
 Total enthalpy discharge:           0.218084E+00 MJ (0.138071E-05 MJ/s)
 Total enthalpy input:               0.187558E+01 MJ (0.118745E-04 MJ/s)

 Water discharge this time step:   0.000000E+00 kg (0.000000E+00 kg/s)
 Water input this time step:       0.000000E+00 kg (0.000000E+00 kg/s)
 Total water discharge:            0.592695E-03 kg (0.375241E-08 kg/s)
 Total water input:                0.848935E-03 kg (0.537469E-08 kg/s)

 Enthalpy discharge this time step:  0.681753E-02 MJ (0.258904E-06 MJ/s)
 Enthalpy input this time step:      0.309432E+00 MJ (0.117510E-04 MJ/s)
 Total enthalpy discharge:           0.218084E+00 MJ (0.138071E-05 MJ/s)
 Total enthalpy input:               0.187558E+01 MJ (0.118745E-04 MJ/s)

 Enthalpy discharge this time step:  0.624453E-02 MJ (0.197620E-06 MJ/s)
 Enthalpy input this time step:      0.362365E+00 MJ (0.114677E-04 MJ/s)
 Total enthalpy discharge:           0.224328E+00 MJ (0.118348E-05 MJ/s)
 Total enthalpy input:               0.223794E+01 MJ (0.118067E-04 MJ/s)

 Water discharge this time step:   0.000000E+00 kg (0.000000E+00 kg/s)
 Water input this time step:       0.000000E+00 kg (0.000000E+00 kg/s)
 Total water discharge:            0.592695E-03 kg (0.312687E-08 kg/s)
 Total water input:                0.848935E-03 kg (0.447870E-08 kg/s)

 Enthalpy discharge this time step:  0.624453E-02 MJ (0.197620E-06 MJ/s)
 Enthalpy input this time step:      0.362365E+00 MJ (0.114677E-04 MJ/s)
 Total enthalpy discharge:           0.224328E+00 MJ (0.118348E-05 MJ/s)
 Total enthalpy input:               0.223794E+01 MJ (0.118067E-04 MJ/s)

 Enthalpy discharge this time step:  0.346887E-02 MJ (0.914824E-07 MJ/s)
 Enthalpy input this time step:      0.455913E+00 MJ (0.120235E-04 MJ/s)
 Total enthalpy discharge:           0.227797E+00 MJ (0.100145E-05 MJ/s)
 Total enthalpy input:               0.269386E+01 MJ (0.118428E-04 MJ/s)

 Water discharge this time step:   0.000000E+00 kg (0.000000E+00 kg/s)
 Water input this time step:       0.000000E+00 kg (0.000000E+00 kg/s)
 Total water discharge:            0.592695E-03 kg (0.260562E-08 kg/s)
 Total water input:                0.848935E-03 kg (0.373211E-08 kg/s)

 Enthalpy discharge this time step:  0.346887E-02 MJ (0.914824E-07 MJ/s)
 Enthalpy input this time step:      0.455913E+00 MJ (0.120235E-04 MJ/s)
 Total enthalpy discharge:           0.227797E+00 MJ (0.100145E-05 MJ/s)
 Total enthalpy input:               0.269386E+01 MJ (0.118428E-04 MJ/s)

 Enthalpy discharge this time step:  0.232381E-02 MJ (0.510703E-07 MJ/s)
 Enthalpy input this time step:      0.551420E+00 MJ (0.121185E-04 MJ/s)
 Total enthalpy discharge:           0.230121E+00 MJ (0.843027E-06 MJ/s)
 Total enthalpy input:               0.324528E+01 MJ (0.118888E-04 MJ/s)

 Water discharge this time step:   0.000000E+00 kg (0.000000E+00 kg/s)
 Water input this time step:       0.000000E+00 kg (0.000000E+00 kg/s)
 Total water discharge:            0.592695E-03 kg (0.217128E-08 kg/s)
 Total water input:                0.848935E-03 kg (0.310999E-08 kg/s)

 Enthalpy discharge this time step:  0.232381E-02 MJ (0.510703E-07 MJ/s)
 Enthalpy input this time step:      0.551420E+00 MJ (0.121185E-04 MJ/s)
 Total enthalpy discharge:           0.230121E+00 MJ (0.843027E-06 MJ/s)
 Total enthalpy input:               0.324528E+01 MJ (0.118888E-04 MJ/s)

 Enthalpy discharge this time step:  0.606211E-03 MJ (0.111022E-07 MJ/s)
 Enthalpy input this time step:      0.660843E+00 MJ (0.121028E-04 MJ/s)
 Total enthalpy discharge:           0.230727E+00 MJ (0.704354E-06 MJ/s)
 Total enthalpy input:               0.390612E+01 MJ (0.119244E-04 MJ/s)

 Water discharge this time step:   0.000000E+00 kg (0.000000E+00 kg/s)
 Water input this time step:       0.000000E+00 kg (0.000000E+00 kg/s)
 Total water discharge:            0.592695E-03 kg (0.180936E-08 kg/s)
 Total water input:                0.848935E-03 kg (0.259159E-08 kg/s)

 Enthalpy discharge this time step:  0.606211E-03 MJ (0.111022E-07 MJ/s)
 Enthalpy input this time step:      0.660843E+00 MJ (0.121028E-04 MJ/s)
 Total enthalpy discharge:           0.230727E+00 MJ (0.704354E-06 MJ/s)
 Total enthalpy input:               0.390612E+01 MJ (0.119244E-04 MJ/s)

 Enthalpy discharge this time step:  0.232785E-03 MJ (0.355271E-08 MJ/s)
 Enthalpy input this time step:      0.795877E+00 MJ (0.121465E-04 MJ/s)
 Total enthalpy discharge:           0.230960E+00 MJ (0.587541E-06 MJ/s)
 Total enthalpy input:               0.470200E+01 MJ (0.119615E-04 MJ/s)

 Water discharge this time step:   0.000000E+00 kg (0.000000E+00 kg/s)
 Water input this time step:       0.000000E+00 kg (0.000000E+00 kg/s)
 Total water discharge:            0.592695E-03 kg (0.150776E-08 kg/s)
 Total water input:                0.848935E-03 kg (0.215961E-08 kg/s)

 Enthalpy discharge this time step:  0.232785E-03 MJ (0.355271E-08 MJ/s)
 Enthalpy input this time step:      0.795877E+00 MJ (0.121465E-04 MJ/s)
 Total enthalpy discharge:           0.230960E+00 MJ (0.587541E-06 MJ/s)
 Total enthalpy input:               0.470200E+01 MJ (0.119615E-04 MJ/s)
*********************************************************************
 Time Step        51

                    Timing Information
           Years              Days         Step Size (Days)
     0.149480161E-01      5.45976289        0.910043815    
 Cpu Sec for Time Step =   1.414     Current Total =     68.30    

                    Equation Performance
 Number of N-R Iterations:          2
 Avg # of Linear Equation Solver Iterations:   0.5
 Number of Active Nodes:    266218.
 Total Number of Iterations, N-R:        102 , Solver:         51
 Phase Changes This Time Step:        0 Total           0
 Nodes Liq Phase:   532436 change        0
 Nodes Two Phase:        0 change        0
 Nodes Gas Phase:         0 change        0
 Nodes SC Phase:        0 change        0
 Number of restarted time steps            0
                    Largest Residuals
 EQ1 R=  0.2103E-11 node=  55985 zone=     3 x=-.4000E+05 y=0.3400E+05 z=-.1300E+05
 EQ2 R=  0.2449E-13 node= 121998 zone=     1 x=-.2750E+05 y=0.4700E+05 z=0.2000E+05
   Node   Equation 1 Residual   Equation 2 Residual
 266236     -0.243792E-14          -0.107966E-15
 266234      0.342318E-17          -0.214315E-15
 266231     -0.249185E-13          -0.507435E-15
 266226      0.796545E-15           0.237324E-14
 266221      0.417219E-14           0.461640E-15
 266210      0.453987E-14           0.131554E-14
 266201     -0.189195E-14          -0.664884E-16

                    Nodal Information (Water)
                                                  source/sink  E source/sink
   Node   P (MPa)    E (MJ)    L sat     Temp (C)    (kg/s)       (MJ/s)
 266236    135.2     0.167      1.00        2.000   0.000     -0.155E-08
 266234    139.3     0.167      1.00        2.000   0.000       0.00    
 266231    142.1     0.166      1.00        2.000   0.000       0.00    
 266226    149.0     0.166      1.00        2.000   0.000       0.00    
 266221    155.9     0.165      1.00        2.000   0.000       0.00    
 266210    179.6     0.163      1.00        2.000   0.000       0.00    
 266201    204.8     0.161      1.00        2.000   0.000     -0.333E-08

                    Global Mass & Energy Balances
 Total mass in system at this time:            0.477635E+17 kg
 Total mass of steam in system at this time:   0.000000E+00 kg
 Total enthalpy in system at this time:        0.319067E+16 MJ

 Water discharge this time step:   0.000000E+00 kg (0.000000E+00 kg/s)
 Water input this time step:       0.000000E+00 kg (0.000000E+00 kg/s)
 Total water discharge:            0.592695E-03 kg (0.125645E-08 kg/s)
 Total water input:                0.848935E-03 kg (0.179964E-08 kg/s)

 Enthalpy discharge this time step:  0.174589E-03 MJ (0.222045E-08 MJ/s)
 Enthalpy input this time step:      0.956851E+00 MJ (0.121694E-04 MJ/s)
 Total enthalpy discharge:           0.231135E+00 MJ (0.489979E-06 MJ/s)
 Total enthalpy input:               0.565885E+01 MJ (0.119961E-04 MJ/s)

 Net kg water discharge (total out-total in):  -0.256239E-03
 Net MJ energy discharge (total out-total in):  -0.542771E+01
 Conservation Errors:   0.942327E+04 (mass),   0.127741E-01 (energy)

 Enthalpy discharge this time step:  0.000000E+00 MJ (0.000000E+00 MJ/s)
 Enthalpy input this time step:      0.114719E+01 MJ (0.121585E-04 MJ/s)
 Total enthalpy discharge:           0.231135E+00 MJ (0.408309E-06 MJ/s)
 Total enthalpy input:               0.680604E+01 MJ (0.120232E-04 MJ/s)

 Water discharge this time step:   0.000000E+00 kg (0.000000E+00 kg/s)
 Water input this time step:       0.000000E+00 kg (0.000000E+00 kg/s)
 Total water discharge:            0.592695E-03 kg (0.104702E-08 kg/s)
 Total water input:                0.848935E-03 kg (0.149968E-08 kg/s)

 Enthalpy discharge this time step:  0.000000E+00 MJ (0.000000E+00 MJ/s)
 Enthalpy input this time step:      0.114719E+01 MJ (0.121585E-04 MJ/s)
 Total enthalpy discharge:           0.231135E+00 MJ (0.408309E-06 MJ/s)
 Total enthalpy input:               0.680604E+01 MJ (0.120232E-04 MJ/s)

 Enthalpy discharge this time step:  0.000000E+00 MJ (0.000000E+00 MJ/s)
 Enthalpy input this time step:      0.137822E+01 MJ (0.121725E-04 MJ/s)
 Total enthalpy discharge:           0.231135E+00 MJ (0.340254E-06 MJ/s)
 Total enthalpy input:               0.818426E+01 MJ (0.120481E-04 MJ/s)

 Water discharge this time step:   0.000000E+00 kg (0.000000E+00 kg/s)
 Water input this time step:       0.000000E+00 kg (0.000000E+00 kg/s)
 Total water discharge:            0.592695E-03 kg (0.872508E-09 kg/s)
 Total water input:                0.848935E-03 kg (0.124972E-08 kg/s)

 Enthalpy discharge this time step:  0.000000E+00 MJ (0.000000E+00 MJ/s)
 Enthalpy input this time step:      0.137822E+01 MJ (0.121725E-04 MJ/s)
 Total enthalpy discharge:           0.231135E+00 MJ (0.340254E-06 MJ/s)
 Total enthalpy input:               0.818426E+01 MJ (0.120481E-04 MJ/s)

 Enthalpy discharge this time step:  0.000000E+00 MJ (0.000000E+00 MJ/s)
 Enthalpy input this time step:      0.165115E+01 MJ (0.121525E-04 MJ/s)
 Total enthalpy discharge:           0.231135E+00 MJ (0.283542E-06 MJ/s)
 Total enthalpy input:               0.983541E+01 MJ (0.120655E-04 MJ/s)

 Water discharge this time step:   0.000000E+00 kg (0.000000E+00 kg/s)
 Water input this time step:       0.000000E+00 kg (0.000000E+00 kg/s)
 Total water discharge:            0.592695E-03 kg (0.727082E-09 kg/s)
 Total water input:                0.848935E-03 kg (0.104142E-08 kg/s)

 Enthalpy discharge this time step:  0.000000E+00 MJ (0.000000E+00 MJ/s)
 Enthalpy input this time step:      0.165115E+01 MJ (0.121525E-04 MJ/s)
 Total enthalpy discharge:           0.231135E+00 MJ (0.283542E-06 MJ/s)
 Total enthalpy input:               0.983541E+01 MJ (0.120655E-04 MJ/s)

 Enthalpy discharge this time step:  0.000000E+00 MJ (0.000000E+00 MJ/s)
 Enthalpy input this time step:      0.198090E+01 MJ (0.121496E-04 MJ/s)
 Total enthalpy discharge:           0.231135E+00 MJ (0.236283E-06 MJ/s)
 Total enthalpy input:               0.118163E+02 MJ (0.120795E-04 MJ/s)

 Water discharge this time step:   0.000000E+00 kg (0.000000E+00 kg/s)
 Water input this time step:       0.000000E+00 kg (0.000000E+00 kg/s)
 Total water discharge:            0.592695E-03 kg (0.605896E-09 kg/s)
 Total water input:                0.848935E-03 kg (0.867843E-09 kg/s)

 Enthalpy discharge this time step:  0.000000E+00 MJ (0.000000E+00 MJ/s)
 Enthalpy input this time step:      0.198090E+01 MJ (0.121496E-04 MJ/s)
 Total enthalpy discharge:           0.231135E+00 MJ (0.236283E-06 MJ/s)
 Total enthalpy input:               0.118163E+02 MJ (0.120795E-04 MJ/s)

 Enthalpy discharge this time step:  0.000000E+00 MJ (0.000000E+00 MJ/s)
 Enthalpy input this time step:      0.237904E+01 MJ (0.121596E-04 MJ/s)
 Total enthalpy discharge:           0.231135E+00 MJ (0.196901E-06 MJ/s)
 Total enthalpy input:               0.141954E+02 MJ (0.120928E-04 MJ/s)

 Water discharge this time step:   0.000000E+00 kg (0.000000E+00 kg/s)
 Water input this time step:       0.000000E+00 kg (0.000000E+00 kg/s)
 Total water discharge:            0.592695E-03 kg (0.504910E-09 kg/s)
 Total water input:                0.848935E-03 kg (0.723197E-09 kg/s)

 Enthalpy discharge this time step:  0.000000E+00 MJ (0.000000E+00 MJ/s)
 Enthalpy input this time step:      0.237904E+01 MJ (0.121596E-04 MJ/s)
 Total enthalpy discharge:           0.231135E+00 MJ (0.196901E-06 MJ/s)
 Total enthalpy input:               0.141954E+02 MJ (0.120928E-04 MJ/s)

 Enthalpy discharge this time step:  0.000000E+00 MJ (0.000000E+00 MJ/s)
 Enthalpy input this time step:      0.285078E+01 MJ (0.121423E-04 MJ/s)
 Total enthalpy discharge:           0.231135E+00 MJ (0.164083E-06 MJ/s)
 Total enthalpy input:               0.170461E+02 MJ (0.121011E-04 MJ/s)

 Water discharge this time step:   0.000000E+00 kg (0.000000E+00 kg/s)
 Water input this time step:       0.000000E+00 kg (0.000000E+00 kg/s)
 Total water discharge:            0.592695E-03 kg (0.420756E-09 kg/s)
 Total water input:                0.848935E-03 kg (0.602661E-09 kg/s)

 Enthalpy discharge this time step:  0.000000E+00 MJ (0.000000E+00 MJ/s)
 Enthalpy input this time step:      0.285078E+01 MJ (0.121423E-04 MJ/s)
 Total enthalpy discharge:           0.231135E+00 MJ (0.164083E-06 MJ/s)
 Total enthalpy input:               0.170461E+02 MJ (0.121011E-04 MJ/s)

 Enthalpy discharge this time step:  0.000000E+00 MJ (0.000000E+00 MJ/s)
 Enthalpy input this time step:      0.342257E+01 MJ (0.121481E-04 MJ/s)
 Total enthalpy discharge:           0.231135E+00 MJ (0.136735E-06 MJ/s)
 Total enthalpy input:               0.204687E+02 MJ (0.121089E-04 MJ/s)

 Water discharge this time step:   0.000000E+00 kg (0.000000E+00 kg/s)
 Water input this time step:       0.000000E+00 kg (0.000000E+00 kg/s)
 Total water discharge:            0.592695E-03 kg (0.350628E-09 kg/s)
 Total water input:                0.848935E-03 kg (0.502215E-09 kg/s)

 Enthalpy discharge this time step:  0.000000E+00 MJ (0.000000E+00 MJ/s)
 Enthalpy input this time step:      0.342257E+01 MJ (0.121481E-04 MJ/s)
 Total enthalpy discharge:           0.231135E+00 MJ (0.136735E-06 MJ/s)
 Total enthalpy input:               0.204687E+02 MJ (0.121089E-04 MJ/s)

 Enthalpy discharge this time step:  0.000000E+00 MJ (0.000000E+00 MJ/s)
 Enthalpy input this time step:      0.410453E+01 MJ (0.121405E-04 MJ/s)
 Total enthalpy discharge:           0.231135E+00 MJ (0.113945E-06 MJ/s)
 Total enthalpy input:               0.245732E+02 MJ (0.121142E-04 MJ/s)

 Water discharge this time step:   0.000000E+00 kg (0.000000E+00 kg/s)
 Water input this time step:       0.000000E+00 kg (0.000000E+00 kg/s)
 Total water discharge:            0.592695E-03 kg (0.292189E-09 kg/s)
 Total water input:                0.848935E-03 kg (0.418510E-09 kg/s)

 Enthalpy discharge this time step:  0.000000E+00 MJ (0.000000E+00 MJ/s)
 Enthalpy input this time step:      0.410453E+01 MJ (0.121405E-04 MJ/s)
 Total enthalpy discharge:           0.231135E+00 MJ (0.113945E-06 MJ/s)
 Total enthalpy input:               0.245732E+02 MJ (0.121142E-04 MJ/s)

 Enthalpy discharge this time step:  0.000000E+00 MJ (0.000000E+00 MJ/s)
 Enthalpy input this time step:      0.493066E+01 MJ (0.121534E-04 MJ/s)
 Total enthalpy discharge:           0.231135E+00 MJ (0.949542E-07 MJ/s)
 Total enthalpy input:               0.295039E+02 MJ (0.121207E-04 MJ/s)

 Water discharge this time step:   0.000000E+00 kg (0.000000E+00 kg/s)
 Water input this time step:       0.000000E+00 kg (0.000000E+00 kg/s)
 Total water discharge:            0.592695E-03 kg (0.243490E-09 kg/s)
 Total water input:                0.848935E-03 kg (0.348757E-09 kg/s)

 Enthalpy discharge this time step:  0.000000E+00 MJ (0.000000E+00 MJ/s)
 Enthalpy input this time step:      0.493066E+01 MJ (0.121534E-04 MJ/s)
 Total enthalpy discharge:           0.231135E+00 MJ (0.949542E-07 MJ/s)
 Total enthalpy input:               0.295039E+02 MJ (0.121207E-04 MJ/s)
*********************************************************************
 Time Step        61

                    Timing Information
           Years              Days         Step Size (Days)
     0.925612830E-01      33.8080086         5.63475144    
 Cpu Sec for Time Step =   1.419     Current Total =     83.14    

                    Equation Performance
 Number of N-R Iterations:          2
 Avg # of Linear Equation Solver Iterations:   0.5
 Number of Active Nodes:    266218.
 Total Number of Iterations, N-R:        122 , Solver:         61
 Phase Changes This Time Step:        0 Total           0
 Nodes Liq Phase:   532436 change        0
 Nodes Two Phase:        0 change        0
 Nodes Gas Phase:         0 change        0
 Nodes SC Phase:        0 change        0
 Number of restarted time steps            0
                    Largest Residuals
 EQ1 R=  0.2079E-11 node= 109296 zone=     3 x=-.3000E+05 y=0.4600E+05 z=-.1900E+05
 EQ2 R=  0.2426E-13 node= 111866 zone=     1 x=-.2900E+05 y=-.3700E+05 z=0.2100E+05
   Node   Equation 1 Residual   Equation 2 Residual
 266236     -0.243845E-14           0.100536E-15
 266234     -0.933658E-14           0.380551E-14
 266231      0.241671E-12           0.138514E-14
 266226      0.159016E-13          -0.952158E-15
 266221      0.294213E-12           0.130826E-14
 266210     -0.124445E-13           0.583720E-15
 266201      0.387305E-14          -0.736262E-16

                    Nodal Information (Water)
                                                  source/sink  E source/sink
   Node   P (MPa)    E (MJ)    L sat     Temp (C)    (kg/s)       (MJ/s)
 266236    135.2     0.167      1.00        2.000   0.000     -0.133E-08
 266234    139.3     0.167      1.00        2.000   0.000       0.00    
 266231    142.1     0.166      1.00        2.000   0.000       0.00    
 266226    149.0     0.166      1.00        2.000   0.000       0.00    
 266221    155.9     0.165      1.00        2.000   0.000       0.00    
 266210    179.6     0.163      1.00        2.000   0.000       0.00    
 266201    204.8     0.161      1.00        2.000   0.000     -0.333E-08

                    Global Mass & Energy Balances
 Total mass in system at this time:            0.477635E+17 kg
 Total mass of steam in system at this time:   0.000000E+00 kg
 Total enthalpy in system at this time:        0.319067E+16 MJ

 Water discharge this time step:   0.000000E+00 kg (0.000000E+00 kg/s)
 Water input this time step:       0.000000E+00 kg (0.000000E+00 kg/s)
 Total water discharge:            0.592695E-03 kg (0.202907E-09 kg/s)
 Total water input:                0.848935E-03 kg (0.290630E-09 kg/s)

 Enthalpy discharge this time step:  0.000000E+00 MJ (0.000000E+00 MJ/s)
 Enthalpy input this time step:      0.591657E+01 MJ (0.121529E-04 MJ/s)
 Total enthalpy discharge:           0.231135E+00 MJ (0.791282E-07 MJ/s)
 Total enthalpy input:               0.354204E+02 MJ (0.121261E-04 MJ/s)

 Net kg water discharge (total out-total in):  -0.256239E-03
 Net MJ energy discharge (total out-total in):  -0.351893E+02
 Conservation Errors:  -0.942388E+04 (mass),  -0.759255E-01 (energy)

 Enthalpy discharge this time step:  0.000000E+00 MJ (0.000000E+00 MJ/s)
 Enthalpy input this time step:      0.710365E+01 MJ (0.121594E-04 MJ/s)
 Total enthalpy discharge:           0.231135E+00 MJ (0.659400E-07 MJ/s)
 Total enthalpy input:               0.425241E+02 MJ (0.121316E-04 MJ/s)

 Water discharge this time step:   0.000000E+00 kg (0.000000E+00 kg/s)
 Water input this time step:       0.000000E+00 kg (0.000000E+00 kg/s)
 Total water discharge:            0.592695E-03 kg (0.169089E-09 kg/s)
 Total water input:                0.848935E-03 kg (0.242191E-09 kg/s)

 Enthalpy discharge this time step:  0.000000E+00 MJ (0.000000E+00 MJ/s)
 Enthalpy input this time step:      0.710365E+01 MJ (0.121594E-04 MJ/s)
 Total enthalpy discharge:           0.231135E+00 MJ (0.659400E-07 MJ/s)
 Total enthalpy input:               0.425241E+02 MJ (0.121316E-04 MJ/s)

 Enthalpy discharge this time step:  0.000000E+00 MJ (0.000000E+00 MJ/s)
 Enthalpy input this time step:      0.852593E+01 MJ (0.121616E-04 MJ/s)
 Total enthalpy discharge:           0.231135E+00 MJ (0.549499E-07 MJ/s)
 Total enthalpy input:               0.510500E+02 MJ (0.121366E-04 MJ/s)

 Water discharge this time step:   0.000000E+00 kg (0.000000E+00 kg/s)
 Water input this time step:       0.000000E+00 kg (0.000000E+00 kg/s)
 Total water discharge:            0.592695E-03 kg (0.140907E-09 kg/s)
 Total water input:                0.848935E-03 kg (0.201826E-09 kg/s)

 Enthalpy discharge this time step:  0.000000E+00 MJ (0.000000E+00 MJ/s)
 Enthalpy input this time step:      0.852593E+01 MJ (0.121616E-04 MJ/s)
 Total enthalpy discharge:           0.231135E+00 MJ (0.549499E-07 MJ/s)
 Total enthalpy input:               0.510500E+02 MJ (0.121366E-04 MJ/s)

 Enthalpy discharge this time step:  0.000000E+00 MJ (0.000000E+00 MJ/s)
 Enthalpy input this time step:      0.102365E+02 MJ (0.121680E-04 MJ/s)
 Total enthalpy discharge:           0.231135E+00 MJ (0.457915E-07 MJ/s)
 Total enthalpy input:               0.612866E+02 MJ (0.121419E-04 MJ/s)

 Water discharge this time step:   0.000000E+00 kg (0.000000E+00 kg/s)
 Water input this time step:       0.000000E+00 kg (0.000000E+00 kg/s)
 Total water discharge:            0.592695E-03 kg (0.117423E-09 kg/s)
 Total water input:                0.848935E-03 kg (0.168188E-09 kg/s)

 Enthalpy discharge this time step:  0.000000E+00 MJ (0.000000E+00 MJ/s)
 Enthalpy input this time step:      0.102365E+02 MJ (0.121680E-04 MJ/s)
 Total enthalpy discharge:           0.231135E+00 MJ (0.457915E-07 MJ/s)
 Total enthalpy input:               0.612866E+02 MJ (0.121419E-04 MJ/s)

 Enthalpy discharge this time step:  0.000000E+00 MJ (0.000000E+00 MJ/s)
 Enthalpy input this time step:      0.122841E+02 MJ (0.121683E-04 MJ/s)
 Total enthalpy discharge:           0.231135E+00 MJ (0.381595E-07 MJ/s)
 Total enthalpy input:               0.735706E+02 MJ (0.121463E-04 MJ/s)

 Water discharge this time step:   0.000000E+00 kg (0.000000E+00 kg/s)
 Water input this time step:       0.000000E+00 kg (0.000000E+00 kg/s)
 Total water discharge:            0.592695E-03 kg (0.978520E-10 kg/s)
 Total water input:                0.848935E-03 kg (0.140156E-09 kg/s)

 Enthalpy discharge this time step:  0.000000E+00 MJ (0.000000E+00 MJ/s)
 Enthalpy input this time step:      0.122841E+02 MJ (0.121683E-04 MJ/s)
 Total enthalpy discharge:           0.231135E+00 MJ (0.381595E-07 MJ/s)
 Total enthalpy input:               0.735706E+02 MJ (0.121463E-04 MJ/s)

 Enthalpy discharge this time step:  0.000000E+00 MJ (0.000000E+00 MJ/s)
 Enthalpy input this time step:      0.147409E+02 MJ (0.121683E-04 MJ/s)
 Total enthalpy discharge:           0.231135E+00 MJ (0.317996E-07 MJ/s)
 Total enthalpy input:               0.883115E+02 MJ (0.121499E-04 MJ/s)

 Water discharge this time step:   0.000000E+00 kg (0.000000E+00 kg/s)
 Water input this time step:       0.000000E+00 kg (0.000000E+00 kg/s)
 Total water discharge:            0.592695E-03 kg (0.815432E-10 kg/s)
 Total water input:                0.848935E-03 kg (0.116797E-09 kg/s)

 Enthalpy discharge this time step:  0.000000E+00 MJ (0.000000E+00 MJ/s)
 Enthalpy input this time step:      0.147409E+02 MJ (0.121683E-04 MJ/s)
 Total enthalpy discharge:           0.231135E+00 MJ (0.317996E-07 MJ/s)
 Total enthalpy input:               0.883115E+02 MJ (0.121499E-04 MJ/s)

 Enthalpy discharge this time step:  0.000000E+00 MJ (0.000000E+00 MJ/s)
 Enthalpy input this time step:      0.176903E+02 MJ (0.121692E-04 MJ/s)
 Total enthalpy discharge:           0.231135E+00 MJ (0.264996E-07 MJ/s)
 Total enthalpy input:               0.106002E+03 MJ (0.121531E-04 MJ/s)

 Water discharge this time step:   0.000000E+00 kg (0.000000E+00 kg/s)
 Water input this time step:       0.000000E+00 kg (0.000000E+00 kg/s)
 Total water discharge:            0.592695E-03 kg (0.679526E-10 kg/s)
 Total water input:                0.848935E-03 kg (0.973305E-10 kg/s)

 Enthalpy discharge this time step:  0.000000E+00 MJ (0.000000E+00 MJ/s)
 Enthalpy input this time step:      0.176903E+02 MJ (0.121692E-04 MJ/s)
 Total enthalpy discharge:           0.231135E+00 MJ (0.264996E-07 MJ/s)
 Total enthalpy input:               0.106002E+03 MJ (0.121531E-04 MJ/s)

 Enthalpy discharge this time step:  0.000000E+00 MJ (0.000000E+00 MJ/s)
 Enthalpy input this time step:      0.212269E+02 MJ (0.121683E-04 MJ/s)
 Total enthalpy discharge:           0.231135E+00 MJ (0.220830E-07 MJ/s)
 Total enthalpy input:               0.127229E+03 MJ (0.121557E-04 MJ/s)

 Water discharge this time step:   0.000000E+00 kg (0.000000E+00 kg/s)
 Water input this time step:       0.000000E+00 kg (0.000000E+00 kg/s)
 Total water discharge:            0.592695E-03 kg (0.566271E-10 kg/s)
 Total water input:                0.848935E-03 kg (0.811087E-10 kg/s)

 Enthalpy discharge this time step:  0.000000E+00 MJ (0.000000E+00 MJ/s)
 Enthalpy input this time step:      0.212269E+02 MJ (0.121683E-04 MJ/s)
 Total enthalpy discharge:           0.231135E+00 MJ (0.220830E-07 MJ/s)
 Total enthalpy input:               0.127229E+03 MJ (0.121557E-04 MJ/s)

 Enthalpy discharge this time step:  0.000000E+00 MJ (0.000000E+00 MJ/s)
 Enthalpy input this time step:      0.254727E+02 MJ (0.121685E-04 MJ/s)
 Total enthalpy discharge:           0.231135E+00 MJ (0.184025E-07 MJ/s)
 Total enthalpy input:               0.152701E+03 MJ (0.121578E-04 MJ/s)

 Water discharge this time step:   0.000000E+00 kg (0.000000E+00 kg/s)
 Water input this time step:       0.000000E+00 kg (0.000000E+00 kg/s)
 Total water discharge:            0.592695E-03 kg (0.471893E-10 kg/s)
 Total water input:                0.848935E-03 kg (0.675906E-10 kg/s)

 Enthalpy discharge this time step:  0.000000E+00 MJ (0.000000E+00 MJ/s)
 Enthalpy input this time step:      0.254727E+02 MJ (0.121685E-04 MJ/s)
 Total enthalpy discharge:           0.231135E+00 MJ (0.184025E-07 MJ/s)
 Total enthalpy input:               0.152701E+03 MJ (0.121578E-04 MJ/s)

 Enthalpy discharge this time step:  0.000000E+00 MJ (0.000000E+00 MJ/s)
 Enthalpy input this time step:      0.305689E+02 MJ (0.121692E-04 MJ/s)
 Total enthalpy discharge:           0.231135E+00 MJ (0.153354E-07 MJ/s)
 Total enthalpy input:               0.183270E+03 MJ (0.121597E-04 MJ/s)

 Water discharge this time step:   0.000000E+00 kg (0.000000E+00 kg/s)
 Water input this time step:       0.000000E+00 kg (0.000000E+00 kg/s)
 Total water discharge:            0.592695E-03 kg (0.393244E-10 kg/s)
 Total water input:                0.848935E-03 kg (0.563254E-10 kg/s)

 Enthalpy discharge this time step:  0.000000E+00 MJ (0.000000E+00 MJ/s)
 Enthalpy input this time step:      0.305689E+02 MJ (0.121692E-04 MJ/s)
 Total enthalpy discharge:           0.231135E+00 MJ (0.153354E-07 MJ/s)
 Total enthalpy input:               0.183270E+03 MJ (0.121597E-04 MJ/s)
*********************************************************************
 Time Step        71

                    Timing Information
           Years              Days         Step Size (Days)
     0.573122174          209.332874         34.8888957    
 Cpu Sec for Time Step =   1.412     Current Total =     97.94    

                    Equation Performance
 Number of N-R Iterations:          2
 Avg # of Linear Equation Solver Iterations:   0.5
 Number of Active Nodes:    266218.
 Total Number of Iterations, N-R:        142 , Solver:         71
 Phase Changes This Time Step:        0 Total           0
 Nodes Liq Phase:   532436 change        0
 Nodes Two Phase:        0 change        0
 Nodes Gas Phase:         0 change        0
 Nodes SC Phase:        0 change        0
 Number of restarted time steps            0
                    Largest Residuals
 EQ1 R=  0.1742E-11 node= 106707 zone=     3 x=-.3000E+05 y=-.2400E+05 z=-.1700E+05
 EQ2 R=  0.2178E-13 node=  87764 zone=     1 x=-.3400E+05 y=0.3500E+05 z=0.2300E+05
   Node   Equation 1 Residual   Equation 2 Residual
 266236     -0.243855E-14           0.103030E-15
 266234      0.477791E-12           0.812659E-14
 266231     -0.160928E-12           0.430916E-16
 266226      0.115044E-12           0.379137E-15
 266221      0.152729E-12           0.373701E-15
 266210      0.110886E-12           0.105230E-14
 266201     -0.132967E-13          -0.752690E-16

                    Nodal Information (Water)
                                                  source/sink  E source/sink
   Node   P (MPa)    E (MJ)    L sat     Temp (C)    (kg/s)       (MJ/s)
 266236    135.2     0.167      1.00        2.000   0.000     -0.133E-08
 266234    139.3     0.167      1.00        2.000   0.000       0.00    
 266231    142.1     0.166      1.00        2.000   0.000       0.00    
 266226    149.0     0.166      1.00        2.000   0.000       0.00    
 266221    155.9     0.165      1.00        2.000   0.000       0.00    
 266210    179.6     0.163      1.00        2.000   0.000       0.00    
 266201    204.8     0.161      1.00        2.000   0.000     -0.333E-08

                    Global Mass & Energy Balances
 Total mass in system at this time:            0.477635E+17 kg
 Total mass of steam in system at this time:   0.000000E+00 kg
 Total enthalpy in system at this time:        0.319067E+16 MJ

 Water discharge this time step:   0.000000E+00 kg (0.000000E+00 kg/s)
 Water input this time step:       0.000000E+00 kg (0.000000E+00 kg/s)
 Total water discharge:            0.592695E-03 kg (0.327703E-10 kg/s)
 Total water input:                0.848935E-03 kg (0.469378E-10 kg/s)

 Enthalpy discharge this time step:  0.000000E+00 MJ (0.000000E+00 MJ/s)
 Enthalpy input this time step:      0.366827E+02 MJ (0.121692E-04 MJ/s)
 Total enthalpy discharge:           0.231135E+00 MJ (0.127795E-07 MJ/s)
 Total enthalpy input:               0.219953E+03 MJ (0.121613E-04 MJ/s)

 Net kg water discharge (total out-total in):  -0.256239E-03
 Net MJ energy discharge (total out-total in):  -0.219722E+03
 Conservation Errors:  -0.301837E+00 (mass),  -0.260143E-01 (energy)

 Enthalpy discharge this time step:  0.000000E+00 MJ (0.000000E+00 MJ/s)
 Enthalpy input this time step:      0.440192E+02 MJ (0.121692E-04 MJ/s)
 Total enthalpy discharge:           0.231135E+00 MJ (0.106496E-07 MJ/s)
 Total enthalpy input:               0.263972E+03 MJ (0.121626E-04 MJ/s)

 Water discharge this time step:   0.000000E+00 kg (0.000000E+00 kg/s)
 Water input this time step:       0.000000E+00 kg (0.000000E+00 kg/s)
 Total water discharge:            0.592695E-03 kg (0.273086E-10 kg/s)
 Total water input:                0.848935E-03 kg (0.391148E-10 kg/s)

 Enthalpy discharge this time step:  0.000000E+00 MJ (0.000000E+00 MJ/s)
 Enthalpy input this time step:      0.440192E+02 MJ (0.121692E-04 MJ/s)
 Total enthalpy discharge:           0.231135E+00 MJ (0.106496E-07 MJ/s)
 Total enthalpy input:               0.263972E+03 MJ (0.121626E-04 MJ/s)

 Enthalpy discharge this time step:  0.000000E+00 MJ (0.000000E+00 MJ/s)
 Enthalpy input this time step:      0.528231E+02 MJ (0.121692E-04 MJ/s)
 Total enthalpy discharge:           0.231135E+00 MJ (0.887464E-08 MJ/s)
 Total enthalpy input:               0.316795E+03 MJ (0.121637E-04 MJ/s)

 Water discharge this time step:   0.000000E+00 kg (0.000000E+00 kg/s)
 Water input this time step:       0.000000E+00 kg (0.000000E+00 kg/s)
 Total water discharge:            0.592695E-03 kg (0.227571E-10 kg/s)
 Total water input:                0.848935E-03 kg (0.325957E-10 kg/s)

 Enthalpy discharge this time step:  0.000000E+00 MJ (0.000000E+00 MJ/s)
 Enthalpy input this time step:      0.528231E+02 MJ (0.121692E-04 MJ/s)
 Total enthalpy discharge:           0.231135E+00 MJ (0.887464E-08 MJ/s)
 Total enthalpy input:               0.316795E+03 MJ (0.121637E-04 MJ/s)

 Enthalpy discharge this time step:  0.000000E+00 MJ (0.000000E+00 MJ/s)
 Enthalpy input this time step:      0.633877E+02 MJ (0.121692E-04 MJ/s)
 Total enthalpy discharge:           0.231135E+00 MJ (0.739553E-08 MJ/s)
 Total enthalpy input:               0.380183E+03 MJ (0.121646E-04 MJ/s)

 Water discharge this time step:   0.000000E+00 kg (0.000000E+00 kg/s)
 Water input this time step:       0.000000E+00 kg (0.000000E+00 kg/s)
 Total water discharge:            0.592695E-03 kg (0.189643E-10 kg/s)
 Total water input:                0.848935E-03 kg (0.271631E-10 kg/s)

 Enthalpy discharge this time step:  0.000000E+00 MJ (0.000000E+00 MJ/s)
 Enthalpy input this time step:      0.633877E+02 MJ (0.121692E-04 MJ/s)
 Total enthalpy discharge:           0.231135E+00 MJ (0.739553E-08 MJ/s)
 Total enthalpy input:               0.380183E+03 MJ (0.121646E-04 MJ/s)

 Enthalpy discharge this time step:  0.000000E+00 MJ (0.000000E+00 MJ/s)
 Enthalpy input this time step:      0.760653E+02 MJ (0.121692E-04 MJ/s)
 Total enthalpy discharge:           0.231135E+00 MJ (0.616294E-08 MJ/s)
 Total enthalpy input:               0.456248E+03 MJ (0.121654E-04 MJ/s)

 Water discharge this time step:   0.000000E+00 kg (0.000000E+00 kg/s)
 Water input this time step:       0.000000E+00 kg (0.000000E+00 kg/s)
 Total water discharge:            0.592695E-03 kg (0.158036E-10 kg/s)
 Total water input:                0.848935E-03 kg (0.226359E-10 kg/s)

 Enthalpy discharge this time step:  0.000000E+00 MJ (0.000000E+00 MJ/s)
 Enthalpy input this time step:      0.760653E+02 MJ (0.121692E-04 MJ/s)
 Total enthalpy discharge:           0.231135E+00 MJ (0.616294E-08 MJ/s)
 Total enthalpy input:               0.456248E+03 MJ (0.121654E-04 MJ/s)

 Enthalpy discharge this time step:  0.000000E+00 MJ (0.000000E+00 MJ/s)
 Enthalpy input this time step:      0.912783E+02 MJ (0.121692E-04 MJ/s)
 Total enthalpy discharge:           0.231135E+00 MJ (0.513578E-08 MJ/s)
 Total enthalpy input:               0.547527E+03 MJ (0.121660E-04 MJ/s)

 Water discharge this time step:   0.000000E+00 kg (0.000000E+00 kg/s)
 Water input this time step:       0.000000E+00 kg (0.000000E+00 kg/s)
 Total water discharge:            0.592695E-03 kg (0.131696E-10 kg/s)
 Total water input:                0.848935E-03 kg (0.188632E-10 kg/s)

 Enthalpy discharge this time step:  0.000000E+00 MJ (0.000000E+00 MJ/s)
 Enthalpy input this time step:      0.912783E+02 MJ (0.121692E-04 MJ/s)
 Total enthalpy discharge:           0.231135E+00 MJ (0.513578E-08 MJ/s)
 Total enthalpy input:               0.547527E+03 MJ (0.121660E-04 MJ/s)

 Enthalpy discharge this time step:  0.000000E+00 MJ (0.000000E+00 MJ/s)
 Enthalpy input this time step:      0.109534E+03 MJ (0.121692E-04 MJ/s)
 Total enthalpy discharge:           0.231135E+00 MJ (0.427982E-08 MJ/s)
 Total enthalpy input:               0.657061E+03 MJ (0.121665E-04 MJ/s)

 Water discharge this time step:   0.000000E+00 kg (0.000000E+00 kg/s)
 Water input this time step:       0.000000E+00 kg (0.000000E+00 kg/s)
 Total water discharge:            0.592695E-03 kg (0.109747E-10 kg/s)
 Total water input:                0.848935E-03 kg (0.157194E-10 kg/s)

 Enthalpy discharge this time step:  0.000000E+00 MJ (0.000000E+00 MJ/s)
 Enthalpy input this time step:      0.109534E+03 MJ (0.121692E-04 MJ/s)
 Total enthalpy discharge:           0.231135E+00 MJ (0.427982E-08 MJ/s)
 Total enthalpy input:               0.657061E+03 MJ (0.121665E-04 MJ/s)

 Enthalpy discharge this time step:  0.000000E+00 MJ (0.000000E+00 MJ/s)
 Enthalpy input this time step:      0.131441E+03 MJ (0.121692E-04 MJ/s)
 Total enthalpy discharge:           0.231135E+00 MJ (0.356652E-08 MJ/s)
 Total enthalpy input:               0.788501E+03 MJ (0.121670E-04 MJ/s)

 Water discharge this time step:   0.000000E+00 kg (0.000000E+00 kg/s)
 Water input this time step:       0.000000E+00 kg (0.000000E+00 kg/s)
 Total water discharge:            0.592695E-03 kg (0.914557E-11 kg/s)
 Total water input:                0.848935E-03 kg (0.130995E-10 kg/s)

 Enthalpy discharge this time step:  0.000000E+00 MJ (0.000000E+00 MJ/s)
 Enthalpy input this time step:      0.131441E+03 MJ (0.121692E-04 MJ/s)
 Total enthalpy discharge:           0.231135E+00 MJ (0.356652E-08 MJ/s)
 Total enthalpy input:               0.788501E+03 MJ (0.121670E-04 MJ/s)

 Enthalpy discharge this time step:  0.000000E+00 MJ (0.000000E+00 MJ/s)
 Enthalpy input this time step:      0.157729E+03 MJ (0.121692E-04 MJ/s)
 Total enthalpy discharge:           0.231135E+00 MJ (0.297210E-08 MJ/s)
 Total enthalpy input:               0.946230E+03 MJ (0.121673E-04 MJ/s)

 Water discharge this time step:   0.000000E+00 kg (0.000000E+00 kg/s)
 Water input this time step:       0.000000E+00 kg (0.000000E+00 kg/s)
 Total water discharge:            0.592695E-03 kg (0.762131E-11 kg/s)
 Total water input:                0.848935E-03 kg (0.109162E-10 kg/s)

 Enthalpy discharge this time step:  0.000000E+00 MJ (0.000000E+00 MJ/s)
 Enthalpy input this time step:      0.157729E+03 MJ (0.121692E-04 MJ/s)
 Total enthalpy discharge:           0.231135E+00 MJ (0.297210E-08 MJ/s)
 Total enthalpy input:               0.946230E+03 MJ (0.121673E-04 MJ/s)

 Enthalpy discharge this time step:  0.000000E+00 MJ (0.000000E+00 MJ/s)
 Enthalpy input this time step:      0.189275E+03 MJ (0.121692E-04 MJ/s)
 Total enthalpy discharge:           0.231135E+00 MJ (0.247675E-08 MJ/s)
 Total enthalpy input:               0.113551E+04 MJ (0.121676E-04 MJ/s)

 Water discharge this time step:   0.000000E+00 kg (0.000000E+00 kg/s)
 Water input this time step:       0.000000E+00 kg (0.000000E+00 kg/s)
 Total water discharge:            0.592695E-03 kg (0.635109E-11 kg/s)
 Total water input:                0.848935E-03 kg (0.909685E-11 kg/s)

 Enthalpy discharge this time step:  0.000000E+00 MJ (0.000000E+00 MJ/s)
 Enthalpy input this time step:      0.189275E+03 MJ (0.121692E-04 MJ/s)
 Total enthalpy discharge:           0.231135E+00 MJ (0.247675E-08 MJ/s)
 Total enthalpy input:               0.113551E+04 MJ (0.121676E-04 MJ/s)
*********************************************************************
 Time Step        81

                    Timing Information
           Years              Days         Step Size (Days)
      3.54862855          1296.13658         216.022846    
 Cpu Sec for Time Step =   1.538     Current Total =     113.5    

                    Equation Performance
 Number of N-R Iterations:          2
 Avg # of Linear Equation Solver Iterations:   1.5
 Number of Active Nodes:    266218.
 Total Number of Iterations, N-R:        162 , Solver:         93
 Phase Changes This Time Step:        0 Total           0
 Nodes Liq Phase:   532436 change        0
 Nodes Two Phase:        0 change        0
 Nodes Gas Phase:         0 change        0
 Nodes SC Phase:        0 change        0
 Number of restarted time steps            0
                    Largest Residuals
 EQ1 R=  0.1251E-11 node= 500492 zone=     4 x=0.4400E+05 y=0.4400E+05 z=0.2500E+05
 EQ2 R=  0.1984E-13 node= 387464 zone=     1 x=0.2300E+05 y=-.1300E+05 z=0.2300E+05
   Node   Equation 1 Residual   Equation 2 Residual
 266236     -0.243854E-14           0.103441E-15
 266234      0.636752E-13          -0.600495E-14
 266231     -0.847345E-14           0.613543E-15
 266226      0.609725E-12           0.352111E-14
 266221     -0.139044E-13          -0.311353E-15
 266210      0.583197E-12           0.152675E-14
 266201      0.137809E-12          -0.755258E-16

                    Nodal Information (Water)
                                                  source/sink  E source/sink
   Node   P (MPa)    E (MJ)    L sat     Temp (C)    (kg/s)       (MJ/s)
 266236    135.2     0.167      1.00        2.000   0.000     -0.133E-08
 266234    139.3     0.167      1.00        2.000   0.000       0.00    
 266231    142.1     0.166      1.00        2.000   0.000       0.00    
 266226    149.0     0.166      1.00        2.000   0.000       0.00    
 266221    155.9     0.165      1.00        2.000   0.000       0.00    
 266210    179.6     0.163      1.00        2.000   0.000       0.00    
 266201    204.8     0.161      1.00        2.000   0.000     -0.333E-08

                    Global Mass & Energy Balances
 Total mass in system at this time:            0.477635E+17 kg
 Total mass of steam in system at this time:   0.000000E+00 kg
 Total enthalpy in system at this time:        0.319067E+16 MJ

 Water discharge this time step:   0.000000E+00 kg (0.000000E+00 kg/s)
 Water input this time step:       0.000000E+00 kg (0.000000E+00 kg/s)
 Total water discharge:            0.592695E-03 kg (0.529257E-11 kg/s)
 Total water input:                0.848935E-03 kg (0.758071E-11 kg/s)

 Enthalpy discharge this time step:  0.000000E+00 MJ (0.000000E+00 MJ/s)
 Enthalpy input this time step:      0.227130E+03 MJ (0.121692E-04 MJ/s)
 Total enthalpy discharge:           0.231135E+00 MJ (0.206396E-08 MJ/s)
 Total enthalpy input:               0.136263E+04 MJ (0.121679E-04 MJ/s)

 Net kg water discharge (total out-total in):  -0.256239E-03
 Net MJ energy discharge (total out-total in):  -0.136240E+04
 Conservation Errors:  -0.942388E+04 (mass),  -0.286474E-02 (energy)

 Enthalpy discharge this time step:  0.000000E+00 MJ (0.000000E+00 MJ/s)
 Enthalpy input this time step:      0.272556E+03 MJ (0.121692E-04 MJ/s)
 Total enthalpy discharge:           0.231135E+00 MJ (0.171996E-08 MJ/s)
 Total enthalpy input:               0.163519E+04 MJ (0.121681E-04 MJ/s)

 Water discharge this time step:   0.000000E+00 kg (0.000000E+00 kg/s)
 Water input this time step:       0.000000E+00 kg (0.000000E+00 kg/s)
 Total water discharge:            0.592695E-03 kg (0.441048E-11 kg/s)
 Total water input:                0.848935E-03 kg (0.631726E-11 kg/s)

 Enthalpy discharge this time step:  0.000000E+00 MJ (0.000000E+00 MJ/s)
 Enthalpy input this time step:      0.272556E+03 MJ (0.121692E-04 MJ/s)
 Total enthalpy discharge:           0.231135E+00 MJ (0.171996E-08 MJ/s)
 Total enthalpy input:               0.163519E+04 MJ (0.121681E-04 MJ/s)

 Enthalpy discharge this time step:  0.000000E+00 MJ (0.000000E+00 MJ/s)
 Enthalpy input this time step:      0.327067E+03 MJ (0.121692E-04 MJ/s)
 Total enthalpy discharge:           0.231135E+00 MJ (0.143330E-08 MJ/s)
 Total enthalpy input:               0.196226E+04 MJ (0.121683E-04 MJ/s)

 Water discharge this time step:   0.000000E+00 kg (0.000000E+00 kg/s)
 Water input this time step:       0.000000E+00 kg (0.000000E+00 kg/s)
 Total water discharge:            0.592695E-03 kg (0.367540E-11 kg/s)
 Total water input:                0.848935E-03 kg (0.526438E-11 kg/s)

 Enthalpy discharge this time step:  0.000000E+00 MJ (0.000000E+00 MJ/s)
 Enthalpy input this time step:      0.327067E+03 MJ (0.121692E-04 MJ/s)
 Total enthalpy discharge:           0.231135E+00 MJ (0.143330E-08 MJ/s)
 Total enthalpy input:               0.196226E+04 MJ (0.121683E-04 MJ/s)

 Enthalpy discharge this time step:  0.000000E+00 MJ (0.000000E+00 MJ/s)
 Enthalpy input this time step:      0.392480E+03 MJ (0.121692E-04 MJ/s)
 Total enthalpy discharge:           0.231135E+00 MJ (0.119442E-08 MJ/s)
 Total enthalpy input:               0.235474E+04 MJ (0.121684E-04 MJ/s)

 Water discharge this time step:   0.000000E+00 kg (0.000000E+00 kg/s)
 Water input this time step:       0.000000E+00 kg (0.000000E+00 kg/s)
 Total water discharge:            0.592695E-03 kg (0.306283E-11 kg/s)
 Total water input:                0.848935E-03 kg (0.438698E-11 kg/s)

 Enthalpy discharge this time step:  0.000000E+00 MJ (0.000000E+00 MJ/s)
 Enthalpy input this time step:      0.392480E+03 MJ (0.121692E-04 MJ/s)
 Total enthalpy discharge:           0.231135E+00 MJ (0.119442E-08 MJ/s)
 Total enthalpy input:               0.235474E+04 MJ (0.121684E-04 MJ/s)

 Enthalpy discharge this time step:  0.000000E+00 MJ (0.000000E+00 MJ/s)
 Enthalpy input this time step:      0.470976E+03 MJ (0.121692E-04 MJ/s)
 Total enthalpy discharge:           0.231135E+00 MJ (0.995349E-09 MJ/s)
 Total enthalpy input:               0.282571E+04 MJ (0.121685E-04 MJ/s)

 Water discharge this time step:   0.000000E+00 kg (0.000000E+00 kg/s)
 Water input this time step:       0.000000E+00 kg (0.000000E+00 kg/s)
 Total water discharge:            0.592695E-03 kg (0.255236E-11 kg/s)
 Total water input:                0.848935E-03 kg (0.365582E-11 kg/s)

 Enthalpy discharge this time step:  0.000000E+00 MJ (0.000000E+00 MJ/s)
 Enthalpy input this time step:      0.470976E+03 MJ (0.121692E-04 MJ/s)
 Total enthalpy discharge:           0.231135E+00 MJ (0.995349E-09 MJ/s)
 Total enthalpy input:               0.282571E+04 MJ (0.121685E-04 MJ/s)

 Enthalpy discharge this time step:  0.000000E+00 MJ (0.000000E+00 MJ/s)
 Enthalpy input this time step:      0.565171E+03 MJ (0.121692E-04 MJ/s)
 Total enthalpy discharge:           0.231135E+00 MJ (0.829457E-09 MJ/s)
 Total enthalpy input:               0.339088E+04 MJ (0.121686E-04 MJ/s)

 Water discharge this time step:   0.000000E+00 kg (0.000000E+00 kg/s)
 Water input this time step:       0.000000E+00 kg (0.000000E+00 kg/s)
 Total water discharge:            0.592695E-03 kg (0.212697E-11 kg/s)
 Total water input:                0.848935E-03 kg (0.304652E-11 kg/s)

 Enthalpy discharge this time step:  0.000000E+00 MJ (0.000000E+00 MJ/s)
 Enthalpy input this time step:      0.565171E+03 MJ (0.121692E-04 MJ/s)
 Total enthalpy discharge:           0.231135E+00 MJ (0.829457E-09 MJ/s)
 Total enthalpy input:               0.339088E+04 MJ (0.121686E-04 MJ/s)

 Enthalpy discharge this time step:  0.000000E+00 MJ (0.000000E+00 MJ/s)
 Enthalpy input this time step:      0.678206E+03 MJ (0.121692E-04 MJ/s)
 Total enthalpy discharge:           0.231135E+00 MJ (0.691214E-09 MJ/s)
 Total enthalpy input:               0.406909E+04 MJ (0.121687E-04 MJ/s)

 Water discharge this time step:   0.000000E+00 kg (0.000000E+00 kg/s)
 Water input this time step:       0.000000E+00 kg (0.000000E+00 kg/s)
 Total water discharge:            0.592695E-03 kg (0.177247E-11 kg/s)
 Total water input:                0.848935E-03 kg (0.253876E-11 kg/s)

 Enthalpy discharge this time step:  0.000000E+00 MJ (0.000000E+00 MJ/s)
 Enthalpy input this time step:      0.678206E+03 MJ (0.121692E-04 MJ/s)
 Total enthalpy discharge:           0.231135E+00 MJ (0.691214E-09 MJ/s)
 Total enthalpy input:               0.406909E+04 MJ (0.121687E-04 MJ/s)

 Enthalpy discharge this time step:  0.000000E+00 MJ (0.000000E+00 MJ/s)
 Enthalpy input this time step:      0.813847E+03 MJ (0.121692E-04 MJ/s)
 Total enthalpy discharge:           0.231135E+00 MJ (0.576012E-09 MJ/s)
 Total enthalpy input:               0.488294E+04 MJ (0.121688E-04 MJ/s)

 Water discharge this time step:   0.000000E+00 kg (0.000000E+00 kg/s)
 Water input this time step:       0.000000E+00 kg (0.000000E+00 kg/s)
 Total water discharge:            0.592695E-03 kg (0.147706E-11 kg/s)
 Total water input:                0.848935E-03 kg (0.211564E-11 kg/s)

 Enthalpy discharge this time step:  0.000000E+00 MJ (0.000000E+00 MJ/s)
 Enthalpy input this time step:      0.813847E+03 MJ (0.121692E-04 MJ/s)
 Total enthalpy discharge:           0.231135E+00 MJ (0.576012E-09 MJ/s)
 Total enthalpy input:               0.488294E+04 MJ (0.121688E-04 MJ/s)

 Enthalpy discharge this time step:  0.000000E+00 MJ (0.000000E+00 MJ/s)
 Enthalpy input this time step:      0.976616E+03 MJ (0.121692E-04 MJ/s)
 Total enthalpy discharge:           0.231135E+00 MJ (0.480010E-09 MJ/s)
 Total enthalpy input:               0.585955E+04 MJ (0.121689E-04 MJ/s)

 Water discharge this time step:   0.000000E+00 kg (0.000000E+00 kg/s)
 Water input this time step:       0.000000E+00 kg (0.000000E+00 kg/s)
 Total water discharge:            0.592695E-03 kg (0.123088E-11 kg/s)
 Total water input:                0.848935E-03 kg (0.176303E-11 kg/s)

 Enthalpy discharge this time step:  0.000000E+00 MJ (0.000000E+00 MJ/s)
 Enthalpy input this time step:      0.976616E+03 MJ (0.121692E-04 MJ/s)
 Total enthalpy discharge:           0.231135E+00 MJ (0.480010E-09 MJ/s)
 Total enthalpy input:               0.585955E+04 MJ (0.121689E-04 MJ/s)

 Enthalpy discharge this time step:  0.000000E+00 MJ (0.000000E+00 MJ/s)
 Enthalpy input this time step:      0.117194E+04 MJ (0.121692E-04 MJ/s)
 Total enthalpy discharge:           0.231135E+00 MJ (0.400008E-09 MJ/s)
 Total enthalpy input:               0.703149E+04 MJ (0.121689E-04 MJ/s)

 Water discharge this time step:   0.000000E+00 kg (0.000000E+00 kg/s)
 Water input this time step:       0.000000E+00 kg (0.000000E+00 kg/s)
 Total water discharge:            0.592695E-03 kg (0.102574E-11 kg/s)
 Total water input:                0.848935E-03 kg (0.146919E-11 kg/s)

 Enthalpy discharge this time step:  0.000000E+00 MJ (0.000000E+00 MJ/s)
 Enthalpy input this time step:      0.117194E+04 MJ (0.121692E-04 MJ/s)
 Total enthalpy discharge:           0.231135E+00 MJ (0.400008E-09 MJ/s)
 Total enthalpy input:               0.703149E+04 MJ (0.121689E-04 MJ/s)
*********************************************************************
 Time Step        91

                    Timing Information
           Years              Days         Step Size (Days)
      21.9721797          8025.33865         1337.55652    
 Cpu Sec for Time Step =   1.688     Current Total =     130.2    

                    Equation Performance
 Number of N-R Iterations:          2
 Avg # of Linear Equation Solver Iterations:   2.5
 Number of Active Nodes:    266218.
 Total Number of Iterations, N-R:        182 , Solver:        130
 Phase Changes This Time Step:        0 Total           0
 Nodes Liq Phase:   532436 change        0
 Nodes Two Phase:        0 change        0
 Nodes Gas Phase:         0 change        0
 Nodes SC Phase:        0 change        0
 Number of restarted time steps            0
                    Largest Residuals
 EQ1 R=  0.7555E-12 node= 361402 zone=     4 x=0.1800E+05 y= 0.000     z=0.2500E+05
 EQ2 R=  0.1602E-13 node= 402838 zone=     1 x=0.2600E+05 y=-.2300E+05 z=0.2300E+05
   Node   Equation 1 Residual   Equation 2 Residual
 266236     -0.243846E-14           0.103505E-15
 266234     -0.315037E-12          -0.242742E-14
 266231      0.421432E-13           0.943808E-15
 266226      0.152331E-12           0.137230E-14
 266221      0.132463E-13           0.389007E-15
 266210     -0.552199E-14          -0.245756E-15
 266201      0.863932E-13          -0.755311E-16

                    Nodal Information (Water)
                                                  source/sink  E source/sink
   Node   P (MPa)    E (MJ)    L sat     Temp (C)    (kg/s)       (MJ/s)
 266236    135.2     0.167      1.00        2.000   0.000     -0.133E-08
 266234    139.3     0.167      1.00        2.000   0.000       0.00    
 266231    142.1     0.166      1.00        2.000   0.000       0.00    
 266226    149.0     0.166      1.00        2.000   0.000       0.00    
 266221    155.9     0.165      1.00        2.000   0.000       0.00    
 266210    179.6     0.163      1.00        2.000   0.000       0.00    
 266201    204.8     0.161      1.00        2.000   0.000     -0.333E-08

                    Global Mass & Energy Balances
 Total mass in system at this time:            0.477635E+17 kg
 Total mass of steam in system at this time:   0.000000E+00 kg
 Total enthalpy in system at this time:        0.319067E+16 MJ

 Water discharge this time step:   0.000000E+00 kg (0.000000E+00 kg/s)
 Water input this time step:       0.000000E+00 kg (0.000000E+00 kg/s)
 Total water discharge:            0.592695E-03 kg (0.854780E-12 kg/s)
 Total water input:                0.848935E-03 kg (0.122433E-11 kg/s)

 Enthalpy discharge this time step:  0.000000E+00 MJ (0.000000E+00 MJ/s)
 Enthalpy input this time step:      0.140633E+04 MJ (0.121692E-04 MJ/s)
 Total enthalpy discharge:           0.231135E+00 MJ (0.333340E-09 MJ/s)
 Total enthalpy input:               0.843782E+04 MJ (0.121689E-04 MJ/s)

 Net kg water discharge (total out-total in):  -0.256239E-03
 Net MJ energy discharge (total out-total in):  -0.843759E+04
 Conservation Errors:  -0.848125E+05 (mass),  -0.196837E-01 (energy)

 Enthalpy discharge this time step:  0.000000E+00 MJ (0.000000E+00 MJ/s)
 Enthalpy input this time step:      0.168759E+04 MJ (0.121692E-04 MJ/s)
 Total enthalpy discharge:           0.231135E+00 MJ (0.277783E-09 MJ/s)
 Total enthalpy input:               0.101254E+05 MJ (0.121690E-04 MJ/s)

 Water discharge this time step:   0.000000E+00 kg (0.000000E+00 kg/s)
 Water input this time step:       0.000000E+00 kg (0.000000E+00 kg/s)
 Total water discharge:            0.592695E-03 kg (0.712317E-12 kg/s)
 Total water input:                0.848935E-03 kg (0.102027E-11 kg/s)

 Enthalpy discharge this time step:  0.000000E+00 MJ (0.000000E+00 MJ/s)
 Enthalpy input this time step:      0.168759E+04 MJ (0.121692E-04 MJ/s)
 Total enthalpy discharge:           0.231135E+00 MJ (0.277783E-09 MJ/s)
 Total enthalpy input:               0.101254E+05 MJ (0.121690E-04 MJ/s)

 Enthalpy discharge this time step:  0.000000E+00 MJ (0.000000E+00 MJ/s)
 Enthalpy input this time step:      0.202511E+04 MJ (0.121692E-04 MJ/s)
 Total enthalpy discharge:           0.231135E+00 MJ (0.231486E-09 MJ/s)
 Total enthalpy input:               0.121505E+05 MJ (0.121690E-04 MJ/s)

 Water discharge this time step:   0.000000E+00 kg (0.000000E+00 kg/s)
 Water input this time step:       0.000000E+00 kg (0.000000E+00 kg/s)
 Total water discharge:            0.592695E-03 kg (0.593597E-12 kg/s)
 Total water input:                0.848935E-03 kg (0.850227E-12 kg/s)

 Enthalpy discharge this time step:  0.000000E+00 MJ (0.000000E+00 MJ/s)
 Enthalpy input this time step:      0.202511E+04 MJ (0.121692E-04 MJ/s)
 Total enthalpy discharge:           0.231135E+00 MJ (0.231486E-09 MJ/s)
 Total enthalpy input:               0.121505E+05 MJ (0.121690E-04 MJ/s)

 Enthalpy discharge this time step:  0.000000E+00 MJ (0.000000E+00 MJ/s)
 Enthalpy input this time step:      0.243013E+04 MJ (0.121692E-04 MJ/s)
 Total enthalpy discharge:           0.231135E+00 MJ (0.192905E-09 MJ/s)
 Total enthalpy input:               0.145807E+05 MJ (0.121690E-04 MJ/s)

 Water discharge this time step:   0.000000E+00 kg (0.000000E+00 kg/s)
 Water input this time step:       0.000000E+00 kg (0.000000E+00 kg/s)
 Total water discharge:            0.592695E-03 kg (0.494664E-12 kg/s)
 Total water input:                0.848935E-03 kg (0.708522E-12 kg/s)

 Enthalpy discharge this time step:  0.000000E+00 MJ (0.000000E+00 MJ/s)
 Enthalpy input this time step:      0.243013E+04 MJ (0.121692E-04 MJ/s)
 Total enthalpy discharge:           0.231135E+00 MJ (0.192905E-09 MJ/s)
 Total enthalpy input:               0.145807E+05 MJ (0.121690E-04 MJ/s)

 Enthalpy discharge this time step:  0.000000E+00 MJ (0.000000E+00 MJ/s)
 Enthalpy input this time step:      0.291616E+04 MJ (0.121692E-04 MJ/s)
 Total enthalpy discharge:           0.231135E+00 MJ (0.160754E-09 MJ/s)
 Total enthalpy input:               0.174968E+05 MJ (0.121691E-04 MJ/s)

 Water discharge this time step:   0.000000E+00 kg (0.000000E+00 kg/s)
 Water input this time step:       0.000000E+00 kg (0.000000E+00 kg/s)
 Total water discharge:            0.592695E-03 kg (0.412220E-12 kg/s)
 Total water input:                0.848935E-03 kg (0.590435E-12 kg/s)

 Enthalpy discharge this time step:  0.000000E+00 MJ (0.000000E+00 MJ/s)
 Enthalpy input this time step:      0.291616E+04 MJ (0.121692E-04 MJ/s)
 Total enthalpy discharge:           0.231135E+00 MJ (0.160754E-09 MJ/s)
 Total enthalpy input:               0.174968E+05 MJ (0.121691E-04 MJ/s)

 Enthalpy discharge this time step:  0.000000E+00 MJ (0.000000E+00 MJ/s)
 Enthalpy input this time step:      0.349939E+04 MJ (0.121692E-04 MJ/s)
 Total enthalpy discharge:           0.231135E+00 MJ (0.133962E-09 MJ/s)
 Total enthalpy input:               0.209962E+05 MJ (0.121691E-04 MJ/s)

 Water discharge this time step:   0.000000E+00 kg (0.000000E+00 kg/s)
 Water input this time step:       0.000000E+00 kg (0.000000E+00 kg/s)
 Total water discharge:            0.592695E-03 kg (0.343517E-12 kg/s)
 Total water input:                0.848935E-03 kg (0.492029E-12 kg/s)

 Enthalpy discharge this time step:  0.000000E+00 MJ (0.000000E+00 MJ/s)
 Enthalpy input this time step:      0.349939E+04 MJ (0.121692E-04 MJ/s)
 Total enthalpy discharge:           0.231135E+00 MJ (0.133962E-09 MJ/s)
 Total enthalpy input:               0.209962E+05 MJ (0.121691E-04 MJ/s)

 Enthalpy discharge this time step:  0.000000E+00 MJ (0.000000E+00 MJ/s)
 Enthalpy input this time step:      0.419927E+04 MJ (0.121692E-04 MJ/s)
 Total enthalpy discharge:           0.231135E+00 MJ (0.111635E-09 MJ/s)
 Total enthalpy input:               0.251955E+05 MJ (0.121691E-04 MJ/s)

 Water discharge this time step:   0.000000E+00 kg (0.000000E+00 kg/s)
 Water input this time step:       0.000000E+00 kg (0.000000E+00 kg/s)
 Total water discharge:            0.592695E-03 kg (0.286264E-12 kg/s)
 Total water input:                0.848935E-03 kg (0.410024E-12 kg/s)

 Enthalpy discharge this time step:  0.000000E+00 MJ (0.000000E+00 MJ/s)
 Enthalpy input this time step:      0.419927E+04 MJ (0.121692E-04 MJ/s)
 Total enthalpy discharge:           0.231135E+00 MJ (0.111635E-09 MJ/s)
 Total enthalpy input:               0.251955E+05 MJ (0.121691E-04 MJ/s)

 Enthalpy discharge this time step:  0.000000E+00 MJ (0.000000E+00 MJ/s)
 Enthalpy input this time step:      0.503912E+04 MJ (0.121692E-04 MJ/s)
 Total enthalpy discharge:           0.231135E+00 MJ (0.930291E-10 MJ/s)
 Total enthalpy input:               0.302346E+05 MJ (0.121691E-04 MJ/s)

 Water discharge this time step:   0.000000E+00 kg (0.000000E+00 kg/s)
 Water input this time step:       0.000000E+00 kg (0.000000E+00 kg/s)
 Total water discharge:            0.592695E-03 kg (0.238553E-12 kg/s)
 Total water input:                0.848935E-03 kg (0.341687E-12 kg/s)

 Enthalpy discharge this time step:  0.000000E+00 MJ (0.000000E+00 MJ/s)
 Enthalpy input this time step:      0.503912E+04 MJ (0.121692E-04 MJ/s)
 Total enthalpy discharge:           0.231135E+00 MJ (0.930291E-10 MJ/s)
 Total enthalpy input:               0.302346E+05 MJ (0.121691E-04 MJ/s)

 Enthalpy discharge this time step:  0.000000E+00 MJ (0.000000E+00 MJ/s)
 Enthalpy input this time step:      0.604695E+04 MJ (0.121692E-04 MJ/s)
 Total enthalpy discharge:           0.231135E+00 MJ (0.775243E-10 MJ/s)
 Total enthalpy input:               0.362815E+05 MJ (0.121691E-04 MJ/s)

 Water discharge this time step:   0.000000E+00 kg (0.000000E+00 kg/s)
 Water input this time step:       0.000000E+00 kg (0.000000E+00 kg/s)
 Total water discharge:            0.592695E-03 kg (0.198794E-12 kg/s)
 Total water input:                0.848935E-03 kg (0.284739E-12 kg/s)

 Enthalpy discharge this time step:  0.000000E+00 MJ (0.000000E+00 MJ/s)
 Enthalpy input this time step:      0.604695E+04 MJ (0.121692E-04 MJ/s)
 Total enthalpy discharge:           0.231135E+00 MJ (0.775243E-10 MJ/s)
 Total enthalpy input:               0.362815E+05 MJ (0.121691E-04 MJ/s)

 Enthalpy discharge this time step:  0.000000E+00 MJ (0.000000E+00 MJ/s)
 Enthalpy input this time step:      0.725634E+04 MJ (0.121692E-04 MJ/s)
 Total enthalpy discharge:           0.231135E+00 MJ (0.646036E-10 MJ/s)
 Total enthalpy input:               0.435379E+05 MJ (0.121691E-04 MJ/s)

 Water discharge this time step:   0.000000E+00 kg (0.000000E+00 kg/s)
 Water input this time step:       0.000000E+00 kg (0.000000E+00 kg/s)
 Total water discharge:            0.592695E-03 kg (0.165662E-12 kg/s)
 Total water input:                0.848935E-03 kg (0.237283E-12 kg/s)

 Enthalpy discharge this time step:  0.000000E+00 MJ (0.000000E+00 MJ/s)
 Enthalpy input this time step:      0.725634E+04 MJ (0.121692E-04 MJ/s)
 Total enthalpy discharge:           0.231135E+00 MJ (0.646036E-10 MJ/s)
 Total enthalpy input:               0.435379E+05 MJ (0.121691E-04 MJ/s)
*********************************************************************
 Time Step       101

                    Timing Information
           Years              Days         Step Size (Days)
      136.045953          49690.7842         8281.79745    
 Cpu Sec for Time Step =   2.002     Current Total =     149.2    

                    Equation Performance
 Number of N-R Iterations:          2
 Avg # of Linear Equation Solver Iterations:   4.5
 Number of Active Nodes:    266218.
 Total Number of Iterations, N-R:        202 , Solver:        200
 Phase Changes This Time Step:        0 Total           0
 Nodes Liq Phase:   532436 change        0
 Nodes Two Phase:        0 change        0
 Nodes Gas Phase:         0 change        0
 Nodes SC Phase:        0 change        0
 Number of restarted time steps            0
                    Largest Residuals
 EQ1 R=  0.3309E-12 node= 530660 zone=     4 x=0.5000E+05 y= 2000.     z=0.2500E+05
 EQ2 R=  0.1501E-13 node= 351271 zone=     1 x=0.1600E+05 y=0.1200E+05 z=0.2300E+05
   Node   Equation 1 Residual   Equation 2 Residual
 266236     -0.243774E-14           0.103504E-15
 266234      0.421023E-13           0.191725E-14
 266231     -0.316255E-14          -0.204402E-14
 266226      0.316936E-13           0.126075E-14
 266221      0.140116E-13           0.851006E-15
 266210     -0.313581E-13          -0.397647E-15
 266201     -0.813439E-14          -0.755676E-16

                    Nodal Information (Water)
                                                  source/sink  E source/sink
   Node   P (MPa)    E (MJ)    L sat     Temp (C)    (kg/s)       (MJ/s)
 266236    135.2     0.167      1.00        2.000   0.000     -0.133E-08
 266234    139.3     0.167      1.00        2.000   0.000       0.00    
 266231    142.1     0.166      1.00        2.000   0.000       0.00    
 266226    149.0     0.166      1.00        2.000   0.000       0.00    
 266221    155.9     0.165      1.00        2.000   0.000       0.00    
 266210    179.6     0.163      1.00        2.000   0.000       0.00    
 266201    204.8     0.161      1.00        2.000   0.000     -0.333E-08

                    Global Mass & Energy Balances
 Total mass in system at this time:            0.477635E+17 kg
 Total mass of steam in system at this time:   0.000000E+00 kg
 Total enthalpy in system at this time:        0.319067E+16 MJ

 Water discharge this time step:   0.000000E+00 kg (0.000000E+00 kg/s)
 Water input this time step:       0.000000E+00 kg (0.000000E+00 kg/s)
 Total water discharge:            0.592695E-03 kg (0.138052E-12 kg/s)
 Total water input:                0.848935E-03 kg (0.197736E-12 kg/s)

 Enthalpy discharge this time step:  0.000000E+00 MJ (0.000000E+00 MJ/s)
 Enthalpy input this time step:      0.870761E+04 MJ (0.121692E-04 MJ/s)
 Total enthalpy discharge:           0.231135E+00 MJ (0.538363E-10 MJ/s)
 Total enthalpy input:               0.522455E+05 MJ (0.121691E-04 MJ/s)

 Net kg water discharge (total out-total in):  -0.256239E-03
 Net MJ energy discharge (total out-total in):  -0.522453E+05
 Conservation Errors:  -0.292131E+06 (mass),  -0.265910E-01 (energy)

 Enthalpy discharge this time step:  0.000000E+00 MJ (0.000000E+00 MJ/s)
 Enthalpy input this time step:      0.104491E+05 MJ (0.121692E-04 MJ/s)
 Total enthalpy discharge:           0.231135E+00 MJ (0.448636E-10 MJ/s)
 Total enthalpy input:               0.626946E+05 MJ (0.121691E-04 MJ/s)

 Water discharge this time step:   0.000000E+00 kg (0.000000E+00 kg/s)
 Water input this time step:       0.000000E+00 kg (0.000000E+00 kg/s)
 Total water discharge:            0.592695E-03 kg (0.115043E-12 kg/s)
 Total water input:                0.848935E-03 kg (0.164780E-12 kg/s)

 Enthalpy discharge this time step:  0.000000E+00 MJ (0.000000E+00 MJ/s)
 Enthalpy input this time step:      0.104491E+05 MJ (0.121692E-04 MJ/s)
 Total enthalpy discharge:           0.231135E+00 MJ (0.448636E-10 MJ/s)
 Total enthalpy input:               0.626946E+05 MJ (0.121691E-04 MJ/s)

 Enthalpy discharge this time step:  0.000000E+00 MJ (0.000000E+00 MJ/s)
 Enthalpy input this time step:      0.125390E+05 MJ (0.121692E-04 MJ/s)
 Total enthalpy discharge:           0.231135E+00 MJ (0.373863E-10 MJ/s)
 Total enthalpy input:               0.752336E+05 MJ (0.121691E-04 MJ/s)

 Water discharge this time step:   0.000000E+00 kg (0.000000E+00 kg/s)
 Water input this time step:       0.000000E+00 kg (0.000000E+00 kg/s)
 Total water discharge:            0.592695E-03 kg (0.958692E-13 kg/s)
 Total water input:                0.848935E-03 kg (0.137316E-12 kg/s)

 Enthalpy discharge this time step:  0.000000E+00 MJ (0.000000E+00 MJ/s)
 Enthalpy input this time step:      0.125390E+05 MJ (0.121692E-04 MJ/s)
 Total enthalpy discharge:           0.231135E+00 MJ (0.373863E-10 MJ/s)
 Total enthalpy input:               0.752336E+05 MJ (0.121691E-04 MJ/s)

 Enthalpy discharge this time step:  0.000000E+00 MJ (0.000000E+00 MJ/s)
 Enthalpy input this time step:      0.150467E+05 MJ (0.121692E-04 MJ/s)
 Total enthalpy discharge:           0.231135E+00 MJ (0.311553E-10 MJ/s)
 Total enthalpy input:               0.902803E+05 MJ (0.121691E-04 MJ/s)

 Water discharge this time step:   0.000000E+00 kg (0.000000E+00 kg/s)
 Water input this time step:       0.000000E+00 kg (0.000000E+00 kg/s)
 Total water discharge:            0.592695E-03 kg (0.798910E-13 kg/s)
 Total water input:                0.848935E-03 kg (0.114430E-12 kg/s)

 Enthalpy discharge this time step:  0.000000E+00 MJ (0.000000E+00 MJ/s)
 Enthalpy input this time step:      0.150467E+05 MJ (0.121692E-04 MJ/s)
 Total enthalpy discharge:           0.231135E+00 MJ (0.311553E-10 MJ/s)
 Total enthalpy input:               0.902803E+05 MJ (0.121691E-04 MJ/s)

 Enthalpy discharge this time step:  0.000000E+00 MJ (0.000000E+00 MJ/s)
 Enthalpy input this time step:      0.180561E+05 MJ (0.121692E-04 MJ/s)
 Total enthalpy discharge:           0.231135E+00 MJ (0.259627E-10 MJ/s)
 Total enthalpy input:               0.108336E+06 MJ (0.121691E-04 MJ/s)

 Water discharge this time step:   0.000000E+00 kg (0.000000E+00 kg/s)
 Water input this time step:       0.000000E+00 kg (0.000000E+00 kg/s)
 Total water discharge:            0.592695E-03 kg (0.665759E-13 kg/s)
 Total water input:                0.848935E-03 kg (0.953586E-13 kg/s)

 Enthalpy discharge this time step:  0.000000E+00 MJ (0.000000E+00 MJ/s)
 Enthalpy input this time step:      0.180561E+05 MJ (0.121692E-04 MJ/s)
 Total enthalpy discharge:           0.231135E+00 MJ (0.259627E-10 MJ/s)
 Total enthalpy input:               0.108336E+06 MJ (0.121691E-04 MJ/s)

 Enthalpy discharge this time step:  0.000000E+00 MJ (0.000000E+00 MJ/s)
 Enthalpy input this time step:      0.216673E+05 MJ (0.121692E-04 MJ/s)
 Total enthalpy discharge:           0.231135E+00 MJ (0.216356E-10 MJ/s)
 Total enthalpy input:               0.130004E+06 MJ (0.121691E-04 MJ/s)

 Water discharge this time step:   0.000000E+00 kg (0.000000E+00 kg/s)
 Water input this time step:       0.000000E+00 kg (0.000000E+00 kg/s)
 Total water discharge:            0.592695E-03 kg (0.554799E-13 kg/s)
 Total water input:                0.848935E-03 kg (0.794655E-13 kg/s)

 Enthalpy discharge this time step:  0.000000E+00 MJ (0.000000E+00 MJ/s)
 Enthalpy input this time step:      0.216673E+05 MJ (0.121692E-04 MJ/s)
 Total enthalpy discharge:           0.231135E+00 MJ (0.216356E-10 MJ/s)
 Total enthalpy input:               0.130004E+06 MJ (0.121691E-04 MJ/s)

 Enthalpy discharge this time step:  0.000000E+00 MJ (0.000000E+00 MJ/s)
 Enthalpy input this time step:      0.260008E+05 MJ (0.121692E-04 MJ/s)
 Total enthalpy discharge:           0.231135E+00 MJ (0.180297E-10 MJ/s)
 Total enthalpy input:               0.156004E+06 MJ (0.121691E-04 MJ/s)

 Water discharge this time step:   0.000000E+00 kg (0.000000E+00 kg/s)
 Water input this time step:       0.000000E+00 kg (0.000000E+00 kg/s)
 Total water discharge:            0.592695E-03 kg (0.462332E-13 kg/s)
 Total water input:                0.848935E-03 kg (0.662212E-13 kg/s)

 Enthalpy discharge this time step:  0.000000E+00 MJ (0.000000E+00 MJ/s)
 Enthalpy input this time step:      0.260008E+05 MJ (0.121692E-04 MJ/s)
 Total enthalpy discharge:           0.231135E+00 MJ (0.180297E-10 MJ/s)
 Total enthalpy input:               0.156004E+06 MJ (0.121691E-04 MJ/s)

 Enthalpy discharge this time step:  0.000000E+00 MJ (0.000000E+00 MJ/s)
 Enthalpy input this time step:      0.312009E+05 MJ (0.121692E-04 MJ/s)
 Total enthalpy discharge:           0.231135E+00 MJ (0.150247E-10 MJ/s)
 Total enthalpy input:               0.187205E+06 MJ (0.121691E-04 MJ/s)

 Water discharge this time step:   0.000000E+00 kg (0.000000E+00 kg/s)
 Water input this time step:       0.000000E+00 kg (0.000000E+00 kg/s)
 Total water discharge:            0.592695E-03 kg (0.385277E-13 kg/s)
 Total water input:                0.848935E-03 kg (0.551844E-13 kg/s)

 Enthalpy discharge this time step:  0.000000E+00 MJ (0.000000E+00 MJ/s)
 Enthalpy input this time step:      0.312009E+05 MJ (0.121692E-04 MJ/s)
 Total enthalpy discharge:           0.231135E+00 MJ (0.150247E-10 MJ/s)
 Total enthalpy input:               0.187205E+06 MJ (0.121691E-04 MJ/s)

 Enthalpy discharge this time step:  0.000000E+00 MJ (0.000000E+00 MJ/s)
 Enthalpy input this time step:      0.374411E+05 MJ (0.121692E-04 MJ/s)
 Total enthalpy discharge:           0.231135E+00 MJ (0.125206E-10 MJ/s)
 Total enthalpy input:               0.224647E+06 MJ (0.121691E-04 MJ/s)

 Water discharge this time step:   0.000000E+00 kg (0.000000E+00 kg/s)
 Water input this time step:       0.000000E+00 kg (0.000000E+00 kg/s)
 Total water discharge:            0.592695E-03 kg (0.321064E-13 kg/s)
 Total water input:                0.848935E-03 kg (0.459870E-13 kg/s)

 Enthalpy discharge this time step:  0.000000E+00 MJ (0.000000E+00 MJ/s)
 Enthalpy input this time step:      0.374411E+05 MJ (0.121692E-04 MJ/s)
 Total enthalpy discharge:           0.231135E+00 MJ (0.125206E-10 MJ/s)
 Total enthalpy input:               0.224647E+06 MJ (0.121691E-04 MJ/s)

 Enthalpy discharge this time step:  0.000000E+00 MJ (0.000000E+00 MJ/s)
 Enthalpy input this time step:      0.449293E+05 MJ (0.121692E-04 MJ/s)
 Total enthalpy discharge:           0.231135E+00 MJ (0.104338E-10 MJ/s)
 Total enthalpy input:               0.269576E+06 MJ (0.121691E-04 MJ/s)

 Water discharge this time step:   0.000000E+00 kg (0.000000E+00 kg/s)
 Water input this time step:       0.000000E+00 kg (0.000000E+00 kg/s)
 Total water discharge:            0.592695E-03 kg (0.267553E-13 kg/s)
 Total water input:                0.848935E-03 kg (0.383225E-13 kg/s)

 Enthalpy discharge this time step:  0.000000E+00 MJ (0.000000E+00 MJ/s)
 Enthalpy input this time step:      0.449293E+05 MJ (0.121692E-04 MJ/s)
 Total enthalpy discharge:           0.231135E+00 MJ (0.104338E-10 MJ/s)
 Total enthalpy input:               0.269576E+06 MJ (0.121691E-04 MJ/s)
*********************************************************************
 Time Step       111

                    Timing Information
           Years              Days         Step Size (Days)
      842.360687          307672.241         51278.7069    
 Cpu Sec for Time Step =   2.553     Current Total =     171.8    

                    Equation Performance
 Number of N-R Iterations:          2
 Avg # of Linear Equation Solver Iterations:   7.5
 Number of Active Nodes:    266218.
 Total Number of Iterations, N-R:        222 , Solver:        315
 Phase Changes This Time Step:        0 Total           0
 Nodes Liq Phase:   532436 change        0
 Nodes Two Phase:        0 change        0
 Nodes Gas Phase:         0 change        0
 Nodes SC Phase:        0 change        0
 Number of restarted time steps            0
                    Largest Residuals
 EQ1 R=  0.8312E-13 node= 306756 zone=     4 x= 8000.     y=-.4800E+05 z=0.2500E+05
 EQ2 R=  0.2320E-13 node= 391964 zone=     2 x=0.2400E+05 y=-.3100E+05 z=0.2000E+05
   Node   Equation 1 Residual   Equation 2 Residual
 266236     -0.243517E-14           0.103379E-15
 266234     -0.470074E-14           0.355728E-14
 266231     -0.741796E-14          -0.199659E-13
 266226     -0.938571E-14           0.437440E-15
 266221     -0.129677E-14          -0.539800E-14
 266210     -0.220913E-13           0.142825E-15
 266201      0.555443E-14          -0.758299E-16

                    Nodal Information (Water)
                                                  source/sink  E source/sink
   Node   P (MPa)    E (MJ)    L sat     Temp (C)    (kg/s)       (MJ/s)
 266236    135.2     0.167      1.00        2.000   0.000     -0.133E-08
 266234    139.3     0.167      1.00        2.000   0.000       0.00    
 266231    142.1     0.166      1.00        2.000   0.000       0.00    
 266226    149.0     0.166      1.00        2.000   0.000       0.00    
 266221    155.9     0.165      1.00        2.000   0.000       0.00    
 266210    179.6     0.163      1.00        2.000   0.000       0.00    
 266201    204.8     0.161      1.00        2.000   0.000     -0.333E-08

                    Global Mass & Energy Balances
 Total mass in system at this time:            0.477635E+17 kg
 Total mass of steam in system at this time:   0.000000E+00 kg
 Total enthalpy in system at this time:        0.319067E+16 MJ

 Water discharge this time step:   0.000000E+00 kg (0.000000E+00 kg/s)
 Water input this time step:       0.000000E+00 kg (0.000000E+00 kg/s)
 Total water discharge:            0.592695E-03 kg (0.222961E-13 kg/s)
 Total water input:                0.848935E-03 kg (0.319354E-13 kg/s)

 Enthalpy discharge this time step:  0.000000E+00 MJ (0.000000E+00 MJ/s)
 Enthalpy input this time step:      0.539152E+05 MJ (0.121692E-04 MJ/s)
 Total enthalpy discharge:           0.231135E+00 MJ (0.869486E-11 MJ/s)
 Total enthalpy input:               0.323491E+06 MJ (0.121691E-04 MJ/s)

 Net kg water discharge (total out-total in):  -0.256239E-03
 Net MJ energy discharge (total out-total in):  -0.323491E+06
 Conservation Errors:  -0.208261E+07 (mass),  -0.227188E-01 (energy)

 Enthalpy discharge this time step:  0.000000E+00 MJ (0.000000E+00 MJ/s)
 Enthalpy input this time step:      0.646982E+05 MJ (0.121692E-04 MJ/s)
 Total enthalpy discharge:           0.231135E+00 MJ (0.724572E-11 MJ/s)
 Total enthalpy input:               0.388189E+06 MJ (0.121692E-04 MJ/s)

 Water discharge this time step:   0.000000E+00 kg (0.000000E+00 kg/s)
 Water input this time step:       0.000000E+00 kg (0.000000E+00 kg/s)
 Total water discharge:            0.592695E-03 kg (0.185801E-13 kg/s)
 Total water input:                0.848935E-03 kg (0.266128E-13 kg/s)

 Enthalpy discharge this time step:  0.000000E+00 MJ (0.000000E+00 MJ/s)
 Enthalpy input this time step:      0.646982E+05 MJ (0.121692E-04 MJ/s)
 Total enthalpy discharge:           0.231135E+00 MJ (0.724572E-11 MJ/s)
 Total enthalpy input:               0.388189E+06 MJ (0.121692E-04 MJ/s)

 Enthalpy discharge this time step:  0.000000E+00 MJ (0.000000E+00 MJ/s)
 Enthalpy input this time step:      0.776379E+05 MJ (0.121692E-04 MJ/s)
 Total enthalpy discharge:           0.231135E+00 MJ (0.603810E-11 MJ/s)
 Total enthalpy input:               0.465827E+06 MJ (0.121692E-04 MJ/s)

 Water discharge this time step:   0.000000E+00 kg (0.000000E+00 kg/s)
 Water input this time step:       0.000000E+00 kg (0.000000E+00 kg/s)
 Total water discharge:            0.592695E-03 kg (0.154834E-13 kg/s)
 Total water input:                0.848935E-03 kg (0.221774E-13 kg/s)

 Enthalpy discharge this time step:  0.000000E+00 MJ (0.000000E+00 MJ/s)
 Enthalpy input this time step:      0.776379E+05 MJ (0.121692E-04 MJ/s)
 Total enthalpy discharge:           0.231135E+00 MJ (0.603810E-11 MJ/s)
 Total enthalpy input:               0.465827E+06 MJ (0.121692E-04 MJ/s)

 Enthalpy discharge this time step:  0.000000E+00 MJ (0.000000E+00 MJ/s)
 Enthalpy input this time step:      0.931655E+05 MJ (0.121692E-04 MJ/s)
 Total enthalpy discharge:           0.231135E+00 MJ (0.503175E-11 MJ/s)
 Total enthalpy input:               0.558993E+06 MJ (0.121692E-04 MJ/s)

 Water discharge this time step:   0.000000E+00 kg (0.000000E+00 kg/s)
 Water input this time step:       0.000000E+00 kg (0.000000E+00 kg/s)
 Total water discharge:            0.592695E-03 kg (0.129028E-13 kg/s)
 Total water input:                0.848935E-03 kg (0.184811E-13 kg/s)

 Enthalpy discharge this time step:  0.000000E+00 MJ (0.000000E+00 MJ/s)
 Enthalpy input this time step:      0.931655E+05 MJ (0.121692E-04 MJ/s)
 Total enthalpy discharge:           0.231135E+00 MJ (0.503175E-11 MJ/s)
 Total enthalpy input:               0.558993E+06 MJ (0.121692E-04 MJ/s)

 Enthalpy discharge this time step:  0.000000E+00 MJ (0.000000E+00 MJ/s)
 Enthalpy input this time step:      0.111799E+06 MJ (0.121692E-04 MJ/s)
 Total enthalpy discharge:           0.231135E+00 MJ (0.419312E-11 MJ/s)
 Total enthalpy input:               0.670791E+06 MJ (0.121692E-04 MJ/s)

 Water discharge this time step:   0.000000E+00 kg (0.000000E+00 kg/s)
 Water input this time step:       0.000000E+00 kg (0.000000E+00 kg/s)
 Total water discharge:            0.592695E-03 kg (0.107524E-13 kg/s)
 Total water input:                0.848935E-03 kg (0.154009E-13 kg/s)

 Enthalpy discharge this time step:  0.000000E+00 MJ (0.000000E+00 MJ/s)
 Enthalpy input this time step:      0.111799E+06 MJ (0.121692E-04 MJ/s)
 Total enthalpy discharge:           0.231135E+00 MJ (0.419312E-11 MJ/s)
 Total enthalpy input:               0.670791E+06 MJ (0.121692E-04 MJ/s)

 Enthalpy discharge this time step:  0.000000E+00 MJ (0.000000E+00 MJ/s)
 Enthalpy input this time step:      0.134158E+06 MJ (0.121692E-04 MJ/s)
 Total enthalpy discharge:           0.231135E+00 MJ (0.349427E-11 MJ/s)
 Total enthalpy input:               0.804949E+06 MJ (0.121692E-04 MJ/s)

 Water discharge this time step:   0.000000E+00 kg (0.000000E+00 kg/s)
 Water input this time step:       0.000000E+00 kg (0.000000E+00 kg/s)
 Total water discharge:            0.592695E-03 kg (0.896031E-14 kg/s)
 Total water input:                0.848935E-03 kg (0.128341E-13 kg/s)

 Enthalpy discharge this time step:  0.000000E+00 MJ (0.000000E+00 MJ/s)
 Enthalpy input this time step:      0.134158E+06 MJ (0.121692E-04 MJ/s)
 Total enthalpy discharge:           0.231135E+00 MJ (0.349427E-11 MJ/s)
 Total enthalpy input:               0.804949E+06 MJ (0.121692E-04 MJ/s)

 Enthalpy discharge this time step:  0.000000E+00 MJ (0.000000E+00 MJ/s)
 Enthalpy input this time step:      0.160990E+06 MJ (0.121692E-04 MJ/s)
 Total enthalpy discharge:           0.231135E+00 MJ (0.291189E-11 MJ/s)
 Total enthalpy input:               0.965939E+06 MJ (0.121692E-04 MJ/s)

 Water discharge this time step:   0.000000E+00 kg (0.000000E+00 kg/s)
 Water input this time step:       0.000000E+00 kg (0.000000E+00 kg/s)
 Total water discharge:            0.592695E-03 kg (0.746693E-14 kg/s)
 Total water input:                0.848935E-03 kg (0.106951E-13 kg/s)

 Enthalpy discharge this time step:  0.000000E+00 MJ (0.000000E+00 MJ/s)
 Enthalpy input this time step:      0.160990E+06 MJ (0.121692E-04 MJ/s)
 Total enthalpy discharge:           0.231135E+00 MJ (0.291189E-11 MJ/s)
 Total enthalpy input:               0.965939E+06 MJ (0.121692E-04 MJ/s)

 Enthalpy discharge this time step:  0.000000E+00 MJ (0.000000E+00 MJ/s)
 Enthalpy input this time step:      0.193188E+06 MJ (0.121692E-04 MJ/s)
 Total enthalpy discharge:           0.231135E+00 MJ (0.242658E-11 MJ/s)
 Total enthalpy input:               0.115913E+07 MJ (0.121692E-04 MJ/s)

 Water discharge this time step:   0.000000E+00 kg (0.000000E+00 kg/s)
 Water input this time step:       0.000000E+00 kg (0.000000E+00 kg/s)
 Total water discharge:            0.592695E-03 kg (0.622244E-14 kg/s)
 Total water input:                0.848935E-03 kg (0.891258E-14 kg/s)

 Enthalpy discharge this time step:  0.000000E+00 MJ (0.000000E+00 MJ/s)
 Enthalpy input this time step:      0.193188E+06 MJ (0.121692E-04 MJ/s)
 Total enthalpy discharge:           0.231135E+00 MJ (0.242658E-11 MJ/s)
 Total enthalpy input:               0.115913E+07 MJ (0.121692E-04 MJ/s)

 Enthalpy discharge this time step:  0.000000E+00 MJ (0.000000E+00 MJ/s)
 Enthalpy input this time step:      0.231825E+06 MJ (0.121692E-04 MJ/s)
 Total enthalpy discharge:           0.231135E+00 MJ (0.202215E-11 MJ/s)
 Total enthalpy input:               0.139095E+07 MJ (0.121692E-04 MJ/s)

 Water discharge this time step:   0.000000E+00 kg (0.000000E+00 kg/s)
 Water input this time step:       0.000000E+00 kg (0.000000E+00 kg/s)
 Total water discharge:            0.592695E-03 kg (0.518537E-14 kg/s)
 Total water input:                0.848935E-03 kg (0.742715E-14 kg/s)

 Enthalpy discharge this time step:  0.000000E+00 MJ (0.000000E+00 MJ/s)
 Enthalpy input this time step:      0.231825E+06 MJ (0.121692E-04 MJ/s)
 Total enthalpy discharge:           0.231135E+00 MJ (0.202215E-11 MJ/s)
 Total enthalpy input:               0.139095E+07 MJ (0.121692E-04 MJ/s)

 Enthalpy discharge this time step:  0.000000E+00 MJ (0.000000E+00 MJ/s)
 Enthalpy input this time step:      0.278191E+06 MJ (0.121692E-04 MJ/s)
 Total enthalpy discharge:           0.231135E+00 MJ (0.168512E-11 MJ/s)
 Total enthalpy input:               0.166914E+07 MJ (0.121692E-04 MJ/s)

 Water discharge this time step:   0.000000E+00 kg (0.000000E+00 kg/s)
 Water input this time step:       0.000000E+00 kg (0.000000E+00 kg/s)
 Total water discharge:            0.592695E-03 kg (0.432114E-14 kg/s)
 Total water input:                0.848935E-03 kg (0.618929E-14 kg/s)

 Enthalpy discharge this time step:  0.000000E+00 MJ (0.000000E+00 MJ/s)
 Enthalpy input this time step:      0.278191E+06 MJ (0.121692E-04 MJ/s)
 Total enthalpy discharge:           0.231135E+00 MJ (0.168512E-11 MJ/s)
 Total enthalpy input:               0.166914E+07 MJ (0.121692E-04 MJ/s)
*********************************************************************
 Time Step       121

                    Timing Information
           Years              Days         Step Size (Days)
      5215.67536          1905025.42         317504.237    
 Cpu Sec for Time Step =   2.839     Current Total =     198.3    

                    Equation Performance
 Number of N-R Iterations:          2
 Avg # of Linear Equation Solver Iterations:   9.5
 Number of Active Nodes:    266218.
 Total Number of Iterations, N-R:        242 , Solver:        476
 Phase Changes This Time Step:        0 Total           0
 Nodes Liq Phase:   532436 change        0
 Nodes Two Phase:        0 change        0
 Nodes Gas Phase:         0 change        0
 Nodes SC Phase:        0 change        0
 Number of restarted time steps            0
                    Largest Residuals
 EQ1 R=  0.4282E-13 node= 383195 zone=     3 x=0.2200E+05 y=0.1800E+05 z= 3000.    
 EQ2 R=  0.4015E-12 node= 395562 zone=     2 x=0.2450E+05 y=-.2100E+05 z=0.2000E+05
   Node   Equation 1 Residual   Equation 2 Residual
 266236     -0.242651E-14           0.102403E-15
 266234     -0.127399E-13           0.126521E-13
 266231      0.725287E-14          -0.322675E-12
 266226      0.649125E-14           0.368751E-14
 266221      0.248890E-14          -0.455295E-13
 266210     -0.104529E-13           0.888977E-14
 266201      0.117377E-13          -0.777139E-16

                    Nodal Information (Water)
                                                  source/sink  E source/sink
   Node   P (MPa)    E (MJ)    L sat     Temp (C)    (kg/s)       (MJ/s)
 266236    135.2     0.167      1.00        2.000   0.000     -0.133E-08
 266234    139.3     0.167      1.00        2.000   0.000       0.00    
 266231    142.1     0.166      1.00        2.000   0.000       0.00    
 266226    149.0     0.166      1.00        2.000   0.000       0.00    
 266221    155.9     0.165      1.00        2.000   0.000       0.00    
 266210    179.6     0.163      1.00        2.000   0.000       0.00    
 266201    204.8     0.161      1.00        2.000   0.000     -0.333E-08

                    Global Mass & Energy Balances
 Total mass in system at this time:            0.477635E+17 kg
 Total mass of steam in system at this time:   0.000000E+00 kg
 Total enthalpy in system at this time:        0.319067E+16 MJ

 Water discharge this time step:   0.000000E+00 kg (0.000000E+00 kg/s)
 Water input this time step:       0.000000E+00 kg (0.000000E+00 kg/s)
 Total water discharge:            0.592695E-03 kg (0.360095E-14 kg/s)
 Total water input:                0.848935E-03 kg (0.515774E-14 kg/s)

 Enthalpy discharge this time step:  0.000000E+00 MJ (0.000000E+00 MJ/s)
 Enthalpy input this time step:      0.333829E+06 MJ (0.121692E-04 MJ/s)
 Total enthalpy discharge:           0.231135E+00 MJ (0.140427E-11 MJ/s)
 Total enthalpy input:               0.200297E+07 MJ (0.121692E-04 MJ/s)

 Net kg water discharge (total out-total in):  -0.256239E-03
 Net MJ energy discharge (total out-total in):  -0.200297E+07
 Conservation Errors:  -0.123920E+08 (mass),  -0.237903E-01 (energy)

 Enthalpy discharge this time step:  0.000000E+00 MJ (0.000000E+00 MJ/s)
 Enthalpy input this time step:      0.400594E+06 MJ (0.121692E-04 MJ/s)
 Total enthalpy discharge:           0.231135E+00 MJ (0.117022E-11 MJ/s)
 Total enthalpy input:               0.240357E+07 MJ (0.121692E-04 MJ/s)

 Water discharge this time step:   0.000000E+00 kg (0.000000E+00 kg/s)
 Water input this time step:       0.000000E+00 kg (0.000000E+00 kg/s)
 Total water discharge:            0.592695E-03 kg (0.300079E-14 kg/s)
 Total water input:                0.848935E-03 kg (0.429812E-14 kg/s)

 Enthalpy discharge this time step:  0.000000E+00 MJ (0.000000E+00 MJ/s)
 Enthalpy input this time step:      0.400594E+06 MJ (0.121692E-04 MJ/s)
 Total enthalpy discharge:           0.231135E+00 MJ (0.117022E-11 MJ/s)
 Total enthalpy input:               0.240357E+07 MJ (0.121692E-04 MJ/s)

 Enthalpy discharge this time step:  0.000000E+00 MJ (0.000000E+00 MJ/s)
 Enthalpy input this time step:      0.480713E+06 MJ (0.121692E-04 MJ/s)
 Total enthalpy discharge:           0.231135E+00 MJ (0.975187E-12 MJ/s)
 Total enthalpy input:               0.288428E+07 MJ (0.121692E-04 MJ/s)

 Water discharge this time step:   0.000000E+00 kg (0.000000E+00 kg/s)
 Water input this time step:       0.000000E+00 kg (0.000000E+00 kg/s)
 Total water discharge:            0.592695E-03 kg (0.250066E-14 kg/s)
 Total water input:                0.848935E-03 kg (0.358177E-14 kg/s)

 Enthalpy discharge this time step:  0.000000E+00 MJ (0.000000E+00 MJ/s)
 Enthalpy input this time step:      0.480713E+06 MJ (0.121692E-04 MJ/s)
 Total enthalpy discharge:           0.231135E+00 MJ (0.975187E-12 MJ/s)
 Total enthalpy input:               0.288428E+07 MJ (0.121692E-04 MJ/s)

 Enthalpy discharge this time step:  0.000000E+00 MJ (0.000000E+00 MJ/s)
 Enthalpy input this time step:      0.576856E+06 MJ (0.121692E-04 MJ/s)
 Total enthalpy discharge:           0.231135E+00 MJ (0.812656E-12 MJ/s)
 Total enthalpy input:               0.346114E+07 MJ (0.121692E-04 MJ/s)

 Water discharge this time step:   0.000000E+00 kg (0.000000E+00 kg/s)
 Water input this time step:       0.000000E+00 kg (0.000000E+00 kg/s)
 Total water discharge:            0.592695E-03 kg (0.208388E-14 kg/s)
 Total water input:                0.848935E-03 kg (0.298481E-14 kg/s)

 Enthalpy discharge this time step:  0.000000E+00 MJ (0.000000E+00 MJ/s)
 Enthalpy input this time step:      0.576856E+06 MJ (0.121692E-04 MJ/s)
 Total enthalpy discharge:           0.231135E+00 MJ (0.812656E-12 MJ/s)
 Total enthalpy input:               0.346114E+07 MJ (0.121692E-04 MJ/s)

 Enthalpy discharge this time step:  0.000000E+00 MJ (0.000000E+00 MJ/s)
 Enthalpy input this time step:      0.692227E+06 MJ (0.121692E-04 MJ/s)
 Total enthalpy discharge:           0.231135E+00 MJ (0.677213E-12 MJ/s)
 Total enthalpy input:               0.415336E+07 MJ (0.121692E-04 MJ/s)

 Water discharge this time step:   0.000000E+00 kg (0.000000E+00 kg/s)
 Water input this time step:       0.000000E+00 kg (0.000000E+00 kg/s)
 Total water discharge:            0.592695E-03 kg (0.173657E-14 kg/s)
 Total water input:                0.848935E-03 kg (0.248734E-14 kg/s)

 Enthalpy discharge this time step:  0.000000E+00 MJ (0.000000E+00 MJ/s)
 Enthalpy input this time step:      0.692227E+06 MJ (0.121692E-04 MJ/s)
 Total enthalpy discharge:           0.231135E+00 MJ (0.677213E-12 MJ/s)
 Total enthalpy input:               0.415336E+07 MJ (0.121692E-04 MJ/s)

 Enthalpy discharge this time step:  0.000000E+00 MJ (0.000000E+00 MJ/s)
 Enthalpy input this time step:      0.830673E+06 MJ (0.121692E-04 MJ/s)
 Total enthalpy discharge:           0.231135E+00 MJ (0.564344E-12 MJ/s)
 Total enthalpy input:               0.498404E+07 MJ (0.121692E-04 MJ/s)

 Water discharge this time step:   0.000000E+00 kg (0.000000E+00 kg/s)
 Water input this time step:       0.000000E+00 kg (0.000000E+00 kg/s)
 Total water discharge:            0.592695E-03 kg (0.144714E-14 kg/s)
 Total water input:                0.848935E-03 kg (0.207278E-14 kg/s)

 Enthalpy discharge this time step:  0.000000E+00 MJ (0.000000E+00 MJ/s)
 Enthalpy input this time step:      0.830673E+06 MJ (0.121692E-04 MJ/s)
 Total enthalpy discharge:           0.231135E+00 MJ (0.564344E-12 MJ/s)
 Total enthalpy input:               0.498404E+07 MJ (0.121692E-04 MJ/s)

 Enthalpy discharge this time step:  0.000000E+00 MJ (0.000000E+00 MJ/s)
 Enthalpy input this time step:      0.996807E+06 MJ (0.121692E-04 MJ/s)
 Total enthalpy discharge:           0.231135E+00 MJ (0.470287E-12 MJ/s)
 Total enthalpy input:               0.598084E+07 MJ (0.121692E-04 MJ/s)

 Water discharge this time step:   0.000000E+00 kg (0.000000E+00 kg/s)
 Water input this time step:       0.000000E+00 kg (0.000000E+00 kg/s)
 Total water discharge:            0.592695E-03 kg (0.120595E-14 kg/s)
 Total water input:                0.848935E-03 kg (0.172732E-14 kg/s)

 Enthalpy discharge this time step:  0.000000E+00 MJ (0.000000E+00 MJ/s)
 Enthalpy input this time step:      0.996807E+06 MJ (0.121692E-04 MJ/s)
 Total enthalpy discharge:           0.231135E+00 MJ (0.470287E-12 MJ/s)
 Total enthalpy input:               0.598084E+07 MJ (0.121692E-04 MJ/s)

 Enthalpy discharge this time step:  0.000000E+00 MJ (0.000000E+00 MJ/s)
 Enthalpy input this time step:      0.119617E+07 MJ (0.121692E-04 MJ/s)
 Total enthalpy discharge:           0.231135E+00 MJ (0.391906E-12 MJ/s)
 Total enthalpy input:               0.717701E+07 MJ (0.121692E-04 MJ/s)

 Water discharge this time step:   0.000000E+00 kg (0.000000E+00 kg/s)
 Water input this time step:       0.000000E+00 kg (0.000000E+00 kg/s)
 Total water discharge:            0.592695E-03 kg (0.100496E-14 kg/s)
 Total water input:                0.848935E-03 kg (0.143943E-14 kg/s)

 Enthalpy discharge this time step:  0.000000E+00 MJ (0.000000E+00 MJ/s)
 Enthalpy input this time step:      0.119617E+07 MJ (0.121692E-04 MJ/s)
 Total enthalpy discharge:           0.231135E+00 MJ (0.391906E-12 MJ/s)
 Total enthalpy input:               0.717701E+07 MJ (0.121692E-04 MJ/s)

 Enthalpy discharge this time step:  0.000000E+00 MJ (0.000000E+00 MJ/s)
 Enthalpy input this time step:      0.143540E+07 MJ (0.121692E-04 MJ/s)
 Total enthalpy discharge:           0.231135E+00 MJ (0.326588E-12 MJ/s)
 Total enthalpy input:               0.861241E+07 MJ (0.121692E-04 MJ/s)

 Water discharge this time step:   0.000000E+00 kg (0.000000E+00 kg/s)
 Water input this time step:       0.000000E+00 kg (0.000000E+00 kg/s)
 Total water discharge:            0.592695E-03 kg (0.837465E-15 kg/s)
 Total water input:                0.848935E-03 kg (0.119953E-14 kg/s)

 Enthalpy discharge this time step:  0.000000E+00 MJ (0.000000E+00 MJ/s)
 Enthalpy input this time step:      0.143540E+07 MJ (0.121692E-04 MJ/s)
 Total enthalpy discharge:           0.231135E+00 MJ (0.326588E-12 MJ/s)
 Total enthalpy input:               0.861241E+07 MJ (0.121692E-04 MJ/s)

 Enthalpy discharge this time step:  0.000000E+00 MJ (0.000000E+00 MJ/s)
 Enthalpy input this time step:      0.172248E+07 MJ (0.121692E-04 MJ/s)
 Total enthalpy discharge:           0.231135E+00 MJ (0.272157E-12 MJ/s)
 Total enthalpy input:               0.103349E+08 MJ (0.121692E-04 MJ/s)

 Water discharge this time step:   0.000000E+00 kg (0.000000E+00 kg/s)
 Water input this time step:       0.000000E+00 kg (0.000000E+00 kg/s)
 Total water discharge:            0.592695E-03 kg (0.697888E-15 kg/s)
 Total water input:                0.848935E-03 kg (0.999605E-15 kg/s)

 Enthalpy discharge this time step:  0.000000E+00 MJ (0.000000E+00 MJ/s)
 Enthalpy input this time step:      0.172248E+07 MJ (0.121692E-04 MJ/s)
 Total enthalpy discharge:           0.231135E+00 MJ (0.272157E-12 MJ/s)
 Total enthalpy input:               0.103349E+08 MJ (0.121692E-04 MJ/s)
*********************************************************************
 Time Step       131

                    Timing Information
           Years              Days         Step Size (Days)
      32294.0871          11795415.3         1965902.55    
 Cpu Sec for Time Step =   3.977     Current Total =     233.5    

                    Equation Performance
 Number of N-R Iterations:          2
 Avg # of Linear Equation Solver Iterations:  16.0
 Number of Active Nodes:    266218.
 Total Number of Iterations, N-R:        262 , Solver:        729
 Phase Changes This Time Step:        0 Total           0
 Nodes Liq Phase:   532436 change        0
 Nodes Two Phase:        0 change        0
 Nodes Gas Phase:         0 change        0
 Nodes SC Phase:        0 change        0
 Number of restarted time steps            0
                    Largest Residuals
 EQ1 R=  0.4254E-13 node=  13892 zone=     1 x=-.4800E+05 y=0.3900E+05 z=0.2100E+05
 EQ2 R=  0.1240E-11 node= 354703 zone=     1 x=0.1700E+05 y=-.5000E+05 z=0.2050E+05
   Node   Equation 1 Residual   Equation 2 Residual
 266236     -0.237560E-14           0.972206E-16
 266234     -0.764838E-14          -0.124540E-13
 266231      0.111229E-13          -0.824619E-12
 266226     -0.336511E-14           0.133500E-12
 266221     -0.703236E-14           0.114621E-13
 266210     -0.760847E-14           0.188649E-12
 266201      0.578430E-14          -0.894798E-16

                    Nodal Information (Water)
                                                  source/sink  E source/sink
   Node   P (MPa)    E (MJ)    L sat     Temp (C)    (kg/s)       (MJ/s)
 266236    135.2     0.167      1.00        2.000   0.000     -0.133E-08
 266234    139.3     0.167      1.00        2.000   0.000       0.00    
 266231    142.1     0.166      1.00        2.000   0.000       0.00    
 266226    149.0     0.166      1.00        2.000   0.000       0.00    
 266221    155.9     0.165      1.00        2.000   0.000       0.00    
 266210    179.6     0.163      1.00        2.000   0.000       0.00    
 266201    204.8     0.161      1.00        2.000   0.000     -0.333E-08

                    Global Mass & Energy Balances
 Total mass in system at this time:            0.477635E+17 kg
 Total mass of steam in system at this time:   0.000000E+00 kg
 Total enthalpy in system at this time:        0.319067E+16 MJ

 Water discharge this time step:   0.000000E+00 kg (0.000000E+00 kg/s)
 Water input this time step:       0.000000E+00 kg (0.000000E+00 kg/s)
 Total water discharge:            0.592695E-03 kg (0.581573E-15 kg/s)
 Total water input:                0.848935E-03 kg (0.833004E-15 kg/s)

 Enthalpy discharge this time step:  0.000000E+00 MJ (0.000000E+00 MJ/s)
 Enthalpy input this time step:      0.206698E+07 MJ (0.121692E-04 MJ/s)
 Total enthalpy discharge:           0.231135E+00 MJ (0.226797E-12 MJ/s)
 Total enthalpy input:               0.124019E+08 MJ (0.121692E-04 MJ/s)

 Net kg water discharge (total out-total in):  -0.256239E-03
 Net MJ energy discharge (total out-total in):  -0.124019E+08
 Conservation Errors:  -0.845389E+08 (mass),  -0.258908E-01 (energy)

 Enthalpy discharge this time step:  0.000000E+00 MJ (0.000000E+00 MJ/s)
 Enthalpy input this time step:      0.248038E+07 MJ (0.121692E-04 MJ/s)
 Total enthalpy discharge:           0.231135E+00 MJ (0.188998E-12 MJ/s)
 Total enthalpy input:               0.148823E+08 MJ (0.121692E-04 MJ/s)

 Water discharge this time step:   0.000000E+00 kg (0.000000E+00 kg/s)
 Water input this time step:       0.000000E+00 kg (0.000000E+00 kg/s)
 Total water discharge:            0.592695E-03 kg (0.484644E-15 kg/s)
 Total water input:                0.848935E-03 kg (0.694170E-15 kg/s)

 Enthalpy discharge this time step:  0.000000E+00 MJ (0.000000E+00 MJ/s)
 Enthalpy input this time step:      0.248038E+07 MJ (0.121692E-04 MJ/s)
 Total enthalpy discharge:           0.231135E+00 MJ (0.188998E-12 MJ/s)
 Total enthalpy input:               0.148823E+08 MJ (0.121692E-04 MJ/s)

 Enthalpy discharge this time step:  0.000000E+00 MJ (0.000000E+00 MJ/s)
 Enthalpy input this time step:      0.297645E+07 MJ (0.121692E-04 MJ/s)
 Total enthalpy discharge:           0.231135E+00 MJ (0.157498E-12 MJ/s)
 Total enthalpy input:               0.178587E+08 MJ (0.121692E-04 MJ/s)

 Water discharge this time step:   0.000000E+00 kg (0.000000E+00 kg/s)
 Water input this time step:       0.000000E+00 kg (0.000000E+00 kg/s)
 Total water discharge:            0.592695E-03 kg (0.403870E-15 kg/s)
 Total water input:                0.848935E-03 kg (0.578475E-15 kg/s)

 Enthalpy discharge this time step:  0.000000E+00 MJ (0.000000E+00 MJ/s)
 Enthalpy input this time step:      0.297645E+07 MJ (0.121692E-04 MJ/s)
 Total enthalpy discharge:           0.231135E+00 MJ (0.157498E-12 MJ/s)
 Total enthalpy input:               0.178587E+08 MJ (0.121692E-04 MJ/s)

 Enthalpy discharge this time step:  0.000000E+00 MJ (0.000000E+00 MJ/s)
 Enthalpy input this time step:      0.357174E+07 MJ (0.121692E-04 MJ/s)
 Total enthalpy discharge:           0.231135E+00 MJ (0.131248E-12 MJ/s)
 Total enthalpy input:               0.214304E+08 MJ (0.121692E-04 MJ/s)

 Water discharge this time step:   0.000000E+00 kg (0.000000E+00 kg/s)
 Water input this time step:       0.000000E+00 kg (0.000000E+00 kg/s)
 Total water discharge:            0.592695E-03 kg (0.336559E-15 kg/s)
 Total water input:                0.848935E-03 kg (0.482063E-15 kg/s)

 Enthalpy discharge this time step:  0.000000E+00 MJ (0.000000E+00 MJ/s)
 Enthalpy input this time step:      0.357174E+07 MJ (0.121692E-04 MJ/s)
 Total enthalpy discharge:           0.231135E+00 MJ (0.131248E-12 MJ/s)
 Total enthalpy input:               0.214304E+08 MJ (0.121692E-04 MJ/s)

 Enthalpy discharge this time step:  0.000000E+00 MJ (0.000000E+00 MJ/s)
 Enthalpy input this time step:      0.428609E+07 MJ (0.121692E-04 MJ/s)
 Total enthalpy discharge:           0.231135E+00 MJ (0.109374E-12 MJ/s)
 Total enthalpy input:               0.257165E+08 MJ (0.121692E-04 MJ/s)

 Water discharge this time step:   0.000000E+00 kg (0.000000E+00 kg/s)
 Water input this time step:       0.000000E+00 kg (0.000000E+00 kg/s)
 Total water discharge:            0.592695E-03 kg (0.280465E-15 kg/s)
 Total water input:                0.848935E-03 kg (0.401719E-15 kg/s)

 Enthalpy discharge this time step:  0.000000E+00 MJ (0.000000E+00 MJ/s)
 Enthalpy input this time step:      0.428609E+07 MJ (0.121692E-04 MJ/s)
 Total enthalpy discharge:           0.231135E+00 MJ (0.109374E-12 MJ/s)
 Total enthalpy input:               0.257165E+08 MJ (0.121692E-04 MJ/s)

 Enthalpy discharge this time step:  0.000000E+00 MJ (0.000000E+00 MJ/s)
 Enthalpy input this time step:      0.514331E+07 MJ (0.121692E-04 MJ/s)
 Total enthalpy discharge:           0.231135E+00 MJ (0.911447E-13 MJ/s)
 Total enthalpy input:               0.308598E+08 MJ (0.121692E-04 MJ/s)

 Water discharge this time step:   0.000000E+00 kg (0.000000E+00 kg/s)
 Water input this time step:       0.000000E+00 kg (0.000000E+00 kg/s)
 Total water discharge:            0.592695E-03 kg (0.233721E-15 kg/s)
 Total water input:                0.848935E-03 kg (0.334766E-15 kg/s)

 Enthalpy discharge this time step:  0.000000E+00 MJ (0.000000E+00 MJ/s)
 Enthalpy input this time step:      0.514331E+07 MJ (0.121692E-04 MJ/s)
 Total enthalpy discharge:           0.231135E+00 MJ (0.911447E-13 MJ/s)
 Total enthalpy input:               0.308598E+08 MJ (0.121692E-04 MJ/s)

 Enthalpy discharge this time step:  0.000000E+00 MJ (0.000000E+00 MJ/s)
 Enthalpy input this time step:      0.590157E+07 MJ (0.116360E-04 MJ/s)
 Total enthalpy discharge:           0.231135E+00 MJ (0.759539E-13 MJ/s)
 Total enthalpy input:               0.367614E+08 MJ (0.120803E-04 MJ/s)

 Water discharge this time step:   0.000000E+00 kg (0.000000E+00 kg/s)
 Water input this time step:       0.000000E+00 kg (0.000000E+00 kg/s)
 Total water discharge:            0.592695E-03 kg (0.194768E-15 kg/s)
 Total water input:                0.848935E-03 kg (0.278971E-15 kg/s)

 Enthalpy discharge this time step:  0.000000E+00 MJ (0.000000E+00 MJ/s)
 Enthalpy input this time step:      0.590157E+07 MJ (0.116360E-04 MJ/s)
 Total enthalpy discharge:           0.231135E+00 MJ (0.759539E-13 MJ/s)
 Total enthalpy input:               0.367614E+08 MJ (0.120803E-04 MJ/s)

 Enthalpy discharge this time step:  0.000000E+00 MJ (0.000000E+00 MJ/s)
 Enthalpy input this time step:      0.708189E+07 MJ (0.116360E-04 MJ/s)
 Total enthalpy discharge:           0.231135E+00 MJ (0.632950E-13 MJ/s)
 Total enthalpy input:               0.438433E+08 MJ (0.120063E-04 MJ/s)

 Water discharge this time step:   0.000000E+00 kg (0.000000E+00 kg/s)
 Water input this time step:       0.000000E+00 kg (0.000000E+00 kg/s)
 Total water discharge:            0.592695E-03 kg (0.162306E-15 kg/s)
 Total water input:                0.848935E-03 kg (0.232476E-15 kg/s)

 Enthalpy discharge this time step:  0.000000E+00 MJ (0.000000E+00 MJ/s)
 Enthalpy input this time step:      0.708189E+07 MJ (0.116360E-04 MJ/s)
 Total enthalpy discharge:           0.231135E+00 MJ (0.632950E-13 MJ/s)
 Total enthalpy input:               0.438433E+08 MJ (0.120063E-04 MJ/s)

 Enthalpy discharge this time step:  0.000000E+00 MJ (0.000000E+00 MJ/s)
 Enthalpy input this time step:      0.849827E+07 MJ (0.116360E-04 MJ/s)
 Total enthalpy discharge:           0.231135E+00 MJ (0.527458E-13 MJ/s)
 Total enthalpy input:               0.523416E+08 MJ (0.119445E-04 MJ/s)

 Water discharge this time step:   0.000000E+00 kg (0.000000E+00 kg/s)
 Water input this time step:       0.000000E+00 kg (0.000000E+00 kg/s)
 Total water discharge:            0.592695E-03 kg (0.135255E-15 kg/s)
 Total water input:                0.848935E-03 kg (0.193730E-15 kg/s)

 Enthalpy discharge this time step:  0.000000E+00 MJ (0.000000E+00 MJ/s)
 Enthalpy input this time step:      0.849827E+07 MJ (0.116360E-04 MJ/s)
 Total enthalpy discharge:           0.231135E+00 MJ (0.527458E-13 MJ/s)
 Total enthalpy input:               0.523416E+08 MJ (0.119445E-04 MJ/s)

 Enthalpy discharge this time step:  0.000000E+00 MJ (0.000000E+00 MJ/s)
 Enthalpy input this time step:      0.101979E+08 MJ (0.116360E-04 MJ/s)
 Total enthalpy discharge:           0.231135E+00 MJ (0.439548E-13 MJ/s)
 Total enthalpy input:               0.625395E+08 MJ (0.118931E-04 MJ/s)

 Water discharge this time step:   0.000000E+00 kg (0.000000E+00 kg/s)
 Water input this time step:       0.000000E+00 kg (0.000000E+00 kg/s)
 Total water discharge:            0.592695E-03 kg (0.112713E-15 kg/s)
 Total water input:                0.848935E-03 kg (0.161442E-15 kg/s)

 Enthalpy discharge this time step:  0.000000E+00 MJ (0.000000E+00 MJ/s)
 Enthalpy input this time step:      0.101979E+08 MJ (0.116360E-04 MJ/s)
 Total enthalpy discharge:           0.231135E+00 MJ (0.439548E-13 MJ/s)
 Total enthalpy input:               0.625395E+08 MJ (0.118931E-04 MJ/s)
*********************************************************************
 Time Step       141

                    Timing Information
           Years              Days         Step Size (Days)
      199956.475          73034102.6         12172350.4    
 Cpu Sec for Time Step =   9.865     Current Total =     318.0    

                    Equation Performance
 Number of N-R Iterations:          2
 Avg # of Linear Equation Solver Iterations:  50.5
 Number of Active Nodes:    266218.
 Total Number of Iterations, N-R:        282 , Solver:       1565
 Phase Changes This Time Step:        0 Total           0
 Nodes Liq Phase:   532436 change        0
 Nodes Two Phase:        0 change        0
 Nodes Gas Phase:         0 change        0
 Nodes SC Phase:        0 change        0
 Number of restarted time steps            0
                    Largest Residuals
 EQ1 R=  0.4639E-13 node=   3060 zone=     2 x=-.5000E+05 y=0.3200E+05 z=0.1500E+05
 EQ2 R=  0.1599E-11 node=     13 zone=     3 x=-.5000E+05 y=-.5000E+05 z=-1000.    
   Node   Equation 1 Residual   Equation 2 Residual
 266236     -0.220004E-14           0.955679E-16
 266234      0.204914E-13          -0.941050E-12
 266231     -0.167283E-14          -0.353158E-12
 266226     -0.112270E-13           0.587832E-12
 266221     -0.256565E-14           0.146013E-12
 266210      0.100768E-13           0.149895E-11
 266201      0.210531E-13           0.606972E-16

                    Nodal Information (Water)
                                                  source/sink  E source/sink
   Node   P (MPa)    E (MJ)    L sat     Temp (C)    (kg/s)       (MJ/s)
 266236    135.2     0.167      1.00        2.000   0.000     -0.133E-08
 266234    139.3     0.167      1.00        2.000   0.000       0.00    
 266231    142.1     0.166      1.00        2.000   0.000       0.00    
 266226    149.0     0.166      1.00        2.000   0.000       0.00    
 266221    155.9     0.165      1.00        2.000   0.000       0.00    
 266210    179.6     0.163      1.00        2.000   0.000       0.00    
 266201    204.8     0.161      1.00        2.000   0.000     -0.311E-08

                    Global Mass & Energy Balances
 Total mass in system at this time:            0.477635E+17 kg
 Total mass of steam in system at this time:   0.000000E+00 kg
 Total enthalpy in system at this time:        0.319067E+16 MJ

 Water discharge this time step:   0.000000E+00 kg (0.000000E+00 kg/s)
 Water input this time step:       0.000000E+00 kg (0.000000E+00 kg/s)
 Total water discharge:            0.592695E-03 kg (0.939273E-16 kg/s)
 Total water input:                0.848935E-03 kg (0.134535E-15 kg/s)

 Enthalpy discharge this time step:  0.000000E+00 MJ (0.000000E+00 MJ/s)
 Enthalpy input this time step:      0.122375E+08 MJ (0.116360E-04 MJ/s)
 Total enthalpy discharge:           0.231135E+00 MJ (0.366290E-13 MJ/s)
 Total enthalpy input:               0.747770E+08 MJ (0.118503E-04 MJ/s)

 Net kg water discharge (total out-total in):  -0.256239E-03
 Net MJ energy discharge (total out-total in):  -0.747770E+08
 Conservation Errors:  -0.525902E+09 (mass),  -0.978420E-02 (energy)

 Enthalpy discharge this time step:  0.000000E+00 MJ (0.000000E+00 MJ/s)
 Enthalpy input this time step:      0.146850E+08 MJ (0.116360E-04 MJ/s)
 Total enthalpy discharge:           0.231135E+00 MJ (0.305242E-13 MJ/s)
 Total enthalpy input:               0.894620E+08 MJ (0.118146E-04 MJ/s)

 Water discharge this time step:   0.000000E+00 kg (0.000000E+00 kg/s)
 Water input this time step:       0.000000E+00 kg (0.000000E+00 kg/s)
 Total water discharge:            0.592695E-03 kg (0.782728E-16 kg/s)
 Total water input:                0.848935E-03 kg (0.112112E-15 kg/s)

 Enthalpy discharge this time step:  0.000000E+00 MJ (0.000000E+00 MJ/s)
 Enthalpy input this time step:      0.146850E+08 MJ (0.116360E-04 MJ/s)
 Total enthalpy discharge:           0.231135E+00 MJ (0.305242E-13 MJ/s)
 Total enthalpy input:               0.894620E+08 MJ (0.118146E-04 MJ/s)

 Enthalpy discharge this time step:  0.000000E+00 MJ (0.000000E+00 MJ/s)
 Enthalpy input this time step:      0.176220E+08 MJ (0.116360E-04 MJ/s)
 Total enthalpy discharge:           0.231135E+00 MJ (0.254368E-13 MJ/s)
 Total enthalpy input:               0.107084E+09 MJ (0.117848E-04 MJ/s)

 Water discharge this time step:   0.000000E+00 kg (0.000000E+00 kg/s)
 Water input this time step:       0.000000E+00 kg (0.000000E+00 kg/s)
 Total water discharge:            0.592695E-03 kg (0.652273E-16 kg/s)
 Total water input:                0.848935E-03 kg (0.934270E-16 kg/s)

 Enthalpy discharge this time step:  0.000000E+00 MJ (0.000000E+00 MJ/s)
 Enthalpy input this time step:      0.176220E+08 MJ (0.116360E-04 MJ/s)
 Total enthalpy discharge:           0.231135E+00 MJ (0.254368E-13 MJ/s)
 Total enthalpy input:               0.107084E+09 MJ (0.117848E-04 MJ/s)

 Enthalpy discharge this time step:  0.000000E+00 MJ (0.000000E+00 MJ/s)
 Enthalpy input this time step:      0.211452E+08 MJ (0.116354E-04 MJ/s)
 Total enthalpy discharge:           0.231135E+00 MJ (0.211974E-13 MJ/s)
 Total enthalpy input:               0.128229E+09 MJ (0.117599E-04 MJ/s)

 Water discharge this time step:   0.000000E+00 kg (0.000000E+00 kg/s)
 Water input this time step:       0.000000E+00 kg (0.000000E+00 kg/s)
 Total water discharge:            0.592695E-03 kg (0.543561E-16 kg/s)
 Total water input:                0.848935E-03 kg (0.778558E-16 kg/s)

 Enthalpy discharge this time step:  0.000000E+00 MJ (0.000000E+00 MJ/s)
 Enthalpy input this time step:      0.211452E+08 MJ (0.116354E-04 MJ/s)
 Total enthalpy discharge:           0.231135E+00 MJ (0.211974E-13 MJ/s)
 Total enthalpy input:               0.128229E+09 MJ (0.117599E-04 MJ/s)

 Enthalpy discharge this time step:  0.000000E+00 MJ (0.000000E+00 MJ/s)
 Enthalpy input this time step:      0.253742E+08 MJ (0.116354E-04 MJ/s)
 Total enthalpy discharge:           0.231135E+00 MJ (0.176645E-13 MJ/s)
 Total enthalpy input:               0.153603E+09 MJ (0.117391E-04 MJ/s)

 Water discharge this time step:   0.000000E+00 kg (0.000000E+00 kg/s)
 Water input this time step:       0.000000E+00 kg (0.000000E+00 kg/s)
 Total water discharge:            0.592695E-03 kg (0.452967E-16 kg/s)
 Total water input:                0.848935E-03 kg (0.648798E-16 kg/s)

 Enthalpy discharge this time step:  0.000000E+00 MJ (0.000000E+00 MJ/s)
 Enthalpy input this time step:      0.253742E+08 MJ (0.116354E-04 MJ/s)
 Total enthalpy discharge:           0.231135E+00 MJ (0.176645E-13 MJ/s)
 Total enthalpy input:               0.153603E+09 MJ (0.117391E-04 MJ/s)

 Enthalpy discharge this time step:  0.000000E+00 MJ (0.000000E+00 MJ/s)
 Enthalpy input this time step:      0.304491E+08 MJ (0.116354E-04 MJ/s)
 Total enthalpy discharge:           0.231135E+00 MJ (0.147204E-13 MJ/s)
 Total enthalpy input:               0.184053E+09 MJ (0.117218E-04 MJ/s)

 Water discharge this time step:   0.000000E+00 kg (0.000000E+00 kg/s)
 Water input this time step:       0.000000E+00 kg (0.000000E+00 kg/s)
 Total water discharge:            0.592695E-03 kg (0.377473E-16 kg/s)
 Total water input:                0.848935E-03 kg (0.540665E-16 kg/s)

 Enthalpy discharge this time step:  0.000000E+00 MJ (0.000000E+00 MJ/s)
 Enthalpy input this time step:      0.304491E+08 MJ (0.116354E-04 MJ/s)
 Total enthalpy discharge:           0.231135E+00 MJ (0.147204E-13 MJ/s)
 Total enthalpy input:               0.184053E+09 MJ (0.117218E-04 MJ/s)

 Enthalpy discharge this time step:  0.000000E+00 MJ (0.000000E+00 MJ/s)
 Enthalpy input this time step:      0.365389E+08 MJ (0.116354E-04 MJ/s)
 Total enthalpy discharge:           0.231135E+00 MJ (0.122670E-13 MJ/s)
 Total enthalpy input:               0.220591E+09 MJ (0.117074E-04 MJ/s)

 Water discharge this time step:   0.000000E+00 kg (0.000000E+00 kg/s)
 Water input this time step:       0.000000E+00 kg (0.000000E+00 kg/s)
 Total water discharge:            0.592695E-03 kg (0.314561E-16 kg/s)
 Total water input:                0.848935E-03 kg (0.450555E-16 kg/s)

 Enthalpy discharge this time step:  0.000000E+00 MJ (0.000000E+00 MJ/s)
 Enthalpy input this time step:      0.365389E+08 MJ (0.116354E-04 MJ/s)
 Total enthalpy discharge:           0.231135E+00 MJ (0.122670E-13 MJ/s)
 Total enthalpy input:               0.220591E+09 MJ (0.117074E-04 MJ/s)

 Enthalpy discharge this time step:  0.000000E+00 MJ (0.000000E+00 MJ/s)
 Enthalpy input this time step:      0.350120E+08 MJ (0.111022E-04 MJ/s)
 Total enthalpy discharge:           0.231135E+00 MJ (0.105082E-13 MJ/s)
 Total enthalpy input:               0.255603E+09 MJ (0.116207E-04 MJ/s)

 Water discharge this time step:   0.000000E+00 kg (0.000000E+00 kg/s)
 Water input this time step:       0.000000E+00 kg (0.000000E+00 kg/s)
 Total water discharge:            0.592695E-03 kg (0.269461E-16 kg/s)
 Total water input:                0.848935E-03 kg (0.385957E-16 kg/s)

 Enthalpy discharge this time step:  0.000000E+00 MJ (0.000000E+00 MJ/s)
 Enthalpy input this time step:      0.350120E+08 MJ (0.111022E-04 MJ/s)
 Total enthalpy discharge:           0.231135E+00 MJ (0.105082E-13 MJ/s)
 Total enthalpy input:               0.255603E+09 MJ (0.116207E-04 MJ/s)

 Enthalpy discharge this time step:  0.000000E+00 MJ (0.000000E+00 MJ/s)
 Enthalpy input this time step:      0.350120E+08 MJ (0.111022E-04 MJ/s)
 Total enthalpy discharge:           0.231135E+00 MJ (0.919053E-14 MJ/s)
 Total enthalpy input:               0.290615E+09 MJ (0.115557E-04 MJ/s)

 Water discharge this time step:   0.000000E+00 kg (0.000000E+00 kg/s)
 Water input this time step:       0.000000E+00 kg (0.000000E+00 kg/s)
 Total water discharge:            0.592695E-03 kg (0.235672E-16 kg/s)
 Total water input:                0.848935E-03 kg (0.337559E-16 kg/s)

 Enthalpy discharge this time step:  0.000000E+00 MJ (0.000000E+00 MJ/s)
 Enthalpy input this time step:      0.350120E+08 MJ (0.111022E-04 MJ/s)
 Total enthalpy discharge:           0.231135E+00 MJ (0.919053E-14 MJ/s)
 Total enthalpy input:               0.290615E+09 MJ (0.115557E-04 MJ/s)

 Enthalpy discharge this time step:  0.000000E+00 MJ (0.000000E+00 MJ/s)
 Enthalpy input this time step:      0.350120E+08 MJ (0.111022E-04 MJ/s)
 Total enthalpy discharge:           0.231135E+00 MJ (0.816649E-14 MJ/s)
 Total enthalpy input:               0.325627E+09 MJ (0.115051E-04 MJ/s)

 Water discharge this time step:   0.000000E+00 kg (0.000000E+00 kg/s)
 Water input this time step:       0.000000E+00 kg (0.000000E+00 kg/s)
 Total water discharge:            0.592695E-03 kg (0.209412E-16 kg/s)
 Total water input:                0.848935E-03 kg (0.299947E-16 kg/s)

 Enthalpy discharge this time step:  0.000000E+00 MJ (0.000000E+00 MJ/s)
 Enthalpy input this time step:      0.350120E+08 MJ (0.111022E-04 MJ/s)
 Total enthalpy discharge:           0.231135E+00 MJ (0.816649E-14 MJ/s)
 Total enthalpy input:               0.325627E+09 MJ (0.115051E-04 MJ/s)
*********************************************************************
 Time Step       151

                    Timing Information
           Years              Days         Step Size (Days)
      996793.051          364078662.         36500000.0    
 Cpu Sec for Time Step =   8.089     Current Total =     407.5    

                    Equation Performance
 Number of N-R Iterations:          2
 Avg # of Linear Equation Solver Iterations:  40.0
 Number of Active Nodes:    266218.
 Total Number of Iterations, N-R:        302 , Solver:       2460
 Phase Changes This Time Step:        0 Total           0
 Nodes Liq Phase:   532436 change        0
 Nodes Two Phase:        0 change        0
 Nodes Gas Phase:         0 change        0
 Nodes SC Phase:        0 change        0
 Number of restarted time steps            0
                    Largest Residuals
 EQ1 R=  0.5995E-13 node= 425255 zone=     5 x=0.3000E+05 y=0.1200E+05 z=-.2500E+05
 EQ2 R=  0.2327E-11 node= 507638 zone=     3 x=0.4600E+05 y=-.4800E+05 z=-3000.    
   Node   Equation 1 Residual   Equation 2 Residual
 266236     -0.215709E-14          -0.861868E-16
 266234     -0.416957E-14           0.491580E-13
 266231     -0.662664E-14           0.834382E-13
 266226     -0.409835E-13           0.127048E-11
 266221     -0.394296E-14           0.172754E-12
 266210     -0.775290E-14           0.225775E-11
 266201      0.250551E-13          -0.362405E-16

                    Nodal Information (Water)
                                                  source/sink  E source/sink
   Node   P (MPa)    E (MJ)    L sat     Temp (C)    (kg/s)       (MJ/s)
 266236    135.2     0.167      1.00        2.000   0.000     -0.155E-08
 266234    139.3     0.167      1.00        2.000   0.000       0.00    
 266231    142.1     0.166      1.00        2.000   0.000       0.00    
 266226    149.0     0.166      1.00        2.000   0.000       0.00    
 266221    155.9     0.165      1.00        2.000   0.000       0.00    
 266210    179.6     0.163      1.00        2.000   0.000       0.00    
 266201    204.8     0.161      1.00        2.000   0.000     -0.289E-08

                    Global Mass & Energy Balances
 Total mass in system at this time:            0.477635E+17 kg
 Total mass of steam in system at this time:   0.000000E+00 kg
 Total enthalpy in system at this time:        0.319067E+16 MJ

 Water discharge this time step:   0.000000E+00 kg (0.000000E+00 kg/s)
 Water input this time step:       0.000000E+00 kg (0.000000E+00 kg/s)
 Total water discharge:            0.592695E-03 kg (0.188418E-16 kg/s)
 Total water input:                0.848935E-03 kg (0.269877E-16 kg/s)

 Enthalpy discharge this time step:  0.000000E+00 MJ (0.000000E+00 MJ/s)
 Enthalpy input this time step:      0.348747E+08 MJ (0.110587E-04 MJ/s)
 Total enthalpy discharge:           0.231135E+00 MJ (0.734777E-14 MJ/s)
 Total enthalpy input:               0.360502E+09 MJ (0.114604E-04 MJ/s)

 Net kg water discharge (total out-total in):  -0.256239E-03
 Net MJ energy discharge (total out-total in):  -0.360502E+09
 Conservation Errors:  -0.277626E+10 (mass),  -0.968456E-02 (energy)

 Enthalpy discharge this time step:  0.000000E+00 MJ (0.000000E+00 MJ/s)
 Enthalpy input this time step:      0.348747E+08 MJ (0.110587E-04 MJ/s)
 Total enthalpy discharge:           0.231135E+00 MJ (0.667826E-14 MJ/s)
 Total enthalpy input:               0.395377E+09 MJ (0.114238E-04 MJ/s)

 Water discharge this time step:   0.000000E+00 kg (0.000000E+00 kg/s)
 Water input this time step:       0.000000E+00 kg (0.000000E+00 kg/s)
 Total water discharge:            0.592695E-03 kg (0.171250E-16 kg/s)
 Total water input:                0.848935E-03 kg (0.245286E-16 kg/s)

 Enthalpy discharge this time step:  0.000000E+00 MJ (0.000000E+00 MJ/s)
 Enthalpy input this time step:      0.348747E+08 MJ (0.110587E-04 MJ/s)
 Total enthalpy discharge:           0.231135E+00 MJ (0.667826E-14 MJ/s)
 Total enthalpy input:               0.395377E+09 MJ (0.114238E-04 MJ/s)

 Enthalpy discharge this time step:  0.000000E+00 MJ (0.000000E+00 MJ/s)
 Enthalpy input this time step:      0.341759E+08 MJ (0.108371E-04 MJ/s)
 Total enthalpy discharge:           0.231135E+00 MJ (0.612056E-14 MJ/s)
 Total enthalpy input:               0.429553E+09 MJ (0.113748E-04 MJ/s)

 Water discharge this time step:   0.000000E+00 kg (0.000000E+00 kg/s)
 Water input this time step:       0.000000E+00 kg (0.000000E+00 kg/s)
 Total water discharge:            0.592695E-03 kg (0.156949E-16 kg/s)
 Total water input:                0.848935E-03 kg (0.224802E-16 kg/s)

 Enthalpy discharge this time step:  0.000000E+00 MJ (0.000000E+00 MJ/s)
 Enthalpy input this time step:      0.341759E+08 MJ (0.108371E-04 MJ/s)
 Total enthalpy discharge:           0.231135E+00 MJ (0.612056E-14 MJ/s)
 Total enthalpy input:               0.429553E+09 MJ (0.113748E-04 MJ/s)

 Enthalpy discharge this time step:  0.000000E+00 MJ (0.000000E+00 MJ/s)
 Enthalpy input this time step:      0.331935E+08 MJ (0.105256E-04 MJ/s)
 Total enthalpy discharge:           0.231135E+00 MJ (0.564884E-14 MJ/s)
 Total enthalpy input:               0.462746E+09 MJ (0.113093E-04 MJ/s)

 Water discharge this time step:   0.000000E+00 kg (0.000000E+00 kg/s)
 Water input this time step:       0.000000E+00 kg (0.000000E+00 kg/s)
 Total water discharge:            0.592695E-03 kg (0.144852E-16 kg/s)
 Total water input:                0.848935E-03 kg (0.207476E-16 kg/s)

 Enthalpy discharge this time step:  0.000000E+00 MJ (0.000000E+00 MJ/s)
 Enthalpy input this time step:      0.331935E+08 MJ (0.105256E-04 MJ/s)
 Total enthalpy discharge:           0.231135E+00 MJ (0.564884E-14 MJ/s)
 Total enthalpy input:               0.462746E+09 MJ (0.113093E-04 MJ/s)

 Enthalpy discharge this time step:  0.000000E+00 MJ (0.000000E+00 MJ/s)
 Enthalpy input this time step:      0.331935E+08 MJ (0.105256E-04 MJ/s)
 Total enthalpy discharge:           0.231135E+00 MJ (0.524462E-14 MJ/s)
 Total enthalpy input:               0.495940E+09 MJ (0.112533E-04 MJ/s)

 Water discharge this time step:   0.000000E+00 kg (0.000000E+00 kg/s)
 Water input this time step:       0.000000E+00 kg (0.000000E+00 kg/s)
 Total water discharge:            0.592695E-03 kg (0.134487E-16 kg/s)
 Total water input:                0.848935E-03 kg (0.192630E-16 kg/s)

 Enthalpy discharge this time step:  0.000000E+00 MJ (0.000000E+00 MJ/s)
 Enthalpy input this time step:      0.331935E+08 MJ (0.105256E-04 MJ/s)
 Total enthalpy discharge:           0.231135E+00 MJ (0.524462E-14 MJ/s)
 Total enthalpy input:               0.495940E+09 MJ (0.112533E-04 MJ/s)

 Enthalpy discharge this time step:  0.000000E+00 MJ (0.000000E+00 MJ/s)
 Enthalpy input this time step:      0.331935E+08 MJ (0.105256E-04 MJ/s)
 Total enthalpy discharge:           0.231135E+00 MJ (0.489439E-14 MJ/s)
 Total enthalpy input:               0.529133E+09 MJ (0.112047E-04 MJ/s)

 Water discharge this time step:   0.000000E+00 kg (0.000000E+00 kg/s)
 Water input this time step:       0.000000E+00 kg (0.000000E+00 kg/s)
 Total water discharge:            0.592695E-03 kg (0.125506E-16 kg/s)
 Total water input:                0.848935E-03 kg (0.179766E-16 kg/s)

 Enthalpy discharge this time step:  0.000000E+00 MJ (0.000000E+00 MJ/s)
 Enthalpy input this time step:      0.331935E+08 MJ (0.105256E-04 MJ/s)
 Total enthalpy discharge:           0.231135E+00 MJ (0.489439E-14 MJ/s)
 Total enthalpy input:               0.529133E+09 MJ (0.112047E-04 MJ/s)

 Enthalpy discharge this time step:  0.000000E+00 MJ (0.000000E+00 MJ/s)
 Enthalpy input this time step:      0.331935E+08 MJ (0.105256E-04 MJ/s)
 Total enthalpy discharge:           0.231135E+00 MJ (0.458801E-14 MJ/s)
 Total enthalpy input:               0.562327E+09 MJ (0.111621E-04 MJ/s)

 Water discharge this time step:   0.000000E+00 kg (0.000000E+00 kg/s)
 Water input this time step:       0.000000E+00 kg (0.000000E+00 kg/s)
 Total water discharge:            0.592695E-03 kg (0.117650E-16 kg/s)
 Total water input:                0.848935E-03 kg (0.168513E-16 kg/s)

 Enthalpy discharge this time step:  0.000000E+00 MJ (0.000000E+00 MJ/s)
 Enthalpy input this time step:      0.331935E+08 MJ (0.105256E-04 MJ/s)
 Total enthalpy discharge:           0.231135E+00 MJ (0.458801E-14 MJ/s)
 Total enthalpy input:               0.562327E+09 MJ (0.111621E-04 MJ/s)

 Enthalpy discharge this time step:  0.000000E+00 MJ (0.000000E+00 MJ/s)
 Enthalpy input this time step:      0.331935E+08 MJ (0.105256E-04 MJ/s)
 Total enthalpy discharge:           0.231135E+00 MJ (0.431772E-14 MJ/s)
 Total enthalpy input:               0.595520E+09 MJ (0.111246E-04 MJ/s)

 Water discharge this time step:   0.000000E+00 kg (0.000000E+00 kg/s)
 Water input this time step:       0.000000E+00 kg (0.000000E+00 kg/s)
 Total water discharge:            0.592695E-03 kg (0.110719E-16 kg/s)
 Total water input:                0.848935E-03 kg (0.158586E-16 kg/s)

 Enthalpy discharge this time step:  0.000000E+00 MJ (0.000000E+00 MJ/s)
 Enthalpy input this time step:      0.331935E+08 MJ (0.105256E-04 MJ/s)
 Total enthalpy discharge:           0.231135E+00 MJ (0.431772E-14 MJ/s)
 Total enthalpy input:               0.595520E+09 MJ (0.111246E-04 MJ/s)

 Enthalpy discharge this time step:  0.000000E+00 MJ (0.000000E+00 MJ/s)
 Enthalpy input this time step:      0.331928E+08 MJ (0.105254E-04 MJ/s)
 Total enthalpy discharge:           0.231135E+00 MJ (0.407751E-14 MJ/s)
 Total enthalpy input:               0.628713E+09 MJ (0.110913E-04 MJ/s)

 Water discharge this time step:   0.000000E+00 kg (0.000000E+00 kg/s)
 Water input this time step:       0.000000E+00 kg (0.000000E+00 kg/s)
 Total water discharge:            0.592695E-03 kg (0.104559E-16 kg/s)
 Total water input:                0.848935E-03 kg (0.149763E-16 kg/s)

 Enthalpy discharge this time step:  0.000000E+00 MJ (0.000000E+00 MJ/s)
 Enthalpy input this time step:      0.331928E+08 MJ (0.105254E-04 MJ/s)
 Total enthalpy discharge:           0.231135E+00 MJ (0.407751E-14 MJ/s)
 Total enthalpy input:               0.628713E+09 MJ (0.110913E-04 MJ/s)

 Enthalpy discharge this time step:  0.000000E+00 MJ (0.000000E+00 MJ/s)
 Enthalpy input this time step:      0.315115E+08 MJ (0.999223E-05 MJ/s)
 Total enthalpy discharge:           0.231135E+00 MJ (0.386262E-14 MJ/s)
 Total enthalpy input:               0.660224E+09 MJ (0.110334E-04 MJ/s)

 Water discharge this time step:   0.000000E+00 kg (0.000000E+00 kg/s)
 Water input this time step:       0.000000E+00 kg (0.000000E+00 kg/s)
 Total water discharge:            0.592695E-03 kg (0.990486E-17 kg/s)
 Total water input:                0.848935E-03 kg (0.141870E-16 kg/s)

 Enthalpy discharge this time step:  0.000000E+00 MJ (0.000000E+00 MJ/s)
 Enthalpy input this time step:      0.315115E+08 MJ (0.999223E-05 MJ/s)
 Total enthalpy discharge:           0.231135E+00 MJ (0.386262E-14 MJ/s)
 Total enthalpy input:               0.660224E+09 MJ (0.110334E-04 MJ/s)
*********************************************************************
 Time Step       161

                    Timing Information
           Years              Days         Step Size (Days)
      1996108.59          729078662.         36500000.0    
 Cpu Sec for Time Step =   9.821     Current Total =     491.5    

                    Equation Performance
 Number of N-R Iterations:          2
 Avg # of Linear Equation Solver Iterations:  50.5
 Number of Active Nodes:    266218.
 Total Number of Iterations, N-R:        322 , Solver:       3294
 Phase Changes This Time Step:        0 Total           0
 Nodes Liq Phase:   532436 change        0
 Nodes Two Phase:        0 change        0
 Nodes Gas Phase:         0 change        0
 Nodes SC Phase:        0 change        0
 Number of restarted time steps            0
                    Largest Residuals
 EQ1 R=  0.6044E-13 node= 127407 zone=     5 x=-.2600E+05 y=-.3600E+05 z=-.2500E+05
 EQ2 R=  0.1943E-11 node= 528786 zone=     3 x=0.5000E+05 y=-.4800E+05 z=-3000.    
   Node   Equation 1 Residual   Equation 2 Residual
 266236     -0.222141E-14           0.932174E-16
 266234     -0.100118E-13           0.929403E-12
 266231     -0.604671E-14           0.252883E-12
 266226     -0.242304E-13           0.165637E-11
 266221      0.738339E-14           0.167852E-12
 266210     -0.561680E-14           0.188942E-11
 266201      0.770091E-15           0.562790E-16

                    Nodal Information (Water)
                                                  source/sink  E source/sink
   Node   P (MPa)    E (MJ)    L sat     Temp (C)    (kg/s)       (MJ/s)
 266236    135.2     0.167      1.00        2.000   0.000     -0.133E-08
 266234    139.3     0.167      1.00        2.000   0.000       0.00    
 266231    142.1     0.166      1.00        2.000   0.000       0.00    
 266226    149.0     0.166      1.00        2.000   0.000       0.00    
 266221    155.9     0.165      1.00        2.000   0.000       0.00    
 266210    179.6     0.163      1.00        2.000   0.000       0.00    
 266201    204.8     0.161      1.00        2.000   0.000     -0.244E-08

                    Global Mass & Energy Balances
 Total mass in system at this time:            0.477635E+17 kg
 Total mass of steam in system at this time:   0.000000E+00 kg
 Total enthalpy in system at this time:        0.319067E+16 MJ

 Water discharge this time step:   0.000000E+00 kg (0.000000E+00 kg/s)
 Water input this time step:       0.000000E+00 kg (0.000000E+00 kg/s)
 Total water discharge:            0.592695E-03 kg (0.940899E-17 kg/s)
 Total water input:                0.848935E-03 kg (0.134768E-16 kg/s)

 Enthalpy discharge this time step:  0.000000E+00 MJ (0.000000E+00 MJ/s)
 Enthalpy input this time step:      0.315115E+08 MJ (0.999223E-05 MJ/s)
 Total enthalpy discharge:           0.231135E+00 MJ (0.366924E-14 MJ/s)
 Total enthalpy input:               0.691736E+09 MJ (0.109813E-04 MJ/s)

 Net kg water discharge (total out-total in):  -0.256239E-03
 Net MJ energy discharge (total out-total in):  -0.691736E+09
 Conservation Errors:  -0.577160E+10 (mass),  -0.990205E-02 (energy)

 Enthalpy discharge this time step:  0.000000E+00 MJ (0.000000E+00 MJ/s)
 Enthalpy input this time step:      0.315115E+08 MJ (0.999223E-05 MJ/s)
 Total enthalpy discharge:           0.231135E+00 MJ (0.349431E-14 MJ/s)
 Total enthalpy input:               0.723247E+09 MJ (0.109341E-04 MJ/s)

 Water discharge this time step:   0.000000E+00 kg (0.000000E+00 kg/s)
 Water input this time step:       0.000000E+00 kg (0.000000E+00 kg/s)
 Total water discharge:            0.592695E-03 kg (0.896041E-17 kg/s)
 Total water input:                0.848935E-03 kg (0.128343E-16 kg/s)

 Enthalpy discharge this time step:  0.000000E+00 MJ (0.000000E+00 MJ/s)
 Enthalpy input this time step:      0.315115E+08 MJ (0.999223E-05 MJ/s)
 Total enthalpy discharge:           0.231135E+00 MJ (0.349431E-14 MJ/s)
 Total enthalpy input:               0.723247E+09 MJ (0.109341E-04 MJ/s)

 Enthalpy discharge this time step:  0.000000E+00 MJ (0.000000E+00 MJ/s)
 Enthalpy input this time step:      0.313742E+08 MJ (0.994871E-05 MJ/s)
 Total enthalpy discharge:           0.231135E+00 MJ (0.333529E-14 MJ/s)
 Total enthalpy input:               0.754622E+09 MJ (0.108893E-04 MJ/s)

 Water discharge this time step:   0.000000E+00 kg (0.000000E+00 kg/s)
 Water input this time step:       0.000000E+00 kg (0.000000E+00 kg/s)
 Total water discharge:            0.592695E-03 kg (0.855265E-17 kg/s)
 Total water input:                0.848935E-03 kg (0.122502E-16 kg/s)

 Enthalpy discharge this time step:  0.000000E+00 MJ (0.000000E+00 MJ/s)
 Enthalpy input this time step:      0.313742E+08 MJ (0.994871E-05 MJ/s)
 Total enthalpy discharge:           0.231135E+00 MJ (0.333529E-14 MJ/s)
 Total enthalpy input:               0.754622E+09 MJ (0.108893E-04 MJ/s)

 Enthalpy discharge this time step:  0.000000E+00 MJ (0.000000E+00 MJ/s)
 Enthalpy input this time step:      0.313742E+08 MJ (0.994871E-05 MJ/s)
 Total enthalpy discharge:           0.231135E+00 MJ (0.319012E-14 MJ/s)
 Total enthalpy input:               0.785996E+09 MJ (0.108483E-04 MJ/s)

 Water discharge this time step:   0.000000E+00 kg (0.000000E+00 kg/s)
 Water input this time step:       0.000000E+00 kg (0.000000E+00 kg/s)
 Total water discharge:            0.592695E-03 kg (0.818039E-17 kg/s)
 Total water input:                0.848935E-03 kg (0.117170E-16 kg/s)

 Enthalpy discharge this time step:  0.000000E+00 MJ (0.000000E+00 MJ/s)
 Enthalpy input this time step:      0.313742E+08 MJ (0.994871E-05 MJ/s)
 Total enthalpy discharge:           0.231135E+00 MJ (0.319012E-14 MJ/s)
 Total enthalpy input:               0.785996E+09 MJ (0.108483E-04 MJ/s)

 Enthalpy discharge this time step:  0.000000E+00 MJ (0.000000E+00 MJ/s)
 Enthalpy input this time step:      0.313742E+08 MJ (0.994871E-05 MJ/s)
 Total enthalpy discharge:           0.231135E+00 MJ (0.305706E-14 MJ/s)
 Total enthalpy input:               0.817370E+09 MJ (0.108108E-04 MJ/s)

 Water discharge this time step:   0.000000E+00 kg (0.000000E+00 kg/s)
 Water input this time step:       0.000000E+00 kg (0.000000E+00 kg/s)
 Total water discharge:            0.592695E-03 kg (0.783918E-17 kg/s)
 Total water input:                0.848935E-03 kg (0.112283E-16 kg/s)

 Enthalpy discharge this time step:  0.000000E+00 MJ (0.000000E+00 MJ/s)
 Enthalpy input this time step:      0.313742E+08 MJ (0.994871E-05 MJ/s)
 Total enthalpy discharge:           0.231135E+00 MJ (0.305706E-14 MJ/s)
 Total enthalpy input:               0.817370E+09 MJ (0.108108E-04 MJ/s)

 Enthalpy discharge this time step:  0.000000E+00 MJ (0.000000E+00 MJ/s)
 Enthalpy input this time step:      0.311012E+08 MJ (0.986211E-05 MJ/s)
 Total enthalpy discharge:           0.231135E+00 MJ (0.293465E-14 MJ/s)
 Total enthalpy input:               0.848471E+09 MJ (0.107728E-04 MJ/s)

 Water discharge this time step:   0.000000E+00 kg (0.000000E+00 kg/s)
 Water input this time step:       0.000000E+00 kg (0.000000E+00 kg/s)
 Total water discharge:            0.592695E-03 kg (0.752529E-17 kg/s)
 Total water input:                0.848935E-03 kg (0.107787E-16 kg/s)

 Enthalpy discharge this time step:  0.000000E+00 MJ (0.000000E+00 MJ/s)
 Enthalpy input this time step:      0.311012E+08 MJ (0.986211E-05 MJ/s)
 Total enthalpy discharge:           0.231135E+00 MJ (0.293465E-14 MJ/s)
 Total enthalpy input:               0.848471E+09 MJ (0.107728E-04 MJ/s)

 Enthalpy discharge this time step:  0.000000E+00 MJ (0.000000E+00 MJ/s)
 Enthalpy input this time step:      0.280166E+08 MJ (0.888400E-05 MJ/s)
 Total enthalpy discharge:           0.231135E+00 MJ (0.282167E-14 MJ/s)
 Total enthalpy input:               0.876488E+09 MJ (0.107001E-04 MJ/s)

 Water discharge this time step:   0.000000E+00 kg (0.000000E+00 kg/s)
 Water input this time step:       0.000000E+00 kg (0.000000E+00 kg/s)
 Total water discharge:            0.592695E-03 kg (0.723558E-17 kg/s)
 Total water input:                0.848935E-03 kg (0.103637E-16 kg/s)

 Enthalpy discharge this time step:  0.000000E+00 MJ (0.000000E+00 MJ/s)
 Enthalpy input this time step:      0.280166E+08 MJ (0.888400E-05 MJ/s)
 Total enthalpy discharge:           0.231135E+00 MJ (0.282167E-14 MJ/s)
 Total enthalpy input:               0.876488E+09 MJ (0.107001E-04 MJ/s)

 Enthalpy discharge this time step:  0.000000E+00 MJ (0.000000E+00 MJ/s)
 Enthalpy input this time step:      0.280124E+08 MJ (0.888267E-05 MJ/s)
 Total enthalpy discharge:           0.231135E+00 MJ (0.271707E-14 MJ/s)
 Total enthalpy input:               0.904500E+09 MJ (0.106327E-04 MJ/s)

 Water discharge this time step:   0.000000E+00 kg (0.000000E+00 kg/s)
 Water input this time step:       0.000000E+00 kg (0.000000E+00 kg/s)
 Total water discharge:            0.592695E-03 kg (0.696734E-17 kg/s)
 Total water input:                0.848935E-03 kg (0.997953E-17 kg/s)

 Enthalpy discharge this time step:  0.000000E+00 MJ (0.000000E+00 MJ/s)
 Enthalpy input this time step:      0.280124E+08 MJ (0.888267E-05 MJ/s)
 Total enthalpy discharge:           0.231135E+00 MJ (0.271707E-14 MJ/s)
 Total enthalpy input:               0.904500E+09 MJ (0.106327E-04 MJ/s)

 Enthalpy discharge this time step:  0.000000E+00 MJ (0.000000E+00 MJ/s)
 Enthalpy input this time step:      0.280124E+08 MJ (0.888267E-05 MJ/s)
 Total enthalpy discharge:           0.231135E+00 MJ (0.261994E-14 MJ/s)
 Total enthalpy input:               0.932513E+09 MJ (0.105702E-04 MJ/s)

 Water discharge this time step:   0.000000E+00 kg (0.000000E+00 kg/s)
 Water input this time step:       0.000000E+00 kg (0.000000E+00 kg/s)
 Total water discharge:            0.592695E-03 kg (0.671829E-17 kg/s)
 Total water input:                0.848935E-03 kg (0.962280E-17 kg/s)

 Enthalpy discharge this time step:  0.000000E+00 MJ (0.000000E+00 MJ/s)
 Enthalpy input this time step:      0.280124E+08 MJ (0.888267E-05 MJ/s)
 Total enthalpy discharge:           0.231135E+00 MJ (0.261994E-14 MJ/s)
 Total enthalpy input:               0.932513E+09 MJ (0.105702E-04 MJ/s)

 Enthalpy discharge this time step:  0.000000E+00 MJ (0.000000E+00 MJ/s)
 Enthalpy input this time step:      0.280124E+08 MJ (0.888267E-05 MJ/s)
 Total enthalpy discharge:           0.231135E+00 MJ (0.252952E-14 MJ/s)
 Total enthalpy input:               0.960525E+09 MJ (0.105119E-04 MJ/s)

 Water discharge this time step:   0.000000E+00 kg (0.000000E+00 kg/s)
 Water input this time step:       0.000000E+00 kg (0.000000E+00 kg/s)
 Total water discharge:            0.592695E-03 kg (0.648642E-17 kg/s)
 Total water input:                0.848935E-03 kg (0.929069E-17 kg/s)

 Enthalpy discharge this time step:  0.000000E+00 MJ (0.000000E+00 MJ/s)
 Enthalpy input this time step:      0.280124E+08 MJ (0.888267E-05 MJ/s)
 Total enthalpy discharge:           0.231135E+00 MJ (0.252952E-14 MJ/s)
 Total enthalpy input:               0.960525E+09 MJ (0.105119E-04 MJ/s)
*********************************************************************
 Time Step       171

                    Timing Information
           Years              Days         Step Size (Days)
      2995424.13         0.109407866E+10     36500000.0    
 Cpu Sec for Time Step =   10.10     Current Total =     591.2    

                    Equation Performance
 Number of N-R Iterations:          2
 Avg # of Linear Equation Solver Iterations:  50.5
 Number of Active Nodes:    266218.
 Total Number of Iterations, N-R:        342 , Solver:       4304
 Phase Changes This Time Step:        0 Total           0
 Nodes Liq Phase:   532436 change        0
 Nodes Two Phase:        0 change        0
 Nodes Gas Phase:         0 change        0
 Nodes SC Phase:        0 change        0
 Number of restarted time steps            0
                    Largest Residuals
 EQ1 R=  0.5625E-13 node= 531366 zone=     3 x=0.5000E+05 y=0.2200E+05 z=-.2300E+05
 EQ2 R=  0.1779E-11 node= 487614 zone=     2 x=0.4200E+05 y=-.1800E+05 z=0.1500E+05
   Node   Equation 1 Residual   Equation 2 Residual
 266236     -0.220046E-14           0.672078E-17
 266234     -0.261327E-13           0.126859E-11
 266231      0.151848E-13           0.318088E-12
 266226     -0.239903E-13           0.177676E-11
 266221     -0.128365E-13           0.160325E-12
 266210     -0.224865E-14           0.160442E-11
 266201      0.328063E-13          -0.214037E-16

                    Nodal Information (Water)
                                                  source/sink  E source/sink
   Node   P (MPa)    E (MJ)    L sat     Temp (C)    (kg/s)       (MJ/s)
 266236    135.2     0.167      1.00        2.000   0.000     -0.133E-08
 266234    139.3     0.167      1.00        2.000   0.000       0.00    
 266231    142.1     0.166      1.00        2.000   0.000       0.00    
 266226    149.0     0.166      1.00        2.000   0.000       0.00    
 266221    155.9     0.165      1.00        2.000   0.000       0.00    
 266210    179.6     0.163      1.00        2.000   0.000       0.00    
 266201    204.8     0.161      1.00        2.000   0.000     -0.222E-08

                    Global Mass & Energy Balances
 Total mass in system at this time:            0.477635E+17 kg
 Total mass of steam in system at this time:   0.000000E+00 kg
 Total enthalpy in system at this time:        0.319067E+16 MJ

 Water discharge this time step:   0.000000E+00 kg (0.000000E+00 kg/s)
 Water input this time step:       0.000000E+00 kg (0.000000E+00 kg/s)
 Total water discharge:            0.592695E-03 kg (0.627002E-17 kg/s)
 Total water input:                0.848935E-03 kg (0.898074E-17 kg/s)

 Enthalpy discharge this time step:  0.000000E+00 MJ (0.000000E+00 MJ/s)
 Enthalpy input this time step:      0.280096E+08 MJ (0.888178E-05 MJ/s)
 Total enthalpy discharge:           0.231135E+00 MJ (0.244513E-14 MJ/s)
 Total enthalpy input:               0.988535E+09 MJ (0.104575E-04 MJ/s)

 Net kg water discharge (total out-total in):  -0.256239E-03
 Net MJ energy discharge (total out-total in):  -0.988535E+09
 Conservation Errors:  -0.858979E+10 (mass),  -0.677365E-02 (energy)

 Enthalpy discharge this time step:  0.000000E+00 MJ (0.000000E+00 MJ/s)
 Enthalpy input this time step:      0.280096E+08 MJ (0.888178E-05 MJ/s)
 Total enthalpy discharge:           0.231135E+00 MJ (0.236619E-14 MJ/s)
 Total enthalpy input:               0.101654E+10 MJ (0.104067E-04 MJ/s)

 Water discharge this time step:   0.000000E+00 kg (0.000000E+00 kg/s)
 Water input this time step:       0.000000E+00 kg (0.000000E+00 kg/s)
 Total water discharge:            0.592695E-03 kg (0.606760E-17 kg/s)
 Total water input:                0.848935E-03 kg (0.869080E-17 kg/s)

 Enthalpy discharge this time step:  0.000000E+00 MJ (0.000000E+00 MJ/s)
 Enthalpy input this time step:      0.280096E+08 MJ (0.888178E-05 MJ/s)
 Total enthalpy discharge:           0.231135E+00 MJ (0.236619E-14 MJ/s)
 Total enthalpy input:               0.101654E+10 MJ (0.104067E-04 MJ/s)

 Enthalpy discharge this time step:  0.000000E+00 MJ (0.000000E+00 MJ/s)
 Enthalpy input this time step:      0.280096E+08 MJ (0.888178E-05 MJ/s)
 Total enthalpy discharge:           0.231135E+00 MJ (0.229219E-14 MJ/s)
 Total enthalpy input:               0.104455E+10 MJ (0.103590E-04 MJ/s)

 Water discharge this time step:   0.000000E+00 kg (0.000000E+00 kg/s)
 Water input this time step:       0.000000E+00 kg (0.000000E+00 kg/s)
 Total water discharge:            0.592695E-03 kg (0.587784E-17 kg/s)
 Total water input:                0.848935E-03 kg (0.841900E-17 kg/s)

 Enthalpy discharge this time step:  0.000000E+00 MJ (0.000000E+00 MJ/s)
 Enthalpy input this time step:      0.280096E+08 MJ (0.888178E-05 MJ/s)
 Total enthalpy discharge:           0.231135E+00 MJ (0.229219E-14 MJ/s)
 Total enthalpy input:               0.104455E+10 MJ (0.103590E-04 MJ/s)

 Enthalpy discharge this time step:  0.000000E+00 MJ (0.000000E+00 MJ/s)
 Enthalpy input this time step:      0.280096E+08 MJ (0.888178E-05 MJ/s)
 Total enthalpy discharge:           0.231135E+00 MJ (0.222268E-14 MJ/s)
 Total enthalpy input:               0.107256E+10 MJ (0.103142E-04 MJ/s)

 Water discharge this time step:   0.000000E+00 kg (0.000000E+00 kg/s)
 Water input this time step:       0.000000E+00 kg (0.000000E+00 kg/s)
 Total water discharge:            0.592695E-03 kg (0.569958E-17 kg/s)
 Total water input:                0.848935E-03 kg (0.816368E-17 kg/s)

 Enthalpy discharge this time step:  0.000000E+00 MJ (0.000000E+00 MJ/s)
 Enthalpy input this time step:      0.280096E+08 MJ (0.888178E-05 MJ/s)
 Total enthalpy discharge:           0.231135E+00 MJ (0.222268E-14 MJ/s)
 Total enthalpy input:               0.107256E+10 MJ (0.103142E-04 MJ/s)
