FEHM V3.4.0lbUbuntu16 24-03-17   05/13/2025    17:25:43

Copyright  2015.   Los Alamos National Security, LLC.  This material was
produced under U.S. Government contract DE-AC52-06NA25396 for Los Alamos
National  Laboratory  (LANL),  which is operated by  Los Alamos National
Security, LLC  for the U. S. Department of Energy.  The U. S. Government
has rights to use, reproduce, and distribute this software.  Neither the
U. S. Government nor Los Alamos National Security, LLC or persons acting
on their behalf,  make any warranty,  express or implied, or assumes any
liability for the accuracy, completeness, or usefulness of the software,
any information pertaining to the software,  or  represents that its use
would not infringe privately owned rights.

The  software  being licensed  may  be Export Controlled.  It may not be
distributed  or  used by individuals  or entities prohibited from having
access to the software package, pursuant to United States export control
laws and regulations. An export control review and determination must be
completed before LANS will provide access to the identified Software.

 ppor read from optional input file: s5_3fr_sm0_p15un_all_cold.ppor                                                                                                                                                                          
 n0 =       543747

 "Eur grav; 100x100x50km; 3 large fracs, 0 small; cold; un perm = 10e-15"        



 File purpose - Variable - Unit number - File name

    control       - iocntl -  1 - fehmn.files                                                                                         
    input         - inpt   - 11 - s5_3fr_sm0_p15un_all_cold.dat                                                                       
    geometry      - incoor - 12 - s5_3fr_sm0_p15un_all_cold.fehm                                                                      
    zone          - inzone - 13 - s5_3fr_sm0_p15un_all_cold_material.zone                                                             
    output        - iout   - 14 - s5_3fr_sm0_p15un_all_cold.out                                                                       
    initial state - iread  -  0 - not using                                                                                           
    final state   - isave  - 16 - s5_3fr_sm0_p15un_all_cold.fin                                                                       
    time history  - ishis  - 17 - s5_3fr_sm0_p15un_all_cold.hist                                                                      
    time his.(tr) - istrc  -  0 - not using                                                                                           
    contour plot  - iscon  -  0 - not using                                                                                           
    con plot (dp) - iscon1 -  0 - not using                                                                                           
    fe coef stor  - isstor - 21 - s5_3fr_sm0_p15un_all_cold.stor                                                                      
    input check   - ischk  - 22 - s5_3fr_sm0_p15un_all_cold.chk                                                                       
 Value provided to subroutine user: not using

 **** input title : coor **** incoor =  12 ****
 **** input title : elem **** incoor =  12 ****
 **** input title : stop **** incoor =  12 ****
 **** input title : zone **** inzone =  13 ****
 **** input title : stop **** inzone =  13 ****
 **** input title : cont **** inpt =  11 ****
 **** contour format defined  : avs  ****
 **** input title : sol  **** inpt =  11 ****
 **** input title : node **** inpt =  11 ****
 **** input title : node **** inpt =  11 ****
 **** input title : node **** inpt =  11 ****
 **** input title : node **** inpt =  11 ****
 **** input title : node **** inpt =  11 ****
 **** input title : node **** inpt =  11 ****
 **** input title : eos  **** inpt =  11 ****
 **** input title : pres **** inpt =  11 ****
 **** input title : flow **** inpt =  11 ****
 **** input title : perm **** inpt =  11 ****
 perm read from optional input file: s5_3fr_sm0_p15un_all_cold.perm                                                                                                                                                                          
 **** input title : rock **** inpt =  11 ****
 rock read from optional input file: s5_3fr_sm0_p15un_all_cold.rock                                                                                                                                                                          
 **** input title : cond **** inpt =  11 ****
 cond read from optional input file: s5_3fr_sm0_p15un_all_cold.cond                                                                                                                                                                          
 **** input title : ppor **** inpt =  11 ****
 ppor read from optional input file: s5_3fr_sm0_p15un_all_cold.ppor                                                                                                                                                                          
 **** input title : hflx **** inpt =  11 ****
 **** input title : time **** inpt =  11 ****
 **** input title : ctrl **** inpt =  11 ****
 **** input title : stop **** inpt =  11 ****
 !!!!!!!!!!!!!!!!!!!!!!!!!!!!!!!!!!!!!!!
 Coefficients read from file s5_3fr_sm0_p15un_all_cold.stor
 !!!!!!!!!!!!!!!!!!!!!!!!!!!!!!!!!!!!!!!

 storage for geometric coefficients         58 in common(nr)         58
 gmres method chosen 
 >>>generating nop .....
 >>>writing nop to file nop.temp .....

 storage needed for ncon        4990951 available    4990951
 storage needed for nop         8937465 available    8937465
 storage needed for a matrix   17788812 available   17788812
 storage needed for b matrix   33574868 available   60878072
 storage for acceleration  28274844 available   28274844
 storage available for b matrix resized to   33574868<<<<<<


 time for reading input, forming coefficients   11.3    



 **** analysis of input data on file s5_3fr_sm0_p15un_all_cold.chk    ****

*********************************************************************
 Time Step         1

                    Timing Information
           Years              Days         Step Size (Days)
     0.273785079E-06     0.100000000E-03    0.100000000E-03
 Cpu Sec for Time Step =   1.758     Current Total =     1.774    

                    Equation Performance
 Number of N-R Iterations:          2
 Avg # of Linear Equation Solver Iterations:   1.0
 Number of Active Nodes:    543747.
 Total Number of Iterations, N-R:          2 , Solver:          2
 Phase Changes This Time Step:        0 Total           0
 Nodes Liq Phase:   543747 change        0
 Nodes Two Phase:        0 change        0
 Nodes Gas Phase:         0 change        0
 Nodes SC Phase:        0 change        0
 Number of restarted time steps            0
                    Largest Residuals
 EQ1 R=  0.5101E-04 node= 271899 zone=     5 x= 0.000     y= 0.000     z=0.2500E+05
 EQ2 R=  0.1208E-04 node= 271899 zone=     5 x= 0.000     y= 0.000     z=0.2500E+05
   Node   Equation 1 Residual   Equation 2 Residual
 271231      0.133730E-09           0.865054E-12
 271225     -0.100961E-15          -0.105206E-15
 271222     -0.814360E-12          -0.198931E-14
 271221     -0.813751E-12          -0.135455E-14
 271220     -0.814366E-12          -0.199595E-14
 271219     -0.814982E-12          -0.263734E-14
 271211     -0.813170E-12          -0.749654E-15
 271202     -0.100962E-15          -0.105206E-15
 271201     -0.814120E-12          -0.173995E-14
 271200     -0.814123E-12          -0.174327E-14
 271198      0.363432E-15           0.376976E-15
 271121     -0.814554E-12          -0.218508E-14
 271113     -0.335988E-10          -0.226946E-12
 271899     -0.510134E-04          -0.120796E-04
 271893     -0.100961E-15          -0.105206E-15
 271890     -0.814360E-12          -0.198931E-14
 271889     -0.813751E-12          -0.135455E-14
 271889     -0.813751E-12          -0.135455E-14
 271887     -0.814982E-12          -0.263734E-14
 271879     -0.813170E-12          -0.749654E-15
 271870     -0.100962E-15          -0.105206E-15
 271869     -0.814120E-12          -0.173995E-14
 271868     -0.814123E-12          -0.174327E-14
 271865     -0.882895E-15          -0.920906E-15
 271857     -0.814554E-12          -0.218508E-14
 271849     -0.335988E-10          -0.226946E-12
 272551      0.133730E-09           0.865054E-12
 272545     -0.100961E-15          -0.105206E-15
 272542     -0.814360E-12          -0.198931E-14
 272541     -0.813751E-12          -0.135455E-14
 272540     -0.814366E-12          -0.199595E-14
 272539     -0.814982E-12          -0.263734E-14
 272531     -0.813170E-12          -0.749654E-15
 272522     -0.100962E-15          -0.105206E-15
 272521     -0.814120E-12          -0.173995E-14
 272520     -0.814123E-12          -0.174327E-14
 272518      0.363432E-15           0.376976E-15
 272593     -0.814554E-12          -0.218508E-14
 272585     -0.335988E-10          -0.226946E-12
 271545      0.367591E-10           0.257527E-12
 271544     -0.755166E-12          -0.233898E-14
 271540     -0.813751E-12          -0.135455E-14
 271535      0.497110E-15           0.517843E-15
 271530     -0.814120E-12          -0.173995E-14
 271518     -0.814554E-12          -0.218508E-14
 271510     -0.335988E-10          -0.226946E-12
 272238      0.367591E-10           0.257527E-12
 272237     -0.755166E-12          -0.233898E-14
 272233     -0.813751E-12          -0.135455E-14
 272228      0.497110E-15           0.517843E-15
 272223     -0.814120E-12          -0.173995E-14
 272211     -0.814554E-12          -0.218508E-14
 272203     -0.335988E-10          -0.226946E-12
 273161      0.367591E-10           0.257527E-12
 273160     -0.755166E-12          -0.233898E-14
 273156     -0.813751E-12          -0.135455E-14
 273151      0.497101E-15           0.517843E-15
 273146     -0.814120E-12          -0.173995E-14
 273134     -0.814554E-12          -0.218508E-14
 273126     -0.335988E-10          -0.226946E-12

                    Nodal Information (Water)
                                                  source/sink  E source/sink
   Node   P (MPa)    E (MJ)    L sat     Temp (C)    (kg/s)       (MJ/s)
 271231    169.0     0.196      1.00        2.000   0.000     -0.267E-02
 271225    169.0     0.192      1.00        2.000   0.000       0.00    
 271222    169.0     0.190      1.00        2.000   0.000       0.00    
 271221    169.0     0.190      1.00        2.000   0.000       0.00    
 271220    169.0     0.189      1.00        2.000   0.000       0.00    
 271219    169.0     0.188      1.00        2.000   0.000       0.00    
 271211    169.0     0.183      1.00        2.000   0.000       0.00    
 271202    169.0     0.177      1.00        2.000   0.000       0.00    
 271201    169.0     0.177      1.00        2.000   0.000       0.00    
 271200    169.0     0.176      1.00        2.000   0.000       0.00    
 271198    169.0     0.174      1.00        2.000   0.000       0.00    
 271121    169.0     0.152      1.00        2.000   0.000       0.00    
 271113    169.0     0.131      1.00        2.000   0.000      0.707E-03
 271899    141.0     0.172      1.00        1.963  0.3635E+07  0.588E+06
 271893    169.0     0.192      1.00        2.000   0.000       0.00    
 271890    169.0     0.190      1.00        2.000   0.000       0.00    
 271889    169.0     0.190      1.00        2.000   0.000       0.00    
 271889    169.0     0.190      1.00        2.000   0.000       0.00    
 271887    169.0     0.188      1.00        2.000   0.000       0.00    
 271879    169.0     0.183      1.00        2.000   0.000       0.00    
 271870    169.0     0.177      1.00        2.000   0.000       0.00    
 271869    169.0     0.177      1.00        2.000   0.000       0.00    
 271868    169.0     0.176      1.00        2.000   0.000       0.00    
 271865    169.0     0.173      1.00        2.000   0.000       0.00    
 271857    169.0     0.152      1.00        2.000   0.000       0.00    
 271849    169.0     0.131      1.00        2.000   0.000      0.707E-03
 272551    169.0     0.196      1.00        2.000   0.000     -0.267E-02
 272545    169.0     0.192      1.00        2.000   0.000       0.00    
 272542    169.0     0.190      1.00        2.000   0.000       0.00    
 272541    169.0     0.190      1.00        2.000   0.000       0.00    
 272540    169.0     0.189      1.00        2.000   0.000       0.00    
 272539    169.0     0.188      1.00        2.000   0.000       0.00    
 272531    169.0     0.183      1.00        2.000   0.000       0.00    
 272522    169.0     0.177      1.00        2.000   0.000       0.00    
 272521    169.0     0.177      1.00        2.000   0.000       0.00    
 272520    169.0     0.176      1.00        2.000   0.000       0.00    
 272518    169.0     0.174      1.00        2.000   0.000       0.00    
 272593    169.0     0.152      1.00        2.000   0.000       0.00    
 272585    169.0     0.131      1.00        2.000   0.000      0.707E-03
 271545    169.0     0.196      1.00        2.000   0.000     -0.799E-03
 271544    169.0     0.193      1.00        2.000   0.000       0.00    
 271540    169.0     0.190      1.00        2.000   0.000       0.00    
 271535    169.0     0.183      1.00        2.000   0.000       0.00    
 271530    169.0     0.177      1.00        2.000   0.000       0.00    
 271518    169.0     0.152      1.00        2.000   0.000       0.00    
 271510    169.0     0.131      1.00        2.000   0.000      0.707E-03
 272238    169.0     0.196      1.00        2.000   0.000     -0.799E-03
 272237    169.0     0.193      1.00        2.000   0.000       0.00    
 272233    169.0     0.190      1.00        2.000   0.000       0.00    
 272228    169.0     0.183      1.00        2.000   0.000       0.00    
 272223    169.0     0.177      1.00        2.000   0.000       0.00    
 272211    169.0     0.152      1.00        2.000   0.000       0.00    
 272203    169.0     0.131      1.00        2.000   0.000      0.707E-03
 273161    169.0     0.196      1.00        2.000   0.000     -0.799E-03
 273160    169.0     0.193      1.00        2.000   0.000       0.00    
 273156    169.0     0.190      1.00        2.000   0.000       0.00    
 273151    169.0     0.183      1.00        2.000   0.000       0.00    
 273146    169.0     0.177      1.00        2.000   0.000       0.00    
 273134    169.0     0.152      1.00        2.000   0.000       0.00    
 273126    169.0     0.131      1.00        2.000   0.000      0.707E-03

                    Global Mass & Energy Balances
 Total mass in system at this time:            0.267662E+17 kg
 Total mass of steam in system at this time:   0.000000E+00 kg
 Total enthalpy in system at this time:        0.273783E+16 MJ

 Water discharge this time step:   0.314102E+08 kg (0.363544E+07 kg/s)
 Water input this time step:       0.000000E+00 kg (0.000000E+00 kg/s)
 Total water discharge:            0.314102E+08 kg (0.363544E+07 kg/s)
 Total water input:                0.000000E+00 kg (0.000000E+00 kg/s)

 Enthalpy discharge this time step:  0.507629E+07 MJ (0.587533E+06 MJ/s)
 Enthalpy input this time step:      0.331128E+02 MJ (0.383250E+01 MJ/s)
 Total enthalpy discharge:           0.507629E+07 MJ (0.587533E+06 MJ/s)
 Total enthalpy input:               0.331128E+02 MJ (0.383250E+01 MJ/s)

 Net kg water discharge (total out-total in):   0.314102E+08
 Net MJ energy discharge (total out-total in):   0.507626E+07
 Conservation Errors:  -0.126640E-03 (mass),  -0.332869E-03 (energy)

 Enthalpy discharge this time step:  0.532344E+06 MJ (0.513449E+05 MJ/s)
 Enthalpy input this time step:      0.869023E+02 MJ (0.838178E+01 MJ/s)
 Total enthalpy discharge:           0.560863E+07 MJ (0.295067E+06 MJ/s)
 Total enthalpy input:               0.120015E+03 MJ (0.631393E+01 MJ/s)

 Water discharge this time step:   0.573886E+07 kg (0.553517E+06 kg/s)
 Water input this time step:       0.000000E+00 kg (0.000000E+00 kg/s)
 Total water discharge:            0.371491E+08 kg (0.195439E+07 kg/s)
 Total water input:                0.000000E+00 kg (0.000000E+00 kg/s)

 Enthalpy discharge this time step:  0.532344E+06 MJ (0.513449E+05 MJ/s)
 Enthalpy input this time step:      0.869023E+02 MJ (0.838178E+01 MJ/s)
 Total enthalpy discharge:           0.560863E+07 MJ (0.295067E+06 MJ/s)
 Total enthalpy input:               0.120015E+03 MJ (0.631393E+01 MJ/s)

 Enthalpy discharge this time step:  0.831485E+02 MJ (0.668310E+01 MJ/s)
 Enthalpy input this time step:      0.342344E+06 MJ (0.275161E+05 MJ/s)
 Total enthalpy discharge:           0.560872E+07 MJ (0.178340E+06 MJ/s)
 Total enthalpy input:               0.342464E+06 MJ (0.108893E+05 MJ/s)

 Water discharge this time step:   0.902259E+06 kg (0.725196E+05 kg/s)
 Water input this time step:       0.000000E+00 kg (0.000000E+00 kg/s)
 Total water discharge:            0.380513E+08 kg (0.120992E+07 kg/s)
 Total water input:                0.000000E+00 kg (0.000000E+00 kg/s)

 Enthalpy discharge this time step:  0.831485E+02 MJ (0.668310E+01 MJ/s)
 Enthalpy input this time step:      0.342344E+06 MJ (0.275161E+05 MJ/s)
 Total enthalpy discharge:           0.560872E+07 MJ (0.178340E+06 MJ/s)
 Total enthalpy input:               0.342464E+06 MJ (0.108893E+05 MJ/s)

 Enthalpy discharge this time step:  0.147029E+03 MJ (0.984797E+01 MJ/s)
 Enthalpy input this time step:      0.526224E+06 MJ (0.352463E+05 MJ/s)
 Total enthalpy discharge:           0.560886E+07 MJ (0.120934E+06 MJ/s)
 Total enthalpy input:               0.868688E+06 MJ (0.187300E+05 MJ/s)

 Water discharge this time step:   0.123605E+06 kg (0.827900E+04 kg/s)
 Water input this time step:       0.000000E+00 kg (0.000000E+00 kg/s)
 Total water discharge:            0.381750E+08 kg (0.823099E+06 kg/s)
 Total water input:                0.000000E+00 kg (0.000000E+00 kg/s)

 Enthalpy discharge this time step:  0.147029E+03 MJ (0.984797E+01 MJ/s)
 Enthalpy input this time step:      0.526224E+06 MJ (0.352463E+05 MJ/s)
 Total enthalpy discharge:           0.560886E+07 MJ (0.120934E+06 MJ/s)
 Total enthalpy input:               0.868688E+06 MJ (0.187300E+05 MJ/s)

 Enthalpy discharge this time step:  0.244359E+03 MJ (0.136392E+02 MJ/s)
 Enthalpy input this time step:      0.592541E+06 MJ (0.330734E+05 MJ/s)
 Total enthalpy discharge:           0.560911E+07 MJ (0.872396E+05 MJ/s)
 Total enthalpy input:               0.146123E+07 MJ (0.227268E+05 MJ/s)

 Water discharge this time step:   0.175374E+05 kg (0.978874E+03 kg/s)
 Water input this time step:       0.000000E+00 kg (0.000000E+00 kg/s)
 Total water discharge:            0.381925E+08 kg (0.594016E+06 kg/s)
 Total water input:                0.000000E+00 kg (0.000000E+00 kg/s)

 Enthalpy discharge this time step:  0.244359E+03 MJ (0.136392E+02 MJ/s)
 Enthalpy input this time step:      0.592541E+06 MJ (0.330734E+05 MJ/s)
 Total enthalpy discharge:           0.560911E+07 MJ (0.872396E+05 MJ/s)
 Total enthalpy input:               0.146123E+07 MJ (0.227268E+05 MJ/s)

 Enthalpy discharge this time step:  0.390838E+03 MJ (0.181793E+02 MJ/s)
 Enthalpy input this time step:      0.635442E+06 MJ (0.295567E+05 MJ/s)
 Total enthalpy discharge:           0.560950E+07 MJ (0.653830E+05 MJ/s)
 Total enthalpy input:               0.209667E+07 MJ (0.244383E+05 MJ/s)

 Water discharge this time step:   0.558270E+04 kg (0.259671E+03 kg/s)
 Water input this time step:       0.000000E+00 kg (0.000000E+00 kg/s)
 Total water discharge:            0.381981E+08 kg (0.445227E+06 kg/s)
 Total water input:                0.000000E+00 kg (0.000000E+00 kg/s)

 Enthalpy discharge this time step:  0.390838E+03 MJ (0.181793E+02 MJ/s)
 Enthalpy input this time step:      0.635442E+06 MJ (0.295567E+05 MJ/s)
 Total enthalpy discharge:           0.560950E+07 MJ (0.653830E+05 MJ/s)
 Total enthalpy input:               0.209667E+07 MJ (0.244383E+05 MJ/s)

 Enthalpy discharge this time step:  0.609209E+03 MJ (0.236138E+02 MJ/s)
 Enthalpy input this time step:      0.664780E+06 MJ (0.257678E+05 MJ/s)
 Total enthalpy discharge:           0.561011E+07 MJ (0.502728E+05 MJ/s)
 Total enthalpy input:               0.276145E+07 MJ (0.247456E+05 MJ/s)

 Water discharge this time step:   0.468987E+04 kg (0.181786E+03 kg/s)
 Water input this time step:       0.000000E+00 kg (0.000000E+00 kg/s)
 Total water discharge:            0.382028E+08 kg (0.342339E+06 kg/s)
 Total water input:                0.000000E+00 kg (0.000000E+00 kg/s)

 Enthalpy discharge this time step:  0.609209E+03 MJ (0.236138E+02 MJ/s)
 Enthalpy input this time step:      0.664780E+06 MJ (0.257678E+05 MJ/s)
 Total enthalpy discharge:           0.561011E+07 MJ (0.502728E+05 MJ/s)
 Total enthalpy input:               0.276145E+07 MJ (0.247456E+05 MJ/s)

 Enthalpy discharge this time step:  0.932340E+03 MJ (0.301156E+02 MJ/s)
 Enthalpy input this time step:      0.677961E+06 MJ (0.218989E+05 MJ/s)
 Total enthalpy discharge:           0.561104E+07 MJ (0.393613E+05 MJ/s)
 Total enthalpy input:               0.343941E+07 MJ (0.241274E+05 MJ/s)

 Water discharge this time step:   0.483835E+04 kg (0.156284E+03 kg/s)
 Water input this time step:       0.000000E+00 kg (0.000000E+00 kg/s)
 Total water discharge:            0.382076E+08 kg (0.268026E+06 kg/s)
 Total water input:                0.000000E+00 kg (0.000000E+00 kg/s)

 Enthalpy discharge this time step:  0.932340E+03 MJ (0.301156E+02 MJ/s)
 Enthalpy input this time step:      0.677961E+06 MJ (0.218989E+05 MJ/s)
 Total enthalpy discharge:           0.561104E+07 MJ (0.393613E+05 MJ/s)
 Total enthalpy input:               0.343941E+07 MJ (0.241274E+05 MJ/s)

 Enthalpy discharge this time step:  0.140763E+04 MJ (0.378899E+02 MJ/s)
 Enthalpy input this time step:      0.671420E+06 MJ (0.180730E+05 MJ/s)
 Total enthalpy discharge:           0.561245E+07 MJ (0.312319E+05 MJ/s)
 Total enthalpy input:               0.411083E+07 MJ (0.228758E+05 MJ/s)

 Water discharge this time step:   0.500287E+04 kg (0.134665E+03 kg/s)
 Water input this time step:       0.000000E+00 kg (0.000000E+00 kg/s)
 Total water discharge:            0.382126E+08 kg (0.212644E+06 kg/s)
 Total water input:                0.000000E+00 kg (0.000000E+00 kg/s)

 Enthalpy discharge this time step:  0.140763E+04 MJ (0.378899E+02 MJ/s)
 Enthalpy input this time step:      0.671420E+06 MJ (0.180730E+05 MJ/s)
 Total enthalpy discharge:           0.561245E+07 MJ (0.312319E+05 MJ/s)
 Total enthalpy input:               0.411083E+07 MJ (0.228758E+05 MJ/s)

 Enthalpy discharge this time step:  0.210326E+04 MJ (0.471789E+02 MJ/s)
 Enthalpy input this time step:      0.642821E+06 MJ (0.144193E+05 MJ/s)
 Total enthalpy discharge:           0.561455E+07 MJ (0.250333E+05 MJ/s)
 Total enthalpy input:               0.475365E+07 MJ (0.211949E+05 MJ/s)

 Water discharge this time step:   0.509145E+04 kg (0.114208E+03 kg/s)
 Water input this time step:       0.000000E+00 kg (0.000000E+00 kg/s)
 Total water discharge:            0.382177E+08 kg (0.170399E+06 kg/s)
 Total water input:                0.000000E+00 kg (0.000000E+00 kg/s)

 Enthalpy discharge this time step:  0.210326E+04 MJ (0.471789E+02 MJ/s)
 Enthalpy input this time step:      0.642821E+06 MJ (0.144193E+05 MJ/s)
 Total enthalpy discharge:           0.561455E+07 MJ (0.250333E+05 MJ/s)
 Total enthalpy input:               0.475365E+07 MJ (0.211949E+05 MJ/s)
*********************************************************************
 Time Step        11

                    Timing Information
           Years              Days         Step Size (Days)
     0.880230487E-05     0.321504185E-02    0.619173642E-03
 Cpu Sec for Time Step =   1.752     Current Total =     19.58    

                    Equation Performance
 Number of N-R Iterations:          2
 Avg # of Linear Equation Solver Iterations:   1.0
 Number of Active Nodes:    543747.
 Total Number of Iterations, N-R:         22 , Solver:         22
 Phase Changes This Time Step:        0 Total           0
 Nodes Liq Phase:   543747 change        0
 Nodes Two Phase:        0 change        0
 Nodes Gas Phase:         0 change        0
 Nodes SC Phase:        0 change        0
 Number of restarted time steps            0
                    Largest Residuals
 EQ1 R=  0.2108E-07 node= 268685 zone=     5 x=-500.0     y= 0.000     z=0.2500E+05
 EQ2 R=  0.1934E-09 node= 271899 zone=     5 x= 0.000     y= 0.000     z=0.2500E+05
   Node   Equation 1 Residual   Equation 2 Residual
 271231      0.834135E-09           0.427990E-11
 271225     -0.812821E-12          -0.428493E-15
 271222      0.406850E-12           0.632960E-15
 271221      0.813724E-12           0.141865E-14
 271220      0.407468E-12           0.127436E-14
 271219      0.813781E-12           0.142536E-14
 271211      0.813174E-12           0.813797E-15
 271202      0.813828E-12           0.148176E-14
 271201     -0.129816E-15          -0.149579E-15
 271200     -0.406218E-12          -0.330041E-15
 271198      0.715190E-15           0.478914E-15
 271121     -0.142277E-15          -0.149598E-15
 271113     -0.207849E-09          -0.140379E-11
 271899      0.130898E-08          -0.193396E-09
 271893     -0.812821E-12          -0.428493E-15
 271890      0.406850E-12           0.632960E-15
 271889      0.813724E-12           0.141865E-14
 271889      0.813724E-12           0.141865E-14
 271887      0.813781E-12           0.142536E-14
 271879      0.813174E-12           0.813797E-15
 271870      0.813828E-12           0.148176E-14
 271869     -0.129816E-15          -0.149579E-15
 271868     -0.406218E-12          -0.330041E-15
 271865     -0.768921E-15          -0.737910E-15
 271857     -0.142277E-15          -0.149598E-15
 271849     -0.207849E-09          -0.140379E-11
 272551      0.834135E-09           0.427990E-11
 272545     -0.812821E-12          -0.428493E-15
 272542      0.406850E-12           0.632960E-15
 272541      0.813724E-12           0.141865E-14
 272540      0.407468E-12           0.127436E-14
 272539      0.813781E-12           0.142536E-14
 272531      0.813174E-12           0.813797E-15
 272522      0.813828E-12           0.148176E-14
 272521     -0.129816E-15          -0.149579E-15
 272520     -0.406218E-12          -0.330041E-15
 272518      0.715190E-15           0.478914E-15
 272593     -0.142277E-15          -0.149598E-15
 272585     -0.207849E-09          -0.140379E-11
 271545      0.236080E-09           0.159986E-11
 271544      0.699703E-13          -0.709332E-15
 271540      0.813724E-12           0.141865E-14
 271535     -0.813594E-12          -0.122556E-14
 271530     -0.129816E-15          -0.149579E-15
 271518     -0.142277E-15          -0.149598E-15
 271510     -0.207849E-09          -0.140379E-11
 272238      0.236080E-09           0.159986E-11
 272237      0.699703E-13          -0.709332E-15
 272233      0.813724E-12           0.141865E-14
 272228     -0.813594E-12          -0.122556E-14
 272223     -0.129816E-15          -0.149579E-15
 272211     -0.142277E-15          -0.149598E-15
 272203     -0.207849E-09          -0.140379E-11
 273161      0.236077E-09           0.160050E-11
 273160      0.699697E-13          -0.709333E-15
 273156      0.813724E-12           0.141865E-14
 273151     -0.813596E-12          -0.122556E-14
 273146     -0.129816E-15          -0.149579E-15
 273134     -0.142277E-15          -0.149598E-15
 273126     -0.207849E-09          -0.140379E-11

                    Nodal Information (Water)
                                                  source/sink  E source/sink
   Node   P (MPa)    E (MJ)    L sat     Temp (C)    (kg/s)       (MJ/s)
 271231    169.0     0.196      1.00        2.000   0.000     -0.433E-01
 271225    169.0     0.192      1.00        2.000   0.000       0.00    
 271222    169.0     0.190      1.00        2.000   0.000       0.00    
 271221    169.0     0.190      1.00        2.000   0.000       0.00    
 271220    169.0     0.189      1.00        2.000   0.000       0.00    
 271219    169.0     0.188      1.00        2.000   0.000       0.00    
 271211    169.0     0.183      1.00        2.000   0.000       0.00    
 271202    169.0     0.177      1.00        2.000   0.000       0.00    
 271201    169.0     0.177      1.00        2.000   0.000       0.00    
 271200    169.0     0.176      1.00        2.000   0.000       0.00    
 271198    169.0     0.174      1.00        2.000   0.000       0.00    
 271121    169.0     0.152      1.00        2.000   0.000       0.00    
 271113    169.0     0.131      1.00        2.000   0.000      0.224E-01
 271899    135.2     0.167      1.00        1.989   95.43     -0.110E+05
 271893    169.0     0.192      1.00        2.000   0.000       0.00    
 271890    169.0     0.190      1.00        2.000   0.000       0.00    
 271889    169.0     0.190      1.00        2.000   0.000       0.00    
 271889    169.0     0.190      1.00        2.000   0.000       0.00    
 271887    169.0     0.188      1.00        2.000   0.000       0.00    
 271879    169.0     0.183      1.00        2.000   0.000       0.00    
 271870    169.0     0.177      1.00        2.000   0.000       0.00    
 271869    169.0     0.177      1.00        2.000   0.000       0.00    
 271868    169.0     0.176      1.00        2.000   0.000       0.00    
 271865    169.0     0.173      1.00        2.000   0.000       0.00    
 271857    169.0     0.152      1.00        2.000   0.000       0.00    
 271849    169.0     0.131      1.00        2.000   0.000      0.224E-01
 272551    169.0     0.196      1.00        2.000   0.000     -0.433E-01
 272545    169.0     0.192      1.00        2.000   0.000       0.00    
 272542    169.0     0.190      1.00        2.000   0.000       0.00    
 272541    169.0     0.190      1.00        2.000   0.000       0.00    
 272540    169.0     0.189      1.00        2.000   0.000       0.00    
 272539    169.0     0.188      1.00        2.000   0.000       0.00    
 272531    169.0     0.183      1.00        2.000   0.000       0.00    
 272522    169.0     0.177      1.00        2.000   0.000       0.00    
 272521    169.0     0.177      1.00        2.000   0.000       0.00    
 272520    169.0     0.176      1.00        2.000   0.000       0.00    
 272518    169.0     0.174      1.00        2.000   0.000       0.00    
 272593    169.0     0.152      1.00        2.000   0.000       0.00    
 272585    169.0     0.131      1.00        2.000   0.000      0.224E-01
 271545    169.0     0.196      1.00        2.000   0.000     -0.253E-01
 271544    169.0     0.193      1.00        2.000   0.000       0.00    
 271540    169.0     0.190      1.00        2.000   0.000       0.00    
 271535    169.0     0.183      1.00        2.000   0.000       0.00    
 271530    169.0     0.177      1.00        2.000   0.000       0.00    
 271518    169.0     0.152      1.00        2.000   0.000       0.00    
 271510    169.0     0.131      1.00        2.000   0.000      0.224E-01
 272238    169.0     0.196      1.00        2.000   0.000     -0.253E-01
 272237    169.0     0.193      1.00        2.000   0.000       0.00    
 272233    169.0     0.190      1.00        2.000   0.000       0.00    
 272228    169.0     0.183      1.00        2.000   0.000       0.00    
 272223    169.0     0.177      1.00        2.000   0.000       0.00    
 272211    169.0     0.152      1.00        2.000   0.000       0.00    
 272203    169.0     0.131      1.00        2.000   0.000      0.224E-01
 273161    169.0     0.196      1.00        2.000   0.000     -0.253E-01
 273160    169.0     0.193      1.00        2.000   0.000       0.00    
 273156    169.0     0.190      1.00        2.000   0.000       0.00    
 273151    169.0     0.183      1.00        2.000   0.000       0.00    
 273146    169.0     0.177      1.00        2.000   0.000       0.00    
 273134    169.0     0.152      1.00        2.000   0.000       0.00    
 273126    169.0     0.131      1.00        2.000   0.000      0.224E-01

                    Global Mass & Energy Balances
 Total mass in system at this time:            0.267662E+17 kg
 Total mass of steam in system at this time:   0.000000E+00 kg
 Total enthalpy in system at this time:        0.273783E+16 MJ

 Water discharge this time step:   0.510538E+04 kg (0.954337E+02 kg/s)
 Water input this time step:       0.000000E+00 kg (0.000000E+00 kg/s)
 Total water discharge:            0.382228E+08 kg (0.137601E+06 kg/s)
 Total water input:                0.000000E+00 kg (0.000000E+00 kg/s)

 Enthalpy discharge this time step:  0.311716E+04 MJ (0.582683E+02 MJ/s)
 Enthalpy input this time step:      0.592086E+06 MJ (0.110677E+05 MJ/s)
 Total enthalpy discharge:           0.561767E+07 MJ (0.202235E+05 MJ/s)
 Total enthalpy input:               0.534574E+07 MJ (0.192445E+05 MJ/s)

 Net kg water discharge (total out-total in):   0.382228E+08
 Net MJ energy discharge (total out-total in):   0.271930E+06
 Conservation Errors:  -0.223430E-03 (mass),   0.678838E-04 (energy)

 Enthalpy discharge this time step:  0.458959E+04 MJ (0.714935E+02 MJ/s)
 Enthalpy input this time step:      0.522087E+06 MJ (0.813271E+04 MJ/s)
 Total enthalpy discharge:           0.562226E+07 MJ (0.164405E+05 MJ/s)
 Total enthalpy input:               0.586783E+07 MJ (0.171586E+05 MJ/s)

 Water discharge this time step:   0.506947E+04 kg (0.789687E+02 kg/s)
 Water input this time step:       0.000000E+00 kg (0.000000E+00 kg/s)
 Total water discharge:            0.382279E+08 kg (0.111785E+06 kg/s)
 Total water input:                0.000000E+00 kg (0.000000E+00 kg/s)

 Enthalpy discharge this time step:  0.458959E+04 MJ (0.714935E+02 MJ/s)
 Enthalpy input this time step:      0.522087E+06 MJ (0.813271E+04 MJ/s)
 Total enthalpy discharge:           0.562226E+07 MJ (0.164405E+05 MJ/s)
 Total enthalpy input:               0.586783E+07 MJ (0.171586E+05 MJ/s)

 Enthalpy discharge this time step:  0.672103E+04 MJ (0.872464E+02 MJ/s)
 Enthalpy input this time step:      0.438792E+06 MJ (0.569600E+04 MJ/s)
 Total enthalpy discharge:           0.562898E+07 MJ (0.134340E+05 MJ/s)
 Total enthalpy input:               0.630662E+07 MJ (0.150512E+05 MJ/s)

 Water discharge this time step:   0.502779E+04 kg (0.652663E+02 kg/s)
 Water input this time step:       0.000000E+00 kg (0.000000E+00 kg/s)
 Total water discharge:            0.382329E+08 kg (0.912456E+05 kg/s)
 Total water input:                0.000000E+00 kg (0.000000E+00 kg/s)

 Enthalpy discharge this time step:  0.672103E+04 MJ (0.872464E+02 MJ/s)
 Enthalpy input this time step:      0.438792E+06 MJ (0.569600E+04 MJ/s)
 Total enthalpy discharge:           0.562898E+07 MJ (0.134340E+05 MJ/s)
 Total enthalpy input:               0.630662E+07 MJ (0.150512E+05 MJ/s)

 Enthalpy discharge this time step:  0.979724E+04 MJ (0.105982E+03 MJ/s)
 Enthalpy input this time step:      0.350636E+06 MJ (0.379304E+04 MJ/s)
 Total enthalpy discharge:           0.563878E+07 MJ (0.110250E+05 MJ/s)
 Total enthalpy input:               0.665725E+07 MJ (0.130164E+05 MJ/s)

 Water discharge this time step:   0.504008E+04 kg (0.545214E+02 kg/s)
 Water input this time step:       0.000000E+00 kg (0.000000E+00 kg/s)
 Total water discharge:            0.382379E+08 kg (0.747634E+05 kg/s)
 Total water input:                0.000000E+00 kg (0.000000E+00 kg/s)

 Enthalpy discharge this time step:  0.979724E+04 MJ (0.105982E+03 MJ/s)
 Enthalpy input this time step:      0.350636E+06 MJ (0.379304E+04 MJ/s)
 Total enthalpy discharge:           0.563878E+07 MJ (0.110250E+05 MJ/s)
 Total enthalpy input:               0.665725E+07 MJ (0.130164E+05 MJ/s)

 Enthalpy discharge this time step:  0.142243E+05 MJ (0.128227E+03 MJ/s)
 Enthalpy input this time step:      0.267098E+06 MJ (0.240779E+04 MJ/s)
 Total enthalpy discharge:           0.565300E+07 MJ (0.908283E+04 MJ/s)
 Total enthalpy input:               0.692435E+07 MJ (0.111255E+05 MJ/s)

 Water discharge this time step:   0.517401E+04 kg (0.466418E+02 kg/s)
 Water input this time step:       0.000000E+00 kg (0.000000E+00 kg/s)
 Total water discharge:            0.382431E+08 kg (0.614462E+05 kg/s)
 Total water input:                0.000000E+00 kg (0.000000E+00 kg/s)

 Enthalpy discharge this time step:  0.142243E+05 MJ (0.128227E+03 MJ/s)
 Enthalpy input this time step:      0.267098E+06 MJ (0.240779E+04 MJ/s)
 Total enthalpy discharge:           0.565300E+07 MJ (0.908283E+04 MJ/s)
 Total enthalpy input:               0.692435E+07 MJ (0.111255E+05 MJ/s)

 Enthalpy discharge this time step:  0.205776E+05 MJ (0.154583E+03 MJ/s)
 Enthalpy input this time step:      0.196829E+06 MJ (0.147862E+04 MJ/s)
 Total enthalpy discharge:           0.567358E+07 MJ (0.750970E+04 MJ/s)
 Total enthalpy input:               0.712118E+07 MJ (0.942579E+04 MJ/s)

 Water discharge this time step:   0.549509E+04 kg (0.412803E+02 kg/s)
 Water input this time step:       0.000000E+00 kg (0.000000E+00 kg/s)
 Total water discharge:            0.382486E+08 kg (0.506269E+05 kg/s)
 Total water input:                0.000000E+00 kg (0.000000E+00 kg/s)

 Enthalpy discharge this time step:  0.205776E+05 MJ (0.154583E+03 MJ/s)
 Enthalpy input this time step:      0.196829E+06 MJ (0.147862E+04 MJ/s)
 Total enthalpy discharge:           0.567358E+07 MJ (0.750970E+04 MJ/s)
 Total enthalpy input:               0.712118E+07 MJ (0.942579E+04 MJ/s)

 Enthalpy discharge this time step:  0.296685E+05 MJ (0.185730E+03 MJ/s)
 Enthalpy input this time step:      0.146005E+06 MJ (0.914015E+03 MJ/s)
 Total enthalpy discharge:           0.570325E+07 MJ (0.623142E+04 MJ/s)
 Total enthalpy input:               0.726719E+07 MJ (0.794020E+04 MJ/s)

 Water discharge this time step:   0.605776E+04 kg (0.379226E+02 kg/s)
 Water input this time step:       0.000000E+00 kg (0.000000E+00 kg/s)
 Total water discharge:            0.382547E+08 kg (0.417974E+05 kg/s)
 Total water input:                0.000000E+00 kg (0.000000E+00 kg/s)

 Enthalpy discharge this time step:  0.296685E+05 MJ (0.185730E+03 MJ/s)
 Enthalpy input this time step:      0.146005E+06 MJ (0.914015E+03 MJ/s)
 Total enthalpy discharge:           0.570325E+07 MJ (0.623142E+04 MJ/s)
 Total enthalpy input:               0.726719E+07 MJ (0.794020E+04 MJ/s)

 Enthalpy discharge this time step:  0.426370E+05 MJ (0.222429E+03 MJ/s)
 Enthalpy input this time step:      0.117561E+06 MJ (0.613293E+03 MJ/s)
 Total enthalpy discharge:           0.574588E+07 MJ (0.519084E+04 MJ/s)
 Total enthalpy input:               0.738475E+07 MJ (0.667139E+04 MJ/s)

 Water discharge this time step:   0.690137E+04 kg (0.360031E+02 kg/s)
 Water input this time step:       0.000000E+00 kg (0.000000E+00 kg/s)
 Total water discharge:            0.382616E+08 kg (0.345655E+05 kg/s)
 Total water input:                0.000000E+00 kg (0.000000E+00 kg/s)

 Enthalpy discharge this time step:  0.426370E+05 MJ (0.222429E+03 MJ/s)
 Enthalpy input this time step:      0.117561E+06 MJ (0.613293E+03 MJ/s)
 Total enthalpy discharge:           0.574588E+07 MJ (0.519084E+04 MJ/s)
 Total enthalpy input:               0.738475E+07 MJ (0.667139E+04 MJ/s)

 Enthalpy discharge this time step:  0.610752E+05 MJ (0.265515E+03 MJ/s)
 Enthalpy input this time step:      0.111653E+06 MJ (0.485392E+03 MJ/s)
 Total enthalpy discharge:           0.580696E+07 MJ (0.434343E+04 MJ/s)
 Total enthalpy input:               0.749640E+07 MJ (0.560707E+04 MJ/s)

 Water discharge this time step:   0.805307E+04 kg (0.350094E+02 kg/s)
 Water input this time step:       0.000000E+00 kg (0.000000E+00 kg/s)
 Total water discharge:            0.382696E+08 kg (0.286245E+05 kg/s)
 Total water input:                0.000000E+00 kg (0.000000E+00 kg/s)

 Enthalpy discharge this time step:  0.610752E+05 MJ (0.265515E+03 MJ/s)
 Enthalpy input this time step:      0.111653E+06 MJ (0.485392E+03 MJ/s)
 Total enthalpy discharge:           0.580696E+07 MJ (0.434343E+04 MJ/s)
 Total enthalpy input:               0.749640E+07 MJ (0.560707E+04 MJ/s)

 Enthalpy discharge this time step:  0.871935E+05 MJ (0.315883E+03 MJ/s)
 Enthalpy input this time step:      0.127086E+06 MJ (0.460407E+03 MJ/s)
 Total enthalpy discharge:           0.589415E+07 MJ (0.365419E+04 MJ/s)
 Total enthalpy input:               0.762349E+07 MJ (0.472632E+04 MJ/s)

 Water discharge this time step:   0.953602E+04 kg (0.345470E+02 kg/s)
 Water input this time step:       0.000000E+00 kg (0.000000E+00 kg/s)
 Total water discharge:            0.382792E+08 kg (0.237319E+05 kg/s)
 Total water input:                0.000000E+00 kg (0.000000E+00 kg/s)

 Enthalpy discharge this time step:  0.871935E+05 MJ (0.315883E+03 MJ/s)
 Enthalpy input this time step:      0.127086E+06 MJ (0.460407E+03 MJ/s)
 Total enthalpy discharge:           0.589415E+07 MJ (0.365419E+04 MJ/s)
 Total enthalpy input:               0.762349E+07 MJ (0.472632E+04 MJ/s)
*********************************************************************
 Time Step        21

                    Timing Information
           Years              Days         Step Size (Days)
     0.616086515E-04     0.225025600E-01    0.383375999E-02
 Cpu Sec for Time Step =   1.720     Current Total =     37.43    

                    Equation Performance
 Number of N-R Iterations:          2
 Avg # of Linear Equation Solver Iterations:   1.0
 Number of Active Nodes:    543747.
 Total Number of Iterations, N-R:         42 , Solver:         42
 Phase Changes This Time Step:        0 Total           0
 Nodes Liq Phase:   543747 change        0
 Nodes Two Phase:        0 change        0
 Nodes Gas Phase:         0 change        0
 Nodes SC Phase:        0 change        0
 Number of restarted time steps            0
                    Largest Residuals
 EQ1 R=  0.1308E-06 node= 275095 zone=     5 x= 500.0     y= 0.000     z=0.2500E+05
 EQ2 R=  0.8417E-09 node= 271898 zone=     4 x= 0.000     y= 0.000     z=0.2450E+05
   Node   Equation 1 Residual   Equation 2 Residual
 271231      0.520219E-08           0.117217E-10
 271225     -0.814646E-12          -0.221769E-14
 271222      0.634229E-15           0.613758E-15
 271221      0.122111E-11           0.296563E-14
 271220     -0.139337E-17          -0.243553E-16
 271219      0.525685E-15           0.613590E-15
 271211     -0.171562E-15          -0.246200E-16
 271202     -0.271265E-15          -0.247744E-16
 271201     -0.407198E-12          -0.147915E-14
 271200      0.140235E-13          -0.639330E-15
 271198      0.418341E-12           0.141080E-14
 271121     -0.165277E-16          -0.243790E-16
 271113     -0.128300E-08          -0.846521E-11
 271899      0.743980E-12          -0.406591E-12
 271893     -0.814646E-12          -0.221769E-14
 271890      0.634229E-15           0.613758E-15
 271889      0.122111E-11           0.296563E-14
 271889      0.122111E-11           0.296563E-14
 271887      0.525685E-15           0.613590E-15
 271879     -0.171563E-15          -0.246201E-16
 271870     -0.271265E-15          -0.247744E-16
 271869     -0.407198E-12          -0.147915E-14
 271868      0.140235E-13          -0.639330E-15
 271865     -0.257780E-14          -0.445189E-15
 271857     -0.165277E-16          -0.243790E-16
 271849     -0.128300E-08          -0.846521E-11
 272551      0.520219E-08           0.117217E-10
 272545     -0.814646E-12          -0.221769E-14
 272542      0.634229E-15           0.613758E-15
 272541      0.122111E-11           0.296563E-14
 272540     -0.139348E-17          -0.243554E-16
 272539      0.525685E-15           0.613590E-15
 272531     -0.171562E-15          -0.246199E-16
 272522     -0.271265E-15          -0.247744E-16
 272521     -0.407198E-12          -0.147915E-14
 272520      0.140235E-13          -0.639330E-15
 272518      0.418341E-12           0.141080E-14
 272593     -0.165277E-16          -0.243790E-16
 272585     -0.128300E-08          -0.846521E-11
 271545      0.146638E-08           0.963146E-11
 271544      0.233829E-13           0.808123E-15
 271540      0.122101E-11           0.296546E-14
 271535     -0.404692E-12          -0.567611E-17
 271530     -0.407780E-12          -0.211718E-14
 271518     -0.165277E-16          -0.243790E-16
 271510     -0.128300E-08          -0.846521E-11
 272238      0.146638E-08           0.963146E-11
 272237      0.233829E-13           0.808123E-15
 272233      0.122101E-11           0.296546E-14
 272228     -0.404692E-12          -0.567611E-17
 272223     -0.407780E-12          -0.211718E-14
 272211     -0.165277E-16          -0.243790E-16
 272203     -0.128300E-08          -0.846521E-11
 273161      0.146704E-08           0.963248E-11
 273160      0.233588E-13           0.808085E-15
 273156      0.122101E-11           0.296546E-14
 273151      0.222357E-14           0.794982E-15
 273146     -0.407780E-12          -0.211718E-14
 273134     -0.165277E-16          -0.243790E-16
 273126     -0.128300E-08          -0.846521E-11

                    Nodal Information (Water)
                                                  source/sink  E source/sink
   Node   P (MPa)    E (MJ)    L sat     Temp (C)    (kg/s)       (MJ/s)
 271231    169.0     0.196      1.00        2.000   0.000     -0.563E-01
 271225    169.0     0.192      1.00        2.000   0.000       0.00    
 271222    169.0     0.190      1.00        2.000   0.000       0.00    
 271221    169.0     0.190      1.00        2.000   0.000       0.00    
 271220    169.0     0.189      1.00        2.000   0.000       0.00    
 271219    169.0     0.188      1.00        2.000   0.000       0.00    
 271211    169.0     0.183      1.00        2.000   0.000       0.00    
 271202    169.0     0.177      1.00        2.000   0.000       0.00    
 271201    169.0     0.177      1.00        2.000   0.000       0.00    
 271200    169.0     0.176      1.00        2.000   0.000       0.00    
 271198    169.0     0.174      1.00        2.000   0.000       0.00    
 271121    169.0     0.152      1.00        2.000   0.000       0.00    
 271113    169.0     0.131      1.00        2.000   0.000      0.145    
 271899    135.2     0.167      1.00        2.000   34.35      -11.3    
 271893    169.0     0.192      1.00        2.000   0.000       0.00    
 271890    169.0     0.190      1.00        2.000   0.000       0.00    
 271889    169.0     0.190      1.00        2.000   0.000       0.00    
 271889    169.0     0.190      1.00        2.000   0.000       0.00    
 271887    169.0     0.188      1.00        2.000   0.000       0.00    
 271879    169.0     0.183      1.00        2.000   0.000       0.00    
 271870    169.0     0.177      1.00        2.000   0.000       0.00    
 271869    169.0     0.177      1.00        2.000   0.000       0.00    
 271868    169.0     0.176      1.00        2.000   0.000       0.00    
 271865    169.0     0.173      1.00        2.000   0.000       0.00    
 271857    169.0     0.152      1.00        2.000   0.000       0.00    
 271849    169.0     0.131      1.00        2.000   0.000      0.145    
 272551    169.0     0.196      1.00        2.000   0.000     -0.563E-01
 272545    169.0     0.192      1.00        2.000   0.000       0.00    
 272542    169.0     0.190      1.00        2.000   0.000       0.00    
 272541    169.0     0.190      1.00        2.000   0.000       0.00    
 272540    169.0     0.189      1.00        2.000   0.000       0.00    
 272539    169.0     0.188      1.00        2.000   0.000       0.00    
 272531    169.0     0.183      1.00        2.000   0.000       0.00    
 272522    169.0     0.177      1.00        2.000   0.000       0.00    
 272521    169.0     0.177      1.00        2.000   0.000       0.00    
 272520    169.0     0.176      1.00        2.000   0.000       0.00    
 272518    169.0     0.174      1.00        2.000   0.000       0.00    
 272593    169.0     0.152      1.00        2.000   0.000       0.00    
 272585    169.0     0.131      1.00        2.000   0.000      0.145    
 271545    169.0     0.196      1.00        2.000   0.000     -0.162    
 271544    169.0     0.193      1.00        2.000   0.000       0.00    
 271540    169.0     0.190      1.00        2.000   0.000       0.00    
 271535    169.0     0.183      1.00        2.000   0.000       0.00    
 271530    169.0     0.177      1.00        2.000   0.000       0.00    
 271518    169.0     0.152      1.00        2.000   0.000       0.00    
 271510    169.0     0.131      1.00        2.000   0.000      0.145    
 272238    169.0     0.196      1.00        2.000   0.000     -0.162    
 272237    169.0     0.193      1.00        2.000   0.000       0.00    
 272233    169.0     0.190      1.00        2.000   0.000       0.00    
 272228    169.0     0.183      1.00        2.000   0.000       0.00    
 272223    169.0     0.177      1.00        2.000   0.000       0.00    
 272211    169.0     0.152      1.00        2.000   0.000       0.00    
 272203    169.0     0.131      1.00        2.000   0.000      0.145    
 273161    169.0     0.196      1.00        2.000   0.000     -0.162    
 273160    169.0     0.193      1.00        2.000   0.000       0.00    
 273156    169.0     0.190      1.00        2.000   0.000       0.00    
 273151    169.0     0.183      1.00        2.000   0.000       0.00    
 273146    169.0     0.177      1.00        2.000   0.000       0.00    
 273134    169.0     0.152      1.00        2.000   0.000       0.00    
 273126    169.0     0.131      1.00        2.000   0.000      0.145    

                    Global Mass & Energy Balances
 Total mass in system at this time:            0.267662E+17 kg
 Total mass of steam in system at this time:   0.000000E+00 kg
 Total enthalpy in system at this time:        0.273783E+16 MJ

 Water discharge this time step:   0.113794E+05 kg (0.343544E+02 kg/s)
 Water input this time step:       0.000000E+00 kg (0.000000E+00 kg/s)
 Total water discharge:            0.382905E+08 kg (0.196945E+05 kg/s)
 Total water input:                0.000000E+00 kg (0.000000E+00 kg/s)

 Enthalpy discharge this time step:  0.124037E+06 MJ (0.374466E+03 MJ/s)
 Enthalpy input this time step:      0.163073E+06 MJ (0.492316E+03 MJ/s)
 Total enthalpy discharge:           0.601819E+07 MJ (0.309542E+04 MJ/s)
 Total enthalpy input:               0.778656E+07 MJ (0.400498E+04 MJ/s)

 Net kg water discharge (total out-total in):   0.382905E+08
 Net MJ energy discharge (total out-total in):  -0.176837E+07
 Conservation Errors:  -0.241888E-03 (mass),  -0.212464E-04 (energy)

 Enthalpy discharge this time step:  0.176249E+06 MJ (0.443411E+03 MJ/s)
 Enthalpy input this time step:      0.221129E+06 MJ (0.556322E+03 MJ/s)
 Total enthalpy discharge:           0.619444E+07 MJ (0.264527E+04 MJ/s)
 Total enthalpy input:               0.800769E+07 MJ (0.341960E+04 MJ/s)

 Water discharge this time step:   0.136267E+05 kg (0.342825E+02 kg/s)
 Water input this time step:       0.000000E+00 kg (0.000000E+00 kg/s)
 Total water discharge:            0.383042E+08 kg (0.163574E+05 kg/s)
 Total water input:                0.000000E+00 kg (0.000000E+00 kg/s)

 Enthalpy discharge this time step:  0.176249E+06 MJ (0.443411E+03 MJ/s)
 Enthalpy input this time step:      0.221129E+06 MJ (0.556322E+03 MJ/s)
 Total enthalpy discharge:           0.619444E+07 MJ (0.264527E+04 MJ/s)
 Total enthalpy input:               0.800769E+07 MJ (0.341960E+04 MJ/s)

 Enthalpy discharge this time step:  0.250493E+06 MJ (0.525164E+03 MJ/s)
 Enthalpy input this time step:      0.305948E+06 MJ (0.641425E+03 MJ/s)
 Total enthalpy discharge:           0.644493E+07 MJ (0.228650E+04 MJ/s)
 Total enthalpy input:               0.831364E+07 MJ (0.294947E+04 MJ/s)

 Water discharge this time step:   0.163402E+05 kg (0.342574E+02 kg/s)
 Water input this time step:       0.000000E+00 kg (0.000000E+00 kg/s)
 Total water discharge:            0.383205E+08 kg (0.135952E+05 kg/s)
 Total water input:                0.000000E+00 kg (0.000000E+00 kg/s)

 Enthalpy discharge this time step:  0.250493E+06 MJ (0.525164E+03 MJ/s)
 Enthalpy input this time step:      0.305948E+06 MJ (0.641425E+03 MJ/s)
 Total enthalpy discharge:           0.644493E+07 MJ (0.228650E+04 MJ/s)
 Total enthalpy input:               0.831364E+07 MJ (0.294947E+04 MJ/s)

 Enthalpy discharge this time step:  0.351871E+06 MJ (0.614753E+03 MJ/s)
 Enthalpy input this time step:      0.421686E+06 MJ (0.736727E+03 MJ/s)
 Total enthalpy discharge:           0.679680E+07 MJ (0.200433E+04 MJ/s)
 Total enthalpy input:               0.873532E+07 MJ (0.257598E+04 MJ/s)

 Water discharge this time step:   0.196028E+05 kg (0.342480E+02 kg/s)
 Water input this time step:       0.000000E+00 kg (0.000000E+00 kg/s)
 Total water discharge:            0.383401E+08 kg (0.113062E+05 kg/s)
 Total water input:                0.000000E+00 kg (0.000000E+00 kg/s)

 Enthalpy discharge this time step:  0.351871E+06 MJ (0.614753E+03 MJ/s)
 Enthalpy input this time step:      0.421686E+06 MJ (0.736727E+03 MJ/s)
 Total enthalpy discharge:           0.679680E+07 MJ (0.200433E+04 MJ/s)
 Total enthalpy input:               0.873532E+07 MJ (0.257598E+04 MJ/s)

 Enthalpy discharge this time step:  0.490887E+06 MJ (0.714690E+03 MJ/s)
 Enthalpy input this time step:      0.578537E+06 MJ (0.842302E+03 MJ/s)
 Total enthalpy discharge:           0.728769E+07 MJ (0.178711E+04 MJ/s)
 Total enthalpy input:               0.931386E+07 MJ (0.228397E+04 MJ/s)

 Water discharge this time step:   0.235197E+05 kg (0.342427E+02 kg/s)
 Water input this time step:       0.000000E+00 kg (0.000000E+00 kg/s)
 Total water discharge:            0.383636E+08 kg (0.940765E+04 kg/s)
 Total water input:                0.000000E+00 kg (0.000000E+00 kg/s)

 Enthalpy discharge this time step:  0.490887E+06 MJ (0.714690E+03 MJ/s)
 Enthalpy input this time step:      0.578537E+06 MJ (0.842302E+03 MJ/s)
 Total enthalpy discharge:           0.728769E+07 MJ (0.178711E+04 MJ/s)
 Total enthalpy input:               0.931386E+07 MJ (0.228397E+04 MJ/s)

 Enthalpy discharge this time step:  0.680562E+06 MJ (0.825700E+03 MJ/s)
 Enthalpy input this time step:      0.789424E+06 MJ (0.957780E+03 MJ/s)
 Total enthalpy discharge:           0.796825E+07 MJ (0.162546E+04 MJ/s)
 Total enthalpy input:               0.101033E+08 MJ (0.206099E+04 MJ/s)

 Water discharge this time step:   0.282197E+05 kg (0.342379E+02 kg/s)
 Water input this time step:       0.000000E+00 kg (0.000000E+00 kg/s)
 Total water discharge:            0.383918E+08 kg (0.783165E+04 kg/s)
 Total water input:                0.000000E+00 kg (0.000000E+00 kg/s)

 Enthalpy discharge this time step:  0.680562E+06 MJ (0.825700E+03 MJ/s)
 Enthalpy input this time step:      0.789424E+06 MJ (0.957780E+03 MJ/s)
 Total enthalpy discharge:           0.796825E+07 MJ (0.162546E+04 MJ/s)
 Total enthalpy input:               0.101033E+08 MJ (0.206099E+04 MJ/s)

 Enthalpy discharge this time step:  0.937152E+06 MJ (0.947510E+03 MJ/s)
 Enthalpy input this time step:      0.107039E+07 MJ (0.108222E+04 MJ/s)
 Total enthalpy discharge:           0.890540E+07 MJ (0.151164E+04 MJ/s)
 Total enthalpy input:               0.111737E+08 MJ (0.189667E+04 MJ/s)

 Water discharge this time step:   0.338582E+05 kg (0.342325E+02 kg/s)
 Water input this time step:       0.000000E+00 kg (0.000000E+00 kg/s)
 Total water discharge:            0.384257E+08 kg (0.652255E+04 kg/s)
 Total water input:                0.000000E+00 kg (0.000000E+00 kg/s)

 Enthalpy discharge this time step:  0.937152E+06 MJ (0.947510E+03 MJ/s)
 Enthalpy input this time step:      0.107039E+07 MJ (0.108222E+04 MJ/s)
 Total enthalpy discharge:           0.890540E+07 MJ (0.151164E+04 MJ/s)
 Total enthalpy input:               0.111737E+08 MJ (0.189667E+04 MJ/s)

 Enthalpy discharge this time step:  0.128068E+07 MJ (0.107903E+04 MJ/s)
 Enthalpy input this time step:      0.144085E+07 MJ (0.121398E+04 MJ/s)
 Total enthalpy discharge:           0.101861E+08 MJ (0.143910E+04 MJ/s)
 Total enthalpy input:               0.126145E+08 MJ (0.178219E+04 MJ/s)

 Water discharge this time step:   0.406222E+05 kg (0.342260E+02 kg/s)
 Water input this time step:       0.000000E+00 kg (0.000000E+00 kg/s)
 Total water discharge:            0.384663E+08 kg (0.543456E+04 kg/s)
 Total water input:                0.000000E+00 kg (0.000000E+00 kg/s)

 Enthalpy discharge this time step:  0.128068E+07 MJ (0.107903E+04 MJ/s)
 Enthalpy input this time step:      0.144085E+07 MJ (0.121398E+04 MJ/s)
 Total enthalpy discharge:           0.101861E+08 MJ (0.143910E+04 MJ/s)
 Total enthalpy input:               0.126145E+08 MJ (0.178219E+04 MJ/s)

 Enthalpy discharge this time step:  0.173521E+07 MJ (0.121833E+04 MJ/s)
 Enthalpy input this time step:      0.192366E+07 MJ (0.135064E+04 MJ/s)
 Total enthalpy discharge:           0.119213E+08 MJ (0.140212E+04 MJ/s)
 Total enthalpy input:               0.145382E+08 MJ (0.170990E+04 MJ/s)

 Water discharge this time step:   0.487355E+05 kg (0.342182E+02 kg/s)
 Water input this time step:       0.000000E+00 kg (0.000000E+00 kg/s)
 Total water discharge:            0.385151E+08 kg (0.452993E+04 kg/s)
 Total water input:                0.000000E+00 kg (0.000000E+00 kg/s)

 Enthalpy discharge this time step:  0.173521E+07 MJ (0.121833E+04 MJ/s)
 Enthalpy input this time step:      0.192366E+07 MJ (0.135064E+04 MJ/s)
 Total enthalpy discharge:           0.119213E+08 MJ (0.140212E+04 MJ/s)
 Total enthalpy input:               0.145382E+08 MJ (0.170990E+04 MJ/s)

 Enthalpy discharge this time step:  0.232876E+07 MJ (0.136256E+04 MJ/s)
 Enthalpy input this time step:      0.254481E+07 MJ (0.148897E+04 MJ/s)
 Total enthalpy discharge:           0.142501E+08 MJ (0.139550E+04 MJ/s)
 Total enthalpy input:               0.170830E+08 MJ (0.167292E+04 MJ/s)

 Water discharge this time step:   0.584668E+05 kg (0.342089E+02 kg/s)
 Water input this time step:       0.000000E+00 kg (0.000000E+00 kg/s)
 Total water discharge:            0.385735E+08 kg (0.377748E+04 kg/s)
 Total water input:                0.000000E+00 kg (0.000000E+00 kg/s)

 Enthalpy discharge this time step:  0.232876E+07 MJ (0.136256E+04 MJ/s)
 Enthalpy input this time step:      0.254481E+07 MJ (0.148897E+04 MJ/s)
 Total enthalpy discharge:           0.142501E+08 MJ (0.139550E+04 MJ/s)
 Total enthalpy input:               0.170830E+08 MJ (0.167292E+04 MJ/s)
*********************************************************************
 Time Step        31

                    Timing Information
           Years              Days         Step Size (Days)
     0.388571631E-03     0.141925788        0.237376314E-01
 Cpu Sec for Time Step =   1.723     Current Total =     55.29    

                    Equation Performance
 Number of N-R Iterations:          2
 Avg # of Linear Equation Solver Iterations:   1.0
 Number of Active Nodes:    543747.
 Total Number of Iterations, N-R:         62 , Solver:         62
 Phase Changes This Time Step:        0 Total           0
 Nodes Liq Phase:   543747 change        0
 Nodes Two Phase:        0 change        0
 Nodes Gas Phase:         0 change        0
 Nodes SC Phase:        0 change        0
 Number of restarted time steps            0
                    Largest Residuals
 EQ1 R=  0.7848E-06 node= 268685 zone=     5 x=-500.0     y= 0.000     z=0.2500E+05
 EQ2 R=  0.5034E-08 node= 271898 zone=     4 x= 0.000     y= 0.000     z=0.2450E+05
   Node   Equation 1 Residual   Equation 2 Residual
 271231      0.321447E-07           0.162067E-10
 271225      0.402490E-12           0.128426E-14
 271222      0.180719E-15          -0.123186E-15
 271221      0.937721E-16           0.513807E-15
 271220      0.162565E-11           0.429068E-14
 271219      0.407655E-12           0.665091E-15
 271211     -0.303293E-14          -0.765304E-15
 271202      0.405396E-12           0.196400E-14
 271201      0.423011E-14          -0.754036E-15
 271200     -0.242368E-12           0.105218E-14
 271198      0.420052E-12           0.300486E-14
 271121      0.126321E-14           0.115275E-14
 271113     -0.798092E-08          -0.454296E-10
 271899     -0.127485E-11          -0.276425E-13
 271893      0.402499E-12           0.128427E-14
 271890      0.180720E-15          -0.123185E-15
 271889      0.937721E-16           0.513807E-15
 271889      0.937721E-16           0.513807E-15
 271887      0.407655E-12           0.665091E-15
 271879     -0.303293E-14          -0.765305E-15
 271870      0.405396E-12           0.196400E-14
 271869      0.423011E-14          -0.754036E-15
 271868     -0.242377E-12           0.105217E-14
 271865      0.727501E-12           0.185494E-14
 271857      0.126321E-14           0.115275E-14
 271849     -0.798092E-08          -0.454296E-10
 272551      0.321447E-07           0.162067E-10
 272545      0.402490E-12           0.128426E-14
 272542      0.180720E-15          -0.123185E-15
 272541      0.937714E-16           0.513807E-15
 272540      0.162565E-11           0.429068E-14
 272539      0.407655E-12           0.665091E-15
 272531     -0.303293E-14          -0.765303E-15
 272522      0.405396E-12           0.196400E-14
 272521      0.423011E-14          -0.754036E-15
 272520     -0.242368E-12           0.105218E-14
 272518      0.420052E-12           0.300486E-14
 272593      0.126321E-14           0.115275E-14
 272585     -0.798092E-08          -0.454296E-10
 271545      0.911977E-08           0.507274E-10
 271544      0.224126E-11           0.135563E-13
 271540     -0.894895E-15           0.512266E-15
 271535      0.467161E-12           0.123826E-15
 271530      0.409342E-12           0.197178E-14
 271518      0.126321E-14           0.115275E-14
 271510     -0.798092E-08          -0.454296E-10
 272238      0.911977E-08           0.507274E-10
 272237      0.224126E-11           0.135563E-13
 272233     -0.894896E-15           0.512265E-15
 272228      0.467161E-12           0.123826E-15
 272223      0.409342E-12           0.197178E-14
 272211      0.126321E-14           0.115275E-14
 272203     -0.798092E-08          -0.454296E-10
 273161      0.912059E-08           0.507283E-10
 273160      0.183369E-11           0.140554E-13
 273156     -0.894893E-15           0.512267E-15
 273151      0.466101E-12           0.267059E-14
 273146      0.409342E-12           0.197178E-14
 273134      0.126321E-14           0.115275E-14
 273126     -0.798092E-08          -0.454296E-10

                    Nodal Information (Water)
                                                  source/sink  E source/sink
   Node   P (MPa)    E (MJ)    L sat     Temp (C)    (kg/s)       (MJ/s)
 271231    169.0     0.196      1.00        2.000   0.000     -0.562E-01
 271225    169.0     0.192      1.00        2.000   0.000       0.00    
 271222    169.0     0.190      1.00        2.000   0.000       0.00    
 271221    169.0     0.190      1.00        2.000   0.000       0.00    
 271220    169.0     0.189      1.00        2.000   0.000       0.00    
 271219    169.0     0.188      1.00        2.000   0.000       0.00    
 271211    169.0     0.183      1.00        2.000   0.000       0.00    
 271202    169.0     0.177      1.00        2.000   0.000       0.00    
 271201    169.0     0.177      1.00        2.000   0.000       0.00    
 271200    169.0     0.176      1.00        2.000   0.000       0.00    
 271198    169.0     0.174      1.00        2.000   0.000       0.00    
 271121    169.0     0.152      1.00        2.000   0.000       0.00    
 271113    169.0     0.131      1.00        2.000   0.000      0.593    
 271899    135.2     0.167      1.00        2.000   34.20       6.70    
 271893    169.0     0.192      1.00        2.000   0.000       0.00    
 271890    169.0     0.190      1.00        2.000   0.000       0.00    
 271889    169.0     0.190      1.00        2.000   0.000       0.00    
 271889    169.0     0.190      1.00        2.000   0.000       0.00    
 271887    169.0     0.188      1.00        2.000   0.000       0.00    
 271879    169.0     0.183      1.00        2.000   0.000       0.00    
 271870    169.0     0.177      1.00        2.000   0.000       0.00    
 271869    169.0     0.177      1.00        2.000   0.000       0.00    
 271868    169.0     0.176      1.00        2.000   0.000       0.00    
 271865    169.0     0.173      1.00        2.000   0.000       0.00    
 271857    169.0     0.152      1.00        2.000   0.000       0.00    
 271849    169.0     0.131      1.00        2.000   0.000      0.593    
 272551    169.0     0.196      1.00        2.000   0.000     -0.562E-01
 272545    169.0     0.192      1.00        2.000   0.000       0.00    
 272542    169.0     0.190      1.00        2.000   0.000       0.00    
 272541    169.0     0.190      1.00        2.000   0.000       0.00    
 272540    169.0     0.189      1.00        2.000   0.000       0.00    
 272539    169.0     0.188      1.00        2.000   0.000       0.00    
 272531    169.0     0.183      1.00        2.000   0.000       0.00    
 272522    169.0     0.177      1.00        2.000   0.000       0.00    
 272521    169.0     0.177      1.00        2.000   0.000       0.00    
 272520    169.0     0.176      1.00        2.000   0.000       0.00    
 272518    169.0     0.174      1.00        2.000   0.000       0.00    
 272593    169.0     0.152      1.00        2.000   0.000       0.00    
 272585    169.0     0.131      1.00        2.000   0.000      0.593    
 271545    169.0     0.196      1.00        2.000   0.000     -0.628    
 271544    169.0     0.193      1.00        2.000   0.000       0.00    
 271540    169.0     0.190      1.00        2.000   0.000       0.00    
 271535    169.0     0.183      1.00        2.000   0.000       0.00    
 271530    169.0     0.177      1.00        2.000   0.000       0.00    
 271518    169.0     0.152      1.00        2.000   0.000       0.00    
 271510    169.0     0.131      1.00        2.000   0.000      0.593    
 272238    169.0     0.196      1.00        2.000   0.000     -0.628    
 272237    169.0     0.193      1.00        2.000   0.000       0.00    
 272233    169.0     0.190      1.00        2.000   0.000       0.00    
 272228    169.0     0.183      1.00        2.000   0.000       0.00    
 272223    169.0     0.177      1.00        2.000   0.000       0.00    
 272211    169.0     0.152      1.00        2.000   0.000       0.00    
 272203    169.0     0.131      1.00        2.000   0.000      0.593    
 273161    169.0     0.196      1.00        2.000   0.000     -0.628    
 273160    169.0     0.193      1.00        2.000   0.000       0.00    
 273156    169.0     0.190      1.00        2.000   0.000       0.00    
 273151    169.0     0.183      1.00        2.000   0.000       0.00    
 273146    169.0     0.177      1.00        2.000   0.000       0.00    
 273134    169.0     0.152      1.00        2.000   0.000       0.00    
 273126    169.0     0.131      1.00        2.000   0.000      0.593    

                    Global Mass & Energy Balances
 Total mass in system at this time:            0.267662E+17 kg
 Total mass of steam in system at this time:   0.000000E+00 kg
 Total enthalpy in system at this time:        0.273783E+16 MJ

 Water discharge this time step:   0.701372E+05 kg (0.341978E+02 kg/s)
 Water input this time step:       0.000000E+00 kg (0.000000E+00 kg/s)
 Total water discharge:            0.386437E+08 kg (0.315140E+04 kg/s)
 Total water input:                0.000000E+00 kg (0.000000E+00 kg/s)

 Enthalpy discharge this time step:  0.309285E+07 MJ (0.150802E+04 MJ/s)
 Enthalpy input this time step:      0.333285E+07 MJ (0.162504E+04 MJ/s)
 Total enthalpy discharge:           0.173429E+08 MJ (0.141432E+04 MJ/s)
 Total enthalpy input:               0.204158E+08 MJ (0.166492E+04 MJ/s)

 Net kg water discharge (total out-total in):   0.386437E+08
 Net MJ energy discharge (total out-total in):  -0.307293E+07
 Conservation Errors:  -0.456732E-04 (mass),  -0.156603E-03 (energy)

 Enthalpy discharge this time step:  0.406159E+07 MJ (0.165030E+04 MJ/s)
 Enthalpy input this time step:      0.431806E+07 MJ (0.175451E+04 MJ/s)
 Total enthalpy discharge:           0.214045E+08 MJ (0.145376E+04 MJ/s)
 Total enthalpy input:               0.247339E+08 MJ (0.167989E+04 MJ/s)

 Water discharge this time step:   0.841319E+05 kg (0.341844E+02 kg/s)
 Water input this time step:       0.000000E+00 kg (0.000000E+00 kg/s)
 Total water discharge:            0.387278E+08 kg (0.263034E+04 kg/s)
 Total water input:                0.000000E+00 kg (0.000000E+00 kg/s)

 Enthalpy discharge this time step:  0.406159E+07 MJ (0.165030E+04 MJ/s)
 Enthalpy input this time step:      0.431806E+07 MJ (0.175451E+04 MJ/s)
 Total enthalpy discharge:           0.214045E+08 MJ (0.145376E+04 MJ/s)
 Total enthalpy input:               0.247339E+08 MJ (0.167989E+04 MJ/s)

 Enthalpy discharge this time step:  0.527062E+07 MJ (0.178463E+04 MJ/s)
 Enthalpy input this time step:      0.553161E+07 MJ (0.187300E+04 MJ/s)
 Total enthalpy discharge:           0.266751E+08 MJ (0.150904E+04 MJ/s)
 Total enthalpy input:               0.302655E+08 MJ (0.171216E+04 MJ/s)

 Water discharge this time step:   0.100911E+06 kg (0.341684E+02 kg/s)
 Water input this time step:       0.000000E+00 kg (0.000000E+00 kg/s)
 Total water discharge:            0.388287E+08 kg (0.219659E+04 kg/s)
 Total water input:                0.000000E+00 kg (0.000000E+00 kg/s)

 Enthalpy discharge this time step:  0.527062E+07 MJ (0.178463E+04 MJ/s)
 Enthalpy input this time step:      0.553161E+07 MJ (0.187300E+04 MJ/s)
 Total enthalpy discharge:           0.266751E+08 MJ (0.150904E+04 MJ/s)
 Total enthalpy input:               0.302655E+08 MJ (0.171216E+04 MJ/s)

 Enthalpy discharge this time step:  0.675617E+07 MJ (0.190636E+04 MJ/s)
 Enthalpy input this time step:      0.700539E+07 MJ (0.197668E+04 MJ/s)
 Total enthalpy discharge:           0.334313E+08 MJ (0.157540E+04 MJ/s)
 Total enthalpy input:               0.372709E+08 MJ (0.175633E+04 MJ/s)

 Water discharge this time step:   0.121026E+06 kg (0.341493E+02 kg/s)
 Water input this time step:       0.000000E+00 kg (0.000000E+00 kg/s)
 Total water discharge:            0.389497E+08 kg (0.183545E+04 kg/s)
 Total water input:                0.000000E+00 kg (0.000000E+00 kg/s)

 Enthalpy discharge this time step:  0.675617E+07 MJ (0.190636E+04 MJ/s)
 Enthalpy input this time step:      0.700539E+07 MJ (0.197668E+04 MJ/s)
 Total enthalpy discharge:           0.334313E+08 MJ (0.157540E+04 MJ/s)
 Total enthalpy input:               0.372709E+08 MJ (0.175633E+04 MJ/s)

 Enthalpy discharge this time step:  0.855510E+07 MJ (0.201163E+04 MJ/s)
 Enthalpy input this time step:      0.877292E+07 MJ (0.206285E+04 MJ/s)
 Total enthalpy discharge:           0.419864E+08 MJ (0.164823E+04 MJ/s)
 Total enthalpy input:               0.460438E+08 MJ (0.180751E+04 MJ/s)

 Water discharge this time step:   0.145134E+06 kg (0.341265E+02 kg/s)
 Water input this time step:       0.000000E+00 kg (0.000000E+00 kg/s)
 Total water discharge:            0.390949E+08 kg (0.153472E+04 kg/s)
 Total water input:                0.000000E+00 kg (0.000000E+00 kg/s)

 Enthalpy discharge this time step:  0.855510E+07 MJ (0.201163E+04 MJ/s)
 Enthalpy input this time step:      0.877292E+07 MJ (0.206285E+04 MJ/s)
 Total enthalpy discharge:           0.419864E+08 MJ (0.164823E+04 MJ/s)
 Total enthalpy input:               0.460438E+08 MJ (0.180751E+04 MJ/s)

 Enthalpy discharge this time step:  0.107064E+08 MJ (0.209791E+04 MJ/s)
 Enthalpy input this time step:      0.108720E+08 MJ (0.213036E+04 MJ/s)
 Total enthalpy discharge:           0.526928E+08 MJ (0.172328E+04 MJ/s)
 Total enthalpy input:               0.569158E+08 MJ (0.186139E+04 MJ/s)

 Water discharge this time step:   0.174021E+06 kg (0.340993E+02 kg/s)
 Water input this time step:       0.000000E+00 kg (0.000000E+00 kg/s)
 Total water discharge:            0.392689E+08 kg (0.128426E+04 kg/s)
 Total water input:                0.000000E+00 kg (0.000000E+00 kg/s)

 Enthalpy discharge this time step:  0.107064E+08 MJ (0.209791E+04 MJ/s)
 Enthalpy input this time step:      0.108720E+08 MJ (0.213036E+04 MJ/s)
 Total enthalpy discharge:           0.526928E+08 MJ (0.172328E+04 MJ/s)
 Total enthalpy input:               0.569158E+08 MJ (0.186139E+04 MJ/s)

 Enthalpy discharge this time step:  0.132551E+08 MJ (0.216444E+04 MJ/s)
 Enthalpy input this time step:      0.133493E+08 MJ (0.217981E+04 MJ/s)
 Total enthalpy discharge:           0.659480E+08 MJ (0.179689E+04 MJ/s)
 Total enthalpy input:               0.702651E+08 MJ (0.191452E+04 MJ/s)

 Water discharge this time step:   0.208626E+06 kg (0.340667E+02 kg/s)
 Water input this time step:       0.000000E+00 kg (0.000000E+00 kg/s)
 Total water discharge:            0.394775E+08 kg (0.107565E+04 kg/s)
 Total water input:                0.000000E+00 kg (0.000000E+00 kg/s)

 Enthalpy discharge this time step:  0.132551E+08 MJ (0.216444E+04 MJ/s)
 Enthalpy input this time step:      0.133493E+08 MJ (0.217981E+04 MJ/s)
 Total enthalpy discharge:           0.659480E+08 MJ (0.179689E+04 MJ/s)
 Total enthalpy input:               0.702651E+08 MJ (0.191452E+04 MJ/s)

 Enthalpy discharge this time step:  0.162579E+08 MJ (0.221230E+04 MJ/s)
 Enthalpy input this time step:      0.162656E+08 MJ (0.221336E+04 MJ/s)
 Total enthalpy discharge:           0.822059E+08 MJ (0.186620E+04 MJ/s)
 Total enthalpy input:               0.865308E+08 MJ (0.196438E+04 MJ/s)

 Water discharge this time step:   0.250066E+06 kg (0.340279E+02 kg/s)
 Water input this time step:       0.000000E+00 kg (0.000000E+00 kg/s)
 Total water discharge:            0.397276E+08 kg (0.901876E+03 kg/s)
 Total water input:                0.000000E+00 kg (0.000000E+00 kg/s)

 Enthalpy discharge this time step:  0.162579E+08 MJ (0.221230E+04 MJ/s)
 Enthalpy input this time step:      0.162656E+08 MJ (0.221336E+04 MJ/s)
 Total enthalpy discharge:           0.822059E+08 MJ (0.186620E+04 MJ/s)
 Total enthalpy input:               0.865308E+08 MJ (0.196438E+04 MJ/s)

 Enthalpy discharge this time step:  0.197901E+08 MJ (0.224413E+04 MJ/s)
 Enthalpy input this time step:      0.197024E+08 MJ (0.223417E+04 MJ/s)
 Total enthalpy discharge:           0.101996E+09 MJ (0.192924E+04 MJ/s)
 Total enthalpy input:               0.106233E+09 MJ (0.200938E+04 MJ/s)

 Water discharge this time step:   0.299672E+06 kg (0.339817E+02 kg/s)
 Water input this time step:       0.000000E+00 kg (0.000000E+00 kg/s)
 Total water discharge:            0.400273E+08 kg (0.757109E+03 kg/s)
 Total water input:                0.000000E+00 kg (0.000000E+00 kg/s)

 Enthalpy discharge this time step:  0.197901E+08 MJ (0.224413E+04 MJ/s)
 Enthalpy input this time step:      0.197024E+08 MJ (0.223417E+04 MJ/s)
 Total enthalpy discharge:           0.101996E+09 MJ (0.192924E+04 MJ/s)
 Total enthalpy input:               0.106233E+09 MJ (0.200938E+04 MJ/s)

 Enthalpy discharge this time step:  0.239527E+08 MJ (0.226345E+04 MJ/s)
 Enthalpy input this time step:      0.237656E+08 MJ (0.224577E+04 MJ/s)
 Total enthalpy discharge:           0.125949E+09 MJ (0.198498E+04 MJ/s)
 Total enthalpy input:               0.129999E+09 MJ (0.204881E+04 MJ/s)

 Water discharge this time step:   0.359026E+06 kg (0.339268E+02 kg/s)
 Water input this time step:       0.000000E+00 kg (0.000000E+00 kg/s)
 Total water discharge:            0.403863E+08 kg (0.636496E+03 kg/s)
 Total water input:                0.000000E+00 kg (0.000000E+00 kg/s)

 Enthalpy discharge this time step:  0.239527E+08 MJ (0.226345E+04 MJ/s)
 Enthalpy input this time step:      0.237656E+08 MJ (0.224577E+04 MJ/s)
 Total enthalpy discharge:           0.125949E+09 MJ (0.198498E+04 MJ/s)
 Total enthalpy input:               0.129999E+09 MJ (0.204881E+04 MJ/s)
*********************************************************************
 Time Step        41

                    Timing Information
           Years              Days         Step Size (Days)
     0.241304022E-02     0.881362941        0.146977157    
 Cpu Sec for Time Step =   1.719     Current Total =     73.11    

                    Equation Performance
 Number of N-R Iterations:          2
 Avg # of Linear Equation Solver Iterations:   1.0
 Number of Active Nodes:    543747.
 Total Number of Iterations, N-R:         82 , Solver:         82
 Phase Changes This Time Step:        0 Total           0
 Nodes Liq Phase:   543747 change        0
 Nodes Two Phase:        0 change        0
 Nodes Gas Phase:         0 change        0
 Nodes SC Phase:        0 change        0
 Number of restarted time steps            0
                    Largest Residuals
 EQ1 R=  0.3899E-05 node= 275095 zone=     5 x= 500.0     y= 0.000     z=0.2500E+05
 EQ2 R=  0.2515E-07 node= 271898 zone=     4 x= 0.000     y= 0.000     z=0.2450E+05
   Node   Equation 1 Residual   Equation 2 Residual
 271231      0.191754E-06           0.167647E-10
 271225      0.161601E-11           0.858593E-14
 271222      0.161731E-11           0.924504E-14
 271221      0.200902E-11           0.937506E-14
 271220      0.243453E-11           0.956082E-14
 271219      0.200975E-11           0.939269E-14
 271211      0.788639E-12           0.769353E-14
 271202      0.280842E-11           0.986689E-14
 271201      0.136502E-11           0.689502E-14
 271200      0.171707E-11           0.911750E-14
 271198      0.942655E-12           0.704865E-14
 271121      0.163262E-11           0.838544E-14
 271113     -0.497806E-07          -0.153352E-09
 271899     -0.674724E-11          -0.152491E-12
 271893      0.187728E-11           0.962976E-14
 271890      0.161731E-11           0.924505E-14
 271889      0.200902E-11           0.937506E-14
 271889      0.200902E-11           0.937506E-14
 271887      0.200975E-11           0.939269E-14
 271879      0.792142E-12           0.769896E-14
 271870      0.280842E-11           0.986689E-14
 271869      0.136502E-11           0.689502E-14
 271868      0.171568E-11           0.911535E-14
 271865      0.193234E-11           0.614273E-14
 271857      0.163262E-11           0.838544E-14
 271849     -0.497806E-07          -0.153352E-09
 272551      0.191754E-06           0.167647E-10
 272545      0.161601E-11           0.858593E-14
 272542      0.161731E-11           0.924505E-14
 272541      0.200902E-11           0.937505E-14
 272540      0.243453E-11           0.956081E-14
 272539      0.200975E-11           0.939269E-14
 272531      0.788639E-12           0.769354E-14
 272522      0.280842E-11           0.986689E-14
 272521      0.136502E-11           0.689502E-14
 272520      0.171707E-11           0.911750E-14
 272518      0.942655E-12           0.704865E-14
 272593      0.163262E-11           0.838544E-14
 272585     -0.497806E-07          -0.153352E-09
 271545      0.567028E-07           0.161976E-09
 271544      0.639869E-10           0.437363E-12
 271540      0.121161E-11           0.846832E-14
 271535      0.153503E-11           0.835354E-14
 271530      0.162119E-11           0.747770E-14
 271518      0.163262E-11           0.838544E-14
 271510     -0.497806E-07          -0.153352E-09
 272238      0.567028E-07           0.161976E-09
 272237      0.639869E-10           0.437363E-12
 272233      0.121161E-11           0.846832E-14
 272228      0.153503E-11           0.835354E-14
 272223      0.162119E-11           0.747770E-14
 272211      0.163262E-11           0.838544E-14
 272203     -0.497806E-07          -0.153352E-09
 273161      0.567023E-07           0.161975E-09
 273160      0.647316E-10           0.440218E-12
 273156      0.121161E-11           0.846833E-14
 273151      0.139895E-11           0.813872E-14
 273146      0.162119E-11           0.747769E-14
 273134      0.163262E-11           0.838544E-14
 273126     -0.497806E-07          -0.153352E-09

                    Nodal Information (Water)
                                                  source/sink  E source/sink
   Node   P (MPa)    E (MJ)    L sat     Temp (C)    (kg/s)       (MJ/s)
 271231    169.0     0.196      1.00        2.000   0.000     -0.551E-01
 271225    169.0     0.192      1.00        2.000   0.000       0.00    
 271222    169.0     0.190      1.00        2.000   0.000       0.00    
 271221    169.0     0.190      1.00        2.000   0.000       0.00    
 271220    169.0     0.189      1.00        2.000   0.000       0.00    
 271219    169.0     0.188      1.00        2.000   0.000       0.00    
 271211    169.0     0.183      1.00        2.000   0.000       0.00    
 271202    169.0     0.177      1.00        2.000   0.000       0.00    
 271201    169.0     0.177      1.00        2.000   0.000       0.00    
 271200    169.0     0.176      1.00        2.000   0.000       0.00    
 271198    169.0     0.174      1.00        2.000   0.000       0.00    
 271121    169.0     0.152      1.00        2.000   0.000       0.00    
 271113    169.0     0.131      1.00        2.000   0.000      0.907    
 271899    135.2     0.167      1.00        2.000   33.86       6.62    
 271893    169.0     0.192      1.00        2.000   0.000       0.00    
 271890    169.0     0.190      1.00        2.000   0.000       0.00    
 271889    169.0     0.190      1.00        2.000   0.000       0.00    
 271889    169.0     0.190      1.00        2.000   0.000       0.00    
 271887    169.0     0.188      1.00        2.000   0.000       0.00    
 271879    169.0     0.183      1.00        2.000   0.000       0.00    
 271870    169.0     0.177      1.00        2.000   0.000       0.00    
 271869    169.0     0.177      1.00        2.000   0.000       0.00    
 271868    169.0     0.176      1.00        2.000   0.000       0.00    
 271865    169.0     0.173      1.00        2.000   0.000       0.00    
 271857    169.0     0.152      1.00        2.000   0.000       0.00    
 271849    169.0     0.131      1.00        2.000   0.000      0.907    
 272551    169.0     0.196      1.00        2.000   0.000     -0.551E-01
 272545    169.0     0.192      1.00        2.000   0.000       0.00    
 272542    169.0     0.190      1.00        2.000   0.000       0.00    
 272541    169.0     0.190      1.00        2.000   0.000       0.00    
 272540    169.0     0.189      1.00        2.000   0.000       0.00    
 272539    169.0     0.188      1.00        2.000   0.000       0.00    
 272531    169.0     0.183      1.00        2.000   0.000       0.00    
 272522    169.0     0.177      1.00        2.000   0.000       0.00    
 272521    169.0     0.177      1.00        2.000   0.000       0.00    
 272520    169.0     0.176      1.00        2.000   0.000       0.00    
 272518    169.0     0.174      1.00        2.000   0.000       0.00    
 272593    169.0     0.152      1.00        2.000   0.000       0.00    
 272585    169.0     0.131      1.00        2.000   0.000      0.907    
 271545    169.0     0.196      1.00        2.000   0.000     -0.899    
 271544    169.0     0.193      1.00        2.000   0.000       0.00    
 271540    169.0     0.190      1.00        2.000   0.000       0.00    
 271535    169.0     0.183      1.00        2.000   0.000       0.00    
 271530    169.0     0.177      1.00        2.000   0.000       0.00    
 271518    169.0     0.152      1.00        2.000   0.000       0.00    
 271510    169.0     0.131      1.00        2.000   0.000      0.907    
 272238    169.0     0.196      1.00        2.000   0.000     -0.899    
 272237    169.0     0.193      1.00        2.000   0.000       0.00    
 272233    169.0     0.190      1.00        2.000   0.000       0.00    
 272228    169.0     0.183      1.00        2.000   0.000       0.00    
 272223    169.0     0.177      1.00        2.000   0.000       0.00    
 272211    169.0     0.152      1.00        2.000   0.000       0.00    
 272203    169.0     0.131      1.00        2.000   0.000      0.907    
 273161    169.0     0.196      1.00        2.000   0.000     -0.899    
 273160    169.0     0.193      1.00        2.000   0.000       0.00    
 273156    169.0     0.190      1.00        2.000   0.000       0.00    
 273151    169.0     0.183      1.00        2.000   0.000       0.00    
 273146    169.0     0.177      1.00        2.000   0.000       0.00    
 273134    169.0     0.152      1.00        2.000   0.000       0.00    
 273126    169.0     0.131      1.00        2.000   0.000      0.907    

                    Global Mass & Energy Balances
 Total mass in system at this time:            0.267662E+17 kg
 Total mass of steam in system at this time:   0.000000E+00 kg
 Total enthalpy in system at this time:        0.273783E+16 MJ

 Water discharge this time step:   0.430004E+06 kg (0.338617E+02 kg/s)
 Water input this time step:       0.000000E+00 kg (0.000000E+00 kg/s)
 Total water discharge:            0.408163E+08 kg (0.536000E+03 kg/s)
 Total water input:                0.000000E+00 kg (0.000000E+00 kg/s)

 Enthalpy discharge this time step:  0.288768E+08 MJ (0.227397E+04 MJ/s)
 Enthalpy input this time step:      0.285894E+08 MJ (0.225134E+04 MJ/s)
 Total enthalpy discharge:           0.154825E+09 MJ (0.203317E+04 MJ/s)
 Total enthalpy input:               0.158588E+09 MJ (0.208258E+04 MJ/s)

 Net kg water discharge (total out-total in):   0.408163E+08
 Net MJ energy discharge (total out-total in):  -0.376267E+07
 Conservation Errors:  -0.180979E-03 (mass),   0.377545E-04 (energy)

 Enthalpy discharge this time step:  0.347271E+08 MJ (0.227889E+04 MJ/s)
 Enthalpy input this time step:      0.343378E+08 MJ (0.225334E+04 MJ/s)
 Total enthalpy discharge:           0.189553E+09 MJ (0.207414E+04 MJ/s)
 Total enthalpy input:               0.192926E+09 MJ (0.211106E+04 MJ/s)

 Water discharge this time step:   0.514830E+06 kg (0.337846E+02 kg/s)
 Water input this time step:       0.000000E+00 kg (0.000000E+00 kg/s)
 Total water discharge:            0.413311E+08 kg (0.452258E+03 kg/s)
 Total water input:                0.000000E+00 kg (0.000000E+00 kg/s)

 Enthalpy discharge this time step:  0.347271E+08 MJ (0.227889E+04 MJ/s)
 Enthalpy input this time step:      0.343378E+08 MJ (0.225334E+04 MJ/s)
 Total enthalpy discharge:           0.189553E+09 MJ (0.207414E+04 MJ/s)
 Total enthalpy input:               0.192926E+09 MJ (0.211106E+04 MJ/s)

 Enthalpy discharge this time step:  0.417040E+08 MJ (0.228061E+04 MJ/s)
 Enthalpy input this time step:      0.412064E+08 MJ (0.225340E+04 MJ/s)
 Total enthalpy discharge:           0.231257E+09 MJ (0.210857E+04 MJ/s)
 Total enthalpy input:               0.234132E+09 MJ (0.213479E+04 MJ/s)

 Water discharge this time step:   0.616131E+06 kg (0.336936E+02 kg/s)
 Water input this time step:       0.000000E+00 kg (0.000000E+00 kg/s)
 Total water discharge:            0.419472E+08 kg (0.382470E+03 kg/s)
 Total water input:                0.000000E+00 kg (0.000000E+00 kg/s)

 Enthalpy discharge this time step:  0.417040E+08 MJ (0.228061E+04 MJ/s)
 Enthalpy input this time step:      0.412064E+08 MJ (0.225340E+04 MJ/s)
 Total enthalpy discharge:           0.231257E+09 MJ (0.210857E+04 MJ/s)
 Total enthalpy input:               0.234132E+09 MJ (0.213479E+04 MJ/s)

 Enthalpy discharge this time step:  0.500454E+08 MJ (0.228064E+04 MJ/s)
 Enthalpy input this time step:      0.494265E+08 MJ (0.225244E+04 MJ/s)
 Total enthalpy discharge:           0.281302E+09 MJ (0.213726E+04 MJ/s)
 Total enthalpy input:               0.283559E+09 MJ (0.215440E+04 MJ/s)

 Water discharge this time step:   0.737006E+06 kg (0.335864E+02 kg/s)
 Water input this time step:       0.000000E+00 kg (0.000000E+00 kg/s)
 Total water discharge:            0.426842E+08 kg (0.324303E+03 kg/s)
 Total water input:                0.000000E+00 kg (0.000000E+00 kg/s)

 Enthalpy discharge this time step:  0.500454E+08 MJ (0.228064E+04 MJ/s)
 Enthalpy input this time step:      0.494265E+08 MJ (0.225244E+04 MJ/s)
 Total enthalpy discharge:           0.281302E+09 MJ (0.213726E+04 MJ/s)
 Total enthalpy input:               0.283559E+09 MJ (0.215440E+04 MJ/s)

 Enthalpy discharge this time step:  0.600326E+08 MJ (0.227981E+04 MJ/s)
 Enthalpy input this time step:      0.592709E+08 MJ (0.225088E+04 MJ/s)
 Total enthalpy discharge:           0.341335E+09 MJ (0.216102E+04 MJ/s)
 Total enthalpy input:               0.342830E+09 MJ (0.217049E+04 MJ/s)

 Water discharge this time step:   0.881098E+06 kg (0.334607E+02 kg/s)
 Water input this time step:       0.000000E+00 kg (0.000000E+00 kg/s)
 Total water discharge:            0.435653E+08 kg (0.275816E+03 kg/s)
 Total water input:                0.000000E+00 kg (0.000000E+00 kg/s)

 Enthalpy discharge this time step:  0.600326E+08 MJ (0.227981E+04 MJ/s)
 Enthalpy input this time step:      0.592709E+08 MJ (0.225088E+04 MJ/s)
 Total enthalpy discharge:           0.341335E+09 MJ (0.216102E+04 MJ/s)
 Total enthalpy input:               0.342830E+09 MJ (0.217049E+04 MJ/s)

 Enthalpy discharge this time step:  0.719973E+08 MJ (0.227849E+04 MJ/s)
 Enthalpy input this time step:      0.710622E+08 MJ (0.224889E+04 MJ/s)
 Total enthalpy discharge:           0.413332E+09 MJ (0.218060E+04 MJ/s)
 Total enthalpy input:               0.413892E+09 MJ (0.218356E+04 MJ/s)

 Water discharge this time step:   0.105268E+07 kg (0.333140E+02 kg/s)
 Water input this time step:       0.000000E+00 kg (0.000000E+00 kg/s)
 Total water discharge:            0.446180E+08 kg (0.235390E+03 kg/s)
 Total water input:                0.000000E+00 kg (0.000000E+00 kg/s)

 Enthalpy discharge this time step:  0.719973E+08 MJ (0.227849E+04 MJ/s)
 Enthalpy input this time step:      0.710622E+08 MJ (0.224889E+04 MJ/s)
 Total enthalpy discharge:           0.413332E+09 MJ (0.218060E+04 MJ/s)
 Total enthalpy input:               0.413892E+09 MJ (0.218356E+04 MJ/s)

 Enthalpy discharge this time step:  0.863326E+08 MJ (0.227679E+04 MJ/s)
 Enthalpy input this time step:      0.851829E+08 MJ (0.224647E+04 MJ/s)
 Total enthalpy discharge:           0.499664E+09 MJ (0.219664E+04 MJ/s)
 Total enthalpy input:               0.499075E+09 MJ (0.219405E+04 MJ/s)

 Water discharge this time step:   0.125675E+07 kg (0.331435E+02 kg/s)
 Water input this time step:       0.000000E+00 kg (0.000000E+00 kg/s)
 Total water discharge:            0.458748E+08 kg (0.201676E+03 kg/s)
 Total water input:                0.000000E+00 kg (0.000000E+00 kg/s)

 Enthalpy discharge this time step:  0.863326E+08 MJ (0.227679E+04 MJ/s)
 Enthalpy input this time step:      0.851829E+08 MJ (0.224647E+04 MJ/s)
 Total enthalpy discharge:           0.499664E+09 MJ (0.219664E+04 MJ/s)
 Total enthalpy input:               0.499075E+09 MJ (0.219405E+04 MJ/s)

 Enthalpy discharge this time step:  0.103506E+09 MJ (0.227474E+04 MJ/s)
 Enthalpy input this time step:      0.102088E+09 MJ (0.224358E+04 MJ/s)
 Total enthalpy discharge:           0.603170E+09 MJ (0.220966E+04 MJ/s)
 Total enthalpy input:               0.601162E+09 MJ (0.220230E+04 MJ/s)

 Water discharge this time step:   0.149914E+07 kg (0.329466E+02 kg/s)
 Water input this time step:       0.000000E+00 kg (0.000000E+00 kg/s)
 Total water discharge:            0.473739E+08 kg (0.173550E+03 kg/s)
 Total water input:                0.000000E+00 kg (0.000000E+00 kg/s)

 Enthalpy discharge this time step:  0.103506E+09 MJ (0.227474E+04 MJ/s)
 Enthalpy input this time step:      0.102088E+09 MJ (0.224358E+04 MJ/s)
 Total enthalpy discharge:           0.603170E+09 MJ (0.220966E+04 MJ/s)
 Total enthalpy input:               0.601162E+09 MJ (0.220230E+04 MJ/s)

 Enthalpy discharge this time step:  0.124072E+09 MJ (0.227227E+04 MJ/s)
 Enthalpy input this time step:      0.122317E+09 MJ (0.224012E+04 MJ/s)
 Total enthalpy discharge:           0.727242E+09 MJ (0.222009E+04 MJ/s)
 Total enthalpy input:               0.723479E+09 MJ (0.220861E+04 MJ/s)

 Water discharge this time step:   0.178664E+07 kg (0.327207E+02 kg/s)
 Water input this time step:       0.000000E+00 kg (0.000000E+00 kg/s)
 Total water discharge:            0.491606E+08 kg (0.150075E+03 kg/s)
 Total water input:                0.000000E+00 kg (0.000000E+00 kg/s)

 Enthalpy discharge this time step:  0.124072E+09 MJ (0.227227E+04 MJ/s)
 Enthalpy input this time step:      0.122317E+09 MJ (0.224012E+04 MJ/s)
 Total enthalpy discharge:           0.727242E+09 MJ (0.222009E+04 MJ/s)
 Total enthalpy input:               0.723479E+09 MJ (0.220861E+04 MJ/s)

 Enthalpy discharge this time step:  0.148692E+09 MJ (0.226931E+04 MJ/s)
 Enthalpy input this time step:      0.146510E+09 MJ (0.223601E+04 MJ/s)
 Total enthalpy discharge:           0.875934E+09 MJ (0.222830E+04 MJ/s)
 Total enthalpy input:               0.869989E+09 MJ (0.221317E+04 MJ/s)

 Water discharge this time step:   0.212713E+07 kg (0.324637E+02 kg/s)
 Water input this time step:       0.000000E+00 kg (0.000000E+00 kg/s)
 Total water discharge:            0.512877E+08 kg (0.130471E+03 kg/s)
 Total water input:                0.000000E+00 kg (0.000000E+00 kg/s)

 Enthalpy discharge this time step:  0.148692E+09 MJ (0.226931E+04 MJ/s)
 Enthalpy input this time step:      0.146510E+09 MJ (0.223601E+04 MJ/s)
 Total enthalpy discharge:           0.875934E+09 MJ (0.222830E+04 MJ/s)
 Total enthalpy input:               0.869989E+09 MJ (0.221317E+04 MJ/s)
*********************************************************************
 Time Step        51

                    Timing Information
           Years              Days         Step Size (Days)
     0.149480161E-01      5.45976289        0.910043815    
 Cpu Sec for Time Step =   1.817     Current Total =     92.12    

                    Equation Performance
 Number of N-R Iterations:          2
 Avg # of Linear Equation Solver Iterations:   1.5
 Number of Active Nodes:    543747.
 Total Number of Iterations, N-R:        102 , Solver:        110
 Phase Changes This Time Step:        0 Total           0
 Nodes Liq Phase:   543747 change        0
 Nodes Two Phase:        0 change        0
 Nodes Gas Phase:         0 change        0
 Nodes SC Phase:        0 change        0
 Number of restarted time steps            0
                    Largest Residuals
 EQ1 R=  0.5991E-05 node= 275095 zone=     5 x= 500.0     y= 0.000     z=0.2500E+05
 EQ2 R=  0.4022E-07 node= 271898 zone=     4 x= 0.000     y= 0.000     z=0.2450E+05
   Node   Equation 1 Residual   Equation 2 Residual
 271231      0.947099E-06           0.141220E-10
 271225      0.894082E-11           0.507343E-13
 271222      0.923161E-11           0.513300E-13
 271221      0.831826E-11           0.502841E-13
 271220      0.769829E-11           0.490501E-13
 271219      0.851871E-11           0.492278E-13
 271211      0.828862E-11           0.495413E-13
 271202      0.878314E-11           0.489623E-13
 271201      0.771897E-11           0.479676E-13
 271200      0.890469E-11           0.509756E-13
 271198      0.101413E-10           0.543814E-13
 271121      0.854418E-11           0.493131E-13
 271113     -0.308825E-06          -0.248300E-09
 271899     -0.162578E-10          -0.326475E-12
 271893      0.100639E-10           0.594031E-13
 271890      0.894164E-11           0.513661E-13
 271889      0.830983E-11           0.502710E-13
 271889      0.830983E-11           0.502710E-13
 271887      0.777210E-11           0.509427E-13
 271879      0.903064E-11           0.510313E-13
 271870      0.801789E-11           0.486805E-13
 271869      0.855957E-11           0.502806E-13
 271868      0.807106E-11           0.499442E-13
 271865      0.515826E-11           0.329858E-13
 271857      0.854418E-11           0.493131E-13
 271849     -0.308825E-06          -0.248300E-09
 272551      0.947099E-06           0.141220E-10
 272545      0.894082E-11           0.507343E-13
 272542      0.923161E-11           0.513300E-13
 272541      0.831826E-11           0.502841E-13
 272540      0.769829E-11           0.490500E-13
 272539      0.851871E-11           0.492278E-13
 272531      0.828862E-11           0.495413E-13
 272522      0.878314E-11           0.489623E-13
 272521      0.771897E-11           0.479676E-13
 272520      0.890469E-11           0.509756E-13
 272518      0.101413E-10           0.543814E-13
 272593      0.854418E-11           0.493131E-13
 272585     -0.308825E-06          -0.248300E-09
 271545      0.344752E-06           0.245819E-09
 271544      0.233545E-08           0.161288E-10
 271540      0.790769E-11           0.482171E-13
 271535      0.101207E-10           0.570520E-13
 271530      0.836632E-11           0.499972E-13
 271518      0.854418E-11           0.493131E-13
 271510     -0.308825E-06          -0.248300E-09
 272238      0.344752E-06           0.245819E-09
 272237      0.233625E-08           0.161303E-10
 272233      0.874199E-11           0.510912E-13
 272228      0.101207E-10           0.570520E-13
 272223      0.836632E-11           0.499972E-13
 272211      0.854418E-11           0.493131E-13
 272203     -0.308825E-06          -0.248300E-09
 273161      0.344750E-06           0.245818E-09
 273160      0.233715E-08           0.161298E-10
 273156      0.789796E-11           0.482021E-13
 273151      0.110286E-10           0.595844E-13
 273146      0.836729E-11           0.499986E-13
 273134      0.854418E-11           0.493131E-13
 273126     -0.308825E-06          -0.248300E-09

                    Nodal Information (Water)
                                                  source/sink  E source/sink
   Node   P (MPa)    E (MJ)    L sat     Temp (C)    (kg/s)       (MJ/s)
 271231    168.9     0.196      1.00        2.000   0.000     -0.491E-01
 271225    169.0     0.192      1.00        2.000   0.000       0.00    
 271222    169.0     0.190      1.00        2.000   0.000       0.00    
 271221    169.0     0.190      1.00        2.000   0.000       0.00    
 271220    169.0     0.189      1.00        2.000   0.000       0.00    
 271219    169.0     0.188      1.00        2.000   0.000       0.00    
 271211    169.0     0.183      1.00        2.000   0.000       0.00    
 271202    169.0     0.177      1.00        2.000   0.000       0.00    
 271201    169.0     0.177      1.00        2.000   0.000       0.00    
 271200    169.0     0.176      1.00        2.000   0.000       0.00    
 271198    169.0     0.174      1.00        2.000   0.000       0.00    
 271121    169.0     0.152      1.00        2.000   0.000       0.00    
 271113    169.0     0.131      1.00        2.000   0.000      0.904    
 271899    135.2     0.167      1.00        2.000   32.17       6.25    
 271893    169.0     0.192      1.00        2.000   0.000       0.00    
 271890    169.0     0.190      1.00        2.000   0.000       0.00    
 271889    169.0     0.190      1.00        2.000   0.000       0.00    
 271889    169.0     0.190      1.00        2.000   0.000       0.00    
 271887    169.0     0.188      1.00        2.000   0.000       0.00    
 271879    169.0     0.183      1.00        2.000   0.000       0.00    
 271870    169.0     0.177      1.00        2.000   0.000       0.00    
 271869    169.0     0.177      1.00        2.000   0.000       0.00    
 271868    169.0     0.176      1.00        2.000   0.000       0.00    
 271865    169.0     0.173      1.00        2.000   0.000       0.00    
 271857    169.0     0.152      1.00        2.000   0.000       0.00    
 271849    169.0     0.131      1.00        2.000   0.000      0.904    
 272551    168.9     0.196      1.00        2.000   0.000     -0.491E-01
 272545    169.0     0.192      1.00        2.000   0.000       0.00    
 272542    169.0     0.190      1.00        2.000   0.000       0.00    
 272541    169.0     0.190      1.00        2.000   0.000       0.00    
 272540    169.0     0.189      1.00        2.000   0.000       0.00    
 272539    169.0     0.188      1.00        2.000   0.000       0.00    
 272531    169.0     0.183      1.00        2.000   0.000       0.00    
 272522    169.0     0.177      1.00        2.000   0.000       0.00    
 272521    169.0     0.177      1.00        2.000   0.000       0.00    
 272520    169.0     0.176      1.00        2.000   0.000       0.00    
 272518    169.0     0.174      1.00        2.000   0.000       0.00    
 272593    169.0     0.152      1.00        2.000   0.000       0.00    
 272585    169.0     0.131      1.00        2.000   0.000      0.904    
 271545    169.0     0.196      1.00        2.000   0.000     -0.893    
 271544    169.0     0.193      1.00        2.000   0.000       0.00    
 271540    169.0     0.190      1.00        2.000   0.000       0.00    
 271535    169.0     0.183      1.00        2.000   0.000       0.00    
 271530    169.0     0.177      1.00        2.000   0.000       0.00    
 271518    169.0     0.152      1.00        2.000   0.000       0.00    
 271510    169.0     0.131      1.00        2.000   0.000      0.904    
 272238    169.0     0.196      1.00        2.000   0.000     -0.893    
 272237    169.0     0.193      1.00        2.000   0.000       0.00    
 272233    169.0     0.190      1.00        2.000   0.000       0.00    
 272228    169.0     0.183      1.00        2.000   0.000       0.00    
 272223    169.0     0.177      1.00        2.000   0.000       0.00    
 272211    169.0     0.152      1.00        2.000   0.000       0.00    
 272203    169.0     0.131      1.00        2.000   0.000      0.904    
 273161    169.0     0.196      1.00        2.000   0.000     -0.893    
 273160    169.0     0.193      1.00        2.000   0.000       0.00    
 273156    169.0     0.190      1.00        2.000   0.000       0.00    
 273151    169.0     0.183      1.00        2.000   0.000       0.00    
 273146    169.0     0.177      1.00        2.000   0.000       0.00    
 273134    169.0     0.152      1.00        2.000   0.000       0.00    
 273126    169.0     0.131      1.00        2.000   0.000      0.904    

                    Global Mass & Energy Balances
 Total mass in system at this time:            0.267662E+17 kg
 Total mass of steam in system at this time:   0.000000E+00 kg
 Total enthalpy in system at this time:        0.273783E+16 MJ

 Water discharge this time step:   0.252977E+07 kg (0.321740E+02 kg/s)
 Water input this time step:       0.000000E+00 kg (0.000000E+00 kg/s)
 Total water discharge:            0.538174E+08 kg (0.114087E+03 kg/s)
 Total water input:                0.000000E+00 kg (0.000000E+00 kg/s)

 Enthalpy discharge this time step:  0.178153E+09 MJ (0.226578E+04 MJ/s)
 Enthalpy input this time step:      0.175428E+09 MJ (0.223112E+04 MJ/s)
 Total enthalpy discharge:           0.105409E+10 MJ (0.223454E+04 MJ/s)
 Total enthalpy input:               0.104542E+10 MJ (0.221617E+04 MJ/s)

 Net kg water discharge (total out-total in):   0.538174E+08
 Net MJ energy discharge (total out-total in):   0.866959E+07
 Conservation Errors:  -0.302411E-03 (mass),   0.168468E-04 (energy)

 Enthalpy discharge this time step:  0.213385E+09 MJ (0.226155E+04 MJ/s)
 Enthalpy input this time step:      0.209967E+09 MJ (0.222532E+04 MJ/s)
 Total enthalpy discharge:           0.126747E+10 MJ (0.223905E+04 MJ/s)
 Total enthalpy input:               0.125538E+10 MJ (0.221769E+04 MJ/s)

 Water discharge this time step:   0.300521E+07 kg (0.318506E+02 kg/s)
 Water input this time step:       0.000000E+00 kg (0.000000E+00 kg/s)
 Total water discharge:            0.568227E+08 kg (0.100380E+03 kg/s)
 Total water input:                0.000000E+00 kg (0.000000E+00 kg/s)

 Enthalpy discharge this time step:  0.213385E+09 MJ (0.226155E+04 MJ/s)
 Enthalpy input this time step:      0.209967E+09 MJ (0.222532E+04 MJ/s)
 Total enthalpy discharge:           0.126747E+10 MJ (0.223905E+04 MJ/s)
 Total enthalpy input:               0.125538E+10 MJ (0.221769E+04 MJ/s)

 Enthalpy discharge this time step:  0.255490E+09 MJ (0.225650E+04 MJ/s)
 Enthalpy input this time step:      0.251182E+09 MJ (0.221845E+04 MJ/s)
 Total enthalpy discharge:           0.152296E+10 MJ (0.224196E+04 MJ/s)
 Total enthalpy input:               0.150657E+10 MJ (0.221782E+04 MJ/s)

 Water discharge this time step:   0.356588E+07 kg (0.314940E+02 kg/s)
 Water input this time step:       0.000000E+00 kg (0.000000E+00 kg/s)
 Total water discharge:            0.603885E+08 kg (0.888981E+02 kg/s)
 Total water input:                0.000000E+00 kg (0.000000E+00 kg/s)

 Enthalpy discharge this time step:  0.255490E+09 MJ (0.225650E+04 MJ/s)
 Enthalpy input this time step:      0.251182E+09 MJ (0.221845E+04 MJ/s)
 Total enthalpy discharge:           0.152296E+10 MJ (0.224196E+04 MJ/s)
 Total enthalpy input:               0.150657E+10 MJ (0.221782E+04 MJ/s)

 Enthalpy discharge this time step:  0.305770E+09 MJ (0.225048E+04 MJ/s)
 Enthalpy input this time step:      0.300315E+09 MJ (0.221033E+04 MJ/s)
 Total enthalpy discharge:           0.182873E+10 MJ (0.224338E+04 MJ/s)
 Total enthalpy input:               0.180688E+10 MJ (0.221657E+04 MJ/s)

 Water discharge this time step:   0.422630E+07 kg (0.311057E+02 kg/s)
 Water input this time step:       0.000000E+00 kg (0.000000E+00 kg/s)
 Total water discharge:            0.646148E+08 kg (0.792655E+02 kg/s)
 Total water input:                0.000000E+00 kg (0.000000E+00 kg/s)

 Enthalpy discharge this time step:  0.305770E+09 MJ (0.225048E+04 MJ/s)
 Enthalpy input this time step:      0.300315E+09 MJ (0.221033E+04 MJ/s)
 Total enthalpy discharge:           0.182873E+10 MJ (0.224338E+04 MJ/s)
 Total enthalpy input:               0.180688E+10 MJ (0.221657E+04 MJ/s)

 Enthalpy discharge this time step:  0.365752E+09 MJ (0.224329E+04 MJ/s)
 Enthalpy input this time step:      0.358815E+09 MJ (0.220074E+04 MJ/s)
 Total enthalpy discharge:           0.219448E+10 MJ (0.224336E+04 MJ/s)
 Total enthalpy input:               0.216570E+10 MJ (0.221393E+04 MJ/s)

 Water discharge this time step:   0.500360E+07 kg (0.306889E+02 kg/s)
 Water input this time step:       0.000000E+00 kg (0.000000E+00 kg/s)
 Total water discharge:            0.696184E+08 kg (0.711691E+02 kg/s)
 Total water input:                0.000000E+00 kg (0.000000E+00 kg/s)

 Enthalpy discharge this time step:  0.365752E+09 MJ (0.224329E+04 MJ/s)
 Enthalpy input this time step:      0.358815E+09 MJ (0.220074E+04 MJ/s)
 Total enthalpy discharge:           0.219448E+10 MJ (0.224336E+04 MJ/s)
 Total enthalpy input:               0.216570E+10 MJ (0.221393E+04 MJ/s)

 Enthalpy discharge this time step:  0.437228E+09 MJ (0.223473E+04 MJ/s)
 Enthalpy input this time step:      0.428371E+09 MJ (0.218946E+04 MJ/s)
 Total enthalpy discharge:           0.263171E+10 MJ (0.224192E+04 MJ/s)
 Total enthalpy input:               0.259407E+10 MJ (0.220985E+04 MJ/s)

 Water discharge this time step:   0.591809E+07 kg (0.302482E+02 kg/s)
 Water input this time step:       0.000000E+00 kg (0.000000E+00 kg/s)
 Total water discharge:            0.755365E+08 kg (0.643487E+02 kg/s)
 Total water input:                0.000000E+00 kg (0.000000E+00 kg/s)

 Enthalpy discharge this time step:  0.437228E+09 MJ (0.223473E+04 MJ/s)
 Enthalpy input this time step:      0.428371E+09 MJ (0.218946E+04 MJ/s)
 Total enthalpy discharge:           0.263171E+10 MJ (0.224192E+04 MJ/s)
 Total enthalpy input:               0.259407E+10 MJ (0.220985E+04 MJ/s)

 Enthalpy discharge this time step:  0.522282E+09 MJ (0.222455E+04 MJ/s)
 Enthalpy input this time step:      0.510935E+09 MJ (0.217622E+04 MJ/s)
 Total enthalpy discharge:           0.315399E+10 MJ (0.223903E+04 MJ/s)
 Total enthalpy input:               0.310500E+10 MJ (0.220425E+04 MJ/s)

 Water discharge this time step:   0.699401E+07 kg (0.297895E+02 kg/s)
 Water input this time step:       0.000000E+00 kg (0.000000E+00 kg/s)
 Total water discharge:            0.825305E+08 kg (0.585886E+02 kg/s)
 Total water input:                0.000000E+00 kg (0.000000E+00 kg/s)

 Enthalpy discharge this time step:  0.522282E+09 MJ (0.222455E+04 MJ/s)
 Enthalpy input this time step:      0.510935E+09 MJ (0.217622E+04 MJ/s)
 Total enthalpy discharge:           0.315399E+10 MJ (0.223903E+04 MJ/s)
 Total enthalpy input:               0.310500E+10 MJ (0.220425E+04 MJ/s)

 Enthalpy discharge this time step:  0.623327E+09 MJ (0.221244E+04 MJ/s)
 Enthalpy input this time step:      0.608751E+09 MJ (0.216070E+04 MJ/s)
 Total enthalpy discharge:           0.377732E+10 MJ (0.223460E+04 MJ/s)
 Total enthalpy input:               0.371375E+10 MJ (0.219699E+04 MJ/s)

 Water discharge this time step:   0.826044E+07 kg (0.293196E+02 kg/s)
 Water input this time step:       0.000000E+00 kg (0.000000E+00 kg/s)
 Total water discharge:            0.907910E+08 kg (0.537103E+02 kg/s)
 Total water input:                0.000000E+00 kg (0.000000E+00 kg/s)

 Enthalpy discharge this time step:  0.623327E+09 MJ (0.221244E+04 MJ/s)
 Enthalpy input this time step:      0.608751E+09 MJ (0.216070E+04 MJ/s)
 Total enthalpy discharge:           0.377732E+10 MJ (0.223460E+04 MJ/s)
 Total enthalpy input:               0.371375E+10 MJ (0.219699E+04 MJ/s)

 Enthalpy discharge this time step:  0.743135E+09 MJ (0.219807E+04 MJ/s)
 Enthalpy input this time step:      0.724376E+09 MJ (0.214259E+04 MJ/s)
 Total enthalpy discharge:           0.452046E+10 MJ (0.222851E+04 MJ/s)
 Total enthalpy input:               0.443813E+10 MJ (0.218792E+04 MJ/s)

 Water discharge this time step:   0.975236E+07 kg (0.288459E+02 kg/s)
 Water input this time step:       0.000000E+00 kg (0.000000E+00 kg/s)
 Total water discharge:            0.100543E+09 kg (0.495662E+02 kg/s)
 Total water input:                0.000000E+00 kg (0.000000E+00 kg/s)

 Enthalpy discharge this time step:  0.743135E+09 MJ (0.219807E+04 MJ/s)
 Enthalpy input this time step:      0.724376E+09 MJ (0.214259E+04 MJ/s)
 Total enthalpy discharge:           0.452046E+10 MJ (0.222851E+04 MJ/s)
 Total enthalpy input:               0.443813E+10 MJ (0.218792E+04 MJ/s)

 Enthalpy discharge this time step:  0.884858E+09 MJ (0.218105E+04 MJ/s)
 Enthalpy input this time step:      0.860689E+09 MJ (0.212148E+04 MJ/s)
 Total enthalpy discharge:           0.540532E+10 MJ (0.222060E+04 MJ/s)
 Total enthalpy input:               0.529882E+10 MJ (0.217685E+04 MJ/s)

 Water discharge this time step:   0.115119E+08 kg (0.283753E+02 kg/s)
 Water input this time step:       0.000000E+00 kg (0.000000E+00 kg/s)
 Total water discharge:            0.112055E+09 kg (0.460343E+02 kg/s)
 Total water input:                0.000000E+00 kg (0.000000E+00 kg/s)

 Enthalpy discharge this time step:  0.884858E+09 MJ (0.218105E+04 MJ/s)
 Enthalpy input this time step:      0.860689E+09 MJ (0.212148E+04 MJ/s)
 Total enthalpy discharge:           0.540532E+10 MJ (0.222060E+04 MJ/s)
 Total enthalpy input:               0.529882E+10 MJ (0.217685E+04 MJ/s)
*********************************************************************
 Time Step        61

                    Timing Information
           Years              Days         Step Size (Days)
     0.925612830E-01      33.8080086         5.63475144    
 Cpu Sec for Time Step =   1.941     Current Total =     111.6    

                    Equation Performance
 Number of N-R Iterations:          2
 Avg # of Linear Equation Solver Iterations:   2.5
 Number of Active Nodes:    543747.
 Total Number of Iterations, N-R:        122 , Solver:        150
 Phase Changes This Time Step:        0 Total           0
 Nodes Liq Phase:   543747 change        0
 Nodes Two Phase:        0 change        0
 Nodes Gas Phase:         0 change        0
 Nodes SC Phase:        0 change        0
 Number of restarted time steps            0
                    Largest Residuals
 EQ1 R=  0.5509E-05 node= 268717 zone=     1 x=-500.0     y= 500.0     z=0.2450E+05
 EQ2 R=  0.5048E-07 node= 268717 zone=     1 x=-500.0     y= 500.0     z=0.2450E+05
   Node   Equation 1 Residual   Equation 2 Residual
 271231      0.203678E-05           0.619978E-11
 271225      0.147396E-09           0.134988E-11
 271222      0.389234E-10           0.289977E-12
 271221      0.390879E-10           0.289560E-12
 271220      0.394805E-10           0.290101E-12
 271219      0.387642E-10           0.287689E-12
 271211      0.390808E-10           0.288245E-12
 271202      0.388630E-10           0.289750E-12
 271201      0.388862E-10           0.289009E-12
 271200      0.397579E-10           0.290574E-12
 271198      0.559150E-10           0.334526E-12
 271121      0.560132E-10           0.315809E-12
 271113     -0.186868E-05          -0.274637E-09
 271899      0.321416E-11           0.329478E-13
 271893      0.442784E-08           0.408558E-10
 271890      0.426677E-10           0.327593E-12
 271889      0.395821E-10           0.293213E-12
 271889      0.395821E-10           0.293213E-12
 271887      0.392458E-10           0.287556E-12
 271879      0.393033E-10           0.288223E-12
 271870      0.388099E-10           0.287756E-12
 271869      0.390545E-10           0.289644E-12
 271868      0.391645E-10           0.289189E-12
 271865      0.335112E-10           0.201637E-12
 271857      0.560132E-10           0.315809E-12
 271849     -0.186868E-05          -0.274637E-09
 272551      0.203678E-05           0.619978E-11
 272545      0.146995E-09           0.134911E-11
 272542      0.398355E-10           0.292484E-12
 272541      0.393849E-10           0.289537E-12
 272540      0.383737E-10           0.287765E-12
 272539      0.397984E-10           0.289125E-12
 272531      0.396505E-10           0.288661E-12
 272522      0.391082E-10           0.289678E-12
 272521      0.396465E-10           0.291835E-12
 272520      0.387977E-10           0.289158E-12
 272518      0.559181E-10           0.334531E-12
 272593      0.560132E-10           0.315809E-12
 272585     -0.186868E-05          -0.274637E-09
 271545      0.185131E-05           0.236630E-09
 271544      0.742113E-07           0.543736E-09
 271540      0.431720E-10           0.324558E-12
 271535      0.642330E-10           0.360686E-12
 271530      0.388959E-10           0.289720E-12
 271518      0.560132E-10           0.315809E-12
 271510     -0.186869E-05          -0.274637E-09
 272238      0.185131E-05           0.236630E-09
 272237      0.742115E-07           0.543738E-09
 272233      0.429260E-10           0.323386E-12
 272228      0.642214E-10           0.360668E-12
 272223      0.388929E-10           0.289715E-12
 272211      0.560132E-10           0.315809E-12
 272203     -0.186868E-05          -0.274637E-09
 273161      0.185111E-05           0.236605E-09
 273160      0.742054E-07           0.543685E-09
 273156      0.426546E-10           0.322165E-12
 273151      0.635569E-10           0.359628E-12
 273146      0.386191E-10           0.289104E-12
 273134      0.560132E-10           0.315809E-12
 273126     -0.186868E-05          -0.274638E-09

                    Nodal Information (Water)
                                                  source/sink  E source/sink
   Node   P (MPa)    E (MJ)    L sat     Temp (C)    (kg/s)       (MJ/s)
 271231    168.6     0.196      1.00        2.000   0.000     -0.285E-01
 271225    169.0     0.192      1.00        2.000   0.000       0.00    
 271222    169.0     0.190      1.00        2.000   0.000       0.00    
 271221    169.0     0.190      1.00        2.000   0.000       0.00    
 271220    169.0     0.189      1.00        2.000   0.000       0.00    
 271219    169.0     0.188      1.00        2.000   0.000       0.00    
 271211    169.0     0.183      1.00        2.000   0.000       0.00    
 271202    169.0     0.177      1.00        2.000   0.000       0.00    
 271201    169.0     0.177      1.00        2.000   0.000       0.00    
 271200    169.0     0.176      1.00        2.000   0.000       0.00    
 271198    169.0     0.174      1.00        2.000   0.000       0.00    
 271121    169.0     0.152      1.00        2.000   0.000       0.00    
 271113    169.2     0.131      1.00        2.000   0.000      0.862    
 271899    135.2     0.167      1.00        2.000   27.91       5.32    
 271893    169.0     0.192      1.00        2.000   0.000       0.00    
 271890    169.0     0.190      1.00        2.000   0.000       0.00    
 271889    169.0     0.190      1.00        2.000   0.000       0.00    
 271889    169.0     0.190      1.00        2.000   0.000       0.00    
 271887    169.0     0.188      1.00        2.000   0.000       0.00    
 271879    169.0     0.183      1.00        2.000   0.000       0.00    
 271870    169.0     0.177      1.00        2.000   0.000       0.00    
 271869    169.0     0.177      1.00        2.000   0.000       0.00    
 271868    169.0     0.176      1.00        2.000   0.000       0.00    
 271865    169.0     0.173      1.00        2.000   0.000       0.00    
 271857    169.0     0.152      1.00        2.000   0.000       0.00    
 271849    169.2     0.131      1.00        2.000   0.000      0.862    
 272551    168.6     0.196      1.00        2.000   0.000     -0.285E-01
 272545    169.0     0.192      1.00        2.000   0.000       0.00    
 272542    169.0     0.190      1.00        2.000   0.000       0.00    
 272541    169.0     0.190      1.00        2.000   0.000       0.00    
 272540    169.0     0.189      1.00        2.000   0.000       0.00    
 272539    169.0     0.188      1.00        2.000   0.000       0.00    
 272531    169.0     0.183      1.00        2.000   0.000       0.00    
 272522    169.0     0.177      1.00        2.000   0.000       0.00    
 272521    169.0     0.177      1.00        2.000   0.000       0.00    
 272520    169.0     0.176      1.00        2.000   0.000       0.00    
 272518    169.0     0.174      1.00        2.000   0.000       0.00    
 272593    169.0     0.152      1.00        2.000   0.000       0.00    
 272585    169.2     0.131      1.00        2.000   0.000      0.862    
 271545    168.8     0.196      1.00        2.000   0.000     -0.848    
 271544    169.0     0.193      1.00        2.000   0.000       0.00    
 271540    169.0     0.190      1.00        2.000   0.000       0.00    
 271535    169.0     0.183      1.00        2.000   0.000       0.00    
 271530    169.0     0.177      1.00        2.000   0.000       0.00    
 271518    169.0     0.152      1.00        2.000   0.000       0.00    
 271510    169.2     0.131      1.00        2.000   0.000      0.862    
 272238    168.8     0.196      1.00        2.000   0.000     -0.848    
 272237    169.0     0.193      1.00        2.000   0.000       0.00    
 272233    169.0     0.190      1.00        2.000   0.000       0.00    
 272228    169.0     0.183      1.00        2.000   0.000       0.00    
 272223    169.0     0.177      1.00        2.000   0.000       0.00    
 272211    169.0     0.152      1.00        2.000   0.000       0.00    
 272203    169.2     0.131      1.00        2.000   0.000      0.862    
 273161    168.8     0.196      1.00        2.000   0.000     -0.848    
 273160    169.0     0.193      1.00        2.000   0.000       0.00    
 273156    169.0     0.190      1.00        2.000   0.000       0.00    
 273151    169.0     0.183      1.00        2.000   0.000       0.00    
 273146    169.0     0.177      1.00        2.000   0.000       0.00    
 273134    169.0     0.152      1.00        2.000   0.000       0.00    
 273126    169.2     0.131      1.00        2.000   0.000      0.862    

                    Global Mass & Energy Balances
 Total mass in system at this time:            0.267662E+17 kg
 Total mass of steam in system at this time:   0.000000E+00 kg
 Total enthalpy in system at this time:        0.273783E+16 MJ

 Water discharge this time step:   0.135898E+08 kg (0.279141E+02 kg/s)
 Water input this time step:       0.000000E+00 kg (0.000000E+00 kg/s)
 Total water discharge:            0.125645E+09 kg (0.430142E+02 kg/s)
 Total water input:                0.000000E+00 kg (0.000000E+00 kg/s)

 Enthalpy discharge this time step:  0.105204E+10 MJ (0.216094E+04 MJ/s)
 Enthalpy input this time step:      0.102089E+10 MJ (0.209697E+04 MJ/s)
 Total enthalpy discharge:           0.645735E+10 MJ (0.221066E+04 MJ/s)
 Total enthalpy input:               0.631971E+10 MJ (0.216353E+04 MJ/s)

 Net kg water discharge (total out-total in):   0.125645E+09
 Net MJ energy discharge (total out-total in):   0.137641E+09
 Conservation Errors:  -0.108249E-02 (mass),  -0.773945E-06 (energy)

 Enthalpy discharge this time step:  0.124859E+10 MJ (0.213722E+04 MJ/s)
 Enthalpy input this time step:      0.120848E+10 MJ (0.206857E+04 MJ/s)
 Total enthalpy discharge:           0.770594E+10 MJ (0.219842E+04 MJ/s)
 Total enthalpy input:               0.752819E+10 MJ (0.214771E+04 MJ/s)

 Water discharge this time step:   0.160466E+08 kg (0.274671E+02 kg/s)
 Water input this time step:       0.000000E+00 kg (0.000000E+00 kg/s)
 Total water discharge:            0.141692E+09 kg (0.404230E+02 kg/s)
 Total water input:                0.000000E+00 kg (0.000000E+00 kg/s)

 Enthalpy discharge this time step:  0.124859E+10 MJ (0.213722E+04 MJ/s)
 Enthalpy input this time step:      0.120848E+10 MJ (0.206857E+04 MJ/s)
 Total enthalpy discharge:           0.770594E+10 MJ (0.219842E+04 MJ/s)
 Total enthalpy input:               0.752819E+10 MJ (0.214771E+04 MJ/s)

 Enthalpy discharge this time step:  0.147877E+10 MJ (0.210935E+04 MJ/s)
 Enthalpy input this time step:      0.142720E+10 MJ (0.203579E+04 MJ/s)
 Total enthalpy discharge:           0.918471E+10 MJ (0.218357E+04 MJ/s)
 Total enthalpy input:               0.895539E+10 MJ (0.212906E+04 MJ/s)

 Water discharge this time step:   0.189549E+08 kg (0.270378E+02 kg/s)
 Water input this time step:       0.000000E+00 kg (0.000000E+00 kg/s)
 Total water discharge:            0.160647E+09 kg (0.381921E+02 kg/s)
 Total water input:                0.000000E+00 kg (0.000000E+00 kg/s)

 Enthalpy discharge this time step:  0.147877E+10 MJ (0.210935E+04 MJ/s)
 Enthalpy input this time step:      0.142720E+10 MJ (0.203579E+04 MJ/s)
 Total enthalpy discharge:           0.918471E+10 MJ (0.218357E+04 MJ/s)
 Total enthalpy input:               0.895539E+10 MJ (0.212906E+04 MJ/s)

 Enthalpy discharge this time step:  0.174708E+10 MJ (0.207673E+04 MJ/s)
 Enthalpy input this time step:      0.168091E+10 MJ (0.199808E+04 MJ/s)
 Total enthalpy discharge:           0.109318E+11 MJ (0.216576E+04 MJ/s)
 Total enthalpy input:               0.106363E+11 MJ (0.210723E+04 MJ/s)

 Water discharge this time step:   0.224014E+08 kg (0.266282E+02 kg/s)
 Water input this time step:       0.000000E+00 kg (0.000000E+00 kg/s)
 Total water discharge:            0.183048E+09 kg (0.362648E+02 kg/s)
 Total water input:                0.000000E+00 kg (0.000000E+00 kg/s)

 Enthalpy discharge this time step:  0.174708E+10 MJ (0.207673E+04 MJ/s)
 Enthalpy input this time step:      0.168091E+10 MJ (0.199808E+04 MJ/s)
 Total enthalpy discharge:           0.109318E+11 MJ (0.216576E+04 MJ/s)
 Total enthalpy input:               0.106363E+11 MJ (0.210723E+04 MJ/s)

 Enthalpy discharge this time step:  0.205810E+10 MJ (0.203870E+04 MJ/s)
 Enthalpy input this time step:      0.197346E+10 MJ (0.195486E+04 MJ/s)
 Total enthalpy discharge:           0.129899E+11 MJ (0.214459E+04 MJ/s)
 Total enthalpy input:               0.126098E+11 MJ (0.208183E+04 MJ/s)

 Water discharge this time step:   0.264887E+08 kg (0.262390E+02 kg/s)
 Water input this time step:       0.000000E+00 kg (0.000000E+00 kg/s)
 Total water discharge:            0.209537E+09 kg (0.345938E+02 kg/s)
 Total water input:                0.000000E+00 kg (0.000000E+00 kg/s)

 Enthalpy discharge this time step:  0.205810E+10 MJ (0.203870E+04 MJ/s)
 Enthalpy input this time step:      0.197346E+10 MJ (0.195486E+04 MJ/s)
 Total enthalpy discharge:           0.129899E+11 MJ (0.214459E+04 MJ/s)
 Total enthalpy input:               0.126098E+11 MJ (0.208183E+04 MJ/s)

 Enthalpy discharge this time step:  0.241632E+10 MJ (0.199462E+04 MJ/s)
 Enthalpy input this time step:      0.230844E+10 MJ (0.190556E+04 MJ/s)
 Total enthalpy discharge:           0.154062E+11 MJ (0.211959E+04 MJ/s)
 Total enthalpy input:               0.149182E+11 MJ (0.205245E+04 MJ/s)

 Water discharge this time step:   0.313393E+08 kg (0.258699E+02 kg/s)
 Water input this time step:       0.000000E+00 kg (0.000000E+00 kg/s)
 Total water discharge:            0.240876E+09 kg (0.331398E+02 kg/s)
 Total water input:                0.000000E+00 kg (0.000000E+00 kg/s)

 Enthalpy discharge this time step:  0.241632E+10 MJ (0.199462E+04 MJ/s)
 Enthalpy input this time step:      0.230844E+10 MJ (0.190556E+04 MJ/s)
 Total enthalpy discharge:           0.154062E+11 MJ (0.211959E+04 MJ/s)
 Total enthalpy input:               0.149182E+11 MJ (0.205245E+04 MJ/s)

 Enthalpy discharge this time step:  0.282578E+10 MJ (0.194385E+04 MJ/s)
 Enthalpy input this time step:      0.268887E+10 MJ (0.184967E+04 MJ/s)
 Total enthalpy discharge:           0.182320E+11 MJ (0.209030E+04 MJ/s)
 Total enthalpy input:               0.176071E+11 MJ (0.201866E+04 MJ/s)

 Water discharge this time step:   0.370983E+08 kg (0.255198E+02 kg/s)
 Water input this time step:       0.000000E+00 kg (0.000000E+00 kg/s)
 Total water discharge:            0.277974E+09 kg (0.318698E+02 kg/s)
 Total water input:                0.000000E+00 kg (0.000000E+00 kg/s)

 Enthalpy discharge this time step:  0.282578E+10 MJ (0.194385E+04 MJ/s)
 Enthalpy input this time step:      0.268887E+10 MJ (0.184967E+04 MJ/s)
 Total enthalpy discharge:           0.182320E+11 MJ (0.209030E+04 MJ/s)
 Total enthalpy input:               0.176071E+11 MJ (0.201866E+04 MJ/s)

 Enthalpy discharge this time step:  0.328970E+10 MJ (0.188582E+04 MJ/s)
 Enthalpy input this time step:      0.311683E+10 MJ (0.178672E+04 MJ/s)
 Total enthalpy discharge:           0.215217E+11 MJ (0.205622E+04 MJ/s)
 Total enthalpy input:               0.207239E+11 MJ (0.198000E+04 MJ/s)

 Water discharge this time step:   0.439380E+08 kg (0.251874E+02 kg/s)
 Water input this time step:       0.000000E+00 kg (0.000000E+00 kg/s)
 Total water discharge:            0.321912E+09 kg (0.307561E+02 kg/s)
 Total water input:                0.000000E+00 kg (0.000000E+00 kg/s)

 Enthalpy discharge this time step:  0.328970E+10 MJ (0.188582E+04 MJ/s)
 Enthalpy input this time step:      0.311683E+10 MJ (0.178672E+04 MJ/s)
 Total enthalpy discharge:           0.215217E+11 MJ (0.205622E+04 MJ/s)
 Total enthalpy input:               0.207239E+11 MJ (0.198000E+04 MJ/s)

 Enthalpy discharge this time step:  0.380999E+10 MJ (0.182006E+04 MJ/s)
 Enthalpy input this time step:      0.359301E+10 MJ (0.171641E+04 MJ/s)
 Total enthalpy discharge:           0.253317E+11 MJ (0.201686E+04 MJ/s)
 Total enthalpy input:               0.243169E+11 MJ (0.193607E+04 MJ/s)

 Water discharge this time step:   0.520644E+08 kg (0.248715E+02 kg/s)
 Water input this time step:       0.000000E+00 kg (0.000000E+00 kg/s)
 Total water discharge:            0.373977E+09 kg (0.297753E+02 kg/s)
 Total water input:                0.000000E+00 kg (0.000000E+00 kg/s)

 Enthalpy discharge this time step:  0.380999E+10 MJ (0.182006E+04 MJ/s)
 Enthalpy input this time step:      0.359301E+10 MJ (0.171641E+04 MJ/s)
 Total enthalpy discharge:           0.253317E+11 MJ (0.201686E+04 MJ/s)
 Total enthalpy input:               0.243169E+11 MJ (0.193607E+04 MJ/s)

 Enthalpy discharge this time step:  0.438679E+10 MJ (0.174633E+04 MJ/s)
 Enthalpy input this time step:      0.411634E+10 MJ (0.163867E+04 MJ/s)
 Total enthalpy discharge:           0.297185E+11 MJ (0.197177E+04 MJ/s)
 Total enthalpy input:               0.284333E+11 MJ (0.188650E+04 MJ/s)

 Water discharge this time step:   0.617158E+08 kg (0.245684E+02 kg/s)
 Water input this time step:       0.000000E+00 kg (0.000000E+00 kg/s)
 Total water discharge:            0.435692E+09 kg (0.289075E+02 kg/s)
 Total water input:                0.000000E+00 kg (0.000000E+00 kg/s)

 Enthalpy discharge this time step:  0.438679E+10 MJ (0.174633E+04 MJ/s)
 Enthalpy input this time step:      0.411634E+10 MJ (0.163867E+04 MJ/s)
 Total enthalpy discharge:           0.297185E+11 MJ (0.197177E+04 MJ/s)
 Total enthalpy input:               0.284333E+11 MJ (0.188650E+04 MJ/s)
*********************************************************************
 Time Step        71

                    Timing Information
           Years              Days         Step Size (Days)
     0.573122174          209.332874         34.8888957    
 Cpu Sec for Time Step =   2.167     Current Total =     132.5    

                    Equation Performance
 Number of N-R Iterations:          2
 Avg # of Linear Equation Solver Iterations:   4.0
 Number of Active Nodes:    543747.
 Total Number of Iterations, N-R:        142 , Solver:        211
 Phase Changes This Time Step:        0 Total           0
 Nodes Liq Phase:   543747 change        0
 Nodes Two Phase:        0 change        0
 Nodes Gas Phase:         0 change        0
 Nodes SC Phase:        0 change        0
 Number of restarted time steps            0
                    Largest Residuals
 EQ1 R=  0.9759E-05 node=      1 zone=     6 x=-.5000E+05 y=-.5000E+05 z=-.2500E+05
 EQ2 R=  0.7180E-07 node= 271898 zone=     4 x= 0.000     y= 0.000     z=0.2450E+05
   Node   Equation 1 Residual   Equation 2 Residual
 271231      0.116105E-05           0.128328E-11
 271225      0.120464E-06           0.261370E-08
 271222      0.754966E-08           0.194032E-09
 271221      0.245132E-08           0.743301E-10
 271220      0.700938E-09           0.279232E-10
 271219      0.187699E-09           0.107401E-10
 271211      0.924065E-10           0.155777E-11
 271202      0.922235E-10           0.156334E-11
 271201      0.912715E-10           0.154690E-11
 271200      0.860459E-10           0.144444E-11
 271198      0.219627E-09           0.180968E-11
 271121      0.299581E-09           0.187781E-11
 271113     -0.975869E-05          -0.264429E-09
 271899     -0.817906E-11          -0.177158E-12
 271893      0.423243E-06           0.913809E-08
 271890      0.278211E-07           0.661684E-09
 271889      0.916529E-08           0.245136E-09
 271889      0.916529E-08           0.245136E-09
 271887      0.657830E-09           0.306180E-10
 271879      0.918656E-10           0.155584E-11
 271870      0.924480E-10           0.156334E-11
 271869      0.912112E-10           0.154679E-11
 271868      0.859392E-10           0.144378E-11
 271865      0.145296E-09           0.114895E-11
 271857      0.299581E-09           0.187781E-11
 271849     -0.975869E-05          -0.264429E-09
 272551      0.116105E-05           0.128328E-11
 272545      0.120464E-06           0.261370E-08
 272542      0.754955E-08           0.194031E-09
 272541      0.245141E-08           0.743310E-10
 272540      0.700949E-09           0.279226E-10
 272539      0.187718E-09           0.107403E-10
 272531      0.922948E-10           0.155823E-11
 272522      0.924332E-10           0.156404E-11
 272521      0.912049E-10           0.154579E-11
 272520      0.860138E-10           0.144147E-11
 272518      0.219952E-09           0.181012E-11
 272593      0.299581E-09           0.187781E-11
 272585     -0.975869E-05          -0.264429E-09
 271545      0.514071E-05           0.115854E-09
 271544      0.113242E-05           0.112338E-07
 271540      0.766036E-08           0.161190E-09
 271535      0.352238E-09           0.219122E-11
 271530      0.918265E-10           0.154836E-11
 271518      0.299581E-09           0.187781E-11
 271510     -0.975869E-05          -0.264429E-09
 272238      0.514070E-05           0.115854E-09
 272237      0.113242E-05           0.112338E-07
 272233      0.765972E-08           0.161190E-09
 272228      0.353221E-09           0.219326E-11
 272223      0.918407E-10           0.154902E-11
 272211      0.299581E-09           0.187781E-11
 272203     -0.975869E-05          -0.264429E-09
 273161      0.513567E-05           0.115743E-09
 273160      0.113289E-05           0.112383E-07
 273156      0.770806E-08           0.162246E-09
 273151      0.352451E-09           0.219185E-11
 273146      0.921203E-10           0.154845E-11
 273134      0.299581E-09           0.187781E-11
 273126     -0.975869E-05          -0.264429E-09

                    Nodal Information (Water)
                                                  source/sink  E source/sink
   Node   P (MPa)    E (MJ)    L sat     Temp (C)    (kg/s)       (MJ/s)
 271231    167.7     0.195      1.00        2.000   0.000     -0.101E-01
 271225    169.0     0.192      1.00        2.000   0.000       0.00    
 271222    169.0     0.190      1.00        2.000   0.000       0.00    
 271221    169.0     0.190      1.00        2.000   0.000       0.00    
 271220    169.0     0.189      1.00        2.000   0.000       0.00    
 271219    169.0     0.188      1.00        2.000   0.000       0.00    
 271211    169.0     0.183      1.00        2.000   0.000       0.00    
 271202    169.0     0.177      1.00        2.000   0.000       0.00    
 271201    169.0     0.177      1.00        2.000   0.000       0.00    
 271200    169.0     0.176      1.00        2.000   0.000       0.00    
 271198    169.0     0.174      1.00        2.000   0.000       0.00    
 271121    169.0     0.152      1.00        2.000   0.000       0.00    
 271113    169.8     0.132      1.00        2.000   0.000      0.664    
 271899    135.2     0.167      1.00        2.000   24.28       4.55    
 271893    168.9     0.192      1.00        2.000   0.000       0.00    
 271890    169.0     0.190      1.00        2.000   0.000       0.00    
 271889    169.0     0.190      1.00        2.000   0.000       0.00    
 271889    169.0     0.190      1.00        2.000   0.000       0.00    
 271887    169.0     0.188      1.00        2.000   0.000       0.00    
 271879    169.0     0.183      1.00        2.000   0.000       0.00    
 271870    169.0     0.177      1.00        2.000   0.000       0.00    
 271869    169.0     0.177      1.00        2.000   0.000       0.00    
 271868    169.0     0.176      1.00        2.000   0.000       0.00    
 271865    169.0     0.173      1.00        2.000   0.000       0.00    
 271857    169.0     0.152      1.00        2.000   0.000       0.00    
 271849    169.8     0.132      1.00        2.000   0.000      0.664    
 272551    167.7     0.195      1.00        2.000   0.000     -0.101E-01
 272545    169.0     0.192      1.00        2.000   0.000       0.00    
 272542    169.0     0.190      1.00        2.000   0.000       0.00    
 272541    169.0     0.190      1.00        2.000   0.000       0.00    
 272540    169.0     0.189      1.00        2.000   0.000       0.00    
 272539    169.0     0.188      1.00        2.000   0.000       0.00    
 272531    169.0     0.183      1.00        2.000   0.000       0.00    
 272522    169.0     0.177      1.00        2.000   0.000       0.00    
 272521    169.0     0.177      1.00        2.000   0.000       0.00    
 272520    169.0     0.176      1.00        2.000   0.000       0.00    
 272518    169.0     0.174      1.00        2.000   0.000       0.00    
 272593    169.0     0.152      1.00        2.000   0.000       0.00    
 272585    169.8     0.132      1.00        2.000   0.000      0.664    
 271545    168.1     0.195      1.00        2.000   0.000     -0.638    
 271544    168.9     0.193      1.00        2.000   0.000       0.00    
 271540    169.0     0.190      1.00        2.000   0.000       0.00    
 271535    169.0     0.183      1.00        2.000   0.000       0.00    
 271530    169.0     0.177      1.00        2.000   0.000       0.00    
 271518    169.0     0.152      1.00        2.000   0.000       0.00    
 271510    169.8     0.132      1.00        2.000   0.000      0.664    
 272238    168.1     0.195      1.00        2.000   0.000     -0.638    
 272237    168.9     0.193      1.00        2.000   0.000       0.00    
 272233    169.0     0.190      1.00        2.000   0.000       0.00    
 272228    169.0     0.183      1.00        2.000   0.000       0.00    
 272223    169.0     0.177      1.00        2.000   0.000       0.00    
 272211    169.0     0.152      1.00        2.000   0.000       0.00    
 272203    169.8     0.132      1.00        2.000   0.000      0.664    
 273161    168.1     0.195      1.00        2.000   0.000     -0.637    
 273160    168.9     0.193      1.00        2.000   0.000       0.00    
 273156    169.0     0.190      1.00        2.000   0.000       0.00    
 273151    169.0     0.183      1.00        2.000   0.000       0.00    
 273146    169.0     0.177      1.00        2.000   0.000       0.00    
 273134    169.0     0.152      1.00        2.000   0.000       0.00    
 273126    169.8     0.132      1.00        2.000   0.000      0.664    

                    Global Mass & Energy Balances
 Total mass in system at this time:            0.267662E+17 kg
 Total mass of steam in system at this time:   0.000000E+00 kg
 Total enthalpy in system at this time:        0.273783E+16 MJ

 Water discharge this time step:   0.731779E+08 kg (0.242761E+02 kg/s)
 Water input this time step:       0.000000E+00 kg (0.000000E+00 kg/s)
 Total water discharge:            0.508870E+09 kg (0.281356E+02 kg/s)
 Total water input:                0.000000E+00 kg (0.000000E+00 kg/s)

 Enthalpy discharge this time step:  0.501793E+10 MJ (0.166465E+04 MJ/s)
 Enthalpy input this time step:      0.468345E+10 MJ (0.155369E+04 MJ/s)
 Total enthalpy discharge:           0.347364E+11 MJ (0.192059E+04 MJ/s)
 Total enthalpy input:               0.331167E+11 MJ (0.183103E+04 MJ/s)

 Net kg water discharge (total out-total in):   0.508870E+09
 Net MJ energy discharge (total out-total in):   0.161969E+10
 Conservation Errors:  -0.800977E-02 (mass),  -0.926374E-04 (energy)

 Enthalpy discharge this time step:  0.569873E+10 MJ (0.157542E+04 MJ/s)
 Enthalpy input this time step:      0.528859E+10 MJ (0.146203E+04 MJ/s)
 Total enthalpy discharge:           0.404351E+11 MJ (0.186306E+04 MJ/s)
 Total enthalpy input:               0.384053E+11 MJ (0.176953E+04 MJ/s)

 Water discharge this time step:   0.867878E+08 kg (0.239926E+02 kg/s)
 Water input this time step:       0.000000E+00 kg (0.000000E+00 kg/s)
 Total water discharge:            0.595658E+09 kg (0.274451E+02 kg/s)
 Total water input:                0.000000E+00 kg (0.000000E+00 kg/s)

 Enthalpy discharge this time step:  0.569873E+10 MJ (0.157542E+04 MJ/s)
 Enthalpy input this time step:      0.528859E+10 MJ (0.146203E+04 MJ/s)
 Total enthalpy discharge:           0.404351E+11 MJ (0.186306E+04 MJ/s)
 Total enthalpy input:               0.384053E+11 MJ (0.176953E+04 MJ/s)

 Enthalpy discharge this time step:  0.680700E+10 MJ (0.156817E+04 MJ/s)
 Enthalpy input this time step:      0.592369E+10 MJ (0.136467E+04 MJ/s)
 Total enthalpy discharge:           0.472421E+11 MJ (0.181391E+04 MJ/s)
 Total enthalpy input:               0.443290E+11 MJ (0.170206E+04 MJ/s)

 Water discharge this time step:   0.102945E+09 kg (0.237160E+02 kg/s)
 Water input this time step:       0.000000E+00 kg (0.000000E+00 kg/s)
 Total water discharge:            0.698603E+09 kg (0.268236E+02 kg/s)
 Total water input:                0.000000E+00 kg (0.000000E+00 kg/s)

 Enthalpy discharge this time step:  0.680700E+10 MJ (0.156817E+04 MJ/s)
 Enthalpy input this time step:      0.592369E+10 MJ (0.136467E+04 MJ/s)
 Total enthalpy discharge:           0.472421E+11 MJ (0.181391E+04 MJ/s)
 Total enthalpy input:               0.443290E+11 MJ (0.170206E+04 MJ/s)

 Enthalpy discharge this time step:  0.779142E+10 MJ (0.149579E+04 MJ/s)
 Enthalpy input this time step:      0.657903E+10 MJ (0.126304E+04 MJ/s)
 Total enthalpy discharge:           0.550335E+11 MJ (0.176089E+04 MJ/s)
 Total enthalpy input:               0.509080E+11 MJ (0.162889E+04 MJ/s)

 Water discharge this time step:   0.122121E+09 kg (0.234447E+02 kg/s)
 Water input this time step:       0.000000E+00 kg (0.000000E+00 kg/s)
 Total water discharge:            0.820724E+09 kg (0.262604E+02 kg/s)
 Total water input:                0.000000E+00 kg (0.000000E+00 kg/s)

 Enthalpy discharge this time step:  0.779142E+10 MJ (0.149579E+04 MJ/s)
 Enthalpy input this time step:      0.657903E+10 MJ (0.126304E+04 MJ/s)
 Total enthalpy discharge:           0.550335E+11 MJ (0.176089E+04 MJ/s)
 Total enthalpy input:               0.509080E+11 MJ (0.162889E+04 MJ/s)

 Enthalpy discharge this time step:  0.862331E+10 MJ (0.137958E+04 MJ/s)
 Enthalpy input this time step:      0.724439E+10 MJ (0.115898E+04 MJ/s)
 Total enthalpy discharge:           0.636569E+11 MJ (0.169734E+04 MJ/s)
 Total enthalpy input:               0.581524E+11 MJ (0.155057E+04 MJ/s)

 Water discharge this time step:   0.144870E+09 kg (0.231767E+02 kg/s)
 Water input this time step:       0.000000E+00 kg (0.000000E+00 kg/s)
 Total water discharge:            0.965594E+09 kg (0.257465E+02 kg/s)
 Total water input:                0.000000E+00 kg (0.000000E+00 kg/s)

 Enthalpy discharge this time step:  0.862331E+10 MJ (0.137958E+04 MJ/s)
 Enthalpy input this time step:      0.724439E+10 MJ (0.115898E+04 MJ/s)
 Total enthalpy discharge:           0.636569E+11 MJ (0.169734E+04 MJ/s)
 Total enthalpy input:               0.581524E+11 MJ (0.155057E+04 MJ/s)

 Enthalpy discharge this time step:  0.946649E+10 MJ (0.126206E+04 MJ/s)
 Enthalpy input this time step:      0.791095E+10 MJ (0.105468E+04 MJ/s)
 Total enthalpy discharge:           0.731233E+11 MJ (0.162479E+04 MJ/s)
 Total enthalpy input:               0.660634E+11 MJ (0.146792E+04 MJ/s)

 Water discharge this time step:   0.171844E+09 kg (0.229102E+02 kg/s)
 Water input this time step:       0.000000E+00 kg (0.000000E+00 kg/s)
 Total water discharge:            0.113744E+10 kg (0.252738E+02 kg/s)
 Total water input:                0.000000E+00 kg (0.000000E+00 kg/s)

 Enthalpy discharge this time step:  0.946649E+10 MJ (0.126206E+04 MJ/s)
 Enthalpy input this time step:      0.791095E+10 MJ (0.105468E+04 MJ/s)
 Total enthalpy discharge:           0.731233E+11 MJ (0.162479E+04 MJ/s)
 Total enthalpy input:               0.660634E+11 MJ (0.146792E+04 MJ/s)

 Enthalpy discharge this time step:  0.103158E+11 MJ (0.114608E+04 MJ/s)
 Enthalpy input this time step:      0.857358E+10 MJ (0.952519E+03 MJ/s)
 Total enthalpy discharge:           0.834391E+11 MJ (0.154501E+04 MJ/s)
 Total enthalpy input:               0.746369E+11 MJ (0.138202E+04 MJ/s)

 Water discharge this time step:   0.203809E+09 kg (0.226431E+02 kg/s)
 Water input this time step:       0.000000E+00 kg (0.000000E+00 kg/s)
 Total water discharge:            0.134125E+10 kg (0.248353E+02 kg/s)
 Total water input:                0.000000E+00 kg (0.000000E+00 kg/s)

 Enthalpy discharge this time step:  0.103158E+11 MJ (0.114608E+04 MJ/s)
 Enthalpy input this time step:      0.857358E+10 MJ (0.952519E+03 MJ/s)
 Total enthalpy discharge:           0.834391E+11 MJ (0.154501E+04 MJ/s)
 Total enthalpy input:               0.746369E+11 MJ (0.138202E+04 MJ/s)

 Enthalpy discharge this time step:  0.111723E+11 MJ (0.103437E+04 MJ/s)
 Enthalpy input this time step:      0.923307E+10 MJ (0.854823E+03 MJ/s)
 Total enthalpy discharge:           0.946115E+11 MJ (0.145990E+04 MJ/s)
 Total enthalpy input:               0.838700E+11 MJ (0.129415E+04 MJ/s)

 Water discharge this time step:   0.241658E+09 kg (0.223734E+02 kg/s)
 Water input this time step:       0.000000E+00 kg (0.000000E+00 kg/s)
 Total water discharge:            0.158291E+10 kg (0.244250E+02 kg/s)
 Total water input:                0.000000E+00 kg (0.000000E+00 kg/s)

 Enthalpy discharge this time step:  0.111723E+11 MJ (0.103437E+04 MJ/s)
 Enthalpy input this time step:      0.923307E+10 MJ (0.854823E+03 MJ/s)
 Total enthalpy discharge:           0.946115E+11 MJ (0.145990E+04 MJ/s)
 Total enthalpy input:               0.838700E+11 MJ (0.129415E+04 MJ/s)

 Enthalpy discharge this time step:  0.120455E+11 MJ (0.929342E+03 MJ/s)
 Enthalpy input this time step:      0.989766E+10 MJ (0.763627E+03 MJ/s)
 Total enthalpy discharge:           0.106657E+12 MJ (0.137147E+04 MJ/s)
 Total enthalpy input:               0.937677E+11 MJ (0.120573E+04 MJ/s)

 Water discharge this time step:   0.286434E+09 kg (0.220990E+02 kg/s)
 Water input this time step:       0.000000E+00 kg (0.000000E+00 kg/s)
 Total water discharge:            0.186934E+10 kg (0.240373E+02 kg/s)
 Total water input:                0.000000E+00 kg (0.000000E+00 kg/s)

 Enthalpy discharge this time step:  0.120455E+11 MJ (0.929342E+03 MJ/s)
 Enthalpy input this time step:      0.989766E+10 MJ (0.763627E+03 MJ/s)
 Total enthalpy discharge:           0.106657E+12 MJ (0.137147E+04 MJ/s)
 Total enthalpy input:               0.937677E+11 MJ (0.120573E+04 MJ/s)

 Enthalpy discharge this time step:  0.129533E+11 MJ (0.832813E+03 MJ/s)
 Enthalpy input this time step:      0.105833E+11 MJ (0.680436E+03 MJ/s)
 Total enthalpy discharge:           0.119610E+12 MJ (0.128170E+04 MJ/s)
 Total enthalpy input:               0.104351E+12 MJ (0.111818E+04 MJ/s)

 Water discharge this time step:   0.339349E+09 kg (0.218180E+02 kg/s)
 Water input this time step:       0.000000E+00 kg (0.000000E+00 kg/s)
 Total water discharge:            0.220869E+10 kg (0.236674E+02 kg/s)
 Total water input:                0.000000E+00 kg (0.000000E+00 kg/s)

 Enthalpy discharge this time step:  0.129533E+11 MJ (0.832813E+03 MJ/s)
 Enthalpy input this time step:      0.105833E+11 MJ (0.680436E+03 MJ/s)
 Total enthalpy discharge:           0.119610E+12 MJ (0.128170E+04 MJ/s)
 Total enthalpy input:               0.104351E+12 MJ (0.111818E+04 MJ/s)
*********************************************************************
 Time Step        81

                    Timing Information
           Years              Days         Step Size (Days)
      3.54862855          1296.13658         216.022846    
 Cpu Sec for Time Step =   2.853     Current Total =     158.0    

                    Equation Performance
 Number of N-R Iterations:          2
 Avg # of Linear Equation Solver Iterations:   8.5
 Number of Active Nodes:    543747.
 Total Number of Iterations, N-R:        162 , Solver:        333
 Phase Changes This Time Step:        0 Total           0
 Nodes Liq Phase:   543747 change        0
 Nodes Two Phase:        0 change        0
 Nodes Gas Phase:         0 change        0
 Nodes SC Phase:        0 change        0
 Number of restarted time steps            0
                    Largest Residuals
 EQ1 R=  0.3801E-05 node= 532916 zone=     6 x=0.4800E+05 y=0.4400E+05 z=-.2500E+05
 EQ2 R=  0.4810E-07 node= 254103 zone=     1 x=-3000.     y= 2000.     z=0.2200E+05
   Node   Equation 1 Residual   Equation 2 Residual
 271231      0.145378E-06           0.844436E-13
 271225      0.428836E-06           0.421491E-07
 271222      0.289193E-06           0.285857E-07
 271221      0.234824E-06           0.232628E-07
 271220      0.185237E-06           0.183845E-07
 271219      0.142599E-06           0.141709E-07
 271211      0.968492E-08           0.967506E-09
 271202      0.245022E-09           0.305702E-10
 271201      0.179121E-09           0.221202E-10
 271200      0.137646E-09           0.162889E-10
 271198      0.450301E-09           0.104578E-10
 271121     -0.312866E-09          -0.595200E-11
 271113     -0.380051E-05          -0.279059E-10
 271899     -0.469685E-12          -0.925171E-14
 271893      0.419741E-06           0.410193E-07
 271890      0.361761E-06           0.357156E-07
 271889      0.302506E-06           0.299574E-07
 271889      0.302506E-06           0.299574E-07
 271887      0.188818E-06           0.188022E-07
 271879      0.129508E-07           0.127736E-08
 271870      0.303300E-09           0.372212E-10
 271869      0.213538E-09           0.262699E-10
 271868      0.157510E-09           0.188417E-10
 271865      0.358774E-09           0.760084E-11
 271857     -0.312965E-09          -0.595215E-11
 271849     -0.380051E-05          -0.279059E-10
 272551      0.145378E-06           0.844436E-13
 272545      0.428836E-06           0.421491E-07
 272542      0.289193E-06           0.285857E-07
 272541      0.234824E-06           0.232628E-07
 272540      0.185236E-06           0.183845E-07
 272539      0.142599E-06           0.141709E-07
 272531      0.968482E-08           0.967505E-09
 272522      0.244960E-09           0.305693E-10
 272521      0.179068E-09           0.221185E-10
 272520      0.137669E-09           0.162868E-10
 272518      0.450159E-09           0.104566E-10
 272593     -0.312979E-09          -0.595114E-11
 272585     -0.380051E-05          -0.279059E-10
 271545      0.124424E-05           0.524883E-11
 271544      0.173284E-05           0.443673E-07
 271540      0.233923E-06           0.231679E-07
 271535      0.970161E-07           0.118192E-08
 271530      0.313017E-09           0.281149E-10
 271518     -0.313283E-09          -0.595187E-11
 271510     -0.380051E-05          -0.279059E-10
 272238      0.124423E-05           0.524883E-11
 272237      0.173284E-05           0.443673E-07
 272233      0.233909E-06           0.231679E-07
 272228      0.970158E-07           0.118192E-08
 272223      0.312937E-09           0.281148E-10
 272211     -0.312925E-09          -0.595234E-11
 272203     -0.380051E-05          -0.279059E-10
 273161      0.124118E-05           0.525161E-11
 273160      0.171491E-05           0.439243E-07
 273156      0.230761E-06           0.228234E-07
 273151      0.955376E-07           0.116383E-08
 273146      0.321373E-09           0.284605E-10
 273134     -0.312851E-09          -0.595007E-11
 273126     -0.380051E-05          -0.279059E-10

                    Nodal Information (Water)
                                                  source/sink  E source/sink
   Node   P (MPa)    E (MJ)    L sat     Temp (C)    (kg/s)       (MJ/s)
 271231    165.8     0.193      1.00        2.000   0.000     -0.407E-02
 271225    168.3     0.192      1.00        1.999   0.000       0.00    
 271222    168.8     0.190      1.00        2.000   0.000       0.00    
 271221    168.8     0.189      1.00        2.000   0.000       0.00    
 271220    168.9     0.189      1.00        2.000   0.000       0.00    
 271219    168.9     0.188      1.00        2.000   0.000       0.00    
 271211    169.0     0.183      1.00        2.000   0.000       0.00    
 271202    169.0     0.177      1.00        2.000   0.000       0.00    
 271201    169.0     0.177      1.00        2.000   0.000       0.00    
 271200    169.0     0.176      1.00        2.000   0.000       0.00    
 271198    169.0     0.174      1.00        2.000   0.000       0.00    
 271121    169.0     0.152      1.00        2.000   0.000       0.00    
 271113    172.0     0.134      1.00        2.000   0.000      0.297    
 271899    135.2     0.167      1.00        2.000   21.53       3.99    
 271893    167.8     0.191      1.00        1.998   0.000       0.00    
 271890    168.6     0.190      1.00        1.999   0.000       0.00    
 271889    168.7     0.189      1.00        2.000   0.000       0.00    
 271889    168.7     0.189      1.00        2.000   0.000       0.00    
 271887    168.9     0.188      1.00        2.000   0.000       0.00    
 271879    169.0     0.183      1.00        2.000   0.000       0.00    
 271870    169.0     0.177      1.00        2.000   0.000       0.00    
 271869    169.0     0.177      1.00        2.000   0.000       0.00    
 271868    169.0     0.176      1.00        2.000   0.000       0.00    
 271865    169.0     0.173      1.00        2.000   0.000       0.00    
 271857    169.0     0.152      1.00        2.000   0.000       0.00    
 271849    172.0     0.134      1.00        2.000   0.000      0.297    
 272551    165.8     0.193      1.00        2.000   0.000     -0.407E-02
 272545    168.3     0.192      1.00        1.999   0.000       0.00    
 272542    168.8     0.190      1.00        2.000   0.000       0.00    
 272541    168.8     0.189      1.00        2.000   0.000       0.00    
 272540    168.9     0.189      1.00        2.000   0.000       0.00    
 272539    168.9     0.188      1.00        2.000   0.000       0.00    
 272531    169.0     0.183      1.00        2.000   0.000       0.00    
 272522    169.0     0.177      1.00        2.000   0.000       0.00    
 272521    169.0     0.177      1.00        2.000   0.000       0.00    
 272520    169.0     0.176      1.00        2.000   0.000       0.00    
 272518    169.0     0.174      1.00        2.000   0.000       0.00    
 272593    169.0     0.152      1.00        2.000   0.000       0.00    
 272585    172.0     0.134      1.00        2.000   0.000      0.297    
 271545    165.8     0.193      1.00        2.000   0.000     -0.250    
 271544    167.8     0.192      1.00        1.998   0.000       0.00    
 271540    168.8     0.189      1.00        2.000   0.000       0.00    
 271535    169.0     0.183      1.00        2.000   0.000       0.00    
 271530    169.0     0.177      1.00        2.000   0.000       0.00    
 271518    169.0     0.152      1.00        2.000   0.000       0.00    
 271510    172.0     0.134      1.00        2.000   0.000      0.297    
 272238    165.8     0.193      1.00        2.000   0.000     -0.250    
 272237    167.8     0.192      1.00        1.998   0.000       0.00    
 272233    168.8     0.189      1.00        2.000   0.000       0.00    
 272228    169.0     0.183      1.00        2.000   0.000       0.00    
 272223    169.0     0.177      1.00        2.000   0.000       0.00    
 272211    169.0     0.152      1.00        2.000   0.000       0.00    
 272203    172.0     0.134      1.00        2.000   0.000      0.297    
 273161    165.8     0.193      1.00        2.000   0.000     -0.249    
 273160    167.8     0.192      1.00        1.998   0.000       0.00    
 273156    168.8     0.189      1.00        2.000   0.000       0.00    
 273151    169.0     0.183      1.00        2.000   0.000       0.00    
 273146    169.0     0.177      1.00        2.000   0.000       0.00    
 273134    169.0     0.152      1.00        2.000   0.000       0.00    
 273126    172.0     0.134      1.00        2.000   0.000      0.297    

                    Global Mass & Energy Balances
 Total mass in system at this time:            0.267662E+17 kg
 Total mass of steam in system at this time:   0.000000E+00 kg
 Total enthalpy in system at this time:        0.273781E+16 MJ

 Water discharge this time step:   0.401811E+09 kg (0.215282E+02 kg/s)
 Water input this time step:       0.000000E+00 kg (0.000000E+00 kg/s)
 Total water discharge:            0.261050E+10 kg (0.233109E+02 kg/s)
 Total water input:                0.000000E+00 kg (0.000000E+00 kg/s)

 Enthalpy discharge this time step:  0.139358E+11 MJ (0.746652E+03 MJ/s)
 Enthalpy input this time step:      0.113121E+11 MJ (0.606078E+03 MJ/s)
 Total enthalpy discharge:           0.133546E+12 MJ (0.119252E+04 MJ/s)
 Total enthalpy input:               0.115663E+12 MJ (0.103283E+04 MJ/s)

 Net kg water discharge (total out-total in):   0.261050E+10
 Net MJ energy discharge (total out-total in):   0.178831E+11
 Conservation Errors:  -0.521026E-02 (mass),  -0.857585E-04 (energy)

 Enthalpy discharge this time step:  0.150326E+11 MJ (0.671182E+03 MJ/s)
 Enthalpy input this time step:      0.121096E+11 MJ (0.540674E+03 MJ/s)
 Total enthalpy discharge:           0.148579E+12 MJ (0.110563E+04 MJ/s)
 Total enthalpy input:               0.127773E+12 MJ (0.950806E+03 MJ/s)

 Water discharge this time step:   0.475446E+09 kg (0.212279E+02 kg/s)
 Water input this time step:       0.000000E+00 kg (0.000000E+00 kg/s)
 Total water discharge:            0.308594E+10 kg (0.229637E+02 kg/s)
 Total water input:                0.000000E+00 kg (0.000000E+00 kg/s)

 Enthalpy discharge this time step:  0.150326E+11 MJ (0.671182E+03 MJ/s)
 Enthalpy input this time step:      0.121096E+11 MJ (0.540674E+03 MJ/s)
 Total enthalpy discharge:           0.148579E+12 MJ (0.110563E+04 MJ/s)
 Total enthalpy input:               0.127773E+12 MJ (0.950806E+03 MJ/s)

 Enthalpy discharge this time step:  0.162332E+11 MJ (0.603988E+03 MJ/s)
 Enthalpy input this time step:      0.130014E+11 MJ (0.483741E+03 MJ/s)
 Total enthalpy discharge:           0.164812E+12 MJ (0.102203E+04 MJ/s)
 Total enthalpy input:               0.140774E+12 MJ (0.872962E+03 MJ/s)

 Water discharge this time step:   0.562120E+09 kg (0.209148E+02 kg/s)
 Water input this time step:       0.000000E+00 kg (0.000000E+00 kg/s)
 Total water discharge:            0.364807E+10 kg (0.226222E+02 kg/s)
 Total water input:                0.000000E+00 kg (0.000000E+00 kg/s)

 Enthalpy discharge this time step:  0.162332E+11 MJ (0.603988E+03 MJ/s)
 Enthalpy input this time step:      0.130014E+11 MJ (0.483741E+03 MJ/s)
 Total enthalpy discharge:           0.164812E+12 MJ (0.102203E+04 MJ/s)
 Total enthalpy input:               0.140774E+12 MJ (0.872962E+03 MJ/s)

 Enthalpy discharge this time step:  0.175585E+11 MJ (0.544415E+03 MJ/s)
 Enthalpy input this time step:      0.140098E+11 MJ (0.434385E+03 MJ/s)
 Total enthalpy discharge:           0.182370E+12 MJ (0.942424E+03 MJ/s)
 Total enthalpy input:               0.154784E+12 MJ (0.799866E+03 MJ/s)

 Water discharge this time step:   0.663968E+09 kg (0.205869E+02 kg/s)
 Water input this time step:       0.000000E+00 kg (0.000000E+00 kg/s)
 Total water discharge:            0.431203E+10 kg (0.222830E+02 kg/s)
 Total water input:                0.000000E+00 kg (0.000000E+00 kg/s)

 Enthalpy discharge this time step:  0.175585E+11 MJ (0.544415E+03 MJ/s)
 Enthalpy input this time step:      0.140098E+11 MJ (0.434385E+03 MJ/s)
 Total enthalpy discharge:           0.182370E+12 MJ (0.942424E+03 MJ/s)
 Total enthalpy input:               0.154784E+12 MJ (0.799866E+03 MJ/s)

 Enthalpy discharge this time step:  0.190295E+11 MJ (0.491688E+03 MJ/s)
 Enthalpy input this time step:      0.151530E+11 MJ (0.391526E+03 MJ/s)
 Total enthalpy discharge:           0.201400E+12 MJ (0.867301E+03 MJ/s)
 Total enthalpy input:               0.169937E+12 MJ (0.731809E+03 MJ/s)

 Water discharge this time step:   0.783404E+09 kg (0.202417E+02 kg/s)
 Water input this time step:       0.000000E+00 kg (0.000000E+00 kg/s)
 Total water discharge:            0.509544E+10 kg (0.219428E+02 kg/s)
 Total water input:                0.000000E+00 kg (0.000000E+00 kg/s)

 Enthalpy discharge this time step:  0.190295E+11 MJ (0.491688E+03 MJ/s)
 Enthalpy input this time step:      0.151530E+11 MJ (0.391526E+03 MJ/s)
 Total enthalpy discharge:           0.201400E+12 MJ (0.867301E+03 MJ/s)
 Total enthalpy input:               0.169937E+12 MJ (0.731809E+03 MJ/s)

 Enthalpy discharge this time step:  0.206763E+11 MJ (0.445199E+03 MJ/s)
 Enthalpy input this time step:      0.164452E+11 MJ (0.354094E+03 MJ/s)
 Total enthalpy discharge:           0.222076E+12 MJ (0.796951E+03 MJ/s)
 Total enthalpy input:               0.186382E+12 MJ (0.668857E+03 MJ/s)

 Water discharge this time step:   0.923136E+09 kg (0.198768E+02 kg/s)
 Water input this time step:       0.000000E+00 kg (0.000000E+00 kg/s)
 Total water discharge:            0.601857E+10 kg (0.215985E+02 kg/s)
 Total water input:                0.000000E+00 kg (0.000000E+00 kg/s)

 Enthalpy discharge this time step:  0.206763E+11 MJ (0.445199E+03 MJ/s)
 Enthalpy input this time step:      0.164452E+11 MJ (0.354094E+03 MJ/s)
 Total enthalpy discharge:           0.222076E+12 MJ (0.796951E+03 MJ/s)
 Total enthalpy input:               0.186382E+12 MJ (0.668857E+03 MJ/s)

 Enthalpy discharge this time step:  0.225011E+11 MJ (0.403740E+03 MJ/s)
 Enthalpy input this time step:      0.178982E+11 MJ (0.321151E+03 MJ/s)
 Total enthalpy discharge:           0.244577E+12 MJ (0.731416E+03 MJ/s)
 Total enthalpy input:               0.204280E+12 MJ (0.610906E+03 MJ/s)

 Water discharge this time step:   0.108618E+10 kg (0.194894E+02 kg/s)
 Water input this time step:       0.000000E+00 kg (0.000000E+00 kg/s)
 Total water discharge:            0.710475E+10 kg (0.212470E+02 kg/s)
 Total water input:                0.000000E+00 kg (0.000000E+00 kg/s)

 Enthalpy discharge this time step:  0.225011E+11 MJ (0.403740E+03 MJ/s)
 Enthalpy input this time step:      0.178982E+11 MJ (0.321151E+03 MJ/s)
 Total enthalpy discharge:           0.244577E+12 MJ (0.731416E+03 MJ/s)
 Total enthalpy input:               0.204280E+12 MJ (0.610906E+03 MJ/s)

 Enthalpy discharge this time step:  0.245125E+11 MJ (0.366527E+03 MJ/s)
 Enthalpy input this time step:      0.195247E+11 MJ (0.291945E+03 MJ/s)
 Total enthalpy discharge:           0.269090E+12 MJ (0.670601E+03 MJ/s)
 Total enthalpy input:               0.223805E+12 MJ (0.557746E+03 MJ/s)

 Water discharge this time step:   0.127581E+10 kg (0.190768E+02 kg/s)
 Water input this time step:       0.000000E+00 kg (0.000000E+00 kg/s)
 Total water discharge:            0.838056E+10 kg (0.208853E+02 kg/s)
 Total water input:                0.000000E+00 kg (0.000000E+00 kg/s)

 Enthalpy discharge this time step:  0.245125E+11 MJ (0.366527E+03 MJ/s)
 Enthalpy input this time step:      0.195247E+11 MJ (0.291945E+03 MJ/s)
 Total enthalpy discharge:           0.269090E+12 MJ (0.670601E+03 MJ/s)
 Total enthalpy input:               0.223805E+12 MJ (0.557746E+03 MJ/s)

 Enthalpy discharge this time step:  0.267289E+11 MJ (0.333057E+03 MJ/s)
 Enthalpy input this time step:      0.213393E+11 MJ (0.265898E+03 MJ/s)
 Total enthalpy discharge:           0.295819E+12 MJ (0.614343E+03 MJ/s)
 Total enthalpy input:               0.245144E+12 MJ (0.509104E+03 MJ/s)

 Water discharge this time step:   0.149554E+10 kg (0.186352E+02 kg/s)
 Water input this time step:       0.000000E+00 kg (0.000000E+00 kg/s)
 Total water discharge:            0.987610E+10 kg (0.205102E+02 kg/s)
 Total water input:                0.000000E+00 kg (0.000000E+00 kg/s)

 Enthalpy discharge this time step:  0.267289E+11 MJ (0.333057E+03 MJ/s)
 Enthalpy input this time step:      0.213393E+11 MJ (0.265898E+03 MJ/s)
 Total enthalpy discharge:           0.295819E+12 MJ (0.614343E+03 MJ/s)
 Total enthalpy input:               0.245144E+12 MJ (0.509104E+03 MJ/s)

 Enthalpy discharge this time step:  0.291625E+11 MJ (0.302817E+03 MJ/s)
 Enthalpy input this time step:      0.233598E+11 MJ (0.242563E+03 MJ/s)
 Total enthalpy discharge:           0.324981E+12 MJ (0.562422E+03 MJ/s)
 Total enthalpy input:               0.268504E+12 MJ (0.464681E+03 MJ/s)

 Water discharge this time step:   0.174901E+10 kg (0.181613E+02 kg/s)
 Water input this time step:       0.000000E+00 kg (0.000000E+00 kg/s)
 Total water discharge:            0.116251E+11 kg (0.201188E+02 kg/s)
 Total water input:                0.000000E+00 kg (0.000000E+00 kg/s)

 Enthalpy discharge this time step:  0.291625E+11 MJ (0.302817E+03 MJ/s)
 Enthalpy input this time step:      0.233598E+11 MJ (0.242563E+03 MJ/s)
 Total enthalpy discharge:           0.324981E+12 MJ (0.562422E+03 MJ/s)
 Total enthalpy input:               0.268504E+12 MJ (0.464681E+03 MJ/s)
*********************************************************************
 Time Step        91

                    Timing Information
           Years              Days         Step Size (Days)
      21.9721797          8025.33865         1337.55652    
 Cpu Sec for Time Step =   4.256     Current Total =     193.1    

                    Equation Performance
 Number of N-R Iterations:          2
 Avg # of Linear Equation Solver Iterations:  17.0
 Number of Active Nodes:    543747.
 Total Number of Iterations, N-R:        182 , Solver:        580
 Phase Changes This Time Step:        0 Total           0
 Nodes Liq Phase:   543747 change        0
 Nodes Two Phase:        0 change        0
 Nodes Gas Phase:         0 change        0
 Nodes SC Phase:        0 change        0
 Number of restarted time steps            0
                    Largest Residuals
 EQ1 R=  0.2565E-05 node= 543715 zone=     3 x=0.5000E+05 y=0.5000E+05 z=-.1900E+05
 EQ2 R=  0.9388E-07 node= 540015 zone=     3 x=0.5000E+05 y=-.5000E+05 z=-.1900E+05
   Node   Equation 1 Residual   Equation 2 Residual
 271231      0.753177E-07           0.759581E-13
 271225      0.120467E-08          -0.271996E-08
 271222      0.239032E-07           0.105825E-07
 271221      0.361979E-07           0.179039E-07
 271220      0.491587E-07           0.255771E-07
 271219      0.621418E-07           0.330683E-07
 271211      0.102927E-06           0.588210E-07
 271202      0.574092E-07           0.339246E-07
 271201      0.518798E-07           0.307477E-07
 271200      0.465952E-07           0.277169E-07
 271198      0.134051E-06           0.198943E-07
 271121     -0.665136E-06          -0.272881E-07
 271113      0.280449E-06           0.135194E-11
 271899      0.133879E-11           0.925968E-15
 271893      0.403998E-08          -0.212256E-08
 271890      0.988829E-08           0.261095E-08
 271889      0.214050E-07           0.932702E-08
 271889      0.214050E-07           0.932702E-08
 271887      0.486697E-07           0.252421E-07
 271879      0.102256E-06           0.583090E-07
 271870      0.589739E-07           0.349344E-07
 271869      0.533798E-07           0.317084E-07
 271868      0.480222E-07           0.286168E-07
 271865      0.125379E-06           0.160366E-07
 271857     -0.665072E-06          -0.272850E-07
 271849      0.280450E-06           0.135183E-11
 272551      0.753209E-07           0.759585E-13
 272545      0.120452E-08          -0.271996E-08
 272542      0.239008E-07           0.105825E-07
 272541      0.361947E-07           0.179039E-07
 272540      0.491523E-07           0.255771E-07
 272539      0.621356E-07           0.330683E-07
 272531      0.102929E-06           0.588210E-07
 272522      0.574055E-07           0.339245E-07
 272521      0.518754E-07           0.307477E-07
 272520      0.465974E-07           0.277169E-07
 272518      0.134048E-06           0.198943E-07
 272593     -0.665137E-06          -0.272881E-07
 272585      0.280449E-06           0.135194E-11
 271545      0.154164E-05           0.581321E-11
 271544      0.656583E-07           0.380051E-08
 271540      0.340880E-07           0.165520E-07
 271535      0.156991E-05           0.613000E-07
 271530      0.525574E-07           0.310918E-07
 271518     -0.665103E-06          -0.272863E-07
 271510      0.280450E-06           0.135176E-11
 272238      0.154154E-05           0.581321E-11
 272237      0.658221E-07           0.380074E-08
 272233      0.339532E-07           0.165518E-07
 272228      0.156993E-05           0.613000E-07
 272223      0.525970E-07           0.310919E-07
 272211     -0.665103E-06          -0.272863E-07
 272203      0.280450E-06           0.135176E-11
 273161      0.129622E-05           0.490785E-11
 273160      0.447183E-07           0.115882E-08
 273156      0.370513E-07           0.185272E-07
 273151      0.155489E-05           0.607769E-07
 273146      0.514050E-07           0.303669E-07
 273134     -0.665123E-06          -0.272881E-07
 273126      0.280446E-06           0.135163E-11

                    Nodal Information (Water)
                                                  source/sink  E source/sink
   Node   P (MPa)    E (MJ)    L sat     Temp (C)    (kg/s)       (MJ/s)
 271231    160.9     0.189      1.00        2.000   0.000     -0.166E-02
 271225    164.4     0.188      1.00        1.993   0.000       0.00    
 271222    165.7     0.187      1.00        1.995   0.000       0.00    
 271221    166.0     0.187      1.00        1.996   0.000       0.00    
 271220    166.4     0.187      1.00        1.996   0.000       0.00    
 271219    166.6     0.186      1.00        1.997   0.000       0.00    
 271211    168.2     0.182      1.00        1.999   0.000       0.00    
 271202    168.8     0.177      1.00        2.000   0.000       0.00    
 271201    168.8     0.176      1.00        2.000   0.000       0.00    
 271200    168.8     0.176      1.00        2.000   0.000       0.00    
 271198    168.9     0.174      1.00        2.000   0.000       0.00    
 271121    169.1     0.152      1.00        2.001   0.000       0.00    
 271113    177.0     0.138      1.00        2.000   0.000      0.109    
 271899    135.2     0.167      1.00        2.000   17.65       3.21    
 271893    163.5     0.187      1.00        1.992   0.000       0.00    
 271890    165.2     0.187      1.00        1.994   0.000       0.00    
 271889    165.6     0.187      1.00        1.995   0.000       0.00    
 271889    165.6     0.187      1.00        1.995   0.000       0.00    
 271887    166.4     0.186      1.00        1.996   0.000       0.00    
 271879    168.1     0.182      1.00        1.999   0.000       0.00    
 271870    168.8     0.177      1.00        2.000   0.000       0.00    
 271869    168.8     0.176      1.00        2.000   0.000       0.00    
 271868    168.8     0.176      1.00        2.000   0.000       0.00    
 271865    168.9     0.173      1.00        2.000   0.000       0.00    
 271857    169.1     0.152      1.00        2.001   0.000       0.00    
 271849    177.0     0.138      1.00        2.000   0.000      0.109    
 272551    160.9     0.189      1.00        2.000   0.000     -0.166E-02
 272545    164.4     0.188      1.00        1.993   0.000       0.00    
 272542    165.7     0.187      1.00        1.995   0.000       0.00    
 272541    166.0     0.187      1.00        1.996   0.000       0.00    
 272540    166.4     0.187      1.00        1.996   0.000       0.00    
 272539    166.6     0.186      1.00        1.997   0.000       0.00    
 272531    168.2     0.182      1.00        1.999   0.000       0.00    
 272522    168.8     0.177      1.00        2.000   0.000       0.00    
 272521    168.8     0.176      1.00        2.000   0.000       0.00    
 272520    168.8     0.176      1.00        2.000   0.000       0.00    
 272518    168.9     0.174      1.00        2.000   0.000       0.00    
 272593    169.1     0.152      1.00        2.001   0.000       0.00    
 272585    177.0     0.138      1.00        2.000   0.000      0.109    
 271545    160.8     0.189      1.00        2.000   0.000     -0.936E-01
 271544    163.3     0.189      1.00        1.991   0.000       0.00    
 271540    166.0     0.187      1.00        1.996   0.000       0.00    
 271535    168.1     0.182      1.00        1.999   0.000       0.00    
 271530    168.8     0.176      1.00        2.000   0.000       0.00    
 271518    169.1     0.152      1.00        2.001   0.000       0.00    
 271510    177.0     0.138      1.00        2.000   0.000      0.109    
 272238    160.8     0.189      1.00        2.000   0.000     -0.936E-01
 272237    163.3     0.189      1.00        1.991   0.000       0.00    
 272233    166.0     0.187      1.00        1.996   0.000       0.00    
 272228    168.1     0.182      1.00        1.999   0.000       0.00    
 272223    168.8     0.176      1.00        2.000   0.000       0.00    
 272211    169.1     0.152      1.00        2.001   0.000       0.00    
 272203    177.0     0.138      1.00        2.000   0.000      0.109    
 273161    160.9     0.189      1.00        2.000   0.000     -0.907E-01
 273160    163.4     0.189      1.00        1.992   0.000       0.00    
 273156    166.1     0.187      1.00        1.996   0.000       0.00    
 273151    168.2     0.182      1.00        1.999   0.000       0.00    
 273146    168.8     0.176      1.00        2.000   0.000       0.00    
 273134    169.1     0.152      1.00        2.001   0.000       0.00    
 273126    177.0     0.138      1.00        2.000   0.000      0.109    

                    Global Mass & Energy Balances
 Total mass in system at this time:            0.267662E+17 kg
 Total mass of steam in system at this time:   0.000000E+00 kg
 Total enthalpy in system at this time:        0.273776E+16 MJ

 Water discharge this time step:   0.203984E+10 kg (0.176511E+02 kg/s)
 Water input this time step:       0.000000E+00 kg (0.000000E+00 kg/s)
 Total water discharge:            0.136650E+11 kg (0.197075E+02 kg/s)
 Total water input:                0.000000E+00 kg (0.000000E+00 kg/s)

 Enthalpy discharge this time step:  0.318317E+11 MJ (0.275445E+03 MJ/s)
 Enthalpy input this time step:      0.256064E+11 MJ (0.221576E+03 MJ/s)
 Total enthalpy discharge:           0.356813E+12 MJ (0.514593E+03 MJ/s)
 Total enthalpy input:               0.294110E+12 MJ (0.424163E+03 MJ/s)

 Net kg water discharge (total out-total in):   0.136650E+11
 Net MJ energy discharge (total out-total in):   0.627027E+11
 Conservation Errors:  -0.421553E-02 (mass),  -0.110851E-03 (energy)

 Enthalpy discharge this time step:  0.347544E+11 MJ (0.250613E+03 MJ/s)
 Enthalpy input this time step:      0.280958E+11 MJ (0.202598E+03 MJ/s)
 Total enthalpy discharge:           0.391567E+12 MJ (0.470596E+03 MJ/s)
 Total enthalpy input:               0.322206E+12 MJ (0.387236E+03 MJ/s)

 Water discharge this time step:   0.237141E+10 kg (0.171001E+02 kg/s)
 Water input this time step:       0.000000E+00 kg (0.000000E+00 kg/s)
 Total water discharge:            0.160364E+11 kg (0.192729E+02 kg/s)
 Total water input:                0.000000E+00 kg (0.000000E+00 kg/s)

 Enthalpy discharge this time step:  0.347544E+11 MJ (0.250613E+03 MJ/s)
 Enthalpy input this time step:      0.280958E+11 MJ (0.202598E+03 MJ/s)
 Total enthalpy discharge:           0.391567E+12 MJ (0.470596E+03 MJ/s)
 Total enthalpy input:               0.322206E+12 MJ (0.387236E+03 MJ/s)

 Enthalpy discharge this time step:  0.379504E+11 MJ (0.228049E+03 MJ/s)
 Enthalpy input this time step:      0.289903E+11 MJ (0.174206E+03 MJ/s)
 Total enthalpy discharge:           0.429518E+12 MJ (0.430172E+03 MJ/s)
 Total enthalpy input:               0.351196E+12 MJ (0.351731E+03 MJ/s)

 Water discharge this time step:   0.274652E+10 kg (0.165042E+02 kg/s)
 Water input this time step:       0.000000E+00 kg (0.000000E+00 kg/s)
 Total water discharge:            0.187829E+11 kg (0.188115E+02 kg/s)
 Total water input:                0.000000E+00 kg (0.000000E+00 kg/s)

 Enthalpy discharge this time step:  0.379504E+11 MJ (0.228049E+03 MJ/s)
 Enthalpy input this time step:      0.289903E+11 MJ (0.174206E+03 MJ/s)
 Total enthalpy discharge:           0.429518E+12 MJ (0.430172E+03 MJ/s)
 Total enthalpy input:               0.351196E+12 MJ (0.351731E+03 MJ/s)

 Enthalpy discharge this time step:  0.414409E+11 MJ (0.207520E+03 MJ/s)
 Enthalpy input this time step:      0.314868E+11 MJ (0.157674E+03 MJ/s)
 Total enthalpy discharge:           0.470959E+12 MJ (0.393063E+03 MJ/s)
 Total enthalpy input:               0.382683E+12 MJ (0.319388E+03 MJ/s)

 Water discharge this time step:   0.316671E+10 kg (0.158577E+02 kg/s)
 Water input this time step:       0.000000E+00 kg (0.000000E+00 kg/s)
 Total water discharge:            0.219496E+11 kg (0.183192E+02 kg/s)
 Total water input:                0.000000E+00 kg (0.000000E+00 kg/s)

 Enthalpy discharge this time step:  0.414409E+11 MJ (0.207520E+03 MJ/s)
 Enthalpy input this time step:      0.314868E+11 MJ (0.157674E+03 MJ/s)
 Total enthalpy discharge:           0.470959E+12 MJ (0.393063E+03 MJ/s)
 Total enthalpy input:               0.382683E+12 MJ (0.319388E+03 MJ/s)

 Enthalpy discharge this time step:  0.471659E+11 MJ (0.196824E+03 MJ/s)
 Enthalpy input this time step:      0.346899E+11 MJ (0.144761E+03 MJ/s)
 Total enthalpy discharge:           0.518125E+12 MJ (0.360356E+03 MJ/s)
 Total enthalpy input:               0.417373E+12 MJ (0.290284E+03 MJ/s)

 Water discharge this time step:   0.363178E+10 kg (0.151554E+02 kg/s)
 Water input this time step:       0.000000E+00 kg (0.000000E+00 kg/s)
 Total water discharge:            0.255814E+11 kg (0.177919E+02 kg/s)
 Total water input:                0.000000E+00 kg (0.000000E+00 kg/s)

 Enthalpy discharge this time step:  0.471659E+11 MJ (0.196824E+03 MJ/s)
 Enthalpy input this time step:      0.346899E+11 MJ (0.144761E+03 MJ/s)
 Total enthalpy discharge:           0.518125E+12 MJ (0.360356E+03 MJ/s)
 Total enthalpy input:               0.417373E+12 MJ (0.290284E+03 MJ/s)

 Enthalpy discharge this time step:  0.526452E+11 MJ (0.183074E+03 MJ/s)
 Enthalpy input this time step:      0.379961E+11 MJ (0.132132E+03 MJ/s)
 Total enthalpy discharge:           0.570770E+12 MJ (0.330809E+03 MJ/s)
 Total enthalpy input:               0.455369E+12 MJ (0.263925E+03 MJ/s)

 Water discharge this time step:   0.413865E+10 kg (0.143922E+02 kg/s)
 Water input this time step:       0.000000E+00 kg (0.000000E+00 kg/s)
 Total water discharge:            0.297200E+11 kg (0.172253E+02 kg/s)
 Total water input:                0.000000E+00 kg (0.000000E+00 kg/s)

 Enthalpy discharge this time step:  0.526452E+11 MJ (0.183074E+03 MJ/s)
 Enthalpy input this time step:      0.379961E+11 MJ (0.132132E+03 MJ/s)
 Total enthalpy discharge:           0.570770E+12 MJ (0.330809E+03 MJ/s)
 Total enthalpy input:               0.455369E+12 MJ (0.263925E+03 MJ/s)

 Enthalpy discharge this time step:  0.574057E+11 MJ (0.166357E+03 MJ/s)
 Enthalpy input this time step:      0.417480E+11 MJ (0.120982E+03 MJ/s)
 Total enthalpy discharge:           0.628176E+12 MJ (0.303401E+03 MJ/s)
 Total enthalpy input:               0.497117E+12 MJ (0.240101E+03 MJ/s)

 Water discharge this time step:   0.468001E+10 kg (0.135623E+02 kg/s)
 Water input this time step:       0.000000E+00 kg (0.000000E+00 kg/s)
 Total water discharge:            0.344000E+11 kg (0.166148E+02 kg/s)
 Total water input:                0.000000E+00 kg (0.000000E+00 kg/s)

 Enthalpy discharge this time step:  0.574057E+11 MJ (0.166357E+03 MJ/s)
 Enthalpy input this time step:      0.417480E+11 MJ (0.120982E+03 MJ/s)
 Total enthalpy discharge:           0.628176E+12 MJ (0.303401E+03 MJ/s)
 Total enthalpy input:               0.497117E+12 MJ (0.240101E+03 MJ/s)

 Enthalpy discharge this time step:  0.626058E+11 MJ (0.151189E+03 MJ/s)
 Enthalpy input this time step:      0.457807E+11 MJ (0.110557E+03 MJ/s)
 Total enthalpy discharge:           0.690781E+12 MJ (0.278032E+03 MJ/s)
 Total enthalpy input:               0.542898E+12 MJ (0.218511E+03 MJ/s)

 Water discharge this time step:   0.524301E+10 kg (0.126615E+02 kg/s)
 Water input this time step:       0.000000E+00 kg (0.000000E+00 kg/s)
 Total water discharge:            0.396430E+11 kg (0.159559E+02 kg/s)
 Total water input:                0.000000E+00 kg (0.000000E+00 kg/s)

 Enthalpy discharge this time step:  0.626058E+11 MJ (0.151189E+03 MJ/s)
 Enthalpy input this time step:      0.457807E+11 MJ (0.110557E+03 MJ/s)
 Total enthalpy discharge:           0.690781E+12 MJ (0.278032E+03 MJ/s)
 Total enthalpy input:               0.542898E+12 MJ (0.218511E+03 MJ/s)

 Enthalpy discharge this time step:  0.678084E+11 MJ (0.136461E+03 MJ/s)
 Enthalpy input this time step:      0.500209E+11 MJ (0.100664E+03 MJ/s)
 Total enthalpy discharge:           0.758590E+12 MJ (0.254437E+03 MJ/s)
 Total enthalpy input:               0.592919E+12 MJ (0.198870E+03 MJ/s)

 Water discharge this time step:   0.580736E+10 kg (0.116870E+02 kg/s)
 Water input this time step:       0.000000E+00 kg (0.000000E+00 kg/s)
 Total water discharge:            0.454504E+11 kg (0.152444E+02 kg/s)
 Total water input:                0.000000E+00 kg (0.000000E+00 kg/s)

 Enthalpy discharge this time step:  0.678084E+11 MJ (0.136461E+03 MJ/s)
 Enthalpy input this time step:      0.500209E+11 MJ (0.100664E+03 MJ/s)
 Total enthalpy discharge:           0.758590E+12 MJ (0.254437E+03 MJ/s)
 Total enthalpy input:               0.592919E+12 MJ (0.198870E+03 MJ/s)

 Enthalpy discharge this time step:  0.729292E+11 MJ (0.122305E+03 MJ/s)
 Enthalpy input this time step:      0.543131E+11 MJ (0.910852E+02 MJ/s)
 Total enthalpy discharge:           0.831519E+12 MJ (0.232415E+03 MJ/s)
 Total enthalpy input:               0.647232E+12 MJ (0.180905E+03 MJ/s)

 Water discharge this time step:   0.634405E+10 kg (0.106392E+02 kg/s)
 Water input this time step:       0.000000E+00 kg (0.000000E+00 kg/s)
 Total water discharge:            0.517945E+11 kg (0.144769E+02 kg/s)
 Total water input:                0.000000E+00 kg (0.000000E+00 kg/s)

 Enthalpy discharge this time step:  0.729292E+11 MJ (0.122305E+03 MJ/s)
 Enthalpy input this time step:      0.543131E+11 MJ (0.910852E+02 MJ/s)
 Total enthalpy discharge:           0.831519E+12 MJ (0.232415E+03 MJ/s)
 Total enthalpy input:               0.647232E+12 MJ (0.180905E+03 MJ/s)
*********************************************************************
 Time Step       101

                    Timing Information
           Years              Days         Step Size (Days)
      136.045953          49690.7842         8281.79745    
 Cpu Sec for Time Step =   7.263     Current Total =     251.4    

                    Equation Performance
 Number of N-R Iterations:          2
 Avg # of Linear Equation Solver Iterations:  34.0
 Number of Active Nodes:    543747.
 Total Number of Iterations, N-R:        202 , Solver:       1089
 Phase Changes This Time Step:        0 Total           0
 Nodes Liq Phase:   543747 change        0
 Nodes Two Phase:        0 change        0
 Nodes Gas Phase:         0 change        0
 Nodes SC Phase:        0 change        0
 Number of restarted time steps            0
                    Largest Residuals
 EQ1 R=  0.6048E-06 node= 529515 zone=     3 x=0.4800E+05 y=-.4800E+05 z=-.1900E+05
 EQ2 R=  0.1559E-06 node= 537965 zone=     2 x=0.4900E+05 y=0.4900E+05 z=0.1700E+05
   Node   Equation 1 Residual   Equation 2 Residual
 271231      0.132515E-07           0.119812E-13
 271225     -0.775540E-08          -0.449900E-07
 271222      0.536766E-09          -0.753408E-10
 271221      0.478949E-08           0.200615E-07
 271220      0.948922E-08           0.416977E-07
 271219      0.143610E-07           0.637897E-07
 271211     -0.175512E-07          -0.887300E-07
 271202     -0.169481E-08          -0.143768E-07
 271201     -0.122725E-08          -0.113649E-07
 271200     -0.605517E-09          -0.825841E-08
 271198      0.599740E-08           0.202455E-08
 271121     -0.140448E-06          -0.185981E-07
 271113      0.363556E-06           0.151510E-11
 271899      0.161006E-11           0.265851E-15
 271893     -0.105629E-07          -0.609085E-07
 271890     -0.228187E-08          -0.127139E-07
 271889      0.197819E-08           0.762245E-08
 271889      0.197819E-08           0.762245E-08
 271887      0.117867E-07           0.518989E-07
 271879     -0.157382E-07          -0.904361E-07
 271870     -0.159024E-08          -0.142132E-07
 271869     -0.123080E-08          -0.113476E-07
 271868     -0.753631E-09          -0.837733E-08
 271865      0.141810E-07           0.880908E-08
 271857     -0.140471E-06          -0.186386E-07
 271849      0.363645E-06           0.151512E-11
 272551      0.132201E-07           0.119814E-13
 272545     -0.773943E-08          -0.449901E-07
 272542      0.538178E-09          -0.753431E-10
 272541      0.478292E-08           0.200615E-07
 272540      0.948261E-08           0.416977E-07
 272539      0.143551E-07           0.637897E-07
 272531     -0.175405E-07          -0.887300E-07
 272522     -0.168961E-08          -0.143768E-07
 272521     -0.121064E-08          -0.113649E-07
 272520     -0.603344E-09          -0.825841E-08
 272518      0.604621E-08           0.202463E-08
 272593     -0.140373E-06          -0.185980E-07
 272585      0.363529E-06           0.151511E-11
 271545      0.386715E-06           0.122053E-11
 271544     -0.610024E-07          -0.779872E-07
 271540      0.380985E-08           0.167353E-07
 271535     -0.194082E-06          -0.836937E-07
 271530     -0.798049E-09          -0.112094E-07
 271518     -0.140532E-06          -0.186255E-07
 271510      0.363551E-06           0.151499E-11
 272238      0.386606E-06           0.122054E-11
 272237     -0.610650E-07          -0.779873E-07
 272233      0.379349E-08           0.167352E-07
 272228     -0.194002E-06          -0.836936E-07
 272223     -0.819225E-09          -0.112094E-07
 272211     -0.140544E-06          -0.186255E-07
 272203      0.363656E-06           0.151498E-11
 273161      0.436433E-06           0.137328E-11
 273160     -0.706809E-07          -0.836846E-07
 273156      0.620780E-08           0.251972E-07
 273151     -0.249379E-06          -0.944914E-07
 273146     -0.142609E-08          -0.118432E-07
 273134     -0.140302E-06          -0.185658E-07
 273126      0.363490E-06           0.151528E-11

                    Nodal Information (Water)
                                                  source/sink  E source/sink
   Node   P (MPa)    E (MJ)    L sat     Temp (C)    (kg/s)       (MJ/s)
 271231    149.2     0.179      1.00        2.000   0.000     -0.618E-03
 271225    153.1     0.178      1.00        1.976   0.000       0.00    
 271222    154.8     0.178      1.00        1.979   0.000       0.00    
 271221    155.4     0.178      1.00        1.980   0.000       0.00    
 271220    155.9     0.178      1.00        1.981   0.000       0.00    
 271219    156.5     0.177      1.00        1.982   0.000       0.00    
 271211    160.2     0.176      1.00        1.987   0.000       0.00    
 271202    163.5     0.173      1.00        1.993   0.000       0.00    
 271201    163.8     0.172      1.00        1.993   0.000       0.00    
 271200    164.1     0.172      1.00        1.994   0.000       0.00    
 271198    165.0     0.171      1.00        1.995   0.000       0.00    
 271121    173.6     0.156      1.00        2.009   0.000       0.00    
 271113    189.1     0.148      1.00        2.000   0.000      0.427E-01
 271899    135.2     0.167      1.00        2.000   9.525       1.67    
 271893    152.5     0.178      1.00        1.975   0.000       0.00    
 271890    154.5     0.178      1.00        1.978   0.000       0.00    
 271889    155.1     0.178      1.00        1.979   0.000       0.00    
 271889    155.1     0.178      1.00        1.979   0.000       0.00    
 271887    156.2     0.177      1.00        1.981   0.000       0.00    
 271879    160.1     0.175      1.00        1.987   0.000       0.00    
 271870    163.5     0.172      1.00        1.993   0.000       0.00    
 271869    163.8     0.172      1.00        1.993   0.000       0.00    
 271868    164.1     0.172      1.00        1.994   0.000       0.00    
 271865    165.6     0.170      1.00        1.996   0.000       0.00    
 271857    173.6     0.156      1.00        2.009   0.000       0.00    
 271849    189.1     0.148      1.00        2.000   0.000      0.427E-01
 272551    149.2     0.179      1.00        2.000   0.000     -0.618E-03
 272545    153.1     0.178      1.00        1.976   0.000       0.00    
 272542    154.8     0.178      1.00        1.979   0.000       0.00    
 272541    155.4     0.178      1.00        1.980   0.000       0.00    
 272540    155.9     0.178      1.00        1.981   0.000       0.00    
 272539    156.5     0.177      1.00        1.982   0.000       0.00    
 272531    160.2     0.176      1.00        1.987   0.000       0.00    
 272522    163.5     0.173      1.00        1.993   0.000       0.00    
 272521    163.8     0.172      1.00        1.993   0.000       0.00    
 272520    164.1     0.172      1.00        1.994   0.000       0.00    
 272518    165.0     0.171      1.00        1.995   0.000       0.00    
 272593    173.6     0.156      1.00        2.009   0.000       0.00    
 272585    189.1     0.148      1.00        2.000   0.000      0.427E-01
 271545    149.1     0.179      1.00        2.000   0.000     -0.318E-01
 271544    151.7     0.179      1.00        1.974   0.000       0.00    
 271540    155.3     0.178      1.00        1.980   0.000       0.00    
 271535    160.1     0.175      1.00        1.987   0.000       0.00    
 271530    163.8     0.172      1.00        1.993   0.000       0.00    
 271518    173.6     0.156      1.00        2.009   0.000       0.00    
 271510    189.1     0.148      1.00        2.000   0.000      0.427E-01
 272238    149.1     0.179      1.00        2.000   0.000     -0.318E-01
 272237    151.7     0.179      1.00        1.974   0.000       0.00    
 272233    155.3     0.178      1.00        1.980   0.000       0.00    
 272228    160.1     0.175      1.00        1.987   0.000       0.00    
 272223    163.8     0.172      1.00        1.993   0.000       0.00    
 272211    173.6     0.156      1.00        2.009   0.000       0.00    
 272203    189.1     0.148      1.00        2.000   0.000      0.427E-01
 273161    149.3     0.179      1.00        2.000   0.000     -0.323E-01
 273160    151.9     0.179      1.00        1.975   0.000       0.00    
 273156    155.5     0.178      1.00        1.980   0.000       0.00    
 273151    160.2     0.176      1.00        1.987   0.000       0.00    
 273146    163.9     0.172      1.00        1.993   0.000       0.00    
 273134    173.6     0.156      1.00        2.009   0.000       0.00    
 273126    189.1     0.148      1.00        2.000   0.000      0.427E-01

                    Global Mass & Energy Balances
 Total mass in system at this time:            0.267661E+17 kg
 Total mass of steam in system at this time:   0.000000E+00 kg
 Total enthalpy in system at this time:        0.273762E+16 MJ

 Water discharge this time step:   0.681583E+10 kg (0.952534E+01 kg/s)
 Water input this time step:       0.000000E+00 kg (0.000000E+00 kg/s)
 Total water discharge:            0.586103E+11 kg (0.136516E+02 kg/s)
 Total water input:                0.000000E+00 kg (0.000000E+00 kg/s)

 Enthalpy discharge this time step:  0.776105E+11 MJ (0.108463E+03 MJ/s)
 Enthalpy input this time step:      0.563150E+11 MJ (0.787020E+02 MJ/s)
 Total enthalpy discharge:           0.909130E+12 MJ (0.211756E+03 MJ/s)
 Total enthalpy input:               0.703547E+12 MJ (0.163872E+03 MJ/s)

 Net kg water discharge (total out-total in):   0.586103E+11
 Net MJ energy discharge (total out-total in):   0.205583E+12
 Conservation Errors:  -0.183813E-02 (mass),  -0.721196E-04 (energy)

 Enthalpy discharge this time step:  0.836522E+11 MJ (0.974222E+02 MJ/s)
 Enthalpy input this time step:      0.571237E+11 MJ (0.665268E+02 MJ/s)
 Total enthalpy discharge:           0.992782E+12 MJ (0.192701E+03 MJ/s)
 Total enthalpy input:               0.760671E+12 MJ (0.147647E+03 MJ/s)

 Water discharge this time step:   0.717646E+10 kg (0.835778E+01 kg/s)
 Water input this time step:       0.000000E+00 kg (0.000000E+00 kg/s)
 Total water discharge:            0.657867E+11 kg (0.127693E+02 kg/s)
 Total water input:                0.000000E+00 kg (0.000000E+00 kg/s)

 Enthalpy discharge this time step:  0.836522E+11 MJ (0.974222E+02 MJ/s)
 Enthalpy input this time step:      0.571237E+11 MJ (0.665268E+02 MJ/s)
 Total enthalpy discharge:           0.992782E+12 MJ (0.192701E+03 MJ/s)
 Total enthalpy input:               0.760671E+12 MJ (0.147647E+03 MJ/s)

 Enthalpy discharge this time step:  0.883338E+11 MJ (0.857287E+02 MJ/s)
 Enthalpy input this time step:      0.593420E+11 MJ (0.575919E+02 MJ/s)
 Total enthalpy discharge:           0.108112E+13 MJ (0.174872E+03 MJ/s)
 Total enthalpy input:               0.820013E+12 MJ (0.132638E+03 MJ/s)

 Water discharge this time step:   0.737587E+10 kg (0.715835E+01 kg/s)
 Water input this time step:       0.000000E+00 kg (0.000000E+00 kg/s)
 Total water discharge:            0.731626E+11 kg (0.118342E+02 kg/s)
 Total water input:                0.000000E+00 kg (0.000000E+00 kg/s)

 Enthalpy discharge this time step:  0.883338E+11 MJ (0.857287E+02 MJ/s)
 Enthalpy input this time step:      0.593420E+11 MJ (0.575919E+02 MJ/s)
 Total enthalpy discharge:           0.108112E+13 MJ (0.174872E+03 MJ/s)
 Total enthalpy input:               0.820013E+12 MJ (0.132638E+03 MJ/s)

 Enthalpy discharge this time step:  0.887645E+11 MJ (0.717889E+02 MJ/s)
 Enthalpy input this time step:      0.602641E+11 MJ (0.487390E+02 MJ/s)
 Total enthalpy discharge:           0.116988E+13 MJ (0.157691E+03 MJ/s)
 Total enthalpy input:               0.880277E+12 MJ (0.118655E+03 MJ/s)

 Water discharge this time step:   0.736272E+10 kg (0.595465E+01 kg/s)
 Water input this time step:       0.000000E+00 kg (0.000000E+00 kg/s)
 Total water discharge:            0.805253E+11 kg (0.108542E+02 kg/s)
 Total water input:                0.000000E+00 kg (0.000000E+00 kg/s)

 Enthalpy discharge this time step:  0.887645E+11 MJ (0.717889E+02 MJ/s)
 Enthalpy input this time step:      0.602641E+11 MJ (0.487390E+02 MJ/s)
 Total enthalpy discharge:           0.116988E+13 MJ (0.157691E+03 MJ/s)
 Total enthalpy input:               0.880277E+12 MJ (0.118655E+03 MJ/s)

 Enthalpy discharge this time step:  0.863297E+11 MJ (0.581831E+02 MJ/s)
 Enthalpy input this time step:      0.594658E+11 MJ (0.400778E+02 MJ/s)
 Total enthalpy discharge:           0.125621E+13 MJ (0.141107E+03 MJ/s)
 Total enthalpy input:               0.939743E+12 MJ (0.105559E+03 MJ/s)

 Water discharge this time step:   0.709587E+10 kg (0.478236E+01 kg/s)
 Water input this time step:       0.000000E+00 kg (0.000000E+00 kg/s)
 Total water discharge:            0.876212E+11 kg (0.984226E+01 kg/s)
 Total water input:                0.000000E+00 kg (0.000000E+00 kg/s)

 Enthalpy discharge this time step:  0.863297E+11 MJ (0.581831E+02 MJ/s)
 Enthalpy input this time step:      0.594658E+11 MJ (0.400778E+02 MJ/s)
 Total enthalpy discharge:           0.125621E+13 MJ (0.141107E+03 MJ/s)
 Total enthalpy input:               0.939743E+12 MJ (0.105559E+03 MJ/s)

 Enthalpy discharge this time step:  0.811261E+11 MJ (0.455634E+02 MJ/s)
 Enthalpy input this time step:      0.567001E+11 MJ (0.318449E+02 MJ/s)
 Total enthalpy discharge:           0.133734E+13 MJ (0.125183E+03 MJ/s)
 Total enthalpy input:               0.996443E+12 MJ (0.932731E+02 MJ/s)

 Water discharge this time step:   0.655299E+10 kg (0.368040E+01 kg/s)
 Water input this time step:       0.000000E+00 kg (0.000000E+00 kg/s)
 Total water discharge:            0.941742E+11 kg (0.881528E+01 kg/s)
 Total water input:                0.000000E+00 kg (0.000000E+00 kg/s)

 Enthalpy discharge this time step:  0.811261E+11 MJ (0.455634E+02 MJ/s)
 Enthalpy input this time step:      0.567001E+11 MJ (0.318449E+02 MJ/s)
 Total enthalpy discharge:           0.133734E+13 MJ (0.125183E+03 MJ/s)
 Total enthalpy input:               0.996443E+12 MJ (0.932731E+02 MJ/s)

 Enthalpy discharge this time step:  0.733509E+11 MJ (0.343304E+02 MJ/s)
 Enthalpy input this time step:      0.496647E+11 MJ (0.232446E+02 MJ/s)
 Total enthalpy discharge:           0.141069E+13 MJ (0.110041E+03 MJ/s)
 Total enthalpy input:               0.104611E+13 MJ (0.816017E+02 MJ/s)

 Water discharge this time step:   0.574272E+10 kg (0.268777E+01 kg/s)
 Water input this time step:       0.000000E+00 kg (0.000000E+00 kg/s)
 Total water discharge:            0.999169E+11 kg (0.779403E+01 kg/s)
 Total water input:                0.000000E+00 kg (0.000000E+00 kg/s)

 Enthalpy discharge this time step:  0.733509E+11 MJ (0.343304E+02 MJ/s)
 Enthalpy input this time step:      0.496647E+11 MJ (0.232446E+02 MJ/s)
 Total enthalpy discharge:           0.141069E+13 MJ (0.110041E+03 MJ/s)
 Total enthalpy input:               0.104611E+13 MJ (0.816017E+02 MJ/s)

 Enthalpy discharge this time step:  0.657369E+11 MJ (0.256391E+02 MJ/s)
 Enthalpy input this time step:      0.419498E+11 MJ (0.163615E+02 MJ/s)
 Total enthalpy discharge:           0.147642E+13 MJ (0.959738E+02 MJ/s)
 Total enthalpy input:               0.108806E+13 MJ (0.707283E+02 MJ/s)

 Water discharge this time step:   0.470569E+10 kg (0.183534E+01 kg/s)
 Water input this time step:       0.000000E+00 kg (0.000000E+00 kg/s)
 Total water discharge:            0.104623E+12 kg (0.680091E+01 kg/s)
 Total water input:                0.000000E+00 kg (0.000000E+00 kg/s)

 Enthalpy discharge this time step:  0.657369E+11 MJ (0.256391E+02 MJ/s)
 Enthalpy input this time step:      0.419498E+11 MJ (0.163615E+02 MJ/s)
 Total enthalpy discharge:           0.147642E+13 MJ (0.959738E+02 MJ/s)
 Total enthalpy input:               0.108806E+13 MJ (0.707283E+02 MJ/s)

 Enthalpy discharge this time step:  0.549018E+11 MJ (0.178442E+02 MJ/s)
 Enthalpy input this time step:      0.351616E+11 MJ (0.114283E+02 MJ/s)
 Total enthalpy discharge:           0.153133E+13 MJ (0.829522E+02 MJ/s)
 Total enthalpy input:               0.112322E+13 MJ (0.608450E+02 MJ/s)

 Water discharge this time step:   0.351339E+10 kg (0.114193E+01 kg/s)
 Water input this time step:       0.000000E+00 kg (0.000000E+00 kg/s)
 Total water discharge:            0.108136E+12 kg (0.585775E+01 kg/s)
 Total water input:                0.000000E+00 kg (0.000000E+00 kg/s)

 Enthalpy discharge this time step:  0.549018E+11 MJ (0.178442E+02 MJ/s)
 Enthalpy input this time step:      0.351616E+11 MJ (0.114283E+02 MJ/s)
 Total enthalpy discharge:           0.153133E+13 MJ (0.829522E+02 MJ/s)
 Total enthalpy input:               0.112322E+13 MJ (0.608450E+02 MJ/s)

 Enthalpy discharge this time step:  0.429363E+11 MJ (0.116293E+02 MJ/s)
 Enthalpy input this time step:      0.280626E+11 MJ (0.760079E+01 MJ/s)
 Total enthalpy discharge:           0.157426E+13 MJ (0.710651E+02 MJ/s)
 Total enthalpy input:               0.115128E+13 MJ (0.519710E+02 MJ/s)

 Water discharge this time step:   0.226019E+10 kg (0.612175E+00 kg/s)
 Water input this time step:       0.000000E+00 kg (0.000000E+00 kg/s)
 Total water discharge:            0.110396E+12 kg (0.498349E+01 kg/s)
 Total water input:                0.000000E+00 kg (0.000000E+00 kg/s)

 Enthalpy discharge this time step:  0.429363E+11 MJ (0.116293E+02 MJ/s)
 Enthalpy input this time step:      0.280626E+11 MJ (0.760079E+01 MJ/s)
 Total enthalpy discharge:           0.157426E+13 MJ (0.710651E+02 MJ/s)
 Total enthalpy input:               0.115128E+13 MJ (0.519710E+02 MJ/s)
*********************************************************************
 Time Step       111

                    Timing Information
           Years              Days         Step Size (Days)
      842.360687          307672.241         51278.7069    
 Cpu Sec for Time Step =   13.51     Current Total =     355.8    

                    Equation Performance
 Number of N-R Iterations:          2
 Avg # of Linear Equation Solver Iterations:  68.5
 Number of Active Nodes:    543747.
 Total Number of Iterations, N-R:        222 , Solver:       2109
 Phase Changes This Time Step:        0 Total           0
 Nodes Liq Phase:   543747 change        0
 Nodes Two Phase:        0 change        0
 Nodes Gas Phase:         0 change        0
 Nodes SC Phase:        0 change        0
 Number of restarted time steps            0
                    Largest Residuals
 EQ1 R=  0.2653E-07 node= 540013 zone=     3 x=0.5000E+05 y=-.5000E+05 z=-.2300E+05
 EQ2 R=  0.3081E-07 node=     26 zone=     2 x=-.5000E+05 y=-.5000E+05 z=0.1500E+05
   Node   Equation 1 Residual   Equation 2 Residual
 271231      0.257904E-09           0.148195E-15
 271225      0.102288E-08           0.248768E-07
 271222     -0.528724E-09          -0.196659E-07
 271221     -0.436476E-09          -0.153326E-07
 271220     -0.354684E-09          -0.111811E-07
 271219     -0.273820E-09          -0.710891E-08
 271211      0.524630E-09           0.242361E-07
 271202      0.335050E-10           0.155194E-08
 271201      0.126773E-09           0.463801E-08
 271200      0.215412E-09           0.765232E-08
 271198      0.215472E-08           0.172855E-07
 271121     -0.142991E-07          -0.912010E-08
 271113     -0.636013E-08          -0.290934E-13
 271899      0.270684E-13          -0.390679E-15
 271893      0.871554E-09           0.246319E-07
 271890     -0.513511E-09          -0.191055E-07
 271889     -0.423509E-09          -0.149684E-07
 271889     -0.423509E-09          -0.149684E-07
 271887     -0.263184E-09          -0.701618E-08
 271879      0.530694E-09           0.239736E-07
 271870      0.343380E-10           0.152152E-08
 271869      0.127224E-09           0.458741E-08
 271868      0.213400E-09           0.758300E-08
 271865      0.420642E-08           0.159672E-07
 271857     -0.142992E-07          -0.911881E-08
 271849     -0.637138E-08          -0.293178E-13
 272551      0.257020E-09           0.148201E-15
 272545      0.102306E-08           0.248765E-07
 272542     -0.529847E-09          -0.196657E-07
 272541     -0.437403E-09          -0.153325E-07
 272540     -0.354886E-09          -0.111809E-07
 272539     -0.273623E-09          -0.710884E-08
 272531      0.526011E-09           0.242359E-07
 272522      0.356607E-10           0.155193E-08
 272521      0.129795E-09           0.463797E-08
 272520      0.218604E-09           0.765226E-08
 272518      0.215464E-08           0.172854E-07
 272593     -0.142972E-07          -0.912006E-08
 272585     -0.636044E-08          -0.290941E-13
 271545      0.360408E-08           0.556278E-14
 271544      0.313612E-08           0.265071E-07
 271540     -0.449443E-09          -0.153177E-07
 271535      0.950577E-08           0.286384E-07
 271530      0.134171E-09           0.464030E-08
 271518     -0.142990E-07          -0.911856E-08
 271510     -0.636989E-08          -0.293444E-13
 272238      0.359681E-08           0.556290E-14
 272237      0.313643E-08           0.265070E-07
 272233     -0.446267E-09          -0.153176E-07
 272228      0.951528E-08           0.286383E-07
 272223      0.132644E-09           0.464027E-08
 272211     -0.142996E-07          -0.911854E-08
 272203     -0.636870E-08          -0.293444E-13
 273161      0.385313E-08           0.581768E-14
 273160      0.334749E-08           0.277727E-07
 273156     -0.467917E-09          -0.160771E-07
 273151      0.105330E-07           0.303785E-07
 273146      0.140489E-09           0.488206E-08
 273134     -0.142917E-07          -0.912957E-08
 273126     -0.634828E-08          -0.292359E-13

                    Nodal Information (Water)
                                                  source/sink  E source/sink
   Node   P (MPa)    E (MJ)    L sat     Temp (C)    (kg/s)       (MJ/s)
 271231    135.5     0.167      1.00        2.000   0.000     -0.990E-04
 271225    139.7     0.167      1.00        1.957   0.000       0.00    
 271222    141.7     0.167      1.00        1.960   0.000       0.00    
 271221    142.4     0.167      1.00        1.961   0.000       0.00    
 271220    143.1     0.166      1.00        1.962   0.000       0.00    
 271219    143.8     0.166      1.00        1.963   0.000       0.00    
 271211    149.2     0.166      1.00        1.971   0.000       0.00    
 271202    155.2     0.165      1.00        1.981   0.000       0.00    
 271201    155.9     0.165      1.00        1.982   0.000       0.00    
 271200    156.6     0.165      1.00        1.983   0.000       0.00    
 271198    158.6     0.165      1.00        1.986   0.000       0.00    
 271121    181.4     0.163      1.00        2.021   0.000       0.00    
 271113    203.4     0.160      1.00        2.000   0.000      0.288E-02
 271899    135.2     0.167      1.00        2.000  0.2346      0.393E-01
 271893    139.6     0.167      1.00        1.957   0.000       0.00    
 271890    141.7     0.167      1.00        1.960   0.000       0.00    
 271889    142.4     0.167      1.00        1.961   0.000       0.00    
 271889    142.4     0.167      1.00        1.961   0.000       0.00    
 271887    143.7     0.166      1.00        1.963   0.000       0.00    
 271879    149.2     0.166      1.00        1.971   0.000       0.00    
 271870    155.2     0.165      1.00        1.981   0.000       0.00    
 271869    155.9     0.165      1.00        1.982   0.000       0.00    
 271868    156.6     0.165      1.00        1.983   0.000       0.00    
 271865    159.9     0.165      1.00        1.987   0.000       0.00    
 271857    181.4     0.163      1.00        2.021   0.000       0.00    
 271849    203.4     0.160      1.00        2.000   0.000      0.288E-02
 272551    135.5     0.167      1.00        2.000   0.000     -0.990E-04
 272545    139.7     0.167      1.00        1.957   0.000       0.00    
 272542    141.7     0.167      1.00        1.960   0.000       0.00    
 272541    142.4     0.167      1.00        1.961   0.000       0.00    
 272540    143.1     0.166      1.00        1.962   0.000       0.00    
 272539    143.8     0.166      1.00        1.963   0.000       0.00    
 272531    149.2     0.166      1.00        1.971   0.000       0.00    
 272522    155.2     0.165      1.00        1.981   0.000       0.00    
 272521    155.9     0.165      1.00        1.982   0.000       0.00    
 272520    156.6     0.165      1.00        1.983   0.000       0.00    
 272518    158.6     0.165      1.00        1.986   0.000       0.00    
 272593    181.4     0.163      1.00        2.021   0.000       0.00    
 272585    203.4     0.160      1.00        2.000   0.000      0.288E-02
 271545    135.5     0.167      1.00        2.000   0.000     -0.193E-02
 271544    138.3     0.167      1.00        1.956   0.000       0.00    
 271540    142.4     0.167      1.00        1.961   0.000       0.00    
 271535    149.2     0.166      1.00        1.971   0.000       0.00    
 271530    155.9     0.165      1.00        1.982   0.000       0.00    
 271518    181.4     0.163      1.00        2.021   0.000       0.00    
 271510    203.4     0.160      1.00        2.000   0.000      0.288E-02
 272238    135.5     0.167      1.00        2.000   0.000     -0.193E-02
 272237    138.3     0.167      1.00        1.956   0.000       0.00    
 272233    142.4     0.167      1.00        1.961   0.000       0.00    
 272228    149.2     0.166      1.00        1.971   0.000       0.00    
 272223    155.9     0.165      1.00        1.982   0.000       0.00    
 272211    181.4     0.163      1.00        2.021   0.000       0.00    
 272203    203.4     0.160      1.00        2.000   0.000      0.288E-02
 273161    135.6     0.167      1.00        2.000   0.000     -0.196E-02
 273160    138.3     0.167      1.00        1.956   0.000       0.00    
 273156    142.4     0.167      1.00        1.961   0.000       0.00    
 273151    149.2     0.166      1.00        1.971   0.000       0.00    
 273146    155.9     0.165      1.00        1.982   0.000       0.00    
 273134    181.4     0.163      1.00        2.021   0.000       0.00    
 273126    203.5     0.160      1.00        2.000   0.000      0.288E-02

                    Global Mass & Energy Balances
 Total mass in system at this time:            0.267661E+17 kg
 Total mass of steam in system at this time:   0.000000E+00 kg
 Total enthalpy in system at this time:        0.273739E+16 MJ

 Water discharge this time step:   0.103929E+10 kg (0.234576E+00 kg/s)
 Water input this time step:       0.000000E+00 kg (0.000000E+00 kg/s)
 Total water discharge:            0.111435E+12 kg (0.419200E+01 kg/s)
 Total water input:                0.000000E+00 kg (0.000000E+00 kg/s)

 Enthalpy discharge this time step:  0.320504E+11 MJ (0.723407E+01 MJ/s)
 Enthalpy input this time step:      0.215121E+11 MJ (0.485548E+01 MJ/s)
 Total enthalpy discharge:           0.160631E+13 MJ (0.604266E+02 MJ/s)
 Total enthalpy input:               0.117279E+13 MJ (0.441184E+02 MJ/s)

 Net kg water discharge (total out-total in):   0.111435E+12
 Net MJ energy discharge (total out-total in):   0.433519E+12
 Conservation Errors:  -0.124810E-02 (mass),  -0.421343E-04 (energy)

 Enthalpy discharge this time step:  0.230157E+11 MJ (0.432904E+01 MJ/s)
 Enthalpy input this time step:      0.161258E+11 MJ (0.303312E+01 MJ/s)
 Total enthalpy discharge:           0.162933E+13 MJ (0.510770E+02 MJ/s)
 Total enthalpy input:               0.118892E+13 MJ (0.372708E+02 MJ/s)

 Water discharge this time step:   0.000000E+00 kg (0.000000E+00 kg/s)
 Water input this time step:       0.769723E+08 kg (0.144778E-01 kg/s)
 Total water discharge:            0.111435E+12 kg (0.349333E+01 kg/s)
 Total water input:                0.769723E+08 kg (0.241296E-02 kg/s)

 Enthalpy discharge this time step:  0.230157E+11 MJ (0.432904E+01 MJ/s)
 Enthalpy input this time step:      0.161258E+11 MJ (0.303312E+01 MJ/s)
 Total enthalpy discharge:           0.162933E+13 MJ (0.510770E+02 MJ/s)
 Total enthalpy input:               0.118892E+13 MJ (0.372708E+02 MJ/s)

 Enthalpy discharge this time step:  0.165978E+11 MJ (0.260158E+01 MJ/s)
 Enthalpy input this time step:      0.124184E+11 MJ (0.194649E+01 MJ/s)
 Total enthalpy discharge:           0.164593E+13 MJ (0.429977E+02 MJ/s)
 Total enthalpy input:               0.120134E+13 MJ (0.313834E+02 MJ/s)

 Water discharge this time step:   0.000000E+00 kg (0.000000E+00 kg/s)
 Water input this time step:       0.105386E+10 kg (0.165185E+00 kg/s)
 Total water discharge:            0.111435E+12 kg (0.291111E+01 kg/s)
 Total water input:                0.113083E+10 kg (0.295416E-01 kg/s)

 Enthalpy discharge this time step:  0.165978E+11 MJ (0.260158E+01 MJ/s)
 Enthalpy input this time step:      0.124184E+11 MJ (0.194649E+01 MJ/s)
 Total enthalpy discharge:           0.164593E+13 MJ (0.429977E+02 MJ/s)
 Total enthalpy input:               0.120134E+13 MJ (0.313834E+02 MJ/s)

 Enthalpy discharge this time step:  0.126299E+11 MJ (0.164970E+01 MJ/s)
 Enthalpy input this time step:      0.102812E+11 MJ (0.134292E+01 MJ/s)
 Total enthalpy discharge:           0.165856E+13 MJ (0.361064E+02 MJ/s)
 Total enthalpy input:               0.121162E+13 MJ (0.263767E+02 MJ/s)

 Water discharge this time step:   0.000000E+00 kg (0.000000E+00 kg/s)
 Water input this time step:       0.189942E+10 kg (0.248100E+00 kg/s)
 Total water discharge:            0.111435E+12 kg (0.242593E+01 kg/s)
 Total water input:                0.303025E+10 kg (0.659680E-01 kg/s)

 Enthalpy discharge this time step:  0.126299E+11 MJ (0.164970E+01 MJ/s)
 Enthalpy input this time step:      0.102812E+11 MJ (0.134292E+01 MJ/s)
 Total enthalpy discharge:           0.165856E+13 MJ (0.361064E+02 MJ/s)
 Total enthalpy input:               0.121162E+13 MJ (0.263767E+02 MJ/s)

 Enthalpy discharge this time step:  0.107907E+11 MJ (0.117456E+01 MJ/s)
 Enthalpy input this time step:      0.954893E+10 MJ (0.103939E+01 MJ/s)
 Total enthalpy discharge:           0.166935E+13 MJ (0.302844E+02 MJ/s)
 Total enthalpy input:               0.122117E+13 MJ (0.221538E+02 MJ/s)

 Water discharge this time step:   0.000000E+00 kg (0.000000E+00 kg/s)
 Water input this time step:       0.265663E+10 kg (0.289172E+00 kg/s)
 Total water discharge:            0.111435E+12 kg (0.202161E+01 kg/s)
 Total water input:                0.568689E+10 kg (0.103169E+00 kg/s)

 Enthalpy discharge this time step:  0.107907E+11 MJ (0.117456E+01 MJ/s)
 Enthalpy input this time step:      0.954893E+10 MJ (0.103939E+01 MJ/s)
 Total enthalpy discharge:           0.166935E+13 MJ (0.302844E+02 MJ/s)
 Total enthalpy input:               0.122117E+13 MJ (0.221538E+02 MJ/s)

 Enthalpy discharge this time step:  0.105976E+11 MJ (0.961280E+00 MJ/s)
 Enthalpy input this time step:      0.993179E+10 MJ (0.900887E+00 MJ/s)
 Total enthalpy discharge:           0.167994E+13 MJ (0.253972E+02 MJ/s)
 Total enthalpy input:               0.123110E+13 MJ (0.186117E+02 MJ/s)

 Water discharge this time step:   0.000000E+00 kg (0.000000E+00 kg/s)
 Water input this time step:       0.338751E+10 kg (0.307272E+00 kg/s)
 Total water discharge:            0.111435E+12 kg (0.168467E+01 kg/s)
 Total water input:                0.907440E+10 kg (0.137186E+00 kg/s)

 Enthalpy discharge this time step:  0.105976E+11 MJ (0.961280E+00 MJ/s)
 Enthalpy input this time step:      0.993179E+10 MJ (0.900887E+00 MJ/s)
 Total enthalpy discharge:           0.167994E+13 MJ (0.253972E+02 MJ/s)
 Total enthalpy input:               0.123110E+13 MJ (0.186117E+02 MJ/s)

 Enthalpy discharge this time step:  0.115715E+11 MJ (0.874681E+00 MJ/s)
 Enthalpy input this time step:      0.111415E+11 MJ (0.842184E+00 MJ/s)
 Total enthalpy discharge:           0.169152E+13 MJ (0.213101E+02 MJ/s)
 Total enthalpy input:               0.124224E+13 MJ (0.156501E+02 MJ/s)

 Water discharge this time step:   0.000000E+00 kg (0.000000E+00 kg/s)
 Water input this time step:       0.415677E+10 kg (0.314208E+00 kg/s)
 Total water discharge:            0.111435E+12 kg (0.140389E+01 kg/s)
 Total water input:                0.132312E+11 kg (0.166690E+00 kg/s)

 Enthalpy discharge this time step:  0.115715E+11 MJ (0.874681E+00 MJ/s)
 Enthalpy input this time step:      0.111415E+11 MJ (0.842184E+00 MJ/s)
 Total enthalpy discharge:           0.169152E+13 MJ (0.213101E+02 MJ/s)
 Total enthalpy input:               0.124224E+13 MJ (0.156501E+02 MJ/s)

 Enthalpy discharge this time step:  0.133614E+11 MJ (0.841650E+00 MJ/s)
 Enthalpy input this time step:      0.129701E+11 MJ (0.817002E+00 MJ/s)
 Total enthalpy discharge:           0.170488E+13 MJ (0.178987E+02 MJ/s)
 Total enthalpy input:               0.125521E+13 MJ (0.131779E+02 MJ/s)

 Water discharge this time step:   0.000000E+00 kg (0.000000E+00 kg/s)
 Water input this time step:       0.502216E+10 kg (0.316352E+00 kg/s)
 Total water discharge:            0.111435E+12 kg (0.116991E+01 kg/s)
 Total water input:                0.182533E+11 kg (0.191633E+00 kg/s)

 Enthalpy discharge this time step:  0.133614E+11 MJ (0.841650E+00 MJ/s)
 Enthalpy input this time step:      0.129701E+11 MJ (0.817002E+00 MJ/s)
 Total enthalpy discharge:           0.170488E+13 MJ (0.178987E+02 MJ/s)
 Total enthalpy input:               0.125521E+13 MJ (0.131779E+02 MJ/s)

 Enthalpy discharge this time step:  0.157743E+11 MJ (0.828036E+00 MJ/s)
 Enthalpy input this time step:      0.153103E+11 MJ (0.803679E+00 MJ/s)
 Total enthalpy discharge:           0.172065E+13 MJ (0.150536E+02 MJ/s)
 Total enthalpy input:               0.127052E+13 MJ (0.111155E+02 MJ/s)

 Water discharge this time step:   0.000000E+00 kg (0.000000E+00 kg/s)
 Water input this time step:       0.603252E+10 kg (0.316664E+00 kg/s)
 Total water discharge:            0.111435E+12 kg (0.974926E+00 kg/s)
 Total water input:                0.242858E+11 kg (0.212472E+00 kg/s)

 Enthalpy discharge this time step:  0.157743E+11 MJ (0.828036E+00 MJ/s)
 Enthalpy input this time step:      0.153103E+11 MJ (0.803679E+00 MJ/s)
 Total enthalpy discharge:           0.172065E+13 MJ (0.150536E+02 MJ/s)
 Total enthalpy input:               0.127052E+13 MJ (0.111155E+02 MJ/s)

 Enthalpy discharge this time step:  0.187468E+11 MJ (0.820059E+00 MJ/s)
 Enthalpy input this time step:      0.181389E+11 MJ (0.793468E+00 MJ/s)
 Total enthalpy discharge:           0.173940E+13 MJ (0.126814E+02 MJ/s)
 Total enthalpy input:               0.128866E+13 MJ (0.939518E+01 MJ/s)

 Water discharge this time step:   0.000000E+00 kg (0.000000E+00 kg/s)
 Water input this time step:       0.723113E+10 kg (0.316318E+00 kg/s)
 Total water discharge:            0.111435E+12 kg (0.812438E+00 kg/s)
 Total water input:                0.315170E+11 kg (0.229779E+00 kg/s)

 Enthalpy discharge this time step:  0.187468E+11 MJ (0.820059E+00 MJ/s)
 Enthalpy input this time step:      0.181389E+11 MJ (0.793468E+00 MJ/s)
 Total enthalpy discharge:           0.173940E+13 MJ (0.126814E+02 MJ/s)
 Total enthalpy input:               0.128866E+13 MJ (0.939518E+01 MJ/s)
*********************************************************************
 Time Step       121

                    Timing Information
           Years              Days         Step Size (Days)
      5215.67536          1905025.42         317504.237    
 Cpu Sec for Time Step =   15.23     Current Total =     503.0    

                    Equation Performance
 Number of N-R Iterations:          2
 Avg # of Linear Equation Solver Iterations:  78.5
 Number of Active Nodes:    543747.
 Total Number of Iterations, N-R:        242 , Solver:       3613
 Phase Changes This Time Step:        0 Total           0
 Nodes Liq Phase:   543747 change        0
 Nodes Two Phase:        0 change        0
 Nodes Gas Phase:         0 change        0
 Nodes SC Phase:        0 change        0
 Number of restarted time steps            0
                    Largest Residuals
 EQ1 R=  0.8314E-10 node= 271898 zone=     4 x= 0.000     y= 0.000     z=0.2450E+05
 EQ2 R=  0.1171E-09 node= 224270 zone=     1 x=-8000.     y= 1000.     z=0.2450E+05
   Node   Equation 1 Residual   Equation 2 Residual
 271231      0.249900E-12           0.428738E-16
 271225     -0.558277E-12           0.233493E-10
 271222     -0.207104E-11          -0.202382E-10
 271221     -0.211451E-11          -0.159133E-10
 271220     -0.135452E-11          -0.127563E-10
 271219     -0.924063E-12          -0.931890E-11
 271211     -0.445967E-12           0.106322E-10
 271202     -0.405025E-12          -0.241090E-12
 271201     -0.316189E-12           0.130632E-11
 271200     -0.605785E-12           0.209493E-11
 271198      0.788913E-12           0.926362E-11
 271121     -0.239712E-11           0.919626E-12
 271113      0.133930E-11           0.207913E-15
 271899     -0.384210E-14          -0.391445E-16
 271893      0.318117E-11           0.212451E-10
 271890     -0.403505E-11          -0.201530E-10
 271889     -0.358997E-11          -0.159217E-10
 271889     -0.358997E-11          -0.159217E-10
 271887     -0.412571E-12          -0.937436E-11
 271879     -0.108158E-11           0.107210E-10
 271870      0.231199E-12          -0.260386E-12
 271869      0.391818E-13           0.131250E-11
 271868     -0.148862E-12           0.212786E-11
 271865      0.179860E-11           0.793682E-11
 271857     -0.228386E-11           0.875096E-12
 271849      0.209048E-11          -0.202995E-15
 272551      0.460442E-12           0.428744E-16
 272545     -0.422079E-12           0.233789E-10
 272542     -0.201064E-11          -0.202677E-10
 272541     -0.222462E-11          -0.159385E-10
 272540     -0.147884E-11          -0.127751E-10
 272539     -0.110513E-11          -0.933350E-11
 272531     -0.471073E-12           0.106553E-10
 272522     -0.373260E-12          -0.243168E-12
 272521     -0.275021E-12           0.130954E-11
 272520     -0.540950E-12           0.210252E-11
 272518      0.842339E-12           0.928942E-11
 272593     -0.227763E-11           0.904610E-12
 272585      0.162175E-11           0.207934E-15
 271545      0.221668E-11          -0.363840E-16
 271544      0.233536E-11          -0.174279E-10
 271540     -0.159767E-11          -0.156696E-10
 271535      0.359244E-11           0.196533E-10
 271530     -0.393003E-12           0.125824E-11
 271518     -0.235591E-11           0.887435E-12
 271510      0.204727E-11          -0.205238E-15
 272238      0.109570E-11          -0.363760E-16
 272237      0.202309E-11          -0.174164E-10
 272233     -0.215728E-11          -0.156818E-10
 272228      0.370455E-11           0.196757E-10
 272223     -0.152118E-12           0.126029E-11
 272211     -0.239503E-11           0.879468E-12
 272203      0.226205E-11          -0.205225E-15
 273161      0.115277E-11          -0.360407E-16
 273160      0.169208E-11          -0.195310E-10
 273156     -0.148777E-11          -0.143288E-10
 273151      0.332064E-11           0.184551E-10
 273146     -0.271477E-12           0.122012E-11
 273134     -0.269843E-11           0.966303E-12
 273126      0.161536E-11          -0.784863E-16

                    Nodal Information (Water)
                                                  source/sink  E source/sink
   Node   P (MPa)    E (MJ)    L sat     Temp (C)    (kg/s)       (MJ/s)
 271231    134.7     0.167      1.00        2.000   0.000     -0.462E-04
 271225    138.9     0.166      1.00        1.956   0.000       0.00    
 271222    140.9     0.166      1.00        1.959   0.000       0.00    
 271221    141.6     0.166      1.00        1.960   0.000       0.00    
 271220    142.3     0.166      1.00        1.961   0.000       0.00    
 271219    143.0     0.166      1.00        1.962   0.000       0.00    
 271211    148.5     0.165      1.00        1.971   0.000       0.00    
 271202    154.8     0.165      1.00        1.980   0.000       0.00    
 271201    155.4     0.165      1.00        1.981   0.000       0.00    
 271200    156.1     0.165      1.00        1.982   0.000       0.00    
 271198    158.2     0.165      1.00        1.985   0.000       0.00    
 271121    181.9     0.163      1.00        2.022   0.000       0.00    
 271113    204.3     0.161      1.00        2.000   0.000      0.325E-03
 271899    135.2     0.167      1.00        2.000 -0.3157     -0.527E-01
 271893    138.9     0.166      1.00        1.956   0.000       0.00    
 271890    140.9     0.166      1.00        1.959   0.000       0.00    
 271889    141.6     0.166      1.00        1.960   0.000       0.00    
 271889    141.6     0.166      1.00        1.960   0.000       0.00    
 271887    143.0     0.166      1.00        1.962   0.000       0.00    
 271879    148.5     0.165      1.00        1.970   0.000       0.00    
 271870    154.8     0.165      1.00        1.980   0.000       0.00    
 271869    155.4     0.165      1.00        1.981   0.000       0.00    
 271868    156.1     0.165      1.00        1.982   0.000       0.00    
 271865    159.6     0.165      1.00        1.987   0.000       0.00    
 271857    181.9     0.163      1.00        2.022   0.000       0.00    
 271849    204.3     0.161      1.00        2.000   0.000      0.325E-03
 272551    134.7     0.167      1.00        2.000   0.000     -0.462E-04
 272545    138.9     0.166      1.00        1.956   0.000       0.00    
 272542    140.9     0.166      1.00        1.959   0.000       0.00    
 272541    141.6     0.166      1.00        1.960   0.000       0.00    
 272540    142.3     0.166      1.00        1.961   0.000       0.00    
 272539    143.0     0.166      1.00        1.962   0.000       0.00    
 272531    148.5     0.165      1.00        1.971   0.000       0.00    
 272522    154.8     0.165      1.00        1.980   0.000       0.00    
 272521    155.4     0.165      1.00        1.981   0.000       0.00    
 272520    156.1     0.165      1.00        1.982   0.000       0.00    
 272518    158.2     0.165      1.00        1.985   0.000       0.00    
 272593    181.9     0.163      1.00        2.022   0.000       0.00    
 272585    204.3     0.161      1.00        2.000   0.000      0.325E-03
 271545    134.7     0.167      1.00        2.000   0.000     -0.278E-03
 271544    137.5     0.166      1.00        1.957   0.000       0.00    
 271540    141.6     0.166      1.00        1.960   0.000       0.00    
 271535    148.5     0.165      1.00        1.971   0.000       0.00    
 271530    155.4     0.165      1.00        1.981   0.000       0.00    
 271518    181.9     0.163      1.00        2.022   0.000       0.00    
 271510    204.3     0.161      1.00        2.000   0.000      0.325E-03
 272238    134.7     0.167      1.00        2.000   0.000     -0.278E-03
 272237    137.5     0.166      1.00        1.957   0.000       0.00    
 272233    141.6     0.166      1.00        1.960   0.000       0.00    
 272228    148.5     0.165      1.00        1.971   0.000       0.00    
 272223    155.4     0.165      1.00        1.981   0.000       0.00    
 272211    181.9     0.163      1.00        2.022   0.000       0.00    
 272203    204.3     0.161      1.00        2.000   0.000      0.325E-03
 273161    134.7     0.167      1.00        2.000   0.000     -0.278E-03
 273160    137.5     0.166      1.00        1.957   0.000       0.00    
 273156    141.6     0.166      1.00        1.960   0.000       0.00    
 273151    148.5     0.165      1.00        1.971   0.000       0.00    
 273146    155.4     0.165      1.00        1.981   0.000       0.00    
 273134    181.9     0.163      1.00        2.022   0.000       0.00    
 273126    204.3     0.161      1.00        2.000   0.000      0.325E-03

                    Global Mass & Energy Balances
 Total mass in system at this time:            0.267661E+17 kg
 Total mass of steam in system at this time:   0.000000E+00 kg
 Total enthalpy in system at this time:        0.273738E+16 MJ

 Water discharge this time step:   0.000000E+00 kg (0.000000E+00 kg/s)
 Water input this time step:       0.866059E+10 kg (0.315707E+00 kg/s)
 Total water discharge:            0.111435E+12 kg (0.677032E+00 kg/s)
 Total water input:                0.401776E+11 kg (0.244101E+00 kg/s)

 Enthalpy discharge this time step:  0.222991E+11 MJ (0.812877E+00 MJ/s)
 Enthalpy input this time step:      0.214878E+11 MJ (0.783301E+00 MJ/s)
 Total enthalpy discharge:           0.176170E+13 MJ (0.107033E+02 MJ/s)
 Total enthalpy input:               0.131015E+13 MJ (0.795987E+01 MJ/s)

 Net kg water discharge (total out-total in):   0.712579E+11
 Net MJ energy discharge (total out-total in):   0.451549E+12
 Conservation Errors:  -0.125466E-02 (mass),  -0.377159E-04 (energy)

 Enthalpy discharge this time step:  0.264979E+11 MJ (0.804947E+00 MJ/s)
 Enthalpy input this time step:      0.254202E+11 MJ (0.772208E+00 MJ/s)
 Total enthalpy discharge:           0.178819E+13 MJ (0.905355E+01 MJ/s)
 Total enthalpy input:               0.133557E+13 MJ (0.676193E+01 MJ/s)

 Water discharge this time step:   0.000000E+00 kg (0.000000E+00 kg/s)
 Water input this time step:       0.103671E+11 kg (0.314928E+00 kg/s)
 Total water discharge:            0.111435E+12 kg (0.564193E+00 kg/s)
 Total water input:                0.505446E+11 kg (0.255905E+00 kg/s)

 Enthalpy discharge this time step:  0.264979E+11 MJ (0.804947E+00 MJ/s)
 Enthalpy input this time step:      0.254202E+11 MJ (0.772208E+00 MJ/s)
 Total enthalpy discharge:           0.178819E+13 MJ (0.905355E+01 MJ/s)
 Total enthalpy input:               0.133557E+13 MJ (0.676193E+01 MJ/s)

 Enthalpy discharge this time step:  0.314340E+11 MJ (0.795744E+00 MJ/s)
 Enthalpy input this time step:      0.300170E+11 MJ (0.759874E+00 MJ/s)
 Total enthalpy discharge:           0.181963E+13 MJ (0.767725E+01 MJ/s)
 Total enthalpy input:               0.136559E+13 MJ (0.576158E+01 MJ/s)

 Water discharge this time step:   0.000000E+00 kg (0.000000E+00 kg/s)
 Water input this time step:       0.124033E+11 kg (0.313988E+00 kg/s)
 Total water discharge:            0.111435E+12 kg (0.470161E+00 kg/s)
 Total water input:                0.629480E+11 kg (0.265586E+00 kg/s)

 Enthalpy discharge this time step:  0.314340E+11 MJ (0.795744E+00 MJ/s)
 Enthalpy input this time step:      0.300170E+11 MJ (0.759874E+00 MJ/s)
 Total enthalpy discharge:           0.181963E+13 MJ (0.767725E+01 MJ/s)
 Total enthalpy input:               0.136559E+13 MJ (0.576158E+01 MJ/s)

 Enthalpy discharge this time step:  0.372115E+11 MJ (0.785002E+00 MJ/s)
 Enthalpy input this time step:      0.353700E+11 MJ (0.746154E+00 MJ/s)
 Total enthalpy discharge:           0.185684E+13 MJ (0.652854E+01 MJ/s)
 Total enthalpy input:               0.140096E+13 MJ (0.492568E+01 MJ/s)

 Water discharge this time step:   0.000000E+00 kg (0.000000E+00 kg/s)
 Water input this time step:       0.148306E+11 kg (0.312862E+00 kg/s)
 Total water discharge:            0.111435E+12 kg (0.391801E+00 kg/s)
 Total water input:                0.777786E+11 kg (0.273465E+00 kg/s)

 Enthalpy discharge this time step:  0.372115E+11 MJ (0.785002E+00 MJ/s)
 Enthalpy input this time step:      0.353700E+11 MJ (0.746154E+00 MJ/s)
 Total enthalpy discharge:           0.185684E+13 MJ (0.652854E+01 MJ/s)
 Total enthalpy input:               0.140096E+13 MJ (0.492568E+01 MJ/s)

 Enthalpy discharge this time step:  0.439429E+11 MJ (0.772504E+00 MJ/s)
 Enthalpy input this time step:      0.415788E+11 MJ (0.730942E+00 MJ/s)
 Total enthalpy discharge:           0.190078E+13 MJ (0.556920E+01 MJ/s)
 Total enthalpy input:               0.144253E+13 MJ (0.422656E+01 MJ/s)

 Water discharge this time step:   0.000000E+00 kg (0.000000E+00 kg/s)
 Water input this time step:       0.177202E+11 kg (0.311515E+00 kg/s)
 Total water discharge:            0.111435E+12 kg (0.326501E+00 kg/s)
 Total water input:                0.954988E+11 kg (0.279807E+00 kg/s)

 Enthalpy discharge this time step:  0.439429E+11 MJ (0.772504E+00 MJ/s)
 Enthalpy input this time step:      0.415788E+11 MJ (0.730942E+00 MJ/s)
 Total enthalpy discharge:           0.190078E+13 MJ (0.556920E+01 MJ/s)
 Total enthalpy input:               0.144253E+13 MJ (0.422656E+01 MJ/s)

 Enthalpy discharge this time step:  0.517444E+11 MJ (0.758044E+00 MJ/s)
 Enthalpy input this time step:      0.487482E+11 MJ (0.714150E+00 MJ/s)
 Total enthalpy discharge:           0.195253E+13 MJ (0.476734E+01 MJ/s)
 Total enthalpy input:               0.149128E+13 MJ (0.364116E+01 MJ/s)

 Water discharge this time step:   0.000000E+00 kg (0.000000E+00 kg/s)
 Water input this time step:       0.211545E+11 kg (0.309908E+00 kg/s)
 Total water discharge:            0.111435E+12 kg (0.272084E+00 kg/s)
 Total water input:                0.116653E+12 kg (0.284824E+00 kg/s)

 Enthalpy discharge this time step:  0.517444E+11 MJ (0.758044E+00 MJ/s)
 Enthalpy input this time step:      0.487482E+11 MJ (0.714150E+00 MJ/s)
 Total enthalpy discharge:           0.195253E+13 MJ (0.476734E+01 MJ/s)
 Total enthalpy input:               0.149128E+13 MJ (0.364116E+01 MJ/s)

 Enthalpy discharge this time step:  0.607319E+11 MJ (0.741423E+00 MJ/s)
 Enthalpy input this time step:      0.569865E+11 MJ (0.695698E+00 MJ/s)
 Total enthalpy discharge:           0.201326E+13 MJ (0.409636E+01 MJ/s)
 Total enthalpy input:               0.154827E+13 MJ (0.315025E+01 MJ/s)

 Water discharge this time step:   0.000000E+00 kg (0.000000E+00 kg/s)
 Water input this time step:       0.252284E+11 kg (0.307991E+00 kg/s)
 Total water discharge:            0.111435E+12 kg (0.226737E+00 kg/s)
 Total water input:                0.141882E+12 kg (0.288685E+00 kg/s)

 Enthalpy discharge this time step:  0.607319E+11 MJ (0.741423E+00 MJ/s)
 Enthalpy input this time step:      0.569865E+11 MJ (0.695698E+00 MJ/s)
 Total enthalpy discharge:           0.201326E+13 MJ (0.409636E+01 MJ/s)
 Total enthalpy input:               0.154827E+13 MJ (0.315025E+01 MJ/s)

 Enthalpy discharge this time step:  0.710148E+11 MJ (0.722465E+00 MJ/s)
 Enthalpy input this time step:      0.664015E+11 MJ (0.675532E+00 MJ/s)
 Total enthalpy discharge:           0.208427E+13 MJ (0.353404E+01 MJ/s)
 Total enthalpy input:               0.161467E+13 MJ (0.273779E+01 MJ/s)

 Water discharge this time step:   0.000000E+00 kg (0.000000E+00 kg/s)
 Water input this time step:       0.300496E+11 kg (0.305708E+00 kg/s)
 Total water discharge:            0.111435E+12 kg (0.188947E+00 kg/s)
 Total water input:                0.171931E+12 kg (0.291522E+00 kg/s)

 Enthalpy discharge this time step:  0.710148E+11 MJ (0.722465E+00 MJ/s)
 Enthalpy input this time step:      0.664015E+11 MJ (0.675532E+00 MJ/s)
 Total enthalpy discharge:           0.208427E+13 MJ (0.353404E+01 MJ/s)
 Total enthalpy input:               0.161467E+13 MJ (0.273779E+01 MJ/s)

 Enthalpy discharge this time step:  0.826896E+11 MJ (0.701032E+00 MJ/s)
 Enthalpy input this time step:      0.770976E+11 MJ (0.653623E+00 MJ/s)
 Total enthalpy discharge:           0.216696E+13 MJ (0.306187E+01 MJ/s)
 Total enthalpy input:               0.169177E+13 MJ (0.239043E+01 MJ/s)

 Water discharge this time step:   0.000000E+00 kg (0.000000E+00 kg/s)
 Water input this time step:       0.357391E+11 kg (0.302991E+00 kg/s)
 Total water discharge:            0.111435E+12 kg (0.157456E+00 kg/s)
 Total water input:                0.207670E+12 kg (0.293434E+00 kg/s)

 Enthalpy discharge this time step:  0.826896E+11 MJ (0.701032E+00 MJ/s)
 Enthalpy input this time step:      0.770976E+11 MJ (0.653623E+00 MJ/s)
 Total enthalpy discharge:           0.216696E+13 MJ (0.306187E+01 MJ/s)
 Total enthalpy input:               0.169177E+13 MJ (0.239043E+01 MJ/s)

 Enthalpy discharge this time step:  0.958320E+11 MJ (0.677043E+00 MJ/s)
 Enthalpy input this time step:      0.891700E+11 MJ (0.629977E+00 MJ/s)
 Total enthalpy discharge:           0.226280E+13 MJ (0.266440E+01 MJ/s)
 Total enthalpy input:               0.178094E+13 MJ (0.209702E+01 MJ/s)

 Water discharge this time step:   0.000000E+00 kg (0.000000E+00 kg/s)
 Water input this time step:       0.424304E+11 kg (0.299766E+00 kg/s)
 Total water discharge:            0.111435E+12 kg (0.131213E+00 kg/s)
 Total water input:                0.250101E+12 kg (0.294489E+00 kg/s)

 Enthalpy discharge this time step:  0.958320E+11 MJ (0.677043E+00 MJ/s)
 Enthalpy input this time step:      0.891700E+11 MJ (0.629977E+00 MJ/s)
 Total enthalpy discharge:           0.226280E+13 MJ (0.266440E+01 MJ/s)
 Total enthalpy input:               0.178094E+13 MJ (0.209702E+01 MJ/s)
*********************************************************************
 Time Step       131

                    Timing Information
           Years              Days         Step Size (Days)
      32294.0871          11795415.3         1965902.55    
 Cpu Sec for Time Step =   19.27     Current Total =     681.1    

                    Equation Performance
 Number of N-R Iterations:          2
 Avg # of Linear Equation Solver Iterations: 101.0
 Number of Active Nodes:    543747.
 Total Number of Iterations, N-R:        262 , Solver:       5463
 Phase Changes This Time Step:        0 Total           0
 Nodes Liq Phase:   543747 change        0
 Nodes Two Phase:        0 change        0
 Nodes Gas Phase:         0 change        0
 Nodes SC Phase:        0 change        0
 Number of restarted time steps            0
                    Largest Residuals
 EQ1 R=  0.1020E-08 node=   3703 zone=     3 x=-.5000E+05 y=0.5000E+05 z=-.2100E+05
 EQ2 R=  0.1289E-08 node= 533163 zone=     2 x=0.4800E+05 y=0.5000E+05 z=0.1500E+05
   Node   Equation 1 Residual   Equation 2 Residual
 271231      0.147274E-09           0.100489E-15
 271225      0.292143E-10           0.244654E-09
 271222      0.631841E-10          -0.402090E-09
 271221      0.449709E-10          -0.341755E-09
 271220     -0.294069E-11          -0.289454E-09
 271219     -0.478784E-10          -0.165630E-09
 271211     -0.410826E-10           0.262188E-09
 271202     -0.113804E-10          -0.166023E-10
 271201     -0.398278E-10          -0.289371E-11
 271200     -0.197433E-10           0.595168E-10
 271198     -0.860350E-11           0.668960E-09
 271121     -0.309052E-09          -0.842664E-09
 271113     -0.165760E-09          -0.105592E-15
 271899     -0.643678E-14          -0.999980E-16
 271893      0.665573E-10           0.216200E-09
 271890     -0.400073E-11          -0.401372E-09
 271889      0.111394E-10          -0.333439E-09
 271889      0.111394E-10          -0.333439E-09
 271887     -0.483338E-10          -0.180707E-09
 271879     -0.152227E-09           0.253556E-09
 271870     -0.243812E-10          -0.120941E-10
 271869     -0.292072E-10           0.208937E-11
 271868     -0.410180E-10           0.642563E-10
 271865     -0.270897E-10           0.101137E-08
 271857     -0.256023E-09          -0.843235E-09
 271849     -0.186675E-09          -0.199602E-15
 272551      0.114431E-09           0.100504E-15
 272545      0.459255E-10           0.244671E-09
 272542      0.660443E-10          -0.404091E-09
 272541      0.413653E-10          -0.343815E-09
 272540     -0.524383E-11          -0.290927E-09
 272539     -0.482774E-10          -0.165956E-09
 272531     -0.347639E-10           0.260799E-09
 272522      0.209285E-11          -0.151200E-10
 272521     -0.236021E-10          -0.689319E-12
 272520     -0.102152E-10           0.627608E-10
 272518     -0.826549E-11           0.669690E-09
 272593     -0.260541E-09          -0.843620E-09
 272585     -0.124572E-09          -0.105272E-15
 271545     -0.102117E-10          -0.418445E-16
 271544     -0.188968E-10           0.539952E-09
 271540     -0.307125E-10          -0.258910E-09
 271535     -0.567990E-10           0.125252E-08
 271530      0.688410E-10           0.569395E-10
 271518     -0.278275E-09          -0.842960E-09
 271510     -0.183891E-09           0.172099E-15
 272238     -0.384183E-10          -0.416419E-16
 272237     -0.409962E-10           0.544251E-09
 272233     -0.268998E-10          -0.269342E-09
 272228     -0.317741E-10           0.125229E-08
 272223      0.723149E-10           0.648434E-10
 272211     -0.250573E-09          -0.843436E-09
 272203     -0.127254E-09           0.172249E-15
 273161      0.360963E-10          -0.123528E-17
 273160     -0.832454E-11           0.544604E-09
 273156     -0.268618E-10          -0.240942E-09
 273151     -0.965652E-10           0.124665E-08
 273146     -0.745288E-10           0.545093E-10
 273134     -0.273081E-09          -0.843558E-09
 273126     -0.213696E-09           0.163249E-15

                    Nodal Information (Water)
                                                  source/sink  E source/sink
   Node   P (MPa)    E (MJ)    L sat     Temp (C)    (kg/s)       (MJ/s)
 271231    134.8     0.167      1.00        2.000   0.000     -0.194E-04
 271225    138.9     0.166      1.00        1.959   0.000       0.00    
 271222    141.0     0.166      1.00        1.960   0.000       0.00    
 271221    141.7     0.166      1.00        1.960   0.000       0.00    
 271220    142.3     0.166      1.00        1.961   0.000       0.00    
 271219    143.0     0.166      1.00        1.962   0.000       0.00    
 271211    148.6     0.165      1.00        1.971   0.000       0.00    
 271202    154.8     0.165      1.00        1.980   0.000       0.00    
 271201    155.5     0.165      1.00        1.981   0.000       0.00    
 271200    156.2     0.165      1.00        1.982   0.000       0.00    
 271198    158.2     0.165      1.00        1.985   0.000       0.00    
 271121    181.9     0.163      1.00        2.022   0.000       0.00    
 271113    204.4     0.161      1.00        2.000   0.000      0.260E-03
 271899    135.2     0.167      1.00        2.000 -0.2959     -0.494E-01
 271893    138.9     0.166      1.00        1.960   0.000       0.00    
 271890    141.0     0.166      1.00        1.960   0.000       0.00    
 271889    141.7     0.166      1.00        1.960   0.000       0.00    
 271889    141.7     0.166      1.00        1.960   0.000       0.00    
 271887    143.0     0.166      1.00        1.962   0.000       0.00    
 271879    148.6     0.165      1.00        1.971   0.000       0.00    
 271870    154.8     0.165      1.00        1.980   0.000       0.00    
 271869    155.5     0.165      1.00        1.981   0.000       0.00    
 271868    156.2     0.165      1.00        1.982   0.000       0.00    
 271865    159.6     0.165      1.00        1.987   0.000       0.00    
 271857    181.9     0.163      1.00        2.022   0.000       0.00    
 271849    204.4     0.161      1.00        2.000   0.000      0.260E-03
 272551    134.8     0.167      1.00        2.000   0.000     -0.194E-04
 272545    138.9     0.166      1.00        1.959   0.000       0.00    
 272542    141.0     0.166      1.00        1.960   0.000       0.00    
 272541    141.7     0.166      1.00        1.960   0.000       0.00    
 272540    142.3     0.166      1.00        1.961   0.000       0.00    
 272539    143.0     0.166      1.00        1.962   0.000       0.00    
 272531    148.6     0.165      1.00        1.971   0.000       0.00    
 272522    154.8     0.165      1.00        1.980   0.000       0.00    
 272521    155.5     0.165      1.00        1.981   0.000       0.00    
 272520    156.2     0.165      1.00        1.982   0.000       0.00    
 272518    158.2     0.165      1.00        1.985   0.000       0.00    
 272593    181.9     0.163      1.00        2.022   0.000       0.00    
 272585    204.4     0.161      1.00        2.000   0.000      0.260E-03
 271545    134.8     0.167      1.00        2.000   0.000     -0.219E-03
 271544    137.5     0.166      1.00        1.966   0.000       0.00    
 271540    141.7     0.166      1.00        1.960   0.000       0.00    
 271535    148.6     0.165      1.00        1.971   0.000       0.00    
 271530    155.5     0.165      1.00        1.981   0.000       0.00    
 271518    181.9     0.163      1.00        2.022   0.000       0.00    
 271510    204.4     0.161      1.00        2.000   0.000      0.260E-03
 272238    134.8     0.167      1.00        2.000   0.000     -0.219E-03
 272237    137.5     0.166      1.00        1.966   0.000       0.00    
 272233    141.7     0.166      1.00        1.960   0.000       0.00    
 272228    148.6     0.165      1.00        1.971   0.000       0.00    
 272223    155.5     0.165      1.00        1.981   0.000       0.00    
 272211    181.9     0.163      1.00        2.022   0.000       0.00    
 272203    204.4     0.161      1.00        2.000   0.000      0.260E-03
 273161    134.8     0.167      1.00        2.000   0.000     -0.219E-03
 273160    137.5     0.166      1.00        1.966   0.000       0.00    
 273156    141.6     0.166      1.00        1.961   0.000       0.00    
 273151    148.6     0.165      1.00        1.971   0.000       0.00    
 273146    155.5     0.165      1.00        1.981   0.000       0.00    
 273134    181.9     0.163      1.00        2.022   0.000       0.00    
 273126    204.4     0.161      1.00        2.000   0.000      0.260E-03

                    Global Mass & Energy Balances
 Total mass in system at this time:            0.267664E+17 kg
 Total mass of steam in system at this time:   0.000000E+00 kg
 Total enthalpy in system at this time:        0.273734E+16 MJ

 Water discharge this time step:   0.000000E+00 kg (0.000000E+00 kg/s)
 Water input this time step:       0.502674E+11 kg (0.295945E+00 kg/s)
 Total water discharge:            0.111435E+12 kg (0.109344E+00 kg/s)
 Total water input:                0.300368E+12 kg (0.294732E+00 kg/s)

 Enthalpy discharge this time step:  0.110490E+12 MJ (0.650499E+00 MJ/s)
 Enthalpy input this time step:      0.102700E+12 MJ (0.604640E+00 MJ/s)
 Total enthalpy discharge:           0.237329E+13 MJ (0.232875E+01 MJ/s)
 Total enthalpy input:               0.188364E+13 MJ (0.184829E+01 MJ/s)

 Net kg water discharge (total out-total in):  -0.188933E+12
 Net MJ energy discharge (total out-total in):   0.489647E+12
 Conservation Errors:  -0.542082E-03 (mass),  -0.295570E-04 (energy)

 Enthalpy discharge this time step:  0.126677E+12 MJ (0.621498E+00 MJ/s)
 Enthalpy input this time step:      0.117751E+12 MJ (0.577706E+00 MJ/s)
 Total enthalpy discharge:           0.249996E+13 MJ (0.204421E+01 MJ/s)
 Total enthalpy input:               0.200139E+13 MJ (0.163653E+01 MJ/s)

 Water discharge this time step:   0.000000E+00 kg (0.000000E+00 kg/s)
 Water input this time step:       0.594010E+11 kg (0.291432E+00 kg/s)
 Total water discharge:            0.111435E+12 kg (0.911203E-01 kg/s)
 Total water input:                0.359769E+12 kg (0.294182E+00 kg/s)

 Enthalpy discharge this time step:  0.126677E+12 MJ (0.621498E+00 MJ/s)
 Enthalpy input this time step:      0.117751E+12 MJ (0.577706E+00 MJ/s)
 Total enthalpy discharge:           0.249996E+13 MJ (0.204421E+01 MJ/s)
 Total enthalpy input:               0.200139E+13 MJ (0.163653E+01 MJ/s)

 Enthalpy discharge this time step:  0.144370E+12 MJ (0.590255E+00 MJ/s)
 Enthalpy input this time step:      0.134358E+12 MJ (0.549321E+00 MJ/s)
 Total enthalpy discharge:           0.264433E+13 MJ (0.180188E+01 MJ/s)
 Total enthalpy input:               0.213575E+13 MJ (0.145533E+01 MJ/s)

 Water discharge this time step:   0.000000E+00 kg (0.000000E+00 kg/s)
 Water input this time step:       0.699818E+11 kg (0.286119E+00 kg/s)
 Total water discharge:            0.111435E+12 kg (0.759336E-01 kg/s)
 Total water input:                0.429751E+12 kg (0.292838E+00 kg/s)

 Enthalpy discharge this time step:  0.144370E+12 MJ (0.590255E+00 MJ/s)
 Enthalpy input this time step:      0.134358E+12 MJ (0.549321E+00 MJ/s)
 Total enthalpy discharge:           0.264433E+13 MJ (0.180188E+01 MJ/s)
 Total enthalpy input:               0.213575E+13 MJ (0.145533E+01 MJ/s)

 Enthalpy discharge this time step:  0.163513E+12 MJ (0.557099E+00 MJ/s)
 Enthalpy input this time step:      0.152532E+12 MJ (0.519686E+00 MJ/s)
 Total enthalpy discharge:           0.280785E+13 MJ (0.159442E+01 MJ/s)
 Total enthalpy input:               0.228828E+13 MJ (0.129939E+01 MJ/s)

 Water discharge this time step:   0.000000E+00 kg (0.000000E+00 kg/s)
 Water input this time step:       0.821547E+11 kg (0.279907E+00 kg/s)
 Total water discharge:            0.111435E+12 kg (0.632780E-01 kg/s)
 Total water input:                0.511906E+12 kg (0.290683E+00 kg/s)

 Enthalpy discharge this time step:  0.163513E+12 MJ (0.557099E+00 MJ/s)
 Enthalpy input this time step:      0.152532E+12 MJ (0.519686E+00 MJ/s)
 Total enthalpy discharge:           0.280785E+13 MJ (0.159442E+01 MJ/s)
 Total enthalpy input:               0.228828E+13 MJ (0.129939E+01 MJ/s)

 Enthalpy discharge this time step:  0.184017E+12 MJ (0.522464E+00 MJ/s)
 Enthalpy input this time step:      0.172256E+12 MJ (0.489073E+00 MJ/s)
 Total enthalpy discharge:           0.299186E+13 MJ (0.141576E+01 MJ/s)
 Total enthalpy input:               0.246054E+13 MJ (0.116433E+01 MJ/s)

 Water discharge this time step:   0.000000E+00 kg (0.000000E+00 kg/s)
 Water input this time step:       0.960637E+11 kg (0.272746E+00 kg/s)
 Total water discharge:            0.111435E+12 kg (0.527317E-01 kg/s)
 Total water input:                0.607969E+12 kg (0.287693E+00 kg/s)

 Enthalpy discharge this time step:  0.184017E+12 MJ (0.522464E+00 MJ/s)
 Enthalpy input this time step:      0.172256E+12 MJ (0.489073E+00 MJ/s)
 Total enthalpy discharge:           0.299186E+13 MJ (0.141576E+01 MJ/s)
 Total enthalpy input:               0.246054E+13 MJ (0.116433E+01 MJ/s)

 Enthalpy discharge this time step:  0.205772E+12 MJ (0.486859E+00 MJ/s)
 Enthalpy input this time step:      0.193498E+12 MJ (0.457820E+00 MJ/s)
 Total enthalpy discharge:           0.319763E+13 MJ (0.126094E+01 MJ/s)
 Total enthalpy input:               0.265403E+13 MJ (0.104658E+01 MJ/s)

 Water discharge this time step:   0.000000E+00 kg (0.000000E+00 kg/s)
 Water input this time step:       0.111880E+12 kg (0.264710E+00 kg/s)
 Total water discharge:            0.111435E+12 kg (0.439431E-01 kg/s)
 Total water input:                0.719849E+12 kg (0.283863E+00 kg/s)

 Enthalpy discharge this time step:  0.205772E+12 MJ (0.486859E+00 MJ/s)
 Enthalpy input this time step:      0.193498E+12 MJ (0.457820E+00 MJ/s)
 Total enthalpy discharge:           0.319763E+13 MJ (0.126094E+01 MJ/s)
 Total enthalpy input:               0.265403E+13 MJ (0.104658E+01 MJ/s)

 Enthalpy discharge this time step:  0.228713E+12 MJ (0.450950E+00 MJ/s)
 Enthalpy input this time step:      0.216137E+12 MJ (0.426152E+00 MJ/s)
 Total enthalpy discharge:           0.342635E+13 MJ (0.112594E+01 MJ/s)
 Total enthalpy input:               0.287017E+13 MJ (0.943177E+00 MJ/s)

 Water discharge this time step:   0.000000E+00 kg (0.000000E+00 kg/s)
 Water input this time step:       0.129555E+12 kg (0.255441E+00 kg/s)
 Total water discharge:            0.111435E+12 kg (0.366192E-01 kg/s)
 Total water input:                0.849404E+12 kg (0.279126E+00 kg/s)

 Enthalpy discharge this time step:  0.228713E+12 MJ (0.450950E+00 MJ/s)
 Enthalpy input this time step:      0.216137E+12 MJ (0.426152E+00 MJ/s)
 Total enthalpy discharge:           0.342635E+13 MJ (0.112594E+01 MJ/s)
 Total enthalpy input:               0.287017E+13 MJ (0.943177E+00 MJ/s)

 Enthalpy discharge this time step:  0.252752E+12 MJ (0.415289E+00 MJ/s)
 Enthalpy input this time step:      0.240044E+12 MJ (0.394408E+00 MJ/s)
 Total enthalpy discharge:           0.367910E+13 MJ (0.100750E+01 MJ/s)
 Total enthalpy input:               0.311021E+13 MJ (0.851715E+00 MJ/s)

 Water discharge this time step:   0.000000E+00 kg (0.000000E+00 kg/s)
 Water input this time step:       0.148938E+12 kg (0.244716E+00 kg/s)
 Total water discharge:            0.111435E+12 kg (0.305160E-01 kg/s)
 Total water input:                0.998342E+12 kg (0.273391E+00 kg/s)

 Enthalpy discharge this time step:  0.252752E+12 MJ (0.415289E+00 MJ/s)
 Enthalpy input this time step:      0.240044E+12 MJ (0.394408E+00 MJ/s)
 Total enthalpy discharge:           0.367910E+13 MJ (0.100750E+01 MJ/s)
 Total enthalpy input:               0.311021E+13 MJ (0.851715E+00 MJ/s)

 Enthalpy discharge this time step:  0.277776E+12 MJ (0.380337E+00 MJ/s)
 Enthalpy input this time step:      0.265139E+12 MJ (0.363035E+00 MJ/s)
 Total enthalpy discharge:           0.395688E+13 MJ (0.902974E+00 MJ/s)
 Total enthalpy input:               0.337535E+13 MJ (0.770269E+00 MJ/s)

 Water discharge this time step:   0.000000E+00 kg (0.000000E+00 kg/s)
 Water input this time step:       0.170068E+12 kg (0.232861E+00 kg/s)
 Total water discharge:            0.111435E+12 kg (0.254300E-01 kg/s)
 Total water input:                0.116841E+13 kg (0.266636E+00 kg/s)

 Enthalpy discharge this time step:  0.277776E+12 MJ (0.380337E+00 MJ/s)
 Enthalpy input this time step:      0.265139E+12 MJ (0.363035E+00 MJ/s)
 Total enthalpy discharge:           0.395688E+13 MJ (0.902974E+00 MJ/s)
 Total enthalpy input:               0.337535E+13 MJ (0.770269E+00 MJ/s)

 Enthalpy discharge this time step:  0.303805E+12 MJ (0.346648E+00 MJ/s)
 Enthalpy input this time step:      0.291131E+12 MJ (0.332186E+00 MJ/s)
 Total enthalpy discharge:           0.426068E+13 MJ (0.810253E+00 MJ/s)
 Total enthalpy input:               0.366648E+13 MJ (0.697255E+00 MJ/s)

 Water discharge this time step:   0.000000E+00 kg (0.000000E+00 kg/s)
 Water input this time step:       0.192267E+12 kg (0.219380E+00 kg/s)
 Total water discharge:            0.111435E+12 kg (0.211917E-01 kg/s)
 Total water input:                0.136068E+13 kg (0.258760E+00 kg/s)

 Enthalpy discharge this time step:  0.303805E+12 MJ (0.346648E+00 MJ/s)
 Enthalpy input this time step:      0.291131E+12 MJ (0.332186E+00 MJ/s)
 Total enthalpy discharge:           0.426068E+13 MJ (0.810253E+00 MJ/s)
 Total enthalpy input:               0.366648E+13 MJ (0.697255E+00 MJ/s)
*********************************************************************
 Time Step       141

                    Timing Information
           Years              Days         Step Size (Days)
      199956.475          73034102.6         12172350.4    
 Cpu Sec for Time Step =   66.35     Current Total =     996.6    

                    Equation Performance
 Number of N-R Iterations:          7
 Avg # of Linear Equation Solver Iterations: 101.0
 Number of Active Nodes:    543747.
 Total Number of Iterations, N-R:        295 , Solver:       8796
 Phase Changes This Time Step:        0 Total           0
 Nodes Liq Phase:   543747 change        0
 Nodes Two Phase:        0 change        0
 Nodes Gas Phase:         0 change        0
 Nodes SC Phase:        0 change        0
 Number of restarted time steps            0
                    Largest Residuals
 EQ1 R=  0.6602E-07 node=  14129 zone=     3 x=-.4800E+05 y=0.4600E+05 z=-.2100E+05
 EQ2 R=  0.3526E-07 node=   3726 zone=     2 x=-.5000E+05 y=0.5000E+05 z=0.1500E+05
   Node   Equation 1 Residual   Equation 2 Residual
 271231      0.121227E-08           0.398156E-16
 271225     -0.262344E-08           0.169454E-07
 271222     -0.135286E-07           0.763793E-08
 271221     -0.157053E-07           0.539935E-08
 271220     -0.168552E-07           0.403564E-08
 271219     -0.205568E-07          -0.237095E-08
 271211     -0.119215E-07           0.663781E-08
 271202      0.718943E-09          -0.661345E-08
 271201      0.175313E-08          -0.120545E-07
 271200      0.126314E-08          -0.560050E-08
 271198     -0.168672E-08           0.143315E-08
 271121     -0.187495E-07          -0.842715E-08
 271113     -0.149441E-07           0.472427E-16
 271899     -0.720251E-14           0.109630E-15
 271893     -0.146442E-09           0.120963E-07
 271890     -0.507123E-08           0.743477E-08
 271889     -0.839483E-08           0.413634E-08
 271889     -0.839483E-08           0.413634E-08
 271887     -0.136719E-07          -0.626758E-08
 271879     -0.847923E-08           0.565034E-08
 271870     -0.231533E-08          -0.106164E-07
 271869     -0.134275E-08          -0.918219E-08
 271868     -0.446176E-09          -0.102259E-07
 271865     -0.499156E-08          -0.305292E-09
 271857     -0.192206E-07          -0.845209E-08
 271849     -0.110559E-07           0.911085E-16
 272551      0.157446E-08           0.179614E-16
 272545     -0.915830E-09           0.176907E-07
 272542     -0.111527E-07           0.593396E-08
 272541     -0.144124E-07           0.345053E-08
 272540     -0.164100E-07           0.165838E-08
 272539     -0.204362E-07          -0.441063E-08
 272531     -0.130765E-07           0.997278E-08
 272522      0.136037E-08          -0.771920E-08
 272521      0.267511E-08          -0.133379E-07
 272520      0.266235E-08          -0.772357E-08
 272518     -0.971602E-09          -0.159937E-08
 272593     -0.174067E-07          -0.840418E-08
 272585     -0.112500E-07           0.583241E-16
 271545     -0.678107E-08          -0.118249E-15
 271544     -0.912154E-08           0.179143E-08
 271540     -0.129613E-07           0.743585E-08
 271535     -0.909595E-08           0.218900E-07
 271530     -0.279508E-08          -0.314906E-08
 271518     -0.204791E-07          -0.843899E-08
 271510     -0.128659E-07           0.137613E-15
 272238     -0.729127E-08          -0.131332E-15
 272237     -0.936853E-08           0.102656E-08
 272233     -0.138024E-07           0.145495E-07
 272228     -0.109346E-07           0.220161E-07
 272223     -0.284567E-08           0.117742E-09
 272211     -0.206114E-07          -0.842473E-08
 272203     -0.162838E-07           0.142652E-15
 273161     -0.410340E-08           0.118262E-15
 273160     -0.557589E-08           0.352648E-08
 273156     -0.463185E-08          -0.121405E-07
 273151     -0.771864E-08           0.290797E-07
 273146     -0.797960E-08           0.248321E-08
 273134     -0.175160E-07          -0.838490E-08
 273126     -0.130503E-07          -0.121290E-15

                    Nodal Information (Water)
                                                  source/sink  E source/sink
   Node   P (MPa)    E (MJ)    L sat     Temp (C)    (kg/s)       (MJ/s)
 271231    134.9     0.167      1.00        2.000   0.000     -0.691E-05
 271225    139.0     0.166      1.00        1.977   0.000       0.00    
 271222    141.1     0.166      1.00        1.971   0.000       0.00    
 271221    141.8     0.166      1.00        1.970   0.000       0.00    
 271220    142.5     0.166      1.00        1.969   0.000       0.00    
 271219    143.2     0.166      1.00        1.968   0.000       0.00    
 271211    148.7     0.166      1.00        1.971   0.000       0.00    
 271202    154.9     0.165      1.00        1.980   0.000       0.00    
 271201    155.6     0.165      1.00        1.981   0.000       0.00    
 271200    156.3     0.165      1.00        1.982   0.000       0.00    
 271198    158.4     0.165      1.00        1.986   0.000       0.00    
 271121    182.1     0.163      1.00        2.022   0.000       0.00    
 271113    204.5     0.161      1.00        2.000   0.000      0.126E-03
 271899    135.2     0.167      1.00        2.000 -0.2041     -0.341E-01
 271893    139.0     0.166      1.00        1.978   0.000       0.00    
 271890    141.1     0.166      1.00        1.971   0.000       0.00    
 271889    141.8     0.166      1.00        1.970   0.000       0.00    
 271889    141.8     0.166      1.00        1.970   0.000       0.00    
 271887    143.2     0.166      1.00        1.968   0.000       0.00    
 271879    148.7     0.166      1.00        1.971   0.000       0.00    
 271870    154.9     0.165      1.00        1.980   0.000       0.00    
 271869    155.6     0.165      1.00        1.981   0.000       0.00    
 271868    156.3     0.165      1.00        1.982   0.000       0.00    
 271865    159.8     0.165      1.00        1.988   0.000       0.00    
 271857    182.1     0.163      1.00        2.022   0.000       0.00    
 271849    204.5     0.161      1.00        2.000   0.000      0.126E-03
 272551    134.9     0.167      1.00        2.000   0.000     -0.691E-05
 272545    139.0     0.166      1.00        1.977   0.000       0.00    
 272542    141.1     0.166      1.00        1.971   0.000       0.00    
 272541    141.8     0.166      1.00        1.970   0.000       0.00    
 272540    142.5     0.166      1.00        1.969   0.000       0.00    
 272539    143.2     0.166      1.00        1.968   0.000       0.00    
 272531    148.7     0.166      1.00        1.971   0.000       0.00    
 272522    154.9     0.165      1.00        1.980   0.000       0.00    
 272521    155.6     0.165      1.00        1.981   0.000       0.00    
 272520    156.3     0.165      1.00        1.982   0.000       0.00    
 272518    158.4     0.165      1.00        1.986   0.000       0.00    
 272593    182.1     0.163      1.00        2.022   0.000       0.00    
 272585    204.5     0.161      1.00        2.000   0.000      0.126E-03
 271545    134.9     0.167      1.00        2.000   0.000     -0.107E-03
 271544    137.7     0.166      1.00        1.983   0.000       0.00    
 271540    141.8     0.166      1.00        1.970   0.000       0.00    
 271535    148.7     0.166      1.00        1.971   0.000       0.00    
 271530    155.6     0.165      1.00        1.981   0.000       0.00    
 271518    182.1     0.163      1.00        2.022   0.000       0.00    
 271510    204.5     0.161      1.00        2.000   0.000      0.126E-03
 272238    134.9     0.167      1.00        2.000   0.000     -0.107E-03
 272237    137.7     0.166      1.00        1.983   0.000       0.00    
 272233    141.8     0.166      1.00        1.970   0.000       0.00    
 272228    148.7     0.166      1.00        1.971   0.000       0.00    
 272223    155.6     0.165      1.00        1.981   0.000       0.00    
 272211    182.1     0.163      1.00        2.022   0.000       0.00    
 272203    204.5     0.161      1.00        2.000   0.000      0.126E-03
 273161    134.9     0.167      1.00        2.000   0.000     -0.107E-03
 273160    137.7     0.166      1.00        1.983   0.000       0.00    
 273156    141.8     0.166      1.00        1.970   0.000       0.00    
 273151    148.7     0.166      1.00        1.971   0.000       0.00    
 273146    155.6     0.165      1.00        1.981   0.000       0.00    
 273134    182.1     0.163      1.00        2.022   0.000       0.00    
 273126    204.5     0.161      1.00        2.000   0.000      0.126E-03

                    Global Mass & Energy Balances
 Total mass in system at this time:            0.267676E+17 kg
 Total mass of steam in system at this time:   0.000000E+00 kg
 Total enthalpy in system at this time:        0.273721E+16 MJ

 Water discharge this time step:   0.000000E+00 kg (0.000000E+00 kg/s)
 Water input this time step:       0.214690E+12 kg (0.204138E+00 kg/s)
 Total water discharge:            0.111435E+12 kg (0.176597E-01 kg/s)
 Total water input:                0.157537E+13 kg (0.249656E+00 kg/s)

 Enthalpy discharge this time step:  0.330780E+12 MJ (0.314522E+00 MJ/s)
 Enthalpy input this time step:      0.317744E+12 MJ (0.302126E+00 MJ/s)
 Total enthalpy discharge:           0.459146E+13 MJ (0.727631E+00 MJ/s)
 Total enthalpy input:               0.398423E+13 MJ (0.631400E+00 MJ/s)

 Net kg water discharge (total out-total in):  -0.146393E+13
 Net MJ energy discharge (total out-total in):   0.607233E+12
 Conservation Errors:  -0.438624E-01 (mass),  -0.248193E-02 (energy)

 Enthalpy discharge this time step:  0.358559E+12 MJ (0.284113E+00 MJ/s)
 Enthalpy input this time step:      0.344801E+12 MJ (0.273211E+00 MJ/s)
 Total enthalpy discharge:           0.495002E+13 MJ (0.653712E+00 MJ/s)
 Total enthalpy input:               0.432903E+13 MJ (0.571702E+00 MJ/s)

 Water discharge this time step:   0.000000E+00 kg (0.000000E+00 kg/s)
 Water input this time step:       0.236995E+12 kg (0.187789E+00 kg/s)
 Total water discharge:            0.111435E+12 kg (0.147164E-01 kg/s)
 Total water input:                0.181236E+13 kg (0.239345E+00 kg/s)

 Enthalpy discharge this time step:  0.358559E+12 MJ (0.284113E+00 MJ/s)
 Enthalpy input this time step:      0.344801E+12 MJ (0.273211E+00 MJ/s)
 Total enthalpy discharge:           0.495002E+13 MJ (0.653712E+00 MJ/s)
 Total enthalpy input:               0.432903E+13 MJ (0.571702E+00 MJ/s)

 Enthalpy discharge this time step:  0.327613E+12 MJ (0.259592E+00 MJ/s)
 Enthalpy input this time step:      0.314598E+12 MJ (0.249280E+00 MJ/s)
 Total enthalpy discharge:           0.527763E+13 MJ (0.597409E+00 MJ/s)
 Total enthalpy input:               0.464363E+13 MJ (0.525642E+00 MJ/s)

 Water discharge this time step:   0.000000E+00 kg (0.000000E+00 kg/s)
 Water input this time step:       0.217541E+12 kg (0.172374E+00 kg/s)
 Total water discharge:            0.111435E+12 kg (0.126141E-01 kg/s)
 Total water input:                0.202990E+13 kg (0.229778E+00 kg/s)

 Enthalpy discharge this time step:  0.327613E+12 MJ (0.259592E+00 MJ/s)
 Enthalpy input this time step:      0.314598E+12 MJ (0.249280E+00 MJ/s)
 Total enthalpy discharge:           0.527763E+13 MJ (0.597409E+00 MJ/s)
 Total enthalpy input:               0.464363E+13 MJ (0.525642E+00 MJ/s)

 Enthalpy discharge this time step:  0.301997E+12 MJ (0.239295E+00 MJ/s)
 Enthalpy input this time step:      0.289274E+12 MJ (0.229213E+00 MJ/s)
 Total enthalpy discharge:           0.557963E+13 MJ (0.552645E+00 MJ/s)
 Total enthalpy input:               0.493290E+13 MJ (0.488588E+00 MJ/s)

 Water discharge this time step:   0.000000E+00 kg (0.000000E+00 kg/s)
 Water input this time step:       0.199864E+12 kg (0.158367E+00 kg/s)
 Total water discharge:            0.111435E+12 kg (0.110373E-01 kg/s)
 Total water input:                0.222977E+13 kg (0.220851E+00 kg/s)

 Enthalpy discharge this time step:  0.301997E+12 MJ (0.239295E+00 MJ/s)
 Enthalpy input this time step:      0.289274E+12 MJ (0.229213E+00 MJ/s)
 Total enthalpy discharge:           0.557963E+13 MJ (0.552645E+00 MJ/s)
 Total enthalpy input:               0.493290E+13 MJ (0.488588E+00 MJ/s)

 Enthalpy discharge this time step:  0.280434E+12 MJ (0.222209E+00 MJ/s)
 Enthalpy input this time step:      0.267635E+12 MJ (0.212067E+00 MJ/s)
 Total enthalpy discharge:           0.586006E+13 MJ (0.515929E+00 MJ/s)
 Total enthalpy input:               0.520053E+13 MJ (0.457864E+00 MJ/s)

 Water discharge this time step:   0.000000E+00 kg (0.000000E+00 kg/s)
 Water input this time step:       0.183646E+12 kg (0.145517E+00 kg/s)
 Total water discharge:            0.111435E+12 kg (0.981096E-02 kg/s)
 Total water input:                0.241341E+13 kg (0.212481E+00 kg/s)

 Enthalpy discharge this time step:  0.280434E+12 MJ (0.222209E+00 MJ/s)
 Enthalpy input this time step:      0.267635E+12 MJ (0.212067E+00 MJ/s)
 Total enthalpy discharge:           0.586006E+13 MJ (0.515929E+00 MJ/s)
 Total enthalpy input:               0.520053E+13 MJ (0.457864E+00 MJ/s)
