 
 
*               * * * * * * * * * * * * * * * * * * * * * * * *                 
*               *                                             *                 
*               *    Program:  LaGriT V3.3.4   Linux          *                 
*               *    Compiler Name: GNU                       *                 
*               *    Compiler Version: 13.3.0                 *                 
*               *    Date Compile: 2025/02/05                 *                 
*               *    Run Time: 2025/May  7  18:30:48          *                 
*               *    Manual:   https://lagrit.lanl.gov        *                 
*               *                                             *                 
*               * * * * * * * * * * * * * * * * * * * * * * * *                 
 
                               -----oOo-----                                    
             LaGriT V3 LA-CC-15-069  https://github.com/lanl/LaGriT             
  Copyright 2016. Triad National Security, LLC.  All rights reserved. This      
  program was produced under U.S. Government contract 89233218CNA000001         
  for Los Alamos National Laboratory (LANL), which is operated by Triad         
  National Security, LLC for the U.S. Department of Energy/National Nuclear     
  Security Administration.  All rights in the program are reserved by Triad     
  National Security, LLC, and the U.S. Department of Energy/National Nuclear    
  Security Administration. The Government is granted for itself and others      
  acting on its behalf a nonexclusive, paid-up, irrevocable worldwide license   
  in this material to reproduce, prepare derivative works, distribute copies    
  to the public, perform publicly and display publicly, and to permit others to 
  do so. This software is open source and available under the BSD-3 License.    
                               -----oOo-----                                    
 
 
Output log file: driver_octree_start.lgi.out                                    
Command log file: driver_octree_start.lgi.log                                   
 
#                                                                               
# LaGriT control files to build an octree refined hex mesh with refinement      
# based on intersection of hex mesh with a DFN triangulation mesh               
#                                                                               
# driver_octree.lgi                                                             
#   parameters_octree_dfn.mlgi                                                  
#   build_octree.mlgi                                                           
#       intersect_refine.mlgi                                                   
#   hex_to_tet.mlgi                                                             
#   remove_cells.mlgi                                                           
#                                                                               
# Define some parameters                                                        
#                                                                               
infile parameters_octree_dfn.mlgi                                               
#                                                                               
# Define some parameters                                                        
#                                                                               
# Input DFN mesh                                                                
#                                                                               
define/FTYPE/avs                                                                
define/FNAME/reduced_mesh.inp                                                   
#                                                                               
define/MOHEX/mohex                                                              
define/MOTET/motet                                                              
#                                                                               
# Set AMR refinement. 123 means refine in x,y,z directions                      
# See LaGriT refine command for more options                                    
#                                                                               
define/REFINE_AMR/123                                                           
#                                                                               
define/N_OCTREE_REFINE/2                                                        
define/N_OCTREE_REFINE_M1/1                                                     
define/N_OCTREE_np1/3                                                           
define/N_OCTREE_np1_M1/2                                                        
define/X0/-5000.000000000000                                                    
define/X1/5000.000000000000                                                     
define/Y0/-5000.000000000000                                                    
define/Y1/5000.000000000000                                                     
define/Z0/-2500.000000000000                                                    
define/Z1/2500.000000000000                                                     
define/XMAX/4999.000000000000                                                   
define/XMIN/-4999.000000000000                                                  
define/YMAX/4999.000000000000                                                   
define/YMIN/-4999.000000000000                                                  
define/ZMAX/2499.000000000000                                                   
define/ZMIN/-2499.000000000000                                                  
define/NX/21                                                                    
define/NY/21                                                                    
define/NZ/11                                                                    
finish                                                                          
#                                                                               
# Read in DFN mesh                                                              
#                                                                               
read/FTYPE/FNAME/MODFN                                                          
cmo/addatt/MODFN/family_id/VINT/scalar/nelements/linear/permanent/gxaf/0.0      
finish                                                                          
geniee                                                                          
finish                                                                          
cmo/status/brief                                                                
 
The current-mesh-object(CMO) is: MODFN                                          
 
  1 Mesh Object name: MODFN                                                     
    number of nodes =           250        number of elements =          180    
    dimensions geometry =         3        element type =                tri    
    dimensions topology =         2        3 nodes      3 faces      3 edges    
    boundary flag =        16000000        status =                   active    
 
 
finish                                                                          
cmo/printatt/MODFN/-xyz-/minmax                                                 
ATTRIBUTE NAME              MIN               MAX         DIFFERENCE    LENGTH  
 xic               -5.000000000E+03  5.000000000E+03 1.000000000E+04       250  
 yic               -5.000000000E+03  5.000000000E+03 1.000000000E+04       250  
 zic                1.000000000E+03  2.500000000E+03 1.500000000E+03       250  
 
#                                                                               
# Octree refined orthogonal mesh based on intersection with DFN mesh            
#                                                                               
infile build_octree.mlgi                                                        
cmo/create/MOHEX///hex                                                          
createpts/brick/xyz/NX NY NZ/X0 Y0 Z0/X1 Y1 Z1/1 1 1                            
          Number of nodes:        4851                                          
          Number of elements:        4000                                       
          Number of negative volume elements:           0                       
          Total volume:     0.500000000000E+12                                  
cmo/setatt/MOHEX/imt/1 0 0/1                                                    
      4851 values reset for attribute imt1                                      
 
cmo/setatt/MOHEX/itetclr/1 0 0/1                                                
      4000 values reset for attribute itetclr                                   
 
resetpts/itp                                                                    
geniee                                                                          
finish                                                                          
#                                                                               
# Print to screen and logfiles the extents of the hex mesh and dfn mesh         
#                                                                               
cmo/printatt/MOHEX/-xyz-/minmax                                                 
ATTRIBUTE NAME              MIN               MAX         DIFFERENCE    LENGTH  
 xic               -5.000000000E+03  5.000000000E+03 1.000000000E+04      4851  
 yic               -5.000000000E+03  5.000000000E+03 1.000000000E+04      4851  
 zic               -2.500000000E+03  2.500000000E+03 5.000000000E+03      4851  
 
cmo/select/MODFN                                                                
cmo/printatt/MODFN/-xyz-/minmax                                                 
ATTRIBUTE NAME              MIN               MAX         DIFFERENCE    LENGTH  
 xic               -5.000000000E+03  5.000000000E+03 1.000000000E+04       250  
 yic               -5.000000000E+03  5.000000000E+03 1.000000000E+04       250  
 zic                1.000000000E+03  2.500000000E+03 1.500000000E+03       250  
 
#                                                                               
# Generate copy of hex mesh for upscaling                                       
#                                                                               
cmo/copy/MOHEX_np1/MOHEX                                                        
#                                                                               
# Loop through steps to intersect dfn mesh (MODFN) with hex mesh (MOHEX)        
# and refine hex mesh based on cell intersections. Loop through                 
# N_OCTREE_REFINE times                                                         
#                                                                               
loop/do/NTIMEs/1 N_OCTREE_REFINE 1/loop_end infile intersect_refine.mlgi        
LOOP: loop nesting level =     1                                                
define/NTIMEs/1                                                                 
finish                                                                          
infile intersect_refine.mlgi                                                    
#                                                                               
# Compute mesh to mesh intersection and refine hex mesh                         
#                                                                               
intersect_elements/MOHEX/MODFN/if_int                                           
cmo/select/mohex                                                                
finish                                                                          
kdtree/build                                                                    
cmo/addatt//v2/INT/scalar/scalar/constant/temporary//2.0                        
finish                                                                          
cmo/addatt//linkt/VINT/v2/nelements//temporary/x/0.0                            
finish                                                                          
cmo/addatt//v12/INT/scalar/scalar/constant/temporary//12.0                      
finish                                                                          
cmo/addatt//sbox/VDOUBLE/v12/nelements/linear/temporary/x/0.0                   
finish                                                                          
finish                                                                          
cmo/addatt/mohex/if_int/VINT/scalar/nelements/linear/permanent//0/              
finish                                                                          
 
         Element    Elems Searched  Elements Found  Percent Done                
             46             4699           1600       25 %                      
             91             5053              0       50 %                      
            136             5352              0       75 %                      
            180             5747           1600    Total Done                   
 
cmo/select/mohex                                                                
finish                                                                          
kdtree/release                                                                  
cmo/DELATT/mohex/sbox                                                           
finish                                                                          
cmo/DELATT/mohex/v12                                                            
finish                                                                          
cmo/DELATT/mohex/linkt                                                          
finish                                                                          
cmo/DELATT/mohex/v2                                                             
finish                                                                          
finish                                                                          
eltset/erefine/if_int/ne/0                                                      
 
 THE ELTSET erefine                          HAS       1600 ELEMENTS            
pset/prefine/eltset erefine                                                     
 
 THE PSET  prefine  HAS       2205 POINTS                                       
#                                                                               
# If one wants anisotropic mesh refinement, then the                            
# variable REFINE_AMR can be set in parameters_octree_dfn.mlgi                  
#                                                                               
refine/constant/imt1/linear/element/pset,get,prefine/-1.,0.,0./exclusive/amr REF
INE_AMR                                                                         
refine elements:                                                                
refine hex     :       1600                                                     
cmo/addatt/mohex/itetpar/VINT/scalar/nelements/linear/permanent//0.0            
finish                                                                          
cmo/addatt/mohex/itetkid/VINT/scalar/nelements/linear/permanent//0.0            
finish                                                                          
cmo/addatt/mohex/itetlev/VINT/scalar/nelements/linear/permanent//0.0            
finish                                                                          
cmo/addatt/mohex/xradavg/VDOUBLE/scalar/nnodes/linear/temporary//0.0            
finish                                                                          
Element iteration:          1      1600                                         
Octree(PRD) refined elems: old=      4000 new=     16800                        
FILTER_SUBSET:Dudding duplicate points:       17476                             
 
filter/1,0,0                                                                    
FILTER:Use internal epsilonl value =   0.333066907388E-08                       
FILTER:Dudding duplicate points:           0                                    
geniee                                                                          
finish                                                                          
cmo/DELATT/mohex/xradavg                                                        
finish                                                                          
#                                                                               
# Clean up eltset, pset, and if_int attribute                                   
#                                                                               
eltset/erefine/delete                                                           
 
 ELTSET erefine                          DELETED                                
 
pset/prefine/delete                                                             
 
 PSET prefine  DELETED                                                          
 
cmo/DELATT/MOHEX/if_int                                                         
#                                                                               
# Print out diagnostics                                                         
#                                                                               
quality                                                                         
 
epsilonl, epsilonaspect:   3.3306691E-09  3.6948299E-26                         
--------------------------------------------                                    
elements with aspect ratio < .01:                    0                          
elements with aspect ratio b/w .01 and .02:          0                          
elements with aspect ratio b/w .02 and .05:          0                          
elements with aspect ratio b/w .05 and .1 :          0                          
elements with aspect ratio b/w .1  and .2 :          0                          
elements with aspect ratio b/w .2  and .5 :          0                          
elements with aspect ratio b/w .5  and 1. :      16800                          
min aspect ratio =  0.1000E+01  max aspect ratio =  0.1000E+01                  
 
epsilonvol:   1.1102230E-01                                                     
---------------------------------------                                         
element volumes b/w  0.1000E+07 and  0.2627E+07:         0                      
element volumes b/w  0.2627E+07 and  0.6899E+07:         0                      
element volumes b/w  0.6899E+07 and  0.1812E+08:     12800                      
element volumes b/w  0.1812E+08 and  0.4759E+08:         0                      
element volumes b/w  0.4759E+08 and  0.1250E+09:      4000                      
min volume =   1.0000000E+06  max volume =   1.2500000E+08                      
-----------------------------------------------------------                     
     16800 total elements evaluated.                                            
 
cmo/status/brief                                                                
 
The current-mesh-object(CMO) is: mohex                                          
 
  1 Mesh Object name: MODFN                                                     
    number of nodes =           250        number of elements =          180    
    dimensions geometry =         3        element type =                tri    
    dimensions topology =         2        3 nodes      3 faces      3 edges    
    boundary flag =        16000000        status =                 inactive    
 
  2 Mesh Object name: mohex                                                     
    number of nodes =         35251        number of elements =        16800    
    dimensions geometry =         3        element type =                hex    
    dimensions topology =         3        8 nodes      6 faces     12 edges    
    boundary flag =        16000000        status =                   active    
 
  3 Mesh Object name: MOHEX_np1                                                 
    number of nodes =          4851        number of elements =         4000    
    dimensions geometry =         3        element type =                hex    
    dimensions topology =         3        8 nodes      6 faces     12 edges    
    boundary flag =        16000000        status =                 inactive    
 
 
#                                                                               
finish                                                                          
finish                                                                          
define/NTIMEs/2                                                                 
finish                                                                          
infile intersect_refine.mlgi                                                    
#                                                                               
# Compute mesh to mesh intersection and refine hex mesh                         
#                                                                               
intersect_elements/MOHEX/MODFN/if_int                                           
cmo/select/mohex                                                                
finish                                                                          
kdtree/build                                                                    
cmo/addatt//v2/INT/scalar/scalar/constant/temporary//2.0                        
finish                                                                          
cmo/addatt//linkt/VINT/v2/nelements//temporary/x/0.0                            
finish                                                                          
cmo/addatt//v12/INT/scalar/scalar/constant/temporary//12.0                      
finish                                                                          
cmo/addatt//sbox/VDOUBLE/v12/nelements/linear/temporary/x/0.0                   
finish                                                                          
finish                                                                          
cmo/addatt/mohex/if_int/VINT/scalar/nelements/linear/permanent//0/              
finish                                                                          
 
         Element    Elems Searched  Elements Found  Percent Done                
             10            21508           6544        5 %                      
             19            21574              3       10 %                      
             28            21787              8       15 %                      
             37            21884              6       20 %                      
             46            21988              2       25 %                      
             55            22081              2       30 %                      
             64            22214              4       35 %                      
             73            22356              9       40 %                      
             82            22770             20       45 %                      
             91            22856              4       50 %                      
            100            22941              8       55 %                      
            109            23110              4       60 %                      
            118            23232              6       65 %                      
            127            23370              7       70 %                      
            136            23718             15       75 %                      
            145            23803              4       80 %                      
            154            23916              2       85 %                      
            163            24245             16       90 %                      
            172            24355              6       95 %                      
            180            24715           6682    Total Done                   
 
cmo/select/mohex                                                                
finish                                                                          
kdtree/release                                                                  
cmo/DELATT/mohex/sbox                                                           
finish                                                                          
cmo/DELATT/mohex/v12                                                            
finish                                                                          
cmo/DELATT/mohex/linkt                                                          
finish                                                                          
cmo/DELATT/mohex/v2                                                             
finish                                                                          
finish                                                                          
eltset/erefine/if_int/ne/0                                                      
 
 THE ELTSET erefine                          HAS       6682 ELEMENTS            
pset/prefine/eltset erefine                                                     
 
 THE PSET  prefine  HAS      10455 POINTS                                       
#                                                                               
# If one wants anisotropic mesh refinement, then the                            
# variable REFINE_AMR can be set in parameters_octree_dfn.mlgi                  
#                                                                               
refine/constant/imt1/linear/element/pset,get,prefine/-1.,0.,0./exclusive/amr REF
INE_AMR                                                                         
refine elements:                                                                
refine hex     :       6760                                                     
cmo/addatt/mohex/xradavg/VDOUBLE/scalar/nnodes/linear/temporary//0.0            
finish                                                                          
Element iteration:          1      6748                                         
Octree(PRD) refined elems: old=     16800 new=     70784                        
FILTER_SUBSET:Dudding duplicate points:       69976                             
 
filter/1,0,0                                                                    
FILTER:Use internal epsilonl value =   0.333066907388E-08                       
FILTER:Dudding duplicate points:           0                                    
geniee                                                                          
finish                                                                          
cmo/DELATT/mohex/xradavg                                                        
finish                                                                          
#                                                                               
# Clean up eltset, pset, and if_int attribute                                   
#                                                                               
eltset/erefine/delete                                                           
 
 ELTSET erefine                          DELETED                                
 
pset/prefine/delete                                                             
 
 PSET prefine  DELETED                                                          
 
cmo/DELATT/MOHEX/if_int                                                         
#                                                                               
# Print out diagnostics                                                         
#                                                                               
quality                                                                         
 
epsilonl, epsilonaspect:   3.3306691E-09  3.6948299E-26                         
--------------------------------------------                                    
elements with aspect ratio < .01:                    0                          
elements with aspect ratio b/w .01 and .02:          0                          
elements with aspect ratio b/w .02 and .05:          0                          
elements with aspect ratio b/w .05 and .1 :          0                          
elements with aspect ratio b/w .1  and .2 :          0                          
elements with aspect ratio b/w .2  and .5 :          0                          
elements with aspect ratio b/w .5  and 1. :      70784                          
min aspect ratio =  0.1000E+01  max aspect ratio =  0.1000E+01                  
 
epsilonvol:   1.1102230E-01                                                     
---------------------------------------                                         
element volumes b/w  0.1000E+07 and  0.2627E+07:     53984                      
element volumes b/w  0.2627E+07 and  0.6899E+07:         0                      
element volumes b/w  0.6899E+07 and  0.1812E+08:     12800                      
element volumes b/w  0.1812E+08 and  0.4759E+08:         0                      
element volumes b/w  0.4759E+08 and  0.1250E+09:      4000                      
min volume =   1.0000000E+06  max volume =   1.2500000E+08                      
-----------------------------------------------------------                     
     70784 total elements evaluated.                                            
 
cmo/status/brief                                                                
 
The current-mesh-object(CMO) is: mohex                                          
 
  1 Mesh Object name: MODFN                                                     
    number of nodes =           250        number of elements =          180    
    dimensions geometry =         3        element type =                tri    
    dimensions topology =         2        3 nodes      3 faces      3 edges    
    boundary flag =        16000000        status =                 inactive    
 
  2 Mesh Object name: mohex                                                     
    number of nodes =        163463        number of elements =        70784    
    dimensions geometry =         3        element type =                hex    
    dimensions topology =         3        8 nodes      6 faces     12 edges    
    boundary flag =        16000000        status =                   active    
 
  3 Mesh Object name: MOHEX_np1                                                 
    number of nodes =          4851        number of elements =         4000    
    dimensions geometry =         3        element type =                hex    
    dimensions topology =         3        8 nodes      6 faces     12 edges    
    boundary flag =        16000000        status =                 inactive    
 
 
#                                                                               
finish                                                                          
finish                                                                          
define/NTIMEs/remove                                                            
finish                                                                          
#                                                                               
# See above - except do it once additional time ("np1")                         
#                                                                               
loop/do/NTIMEs/1 N_OCTREE_np1 1/loop_end infile intersect_refine_np1.mlgi       
LOOP: loop nesting level =     1                                                
define/NTIMEs/1                                                                 
finish                                                                          
infile intersect_refine_np1.mlgi                                                
#                                                                               
# For comments see intersect_refine.mlgi                                        
#                                                                               
intersect_elements/MOHEX_np1/MODFN/if_int                                       
cmo/select/MOHEX_np1                                                            
finish                                                                          
kdtree/build                                                                    
cmo/addatt//v2/INT/scalar/scalar/constant/temporary//2.0                        
finish                                                                          
cmo/addatt//linkt/VINT/v2/nelements//temporary/x/0.0                            
finish                                                                          
cmo/addatt//v12/INT/scalar/scalar/constant/temporary//12.0                      
finish                                                                          
cmo/addatt//sbox/VDOUBLE/v12/nelements/linear/temporary/x/0.0                   
finish                                                                          
finish                                                                          
cmo/addatt/MOHEX_np1/if_int/VINT/scalar/nelements/linear/permanent//0/          
finish                                                                          
 
         Element    Elems Searched  Elements Found  Percent Done                
             46             4699           1600       25 %                      
             91             5053              0       50 %                      
            136             5352              0       75 %                      
            180             5747           1600    Total Done                   
 
cmo/select/MOHEX_np1                                                            
finish                                                                          
kdtree/release                                                                  
cmo/DELATT/MOHEX_np1/sbox                                                       
finish                                                                          
cmo/DELATT/MOHEX_np1/v12                                                        
finish                                                                          
cmo/DELATT/MOHEX_np1/linkt                                                      
finish                                                                          
cmo/DELATT/MOHEX_np1/v2                                                         
finish                                                                          
finish                                                                          
eltset/erefine/if_int/ne/0                                                      
 
 THE ELTSET erefine                          HAS       1600 ELEMENTS            
pset/prefine/eltset erefine                                                     
 
 THE PSET  prefine  HAS       2205 POINTS                                       
refine/constant/imt1/linear/element/pset,get,prefine/-1.,0.,0./exclusive/amr REF
INE_AMR                                                                         
refine elements:                                                                
refine hex     :       1600                                                     
cmo/addatt/MOHEX_np1/itetpar/VINT/scalar/nelements/linear/permanent//0.0        
finish                                                                          
cmo/addatt/MOHEX_np1/itetkid/VINT/scalar/nelements/linear/permanent//0.0        
finish                                                                          
cmo/addatt/MOHEX_np1/itetlev/VINT/scalar/nelements/linear/permanent//0.0        
finish                                                                          
cmo/addatt/MOHEX_np1/xradavg/VDOUBLE/scalar/nnodes/linear/temporary//0.0        
finish                                                                          
Element iteration:          1      1600                                         
Octree(PRD) refined elems: old=      4000 new=     16800                        
FILTER_SUBSET:Dudding duplicate points:       17476                             
 
filter/1,0,0                                                                    
FILTER:Use internal epsilonl value =   0.333066907388E-08                       
FILTER:Dudding duplicate points:           0                                    
geniee                                                                          
finish                                                                          
cmo/DELATT/MOHEX_np1/xradavg                                                    
finish                                                                          
#                                                                               
eltset/erefine/delete                                                           
 
 ELTSET erefine                          DELETED                                
 
pset/prefine/delete                                                             
 
 PSET prefine  DELETED                                                          
 
cmo/DELATT/MOHEX_np1/if_int                                                     
#                                                                               
quality                                                                         
 
epsilonl, epsilonaspect:   3.3306691E-09  3.6948299E-26                         
--------------------------------------------                                    
elements with aspect ratio < .01:                    0                          
elements with aspect ratio b/w .01 and .02:          0                          
elements with aspect ratio b/w .02 and .05:          0                          
elements with aspect ratio b/w .05 and .1 :          0                          
elements with aspect ratio b/w .1  and .2 :          0                          
elements with aspect ratio b/w .2  and .5 :          0                          
elements with aspect ratio b/w .5  and 1. :      16800                          
min aspect ratio =  0.1000E+01  max aspect ratio =  0.1000E+01                  
 
epsilonvol:   1.1102230E-01                                                     
---------------------------------------                                         
element volumes b/w  0.1000E+07 and  0.2627E+07:         0                      
element volumes b/w  0.2627E+07 and  0.6899E+07:         0                      
element volumes b/w  0.6899E+07 and  0.1812E+08:     12800                      
element volumes b/w  0.1812E+08 and  0.4759E+08:         0                      
element volumes b/w  0.4759E+08 and  0.1250E+09:      4000                      
min volume =   1.0000000E+06  max volume =   1.2500000E+08                      
-----------------------------------------------------------                     
     16800 total elements evaluated.                                            
 
cmo/status/brief                                                                
 
The current-mesh-object(CMO) is: MOHEX_np1                                      
 
  1 Mesh Object name: MODFN                                                     
    number of nodes =           250        number of elements =          180    
    dimensions geometry =         3        element type =                tri    
    dimensions topology =         2        3 nodes      3 faces      3 edges    
    boundary flag =        16000000        status =                 inactive    
 
  2 Mesh Object name: mohex                                                     
    number of nodes =        163463        number of elements =        70784    
    dimensions geometry =         3        element type =                hex    
    dimensions topology =         3        8 nodes      6 faces     12 edges    
    boundary flag =        16000000        status =                 inactive    
 
  3 Mesh Object name: MOHEX_np1                                                 
    number of nodes =         35251        number of elements =        16800    
    dimensions geometry =         3        element type =                hex    
    dimensions topology =         3        8 nodes      6 faces     12 edges    
    boundary flag =        16000000        status =                   active    
 
 
#                                                                               
finish                                                                          
finish                                                                          
define/NTIMEs/2                                                                 
finish                                                                          
infile intersect_refine_np1.mlgi                                                
#                                                                               
# For comments see intersect_refine.mlgi                                        
#                                                                               
intersect_elements/MOHEX_np1/MODFN/if_int                                       
cmo/select/MOHEX_np1                                                            
finish                                                                          
kdtree/build                                                                    
cmo/addatt//v2/INT/scalar/scalar/constant/temporary//2.0                        
finish                                                                          
cmo/addatt//linkt/VINT/v2/nelements//temporary/x/0.0                            
finish                                                                          
cmo/addatt//v12/INT/scalar/scalar/constant/temporary//12.0                      
finish                                                                          
cmo/addatt//sbox/VDOUBLE/v12/nelements/linear/temporary/x/0.0                   
finish                                                                          
finish                                                                          
cmo/addatt/MOHEX_np1/if_int/VINT/scalar/nelements/linear/permanent//0/          
finish                                                                          
 
         Element    Elems Searched  Elements Found  Percent Done                
             10            21508           6544        5 %                      
             19            21574              3       10 %                      
             28            21787              8       15 %                      
             37            21884              6       20 %                      
             46            21988              2       25 %                      
             55            22081              2       30 %                      
             64            22214              4       35 %                      
             73            22356              9       40 %                      
             82            22770             20       45 %                      
             91            22856              4       50 %                      
            100            22941              8       55 %                      
            109            23110              4       60 %                      
            118            23232              6       65 %                      
            127            23370              7       70 %                      
            136            23718             15       75 %                      
            145            23803              4       80 %                      
            154            23916              2       85 %                      
            163            24245             16       90 %                      
            172            24355              6       95 %                      
            180            24715           6682    Total Done                   
 
cmo/select/MOHEX_np1                                                            
finish                                                                          
kdtree/release                                                                  
cmo/DELATT/MOHEX_np1/sbox                                                       
finish                                                                          
cmo/DELATT/MOHEX_np1/v12                                                        
finish                                                                          
cmo/DELATT/MOHEX_np1/linkt                                                      
finish                                                                          
cmo/DELATT/MOHEX_np1/v2                                                         
finish                                                                          
finish                                                                          
eltset/erefine/if_int/ne/0                                                      
 
 THE ELTSET erefine                          HAS       6682 ELEMENTS            
pset/prefine/eltset erefine                                                     
 
 THE PSET  prefine  HAS      10455 POINTS                                       
refine/constant/imt1/linear/element/pset,get,prefine/-1.,0.,0./exclusive/amr REF
INE_AMR                                                                         
refine elements:                                                                
refine hex     :       6760                                                     
cmo/addatt/MOHEX_np1/xradavg/VDOUBLE/scalar/nnodes/linear/temporary//0.0        
finish                                                                          
Element iteration:          1      6748                                         
Octree(PRD) refined elems: old=     16800 new=     70784                        
FILTER_SUBSET:Dudding duplicate points:       69976                             
 
filter/1,0,0                                                                    
FILTER:Use internal epsilonl value =   0.333066907388E-08                       
FILTER:Dudding duplicate points:           0                                    
geniee                                                                          
finish                                                                          
cmo/DELATT/MOHEX_np1/xradavg                                                    
finish                                                                          
#                                                                               
eltset/erefine/delete                                                           
 
 ELTSET erefine                          DELETED                                
 
pset/prefine/delete                                                             
 
 PSET prefine  DELETED                                                          
 
cmo/DELATT/MOHEX_np1/if_int                                                     
#                                                                               
quality                                                                         
 
epsilonl, epsilonaspect:   3.3306691E-09  3.6948299E-26                         
--------------------------------------------                                    
elements with aspect ratio < .01:                    0                          
elements with aspect ratio b/w .01 and .02:          0                          
elements with aspect ratio b/w .02 and .05:          0                          
elements with aspect ratio b/w .05 and .1 :          0                          
elements with aspect ratio b/w .1  and .2 :          0                          
elements with aspect ratio b/w .2  and .5 :          0                          
elements with aspect ratio b/w .5  and 1. :      70784                          
min aspect ratio =  0.1000E+01  max aspect ratio =  0.1000E+01                  
 
epsilonvol:   1.1102230E-01                                                     
---------------------------------------                                         
element volumes b/w  0.1000E+07 and  0.2627E+07:     53984                      
element volumes b/w  0.2627E+07 and  0.6899E+07:         0                      
element volumes b/w  0.6899E+07 and  0.1812E+08:     12800                      
element volumes b/w  0.1812E+08 and  0.4759E+08:         0                      
element volumes b/w  0.4759E+08 and  0.1250E+09:      4000                      
min volume =   1.0000000E+06  max volume =   1.2500000E+08                      
-----------------------------------------------------------                     
     70784 total elements evaluated.                                            
 
cmo/status/brief                                                                
 
The current-mesh-object(CMO) is: MOHEX_np1                                      
 
  1 Mesh Object name: MODFN                                                     
    number of nodes =           250        number of elements =          180    
    dimensions geometry =         3        element type =                tri    
    dimensions topology =         2        3 nodes      3 faces      3 edges    
    boundary flag =        16000000        status =                 inactive    
 
  2 Mesh Object name: mohex                                                     
    number of nodes =        163463        number of elements =        70784    
    dimensions geometry =         3        element type =                hex    
    dimensions topology =         3        8 nodes      6 faces     12 edges    
    boundary flag =        16000000        status =                 inactive    
 
  3 Mesh Object name: MOHEX_np1                                                 
    number of nodes =        163463        number of elements =        70784    
    dimensions geometry =         3        element type =                hex    
    dimensions topology =         3        8 nodes      6 faces     12 edges    
    boundary flag =        16000000        status =                   active    
 
 
#                                                                               
finish                                                                          
finish                                                                          
define/NTIMEs/3                                                                 
finish                                                                          
infile intersect_refine_np1.mlgi                                                
#                                                                               
# For comments see intersect_refine.mlgi                                        
#                                                                               
intersect_elements/MOHEX_np1/MODFN/if_int                                       
cmo/select/MOHEX_np1                                                            
finish                                                                          
kdtree/build                                                                    
cmo/addatt//v2/INT/scalar/scalar/constant/temporary//2.0                        
finish                                                                          
cmo/addatt//linkt/VINT/v2/nelements//temporary/x/0.0                            
finish                                                                          
cmo/addatt//v12/INT/scalar/scalar/constant/temporary//12.0                      
finish                                                                          
cmo/addatt//sbox/VDOUBLE/v12/nelements/linear/temporary/x/0.0                   
finish                                                                          
finish                                                                          
cmo/addatt/MOHEX_np1/if_int/VINT/scalar/nelements/linear/permanent//0/          
finish                                                                          
 
         Element    Elems Searched  Elements Found  Percent Done                
             10            89280          26356        5 %                      
             19            89504             19       10 %                      
             28            90013             38       15 %                      
             37            90196             15       20 %                      
             46            90408             10       25 %                      
             55            90569              9       30 %                      
             64            90864             15       35 %                      
             73            91230             39       40 %                      
             82            92632             83       45 %                      
             91            92834             14       50 %                      
            100            93036             16       55 %                      
            109            93518             25       60 %                      
            118            93838             37       65 %                      
            127            94235             17       70 %                      
            136            95617             83       75 %                      
            145            95811             10       80 %                      
            154            96114             16       85 %                      
            163            97008             57       90 %                      
            172            97238             19       95 %                      
            180            98706          26966    Total Done                   
 
cmo/select/MOHEX_np1                                                            
finish                                                                          
kdtree/release                                                                  
cmo/DELATT/MOHEX_np1/sbox                                                       
finish                                                                          
cmo/DELATT/MOHEX_np1/v12                                                        
finish                                                                          
cmo/DELATT/MOHEX_np1/linkt                                                      
finish                                                                          
cmo/DELATT/MOHEX_np1/v2                                                         
finish                                                                          
finish                                                                          
eltset/erefine/if_int/ne/0                                                      
 
 THE ELTSET erefine                          HAS      26966 ELEMENTS            
pset/prefine/eltset erefine                                                     
 
 THE PSET  prefine  HAS      41842 POINTS                                       
refine/constant/imt1/linear/element/pset,get,prefine/-1.,0.,0./exclusive/amr REF
INE_AMR                                                                         
refine elements:                                                                
refine hex     :      27148                                                     
cmo/addatt/MOHEX_np1/xradavg/VDOUBLE/scalar/nnodes/linear/temporary//0.0        
finish                                                                          
Element iteration:          1     27112                                         
Octree(PRD) refined elems: old=     70784 new=    287680                        
FILTER_SUBSET:Dudding duplicate points:      281831                             
 
filter/1,0,0                                                                    
FILTER:Use internal epsilonl value =   0.333066907388E-08                       
FILTER:Dudding duplicate points:           0                                    
geniee                                                                          
finish                                                                          
Element iteration:          1       122                                         
Octree(PRD) refined elems: old=    287680 new=    288656                        
FILTER_SUBSET:Dudding duplicate points:        1390                             
 
filter/1,0,0                                                                    
FILTER:Use internal epsilonl value =   0.333066907388E-08                       
FILTER:Dudding duplicate points:           6                                    
geniee                                                                          
finish                                                                          
cmo/DELATT/MOHEX_np1/xradavg                                                    
finish                                                                          
#                                                                               
eltset/erefine/delete                                                           
 
 ELTSET erefine                          DELETED                                
 
pset/prefine/delete                                                             
 
 PSET prefine  DELETED                                                          
 
cmo/DELATT/MOHEX_np1/if_int                                                     
#                                                                               
quality                                                                         
 
epsilonl, epsilonaspect:   3.3306691E-09  3.6948299E-26                         
--------------------------------------------                                    
elements with aspect ratio < .01:                    0                          
elements with aspect ratio b/w .01 and .02:          0                          
elements with aspect ratio b/w .02 and .05:          0                          
elements with aspect ratio b/w .05 and .1 :          0                          
elements with aspect ratio b/w .1  and .2 :          0                          
elements with aspect ratio b/w .2  and .5 :          0                          
elements with aspect ratio b/w .5  and 1. :     288656                          
min aspect ratio =  0.1000E+01  max aspect ratio =  0.1000E+01                  
 
epsilonvol:   1.1102230E-01                                                     
---------------------------------------                                         
element volumes b/w  0.2441E+06 and  0.8501E+06:    216896                      
element volumes b/w  0.8501E+06 and  0.2960E+07:     54960                      
element volumes b/w  0.2960E+07 and  0.1031E+08:         0                      
element volumes b/w  0.1031E+08 and  0.3590E+08:     12800                      
element volumes b/w  0.3590E+08 and  0.1250E+09:      4000                      
min volume =   2.4414062E+05  max volume =   1.2500000E+08                      
-----------------------------------------------------------                     
    288656 total elements evaluated.                                            
 
cmo/status/brief                                                                
 
The current-mesh-object(CMO) is: MOHEX_np1                                      
 
  1 Mesh Object name: MODFN                                                     
    number of nodes =           250        number of elements =          180    
    dimensions geometry =         3        element type =                tri    
    dimensions topology =         2        3 nodes      3 faces      3 edges    
    boundary flag =        16000000        status =                 inactive    
 
  2 Mesh Object name: mohex                                                     
    number of nodes =        163463        number of elements =        70784    
    dimensions geometry =         3        element type =                hex    
    dimensions topology =         3        8 nodes      6 faces     12 edges    
    boundary flag =        16000000        status =                 inactive    
 
  3 Mesh Object name: MOHEX_np1                                                 
    number of nodes =        680909        number of elements =       288656    
    dimensions geometry =         3        element type =                hex    
    dimensions topology =         3        8 nodes      6 faces     12 edges    
    boundary flag =        16000000        status =                   active    
 
 
#                                                                               
finish                                                                          
finish                                                                          
define/NTIMEs/remove                                                            
finish                                                                          
#                                                                               
finish                                                                          
#                                                                               
# Identify cells in hex mesh that are intersected by DFN mesh                   
#                                                                               
# This is the last pass through intersect_elements in order to figure out       
# which cells in the fully refined hex mesh are intersected by the dfn mesh     
#                                                                               
intersect_elements/MOHEX/MODFN/if_int                                           
cmo/select/mohex                                                                
finish                                                                          
kdtree/build                                                                    
cmo/addatt//v2/INT/scalar/scalar/constant/temporary//2.0                        
finish                                                                          
cmo/addatt//linkt/VINT/v2/nelements//temporary/x/0.0                            
finish                                                                          
cmo/addatt//v12/INT/scalar/scalar/constant/temporary//12.0                      
finish                                                                          
cmo/addatt//sbox/VDOUBLE/v12/nelements/linear/temporary/x/0.0                   
finish                                                                          
finish                                                                          
cmo/addatt/mohex/if_int/VINT/scalar/nelements/linear/permanent//0/              
finish                                                                          
 
         Element    Elems Searched  Elements Found  Percent Done                
             10            89280          26356        5 %                      
             19            89504             19       10 %                      
             28            90013             38       15 %                      
             37            90196             15       20 %                      
             46            90408             10       25 %                      
             55            90569              9       30 %                      
             64            90864             15       35 %                      
             73            91230             39       40 %                      
             82            92632             83       45 %                      
             91            92834             14       50 %                      
            100            93036             16       55 %                      
            109            93518             25       60 %                      
            118            93838             37       65 %                      
            127            94235             17       70 %                      
            136            95617             83       75 %                      
            145            95811             10       80 %                      
            154            96114             16       85 %                      
            163            97008             57       90 %                      
            172            97238             19       95 %                      
            180            98706          26966    Total Done                   
 
cmo/select/mohex                                                                
finish                                                                          
kdtree/release                                                                  
cmo/DELATT/mohex/sbox                                                           
finish                                                                          
cmo/DELATT/mohex/v12                                                            
finish                                                                          
cmo/DELATT/mohex/linkt                                                          
finish                                                                          
cmo/DELATT/mohex/v2                                                             
finish                                                                          
finish                                                                          
eltset/einter/if_int/ne/0                                                       
 
 THE ELTSET einter                           HAS      26966 ELEMENTS            
pset/pinter/eltset einter                                                       
 
 THE PSET  pinter  HAS      41842 POINTS                                        
#                                                                               
# Use the itetclr(cell) and imt(vertex) attribute to hold the information       
#                                                                               
cmo/setatt/MOHEX/itetclr/1 0 0/1                                                
     70784 values reset for attribute itetclr                                   
 
cmo/setatt/MOHEX/itetclr/eltset get einter/2                                    
     26966 values reset for attribute itetclr                                   
 
cmo/setatt/MOHEX/imt/1 0 0/1                                                    
     76011 values reset for attribute imt1                                      
 
cmo/setatt/MOHEX/imt/pset get pinter/2                                          
     41842 values reset for attribute imt1                                      
 
#                                                                               
# Output final hex mesh                                                         
#                                                                               
#dump / avs2 / tmp_hex_refine.inp / MOHEX                                       
#                                                                               
# Same as above but for np1 hex mesh                                            
#                                                                               
intersect_elements/MOHEX_np1/MODFN/if_int                                       
cmo/select/MOHEX_np1                                                            
finish                                                                          
kdtree/build                                                                    
cmo/addatt//v2/INT/scalar/scalar/constant/temporary//2.0                        
finish                                                                          
cmo/addatt//linkt/VINT/v2/nelements//temporary/x/0.0                            
finish                                                                          
cmo/addatt//v12/INT/scalar/scalar/constant/temporary//12.0                      
finish                                                                          
cmo/addatt//sbox/VDOUBLE/v12/nelements/linear/temporary/x/0.0                   
finish                                                                          
finish                                                                          
cmo/addatt/MOHEX_np1/if_int/VINT/scalar/nelements/linear/permanent//0/          
finish                                                                          
 
         Element    Elems Searched  Elements Found  Percent Done                
             10           336604         105676        5 %                      
             19           337033             50       10 %                      
             28           338847            159       15 %                      
             37           339262             44       20 %                      
             46           339697             33       25 %                      
             55           340069             26       30 %                      
             64           340797             55       35 %                      
             73           341841            111       40 %                      
             82           346657            332       45 %                      
             91           347147             38       50 %                      
            100           347683             48       55 %                      
            109           349252             93       60 %                      
            118           350353            120       65 %                      
            127           351651             88       70 %                      
            136           356592            322       75 %                      
            145           357074             35       80 %                      
            154           357974             71       85 %                      
            163           360674            213       90 %                      
            172           361256             63       95 %                      
            180           366953         107967    Total Done                   
 
cmo/select/MOHEX_np1                                                            
finish                                                                          
kdtree/release                                                                  
cmo/DELATT/MOHEX_np1/sbox                                                       
finish                                                                          
cmo/DELATT/MOHEX_np1/v12                                                        
finish                                                                          
cmo/DELATT/MOHEX_np1/linkt                                                      
finish                                                                          
cmo/DELATT/MOHEX_np1/v2                                                         
finish                                                                          
finish                                                                          
eltset/einter/if_int/ne/0                                                       
 
 THE ELTSET einter                           HAS     107967 ELEMENTS            
pset/pinter/eltset einter                                                       
 
 THE PSET  pinter  HAS     165557 POINTS                                        
#                                                                               
# See above                                                                     
#                                                                               
cmo/setatt/MOHEX_np1/itetclr/1 0 0/1                                            
    288656 values reset for attribute itetclr                                   
 
cmo/setatt/MOHEX_np1/itetclr/eltset get einter/2                                
    107967 values reset for attribute itetclr                                   
 
cmo/setatt/MOHEX_np1/imt/1 0 0/1                                                
    310230 values reset for attribute imt1                                      
 
cmo/setatt/MOHEX_np1/imt/pset get pinter/2                                      
    165557 values reset for attribute imt1                                      
 
#dump / avs2 / tmp_hex_np1_refine.inp / MOHEX_np1                               
#                                                                               
# Convert the hex mesh to a tet mesh                                            
#                                                                               
infile hex_to_tet.mlgi                                                          
#                                                                               
# Convert the octree hex mesh to tet mesh by connecting the                     
# octree vertex collection to a Delaunay mesh                                   
#                                                                               
cmo/create/MOTET                                                                
copypts/MOTET/MOHEX                                                             
copypts added nodes          1 to      76011                                    
cmo/select/MOTET                                                                
filter 1 0 0                                                                    
FILTER:Use internal epsilonl value =   0.333066907388E-08                       
FILTER:Dudding duplicate points:           0                                    
rmpoint/compress                                                                
         0 points removed and          0 elements removed.                      
RMPOINT: new point count is        76011                                        
RMPOINT: new element count is          0                                        
cmo/setatt/MOTET/imt/1 0 0/1                                                    
Warning: nelements = 0                                                          
     76011 values reset for attribute imt1                                      
 
cmo/setatt/MOTET/itp/1 0 0/0                                                    
Warning: nelements = 0                                                          
     76011 values reset for attribute itp1                                      
 
#                                                                               
# Sort and reorder the nodes based on coordinates                               
#                                                                               
sort/MOTET/index/ascending/ikey/xic yic zic                                     
cmo/addatt/motet/ikey/vint/scalar/nnodes///gax/0                                
finish                                                                          
 SORT: order key written to attribute: ikey                                     
 
reorder/MOTET/ikey                                                              
cmo/DELATT/MOTET/ikey                                                           
#                                                                               
# Connect                                                                       
#                                                                               
connect/noadd                                                                   
 Coordinates of enclosing tetrahedron are:                                      
          -0.12500D+05   -0.12500D+05   -0.12500D+05                            
          -0.12500D+05    0.37500D+05    0.00000D+00                            
          -0.12500D+05   -0.12500D+05    0.12500D+05                            
           0.37500D+05    0.00000D+00    0.00000D+00                            
 ntets=     32512     node index=     5000     nlstfail=       0 %done=   7.13  
 ntets=     66161     node index=    10000     nlstfail=       0 %done=  14.51  
 ntets=     98913     node index=    15000     nlstfail=       0 %done=  21.69  
 ntets=    129323     node index=    20000     nlstfail=       0 %done=  28.35  
 ntets=    158681     node index=    25000     nlstfail=       0 %done=  34.79  
 ntets=    188149     node index=    30000     nlstfail=       0 %done=  41.25  
 ntets=    217912     node index=    35000     nlstfail=       0 %done=  47.78  
 ntets=    247903     node index=    40000     nlstfail=       0 %done=  54.35  
 ntets=    278365     node index=    45000     nlstfail=       0 %done=  61.03  
 ntets=    307942     node index=    50000     nlstfail=       0 %done=  67.52  
 ntets=    337267     node index=    55000     nlstfail=       0 %done=  73.95  
 ntets=    364958     node index=    60000     nlstfail=       0 %done=  80.02  
 ntets=    389459     node index=    65000     nlstfail=       0 %done=  85.39  
 ntets=    412247     node index=    70000     nlstfail=       0 %done=  90.39  
 ntets=    433745     node index=    75000     nlstfail=       0 %done=  95.10  
 
 The mesh is now complete!                                                      
 
LaGriT FINISH: connect                                                          
 
cmo/setatt/MOTET/itetclr/1 0 0/1                                                
    425371 values reset for attribute itetclr                                   
 
resetpts/itp                                                                    
geniee                                                                          
finish                                                                          
#                                                                               
# Do the same for np1 mesh                                                      
#                                                                               
cmo/create/MOTET_np1                                                            
copypts/MOTET_np1/MOHEX_np1                                                     
copypts added nodes          1 to     310230                                    
cmo/select/MOTET_np1                                                            
filter 1 0 0                                                                    
FILTER:Use internal epsilonl value =   0.333066907388E-08                       
FILTER:Dudding duplicate points:           0                                    
rmpoint/compress                                                                
         0 points removed and          0 elements removed.                      
RMPOINT: new point count is       310230                                        
RMPOINT: new element count is          0                                        
cmo/setatt/MOTET_np1/imt/1 0 0/1                                                
Warning: nelements = 0                                                          
    310230 values reset for attribute imt1                                      
 
cmo/setatt/MOTET_np1/itp/1 0 0/0                                                
Warning: nelements = 0                                                          
    310230 values reset for attribute itp1                                      
 
#                                                                               
# See above                                                                     
#                                                                               
sort/MOTET_np1/index/ascending/ikey/xic yic zic                                 
cmo/addatt/MOTET_np1/ikey/vint/scalar/nnodes///gax/0                            
finish                                                                          
 SORT: order key written to attribute: ikey                                     
 
reorder/MOTET_np1/ikey                                                          
cmo/DELATT/MOTET_np1/ikey                                                       
#                                                                               
connect/noadd                                                                   
 Coordinates of enclosing tetrahedron are:                                      
          -0.12500D+05   -0.12500D+05   -0.12500D+05                            
          -0.12500D+05    0.37500D+05    0.00000D+00                            
          -0.12500D+05   -0.12500D+05    0.12500D+05                            
           0.37500D+05    0.00000D+00    0.00000D+00                            
 ntets=     31560     node index=     5000     nlstfail=       0 %done=   1.70  
 ntets=     63868     node index=    10000     nlstfail=       0 %done=   3.43  
 ntets=     95836     node index=    15000     nlstfail=       0 %done=   5.15  
 ntets=    127778     node index=    20000     nlstfail=       0 %done=   6.86  
 ntets=    160157     node index=    25000     nlstfail=       0 %done=   8.60  
 ntets=    192429     node index=    30000     nlstfail=       0 %done=  10.34  
 ntets=    224449     node index=    35000     nlstfail=       0 %done=  12.06  
 ntets=    256790     node index=    40000     nlstfail=       0 %done=  13.80  
 ntets=    289295     node index=    45000     nlstfail=       0 %done=  15.54  
 ntets=    321555     node index=    50000     nlstfail=       0 %done=  17.27  
 ntets=    353927     node index=    55000     nlstfail=       0 %done=  19.01  
 ntets=    386408     node index=    60000     nlstfail=       0 %done=  20.76  
 ntets=    418870     node index=    65000     nlstfail=       0 %done=  22.50  
 ntets=    450816     node index=    70000     nlstfail=       0 %done=  24.22  
 ntets=    483184     node index=    75000     nlstfail=       0 %done=  25.96  
 ntets=    515193     node index=    80000     nlstfail=       0 %done=  27.68  
 ntets=    547066     node index=    85000     nlstfail=       0 %done=  29.39  
 ntets=    579322     node index=    90000     nlstfail=       0 %done=  31.12  
 ntets=    611766     node index=    95000     nlstfail=       0 %done=  32.87  
 ntets=    643312     node index=   100000     nlstfail=       0 %done=  34.56  
 ntets=    674212     node index=   105000     nlstfail=       0 %done=  36.22  
 ntets=    705052     node index=   110000     nlstfail=       0 %done=  37.88  
 ntets=    735395     node index=   115000     nlstfail=       0 %done=  39.51  
 ntets=    765300     node index=   120000     nlstfail=       0 %done=  41.11  
 ntets=    795521     node index=   125000     nlstfail=       0 %done=  42.74  
 ntets=    825757     node index=   130000     nlstfail=       0 %done=  44.36  
 ntets=    855176     node index=   135000     nlstfail=       0 %done=  45.94  
 ntets=    884881     node index=   140000     nlstfail=       0 %done=  47.54  
 ntets=    914592     node index=   145000     nlstfail=       0 %done=  49.13  
 ntets=    943894     node index=   150000     nlstfail=       0 %done=  50.71  
 ntets=    972973     node index=   155000     nlstfail=       0 %done=  52.27  
 ntets=   1001915     node index=   160000     nlstfail=       0 %done=  53.83  
 ntets=   1030991     node index=   165000     nlstfail=       0 %done=  55.39  
 ntets=   1060691     node index=   170000     nlstfail=       0 %done=  56.98  
 ntets=   1090598     node index=   175000     nlstfail=       0 %done=  58.59  
 ntets=   1120382     node index=   180000     nlstfail=       0 %done=  60.19  
 ntets=   1150387     node index=   185000     nlstfail=       0 %done=  61.80  
 ntets=   1179977     node index=   190000     nlstfail=       0 %done=  63.39  
 ntets=   1209819     node index=   195000     nlstfail=       0 %done=  64.99  
 ntets=   1239460     node index=   200000     nlstfail=       0 %done=  66.59  
 ntets=   1268819     node index=   205000     nlstfail=       0 %done=  68.16  
 ntets=   1298658     node index=   210000     nlstfail=       0 %done=  69.77  
 ntets=   1327887     node index=   215000     nlstfail=       0 %done=  71.34  
 ntets=   1357046     node index=   220000     nlstfail=       0 %done=  72.90  
 ntets=   1385996     node index=   225000     nlstfail=       0 %done=  74.46  
 ntets=   1414092     node index=   230000     nlstfail=       0 %done=  75.97  
 ntets=   1440736     node index=   235000     nlstfail=       0 %done=  77.40  
 ntets=   1467554     node index=   240000     nlstfail=       0 %done=  78.84  
 ntets=   1494190     node index=   245000     nlstfail=       0 %done=  80.27  
 ntets=   1519279     node index=   250000     nlstfail=       0 %done=  81.62  
 ntets=   1544229     node index=   255000     nlstfail=       0 %done=  82.96  
 ntets=   1569499     node index=   260000     nlstfail=       0 %done=  84.32  
 ntets=   1593037     node index=   265000     nlstfail=       0 %done=  85.58  
 ntets=   1616445     node index=   270000     nlstfail=       0 %done=  86.84  
 ntets=   1639676     node index=   275000     nlstfail=       0 %done=  88.09  
 ntets=   1662336     node index=   280000     nlstfail=       0 %done=  89.31  
 ntets=   1684497     node index=   285000     nlstfail=       0 %done=  90.50  
 ntets=   1706697     node index=   290000     nlstfail=       0 %done=  91.69  
 ntets=   1728723     node index=   295000     nlstfail=       0 %done=  92.87  
 ntets=   1749874     node index=   300000     nlstfail=       0 %done=  94.01  
 ntets=   1771047     node index=   305000     nlstfail=       0 %done=  95.15  
 ntets=   1792248     node index=   310000     nlstfail=       0 %done=  96.28  
 
 The mesh is now complete!                                                      
 
LaGriT FINISH: connect                                                          
 
cmo/setatt/MOTET_np1/itetclr/1 0 0/1                                            
   1770734 values reset for attribute itetclr                                   
 
resetpts/itp                                                                    
geniee                                                                          
finish                                                                          
#                                                                               
finish                                                                          
#                                                                               
# Modify the hex data structure from a full octree data structure               
# to one in which only the highest level of refined hex is maintained           
# and all parent cells are stripped out of the data structure                   
#                                                                               
grid2grid/tree_to_fe/mohex2/MOHEX                                               
cmo/copy/mohex2/mohex                                                           
finish                                                                          
eltset/-parentset-/itetkid/gt/0                                                 
 
 THE ELTSET -parentset-                      HAS       8348 ELEMENTS            
finish                                                                          
rmpoint/element/eltset,get,-parentset-                                          
 Dudded      87452 points plus parents, and        8348 elements removed.       
finish                                                                          
rmpoint/compress                                                                
     87452 points removed and          0 elements removed.                      
RMPOINT: new point count is        76011                                        
RMPOINT: new element count is      62436                                        
finish                                                                          
resetpts/itp                                                                    
geniee                                                                          
finish                                                                          
finish                                                                          
eltset/-parentset-/delete                                                       
 
 ELTSET -parentset-                      DELETED                                
 
finish                                                                          
quality                                                                         
 
epsilonl, epsilonaspect:   3.3306691E-09  3.6948299E-26                         
--------------------------------------------                                    
elements with aspect ratio < .01:                    0                          
elements with aspect ratio b/w .01 and .02:          0                          
elements with aspect ratio b/w .02 and .05:          0                          
elements with aspect ratio b/w .05 and .1 :          0                          
elements with aspect ratio b/w .1  and .2 :          0                          
elements with aspect ratio b/w .2  and .5 :          0                          
elements with aspect ratio b/w .5  and 1. :      62436                          
min aspect ratio =  0.1000E+01  max aspect ratio =  0.1000E+01                  
 
epsilonvol:   1.1102230E-01                                                     
---------------------------------------                                         
element volumes b/w  0.1000E+07 and  0.2627E+07:     53984                      
element volumes b/w  0.2627E+07 and  0.6899E+07:         0                      
element volumes b/w  0.6899E+07 and  0.1812E+08:      6052                      
element volumes b/w  0.1812E+08 and  0.4759E+08:         0                      
element volumes b/w  0.4759E+08 and  0.1250E+09:      2400                      
min volume =   1.0000000E+06  max volume =   1.2500000E+08                      
-----------------------------------------------------------                     
     62436 total elements evaluated.                                            
 
finish                                                                          
#dump / avs / octree_hex_mesh.inp / MOHEX                                       
#                                                                               
cmo/delete/MOHEX                                                                
     Released Mesh Object: mohex                                                
cmo/select/mohex2                                                               
#                                                                               
# Remove all but the most refined hex cells                                     
#                                                                               
loop/do/NTIMEs/0 N_OCTREE_REFINE_M1 1/loop_end infile remove_cells.mlgi         
LOOP: loop nesting level =     1                                                
define/NTIMEs/0                                                                 
finish                                                                          
infile remove_cells.mlgi                                                        
#                                                                               
# Remove cells from hex mesh based on the level of refinement                   
# itetlev is the refinement level. Original mesh itetlev=0                      
#                                                                               
eltset/edelete/itetlev/eq/NTIMEs                                                
 
 THE ELTSET edelete                          HAS       2400 ELEMENTS            
rmpoint/element/eltset get edelete                                              
 Dudded       2646 points plus parents, and        2400 elements removed.       
eltset/edelete/release                                                          
 
Attribute release    not found in mesh object mohex2                            
 
rmpoint/compress                                                                
      2646 points removed and          0 elements removed.                      
RMPOINT: new point count is        73365                                        
RMPOINT: new element count is      60036                                        
#                                                                               
finish                                                                          
finish                                                                          
define/NTIMEs/1                                                                 
finish                                                                          
infile remove_cells.mlgi                                                        
#                                                                               
# Remove cells from hex mesh based on the level of refinement                   
# itetlev is the refinement level. Original mesh itetlev=0                      
#                                                                               
eltset/edelete/itetlev/eq/NTIMEs                                                
 
 THE ELTSET edelete                          HAS       6052 ELEMENTS            
rmpoint/element/eltset get edelete                                              
 Dudded       4674 points plus parents, and        6052 elements removed.       
eltset/edelete/release                                                          
 
Attribute release    not found in mesh object mohex2                            
 
rmpoint/compress                                                                
      4674 points removed and          0 elements removed.                      
RMPOINT: new point count is        68691                                        
RMPOINT: new element count is      53984                                        
#                                                                               
finish                                                                          
finish                                                                          
define/NTIMEs/remove                                                            
finish                                                                          
#                                                                               
cmo/select/mohex2                                                               
cmo/DELATT/mohex2/if_int                                                        
intersect_elements/mohex2/MODFN/if_int                                          
cmo/select/mohex2                                                               
finish                                                                          
kdtree/build                                                                    
cmo/addatt//v2/INT/scalar/scalar/constant/temporary//2.0                        
finish                                                                          
cmo/addatt//linkt/VINT/v2/nelements//temporary/x/0.0                            
finish                                                                          
cmo/addatt//v12/INT/scalar/scalar/constant/temporary//12.0                      
finish                                                                          
cmo/addatt//sbox/VDOUBLE/v12/nelements/linear/temporary/x/0.0                   
finish                                                                          
finish                                                                          
cmo/addatt/mohex2/if_int/VINT/scalar/nelements/linear/permanent//0/             
finish                                                                          
 
         Element    Elems Searched  Elements Found  Percent Done                
             10            83314          26356        5 %                      
             19            83497             19       10 %                      
             28            83909             38       15 %                      
             37            84010             15       20 %                      
             46            84130             10       25 %                      
             55            84231              9       30 %                      
             64            84415             15       35 %                      
             73            84717             39       40 %                      
             82            85869             83       45 %                      
             91            86019             14       50 %                      
            100            86139             16       55 %                      
            109            86499             25       60 %                      
            118            86768             37       65 %                      
            127            87051             17       70 %                      
            136            88221             83       75 %                      
            145            88360             10       80 %                      
            154            88560             16       85 %                      
            163            89186             57       90 %                      
            172            89311             19       95 %                      
            180            90585          26966    Total Done                   
 
cmo/select/mohex2                                                               
finish                                                                          
kdtree/release                                                                  
cmo/DELATT/mohex2/sbox                                                          
finish                                                                          
cmo/DELATT/mohex2/v12                                                           
finish                                                                          
cmo/DELATT/mohex2/linkt                                                         
finish                                                                          
cmo/DELATT/mohex2/v2                                                            
finish                                                                          
finish                                                                          
cmo/select/mohex2                                                               
eltset/edelete/if_int/eq/0                                                      
 
 THE ELTSET edelete                          HAS      27018 ELEMENTS            
rmpoint/element/eltset get edelete                                              
 Dudded      26849 points plus parents, and       27018 elements removed.       
eltset/edelete/release                                                          
 
Attribute release    not found in mesh object mohex2                            
 
rmpoint/compress                                                                
     26849 points removed and          0 elements removed.                      
RMPOINT: new point count is        41842                                        
RMPOINT: new element count is      26966                                        
#                                                                               
dump/avs/mohex2.inp/mohex2                                                      
cmo/modatt/-def-/-def-/ioflag/x                                                 
finish                                                                          
dump/avs/MOTET_np1.inp/MOTET_np1                                                
cmo/modatt/-def-/-def-/ioflag/x                                                 
finish                                                                          
dump/avs/MOTET.inp/MOTET                                                        
cmo/modatt/-def-/-def-/ioflag/x                                                 
finish                                                                          
#                                                                               
cmo/select/MOTET                                                                
#                                                                               
#                                                                               
cmo/modatt/MOTET/itp/ioflag/l                                                   
cmo/modatt/MOTET/isn/ioflag/l                                                   
cmo/modatt/MOTET/icr/ioflag/l                                                   
# #                                                                             
define/ZONE/1                                                                   
define/FOUT/boundary_top                                                        
pset/top/attribute/zic/1 0 0/gt/ZMAX                                            
 
 THE PSET  top  HAS       1855 POINTS                                           
pset/top/zone/FOUT/ascii/ZONE                                                   
PSET: THERE ARE  1 PSETS DEFINED                                                
  top                                                                           
PSET: Appended .zone to the file name                                           
PSET: OUTPUT top    1 PSETS TO FILE                                             
define/ZONE/2                                                                   
define/FOUT/boundary_bottom                                                     
pset/bottom/attribute/zic/1 0 0/lt/ZMIN                                         
 
 THE PSET  bottom  HAS        441 POINTS                                        
pset/bottom/zone/FOUT/ascii/ZONE                                                
PSET: THERE ARE  2 PSETS DEFINED                                                
  top               bottom                                                      
PSET: Appended .zone to the file name                                           
PSET: OUTPUT bottom    1 PSETS TO FILE                                          
define/ZONE/3                                                                   
define/FOUT/boundary_left_w                                                     
pset/left_w/attribute/xic/1 0 0/lt/XMIN                                         
 
 THE PSET  left_w  HAS       1066 POINTS                                        
pset/left_w/zone/FOUT/ascii/ZONE                                                
PSET: THERE ARE  3 PSETS DEFINED                                                
  top               bottom            left_w                                    
PSET: Appended .zone to the file name                                           
PSET: OUTPUT left_w    1 PSETS TO FILE                                          
define/ZONE/4                                                                   
define/FOUT/boundary_front_n                                                    
pset/front_n/attribute/yic/1 0 0/gt/YMAX                                        
 
 THE PSET  front_n  HAS       1059 POINTS                                       
pset/front_n/zone/FOUT/ascii/ZONE                                               
PSET: THERE ARE  4 PSETS DEFINED                                                
  top               bottom            left_w            front_n                 
PSET: Appended .zone to the file name                                           
PSET: OUTPUT front_n    1 PSETS TO FILE                                         
define/ZONE/5                                                                   
define/FOUT/boundary_right_e                                                    
pset/right_e/attribute/xic/1 0 0/gt/XMAX                                        
 
 THE PSET  right_e  HAS       1066 POINTS                                       
pset/right_e/zone/FOUT/ascii/ZONE                                               
PSET: THERE ARE  5 PSETS DEFINED                                                
  top               bottom            left_w            front_n                 
  right_e                                                                       
PSET: Appended .zone to the file name                                           
PSET: OUTPUT right_e    1 PSETS TO FILE                                         
define/ZONE/6                                                                   
define/FOUT/boundary_back_s                                                     
pset/back_s/attribute/yic/1 0 0/lt/YMIN                                         
 
 THE PSET  back_s  HAS       1073 POINTS                                        
pset/back_s/zone/FOUT/ascii/ZONE                                                
PSET: THERE ARE  6 PSETS DEFINED                                                
  top               bottom            left_w            front_n                 
  right_e           back_s                                                      
PSET: Appended .zone to the file name                                           
PSET: OUTPUT back_s    1 PSETS TO FILE                                          
trans/1 0 0/0. 0. 0./0,0,0                                                      
cmo/addatt/motet/transauto/VDOUBLE/scalar/vector/user/permanent/x/0.0           
finish                                                                          
Trans already complete, nothing done.                                           
dump/pflotran/full_mesh/MOTET/nofilter_zero                                     
 
*** Construct and Compress Sparse Matrix:3D ***                                 
   *** Compress Area Coefficient Values ***                                     
 
AMatbld3d_stor: Matrix compress_eps:  0.1000000E-07                             
AMatbld3d_stor: Local epsilon:  0.1000000E-14                                   
AMatbld3d_stor: *****Zero Negative Coefficients ******                          
AMatbld3d_stor: Number of 'zero' (< compress_eps) coefs         0               
AMatbld3d_stor: npoints =    76011  ncoefs =     611713                         
AMatbld3d_stor: Number of unique coefs =        43                              
AMatbld3d_stor: Maximum num. connections to a node =         47                 
PFLOTRAN total CELL nodes =        76011                                        
AMatbld3d_stor: Volume min =   4.8828125E+05                                    
AMatbld3d_stor: Volume max =   1.2500000E+08                                    
AMatbld3d_stor: Total Volume:   5.0000000E+11                                   
AMatbld3d_stor: abs(Aij/xij) min =   0.0000000E+00                              
AMatbld3d_stor: abs(Aij/xij) max =   5.0000000E+02                              
AMatbld3d_stor: (Aij/xij) max =   0.0000000E+00                                 
AMatbld3d_stor: (Aij/xij) min =  -5.0000000E+02                                 
PFLOTRAN will not filter zero coefs.                                            
PFLOTRAN coefficient from matbld Aij/Xij  max  =   0.0000000E+00                
PFLOTRAN total matbld matrix coefficients   =    611713                         
PFLOTRAN matrix  i>j (written)              =    267851                         
PFLOTRAN matrix  i<=j (not written)        =     343862                         
PFLOTRAN zero coefs < epsilon    (written)  =         0                         
 
PFLOTRAN total CONNECTIONS written         =     267851                         
PFLOTRAN coefficient  Aij min              =   1.5947199E+03                    
PFLOTRAN coefficient  Aij max              =   2.5000000E+05                    
AMatbld3d_stor Matrix coefficient values stored as scalar area/distance         
 
*** SPARSE COEFFICIENT MATRIX for PFLOTRAN SUCCESSFUL ***                       
 
3D Matrix Coefficient file written with name full_mesh.uge                      
 
dump/avs2/octree_dfn.inp/MOTET                                                  
cmo/modatt/-def-/-def-/ioflag/x                                                 
finish                                                                          
dump/coord/octree_dfn/MOTET                                                     
Writing FEHM coord/geom file: octree_dfn.fehm                                   
dump/stor/octree_dfn/MOTET                                                      
 
*** Construct and Compress Sparse Matrix:3D ***                                 
   *** Compress Area Coefficient Values ***                                     
 
AMatbld3d_stor: Matrix compress_eps:  0.1000000E-07                             
AMatbld3d_stor: Local epsilon:  0.1000000E-14                                   
AMatbld3d_stor: *****Zero Negative Coefficients ******                          
AMatbld3d_stor: Number of 'zero' (< compress_eps) coefs         0               
AMatbld3d_stor: npoints =    76011  ncoefs =     611713                         
AMatbld3d_stor: Number of unique coefs =        43                              
AMatbld3d_stor: Maximum num. connections to a node =         47                 
AMatbld3d_stor: Volume min =   4.8828125E+05                                    
AMatbld3d_stor: Volume max =   1.2500000E+08                                    
AMatbld3d_stor: Total Volume:   5.0000000E+11                                   
AMatbld3d_stor: abs(Aij/xij) min =   0.0000000E+00                              
AMatbld3d_stor: abs(Aij/xij) max =   5.0000000E+02                              
AMatbld3d_stor: (Aij/xij) max =   0.0000000E+00                                 
AMatbld3d_stor: (Aij/xij) min =  -5.0000000E+02                                 
AMatbld3d_stor Matrix coefficient values stored as scalar area/distance         
AMatbld3d_stor Matrix compression used for graph and coefficient values         
ascii STOR file written with name octree_dfn.stor                               
 
*** SPARSE COEFFICIENT MATRIX _astor SUCCESSFUL ***                             
 
3D Matrix Coefficient file written with name octree_dfn.stor                    
 
dump/zone_imt/octree_dfn/MOTET                                                  
*********dump_material_lists********                                            
Minimum material ID value =      1                                              
Maximum material ID value =      1                                              
Total possible materials  =      1                                              
Material           1 has     76011 nodes. #nodes/nnodes is    1.00000000000     
dump/zone_outside/octree_dfn/MOTET                                              
*********dump_outside_list********                                              
Voronoi Areas used for outside faces.                                           
 
assign_quadrant_id epsilon for zero:   1.0000000E-15                            
cmo/addatt/motet/top/vint/scalar/nnodes/linear/permanent/afgx/-5.0/             
finish                                                                          
Face top           1 has      1855 nodes.                                       
top        Sum Voronoi      Area_x          Area_y          Area_z              
                       0.2343750E+07   0.2343750E+07   0.1000000E+09            
cmo/addatt/motet/bottom/vint/scalar/nnodes/linear/permanent/afgx/-5.0/          
finish                                                                          
Face bottom        2 has       441 nodes.                                       
bottom     Sum Voronoi      Area_x          Area_y          Area_z              
                       0.5000000E+07   0.5000000E+07   0.1000000E+09            
cmo/addatt/motet/left_w/vint/scalar/nnodes/linear/permanent/afgx/-5.0/          
finish                                                                          
Face left_w        3 has      1066 nodes.                                       
left_w     Sum Voronoi      Area_x          Area_y          Area_z              
                       0.5000000E+08   0.1734375E+07   0.3750000E+07            
cmo/addatt/motet/right_e/vint/scalar/nnodes/linear/permanent/afgx/-5.0/         
finish                                                                          
Face right_e       5 has      1066 nodes.                                       
right_e    Sum Voronoi      Area_x          Area_y          Area_z              
                       0.5000000E+08   0.1734375E+07   0.3750000E+07            
cmo/addatt/motet/back_n/vint/scalar/nnodes/linear/permanent/afgx/-5.0/          
finish                                                                          
Face back_n        6 has      1059 nodes.                                       
back_n     Sum Voronoi      Area_x          Area_y          Area_z              
                       0.1734375E+07   0.5000000E+08   0.3750000E+07            
cmo/addatt/motet/front_s/vint/scalar/nnodes/linear/permanent/afgx/-5.0/         
finish                                                                          
Face front_s       4 has      1073 nodes.                                       
front_s    Sum Voronoi      Area_x          Area_y          Area_z              
                       0.1734375E+07   0.5000000E+08   0.3750000E+07            
cmo/DELATT//top                                                                 
finish                                                                          
cmo/DELATT//bottom                                                              
finish                                                                          
cmo/DELATT//left_w                                                              
finish                                                                          
cmo/DELATT//right_e                                                             
finish                                                                          
cmo/DELATT//back_n                                                              
finish                                                                          
cmo/DELATT//front_s                                                             
finish                                                                          
finish                                                                          
LaGriT successfully completed                                                   
