 20.000    0.0000  0.100974E+04  0.485783E+00 -0.395255E-02  0.200328E-01  0.989298E-03  0.413006E-02  0.174658E-02 -0.202527E-05 -0.586114E-04
 20.000   10.0000  0.100901E+04  0.457910E+00 -0.134818E+00  0.613073E-01  0.953574E-03  0.412590E-02  0.128664E-02 -0.109211E-05 -0.361491E-04
 20.000   20.0000  0.100713E+04  0.439438E+00 -0.236782E+00  0.102566E+00  0.924483E-03  0.412641E-02  0.994413E-03 -0.453878E-06 -0.238551E-04
 20.000   30.0000  0.100434E+04  0.427613E+00 -0.320431E+00  0.143843E+00  0.899380E-03  0.412930E-02  0.796202E-03 -0.336291E-07 -0.165471E-04
 20.000   40.0000  0.100077E+04  0.420778E+00 -0.391687E+00  0.185156E+00  0.876764E-03  0.413335E-02  0.655002E-03  0.240647E-06 -0.119158E-04
 20.000   50.0000  0.996532E+03  0.417869E+00 -0.454141E+00  0.226512E+00  0.855701E-03  0.413802E-02  0.550562E-03  0.418764E-06 -0.882971E-05
 20.000   60.0000  0.991706E+03  0.418181E+00 -0.510124E+00  0.267918E+00  0.835561E-03  0.414317E-02  0.471006E-03  0.533312E-06 -0.669004E-05
 20.000   70.0000  0.986346E+03  0.421242E+00 -0.561228E+00  0.309378E+00  0.815889E-03  0.414892E-02  0.408959E-03  0.605510E-06 -0.515875E-05
 20.000   80.0000  0.980494E+03  0.426743E+00 -0.608606E+00  0.350899E+00  0.796328E-03  0.415551E-02  0.359621E-03  0.649295E-06 -0.403440E-05
 20.000   90.0000  0.974183E+03  0.434491E+00 -0.653127E+00  0.392492E+00  0.776580E-03  0.416323E-02  0.319746E-03  0.673940E-06 -0.319135E-05
 20.000  100.0000  0.967438E+03  0.444381E+00 -0.695481E+00  0.434168E+00  0.756376E-03  0.417237E-02  0.287067E-03  0.685695E-06 -0.254809E-05
 20.000  110.0000  0.960279E+03  0.456379E+00 -0.736238E+00  0.475945E+00  0.735456E-03  0.418321E-02  0.259956E-03  0.688820E-06 -0.205001E-05
 20.000  120.0000  0.952717E+03  0.470512E+00 -0.775889E+00  0.517839E+00  0.713560E-03  0.419600E-02  0.237220E-03  0.686254E-06 -0.165946E-05
 20.000  130.0000  0.944763E+03  0.486865E+00 -0.814875E+00  0.559872E+00  0.690412E-03  0.421099E-02  0.217965E-03  0.680046E-06 -0.134987E-05
 20.000  140.0000  0.936421E+03  0.505575E+00 -0.853605E+00  0.602067E+00  0.665714E-03  0.422842E-02  0.201511E-03  0.671641E-06 -0.110213E-05
 20.000  150.0000  0.927691E+03  0.526835E+00 -0.892473E+00  0.644449E+00  0.639129E-03  0.424854E-02  0.187333E-03  0.662069E-06 -0.902205E-06
 20.000  160.0000  0.918569E+03  0.550902E+00 -0.931871E+00  0.687048E+00  0.610273E-03  0.427161E-02  0.175020E-03  0.652080E-06 -0.739674E-06
 20.000  170.0000  0.909050E+03  0.578102E+00 -0.972200E+00  0.729892E+00  0.578698E-03  0.429792E-02  0.164247E-03  0.642232E-06 -0.606671E-06
 20.000  180.0000  0.899121E+03  0.608846E+00 -0.101389E+01  0.773018E+00  0.543875E-03  0.432784E-02  0.154753E-03  0.632952E-06 -0.497196E-06
 20.000  190.0000  0.888766E+03  0.643649E+00 -0.105740E+01  0.816462E+00  0.505168E-03  0.436175E-02  0.146330E-03  0.624584E-06 -0.406624E-06
 20.000  200.0000  0.877965E+03  0.683154E+00 -0.110324E+01  0.860268E+00  0.461802E-03  0.440016E-02  0.138804E-03  0.617422E-06 -0.331356E-06
 20.000  210.0000  0.866692E+03  0.728170E+00 -0.115202E+01  0.904483E+00  0.412821E-03  0.444369E-02  0.132034E-03  0.611737E-06 -0.268565E-06
 20.000  220.0000  0.854913E+03  0.779726E+00 -0.120444E+01  0.949161E+00  0.357027E-03  0.449308E-02  0.125900E-03  0.607804E-06 -0.216017E-06
 20.000  230.0000  0.842588E+03  0.839141E+00 -0.126135E+01  0.994367E+00  0.292893E-03  0.454930E-02  0.120303E-03  0.605919E-06 -0.171931E-06
 20.000  240.0000  0.829667E+03  0.908138E+00 -0.132380E+01  0.104017E+01  0.218436E-03  0.461358E-02  0.115158E-03  0.606429E-06 -0.134880E-06
 20.000  250.0000  0.816089E+03  0.989001E+00 -0.139314E+01  0.108667E+01  0.131033E-03  0.468754E-02  0.110389E-03  0.609766E-06 -0.103712E-06
 20.000  260.0000  0.801775E+03  0.108483E+01 -0.147114E+01  0.113396E+01  0.271304E-04  0.477332E-02  0.105931E-03  0.616491E-06 -0.774924E-07
 20.000  270.0000  0.786629E+03  0.119993E+01 -0.156018E+01  0.118219E+01 -0.982176E-04  0.487387E-02  0.101723E-03  0.627364E-06 -0.554596E-07
 20.000  280.0000  0.770524E+03  0.134050E+01 -0.166358E+01  0.123150E+01 -0.252114E-03  0.499333E-02  0.977107E-04  0.643456E-06 -0.369887E-07
 20.000  290.0000  0.753294E+03  0.151574E+01 -0.178620E+01  0.128214E+01 -0.445148E-03  0.513772E-02  0.938386E-04  0.666340E-06 -0.215641E-07
 20.000  300.0000  0.734712E+03  0.174001E+01 -0.193538E+01  0.133437E+01 -0.693847E-03  0.531621E-02  0.900509E-04  0.698431E-06 -0.875771E-08
 20.000  310.0000  0.714459E+03  0.203695E+01 -0.212286E+01  0.138862E+01 -0.102552E-02  0.554348E-02  0.862857E-04  0.743653E-06  0.178976E-08
 20.000  320.0000  0.692062E+03  0.244850E+01 -0.236889E+01  0.144548E+01 -0.148873E-02  0.584473E-02  0.824684E-04  0.808863E-06  0.103851E-07
 20.000  330.0000  0.666763E+03  0.305712E+01 -0.271185E+01  0.150592E+01 -0.217931E-02  0.626777E-02  0.784981E-04  0.907316E-06  0.173001E-07
 20.000  340.0000  0.637231E+03  0.405281E+01 -0.323716E+01  0.157158E+01 -0.331865E-02  0.691841E-02  0.742159E-04  0.106915E-05  0.227973E-07
 20.000  350.0000  0.600636E+03  0.601828E+01 -0.419791E+01  0.164599E+01 -0.558586E-02  0.810696E-02  0.693072E-04  0.138601E-05  0.271939E-07
 20.000  360.0000  0.548009E+03  0.123072E+02 -0.696417E+01  0.174010E+01 -0.128560E-01  0.114758E-01  0.628026E-04  0.237364E-05  0.311699E-07
 20.000  370.0000 -0.100000E+01 -0.100000E+01 -0.100000E+01 -0.100000E+01 -0.100000E+01 -0.100000E+01 -0.100000E+01 -0.100000E+01 -0.100000E+01
 20.000  380.0000 -0.100000E+01 -0.100000E+01 -0.100000E+01 -0.100000E+01 -0.100000E+01 -0.100000E+01 -0.100000E+01 -0.100000E+01 -0.100000E+01
 20.000  390.0000 -0.100000E+01 -0.100000E+01 -0.100000E+01 -0.100000E+01 -0.100000E+01 -0.100000E+01 -0.100000E+01 -0.100000E+01 -0.100000E+01
 20.000  400.0000 -0.100000E+01 -0.100000E+01 -0.100000E+01 -0.100000E+01 -0.100000E+01 -0.100000E+01 -0.100000E+01 -0.100000E+01 -0.100000E+01
 20.000  410.0000 -0.100000E+01 -0.100000E+01 -0.100000E+01 -0.100000E+01 -0.100000E+01 -0.100000E+01 -0.100000E+01 -0.100000E+01 -0.100000E+01
 20.000  420.0000 -0.100000E+01 -0.100000E+01 -0.100000E+01 -0.100000E+01 -0.100000E+01 -0.100000E+01 -0.100000E+01 -0.100000E+01 -0.100000E+01
 20.000  430.0000 -0.100000E+01 -0.100000E+01 -0.100000E+01 -0.100000E+01 -0.100000E+01 -0.100000E+01 -0.100000E+01 -0.100000E+01 -0.100000E+01
 20.000  440.0000 -0.100000E+01 -0.100000E+01 -0.100000E+01 -0.100000E+01 -0.100000E+01 -0.100000E+01 -0.100000E+01 -0.100000E+01 -0.100000E+01
 20.000  450.0000 -0.100000E+01 -0.100000E+01 -0.100000E+01 -0.100000E+01 -0.100000E+01 -0.100000E+01 -0.100000E+01 -0.100000E+01 -0.100000E+01
 20.000  460.0000 -0.100000E+01 -0.100000E+01 -0.100000E+01 -0.100000E+01 -0.100000E+01 -0.100000E+01 -0.100000E+01 -0.100000E+01 -0.100000E+01
 20.000  470.0000 -0.100000E+01 -0.100000E+01 -0.100000E+01 -0.100000E+01 -0.100000E+01 -0.100000E+01 -0.100000E+01 -0.100000E+01 -0.100000E+01
 20.000  480.0000 -0.100000E+01 -0.100000E+01 -0.100000E+01 -0.100000E+01 -0.100000E+01 -0.100000E+01 -0.100000E+01 -0.100000E+01 -0.100000E+01
 20.000  490.0000 -0.100000E+01 -0.100000E+01 -0.100000E+01 -0.100000E+01 -0.100000E+01 -0.100000E+01 -0.100000E+01 -0.100000E+01 -0.100000E+01
 20.000  500.0000 -0.100000E+01 -0.100000E+01 -0.100000E+01 -0.100000E+01 -0.100000E+01 -0.100000E+01 -0.100000E+01 -0.100000E+01 -0.100000E+01
 20.000  510.0000 -0.100000E+01 -0.100000E+01 -0.100000E+01 -0.100000E+01 -0.100000E+01 -0.100000E+01 -0.100000E+01 -0.100000E+01 -0.100000E+01
 20.000  520.0000 -0.100000E+01 -0.100000E+01 -0.100000E+01 -0.100000E+01 -0.100000E+01 -0.100000E+01 -0.100000E+01 -0.100000E+01 -0.100000E+01
 20.000  530.0000 -0.100000E+01 -0.100000E+01 -0.100000E+01 -0.100000E+01 -0.100000E+01 -0.100000E+01 -0.100000E+01 -0.100000E+01 -0.100000E+01
 20.000  540.0000 -0.100000E+01 -0.100000E+01 -0.100000E+01 -0.100000E+01 -0.100000E+01 -0.100000E+01 -0.100000E+01 -0.100000E+01 -0.100000E+01
 20.000  550.0000 -0.100000E+01 -0.100000E+01 -0.100000E+01 -0.100000E+01 -0.100000E+01 -0.100000E+01 -0.100000E+01 -0.100000E+01 -0.100000E+01
 20.000  560.0000 -0.100000E+01 -0.100000E+01 -0.100000E+01 -0.100000E+01 -0.100000E+01 -0.100000E+01 -0.100000E+01 -0.100000E+01 -0.100000E+01
 20.000  570.0000 -0.100000E+01 -0.100000E+01 -0.100000E+01 -0.100000E+01 -0.100000E+01 -0.100000E+01 -0.100000E+01 -0.100000E+01 -0.100000E+01
 20.000  580.0000 -0.100000E+01 -0.100000E+01 -0.100000E+01 -0.100000E+01 -0.100000E+01 -0.100000E+01 -0.100000E+01 -0.100000E+01 -0.100000E+01
 20.000  590.0000 -0.100000E+01 -0.100000E+01 -0.100000E+01 -0.100000E+01 -0.100000E+01 -0.100000E+01 -0.100000E+01 -0.100000E+01 -0.100000E+01
 20.000  600.0000 -0.100000E+01 -0.100000E+01 -0.100000E+01 -0.100000E+01 -0.100000E+01 -0.100000E+01 -0.100000E+01 -0.100000E+01 -0.100000E+01
 30.000    0.0000  0.101454E+04  0.474746E+00 -0.369163E-01  0.298580E-01  0.975873E-03  0.409161E-02  0.172768E-02 -0.191293E-05 -0.571237E-04
 30.000   10.0000  0.101354E+04  0.448301E+00 -0.156904E+00  0.707917E-01  0.943390E-03  0.409544E-02  0.127879E-02 -0.981637E-06 -0.354223E-04
 30.000   20.0000  0.101148E+04  0.430536E+00 -0.251351E+00  0.111771E+00  0.916626E-03  0.410065E-02  0.991783E-03 -0.366695E-06 -0.234714E-04
 30.000   30.0000  0.100857E+04  0.419019E+00 -0.329466E+00  0.152807E+00  0.893316E-03  0.410644E-02  0.796195E-03  0.310916E-07 -0.163339E-04
 30.000   40.0000  0.100493E+04  0.412234E+00 -0.396446E+00  0.193900E+00  0.872161E-03  0.411231E-02  0.656359E-03  0.287593E-06 -0.117935E-04
 30.000   50.0000  0.100067E+04  0.409187E+00 -0.455458E+00  0.235053E+00  0.852348E-03  0.411810E-02  0.552637E-03  0.452398E-06 -0.875861E-05
 30.000   60.0000  0.995842E+03  0.409209E+00 -0.508558E+00  0.276262E+00  0.833331E-03  0.412387E-02  0.473450E-03  0.557126E-06 -0.664893E-05
 30.000   70.0000  0.990511E+03  0.411844E+00 -0.557158E+00  0.317531E+00  0.814711E-03  0.412988E-02  0.411579E-03  0.622075E-06 -0.513572E-05
 30.000   80.0000  0.984711E+03  0.416788E+00 -0.602275E+00  0.358862E+00  0.796177E-03  0.413643E-02  0.362309E-03  0.660465E-06 -0.402249E-05
 30.000   90.0000  0.978474E+03  0.423844E+00 -0.644686E+00  0.400262E+00  0.777468E-03  0.414384E-02  0.322443E-03  0.681042E-06 -0.318635E-05
 30.000  100.0000  0.971824E+03  0.432899E+00 -0.685002E+00  0.441742E+00  0.758348E-03  0.415242E-02  0.289739E-03  0.689673E-06 -0.254741E-05
 30.000  110.0000  0.964779E+03  0.443903E+00 -0.723732E+00  0.483315E+00  0.738593E-03  0.416246E-02  0.262587E-03  0.690345E-06 -0.205200E-05
 30.000  120.0000  0.957353E+03  0.456864E+00 -0.761314E+00  0.524997E+00  0.717976E-03  0.417421E-02  0.239802E-03  0.685801E-06 -0.166309E-05
 30.000  130.0000  0.949556E+03  0.471836E+00 -0.798137E+00  0.566806E+00  0.696260E-03  0.418789E-02  0.220496E-03  0.677943E-06 -0.135446E-05
 30.000  140.0000  0.941392E+03  0.488922E+00 -0.834559E+00  0.608762E+00  0.673191E-03  0.420373E-02  0.203994E-03  0.668108E-06 -0.110724E-05
 30.000  150.0000  0.932865E+03  0.508268E+00 -0.870923E+00  0.650888E+00  0.648484E-03  0.422192E-02  0.189772E-03  0.657244E-06 -0.907554E-06
 30.000  160.0000  0.923973E+03  0.530074E+00 -0.907561E+00  0.693209E+00  0.621819E-03  0.424269E-02  0.177422E-03  0.646036E-06 -0.745073E-06
 30.000  170.0000  0.914711E+03  0.554590E+00 -0.944809E+00  0.735752E+00  0.592831E-03  0.426627E-02  0.166618E-03  0.634984E-06 -0.611999E-06
 30.000  180.0000  0.905073E+03  0.582132E+00 -0.983014E+00  0.778545E+00  0.561090E-03  0.429292E-02  0.157102E-03  0.624466E-06 -0.502375E-06
 30.000  190.0000  0.895047E+03  0.613090E+00 -0.102254E+01  0.821621E+00  0.526093E-03  0.432296E-02  0.148663E-03  0.614777E-06 -0.411604E-06
 30.000  200.0000  0.884617E+03  0.647942E+00 -0.106379E+01  0.865016E+00  0.487239E-03  0.435674E-02  0.141131E-03  0.606162E-06 -0.336106E-06
 30.000  210.0000  0.873764E+03  0.687282E+00 -0.110719E+01  0.908770E+00  0.443800E-03  0.439471E-02  0.134364E-03  0.598834E-06 -0.273066E-06
 30.000  220.0000  0.862464E+03  0.731845E+00 -0.115326E+01  0.952926E+00  0.394888E-03  0.443740E-02  0.128244E-03  0.592997E-06 -0.220256E-06
 30.000  230.0000  0.850688E+03  0.782548E+00 -0.120257E+01  0.997536E+00  0.339403E-03  0.448545E-02  0.122673E-03  0.588858E-06 -0.175900E-06
 30.000  240.0000  0.838399E+03  0.840552E+00 -0.125582E+01  0.104266E+01  0.275963E-03  0.453969E-02  0.117566E-03  0.586649E-06 -0.138571E-06
 30.000  250.0000  0.825555E+03  0.907337E+00 -0.131384E+01  0.108835E+01  0.202808E-03  0.460114E-02  0.112851E-03  0.586638E-06 -0.107119E-06
 30.000  260.0000  0.812103E+03  0.984826E+00 -0.137769E+01  0.113471E+01  0.117652E-03  0.467111E-02  0.108464E-03  0.589155E-06 -0.806075E-07
 30.000  270.0000  0.797978E+03  0.107556E+01 -0.144868E+01  0.118181E+01  0.174772E-04  0.475131E-02  0.104349E-03  0.594618E-06 -0.582740E-07
 30.000  280.0000  0.783100E+03  0.118294E+01 -0.152857E+01  0.122977E+01 -0.101794E-03  0.484401E-02  0.100457E-03  0.603578E-06 -0.394913E-07
 30.000  290.0000  0.767369E+03  0.131170E+01 -0.161967E+01  0.127874E+01 -0.245805E-03  0.495226E-02  0.967393E-04  0.616781E-06 -0.237420E-07
 30.000  300.0000  0.750659E+03  0.146851E+01 -0.172518E+01  0.132889E+01 -0.422588E-03  0.508032E-02  0.931515E-04  0.635265E-06 -0.105958E-07
 30.000  310.0000  0.732803E+03  0.166312E+01 -0.184964E+01  0.138043E+01 -0.643965E-03  0.523428E-02  0.896491E-04  0.660523E-06  0.307283E-09
 30.000  320.0000  0.713581E+03  0.191036E+01 -0.199972E+01  0.143369E+01 -0.928011E-03  0.542313E-02  0.861856E-04  0.694775E-06  0.927229E-08
 30.000  330.0000  0.692690E+03  0.223375E+01 -0.218560E+01  0.148906E+01 -0.130370E-02  0.566077E-02  0.827096E-04  0.741473E-06  0.165617E-07
 30.000  340.0000  0.669696E+03  0.267280E+01 -0.242373E+01  0.154714E+01 -0.182031E-02  0.596984E-02  0.791602E-04  0.806282E-06  0.224080E-07
 30.000  350.0000  0.643948E+03  0.329935E+01 -0.274277E+01  0.160882E+01 -0.256875E-02  0.639027E-02  0.754583E-04  0.899281E-06  0.270284E-07
 30.000  360.0000  0.614390E+03  0.426030E+01 -0.319917E+01  0.167557E+01 -0.373830E-02  0.700155E-02  0.714891E-04  0.104077E-05  0.306473E-07
 30.000  370.0000  0.579091E+03  0.591299E+01 -0.392407E+01  0.175008E+01 -0.579872E-02  0.799039E-02  0.670574E-04  0.127920E-05  0.335420E-07
 30.000  380.0000  0.533930E+03  0.930326E+01 -0.525857E+01  0.183822E+01 -0.101742E-01  0.986106E-02  0.617679E-04  0.174718E-05  0.361763E-07
 30.000  390.0000  0.468806E+03  0.183471E+02 -0.823654E+01  0.195531E+01 -0.227160E-01  0.143330E-01  0.547196E-04  0.288589E-05  0.396939E-07
 30.000  400.0000  0.357425E+03  0.427711E+02 -0.134995E+02  0.215281E+01 -0.683187E-01  0.258685E-01  0.439356E-04  0.523768E-05  0.472032E-07
 30.000  410.0000  0.251201E+03  0.317599E+02 -0.692166E+01  0.239542E+01 -0.709555E-01  0.196395E-01  0.354114E-04  0.294214E-05  0.532648E-07
 30.000  420.0000  0.203239E+03  0.192397E+02 -0.332780E+01  0.255294E+01 -0.509244E-01  0.127625E-01  0.325341E-04  0.149265E-05  0.540064E-07
 30.000  430.0000  0.177413E+03  0.137629E+02 -0.202218E+01  0.266276E+01 -0.395395E-01  0.956278E-02  0.314400E-04  0.950849E-06  0.535845E-07
 30.000  440.0000  0.160599E+03  0.108729E+02 -0.140578E+01  0.274886E+01 -0.326436E-01  0.780631E-02  0.309932E-04  0.691005E-06  0.529267E-07
 30.000  450.0000  0.148427E+03  0.909923E+01 -0.105786E+01  0.282101E+01 -0.279873E-01  0.669956E-02  0.308514E-04  0.542586E-06  0.522305E-07
 30.000  460.0000  0.139023E+03  0.789846E+01 -0.838062E+00  0.288398E+01 -0.245977E-01  0.593771E-02  0.308782E-04  0.447864E-06  0.515488E-07
 30.000  470.0000  0.131435E+03  0.702929E+01 -0.688233E+00  0.294045E+01 -0.219985E-01  0.538123E-02  0.310078E-04  0.382703E-06  0.508967E-07
 30.000  480.0000  0.125120E+03  0.636915E+01 -0.580377E+00  0.299205E+01 -0.199295E-01  0.495731E-02  0.312047E-04  0.335400E-06  0.502773E-07
 30.000  490.0000  0.119739E+03  0.584930E+01 -0.499488E+00  0.303989E+01 -0.182355E-01  0.462416E-02  0.314477E-04  0.299648E-06  0.496896E-07
 30.000  500.0000  0.115069E+03  0.542827E+01 -0.436855E+00  0.308475E+01 -0.168180E-01  0.435601E-02  0.317235E-04  0.271762E-06  0.491313E-07
 30.000  510.0000  0.110959E+03  0.507952E+01 -0.387100E+00  0.312717E+01 -0.156110E-01  0.413604E-02  0.320231E-04  0.249457E-06  0.485998E-07
 30.000  520.0000  0.107296E+03  0.478528E+01 -0.346738E+00  0.316759E+01 -0.145685E-01  0.395281E-02  0.323405E-04  0.231244E-06  0.480925E-07
 30.000  530.0000  0.104001E+03  0.453321E+01 -0.313416E+00  0.320632E+01 -0.136574E-01  0.379826E-02  0.326713E-04  0.216112E-06  0.476073E-07
 30.000  540.0000  0.101010E+03  0.431446E+01 -0.285493E+00  0.324363E+01 -0.128530E-01  0.366649E-02  0.330123E-04  0.203354E-06  0.471422E-07
 30.000  550.0000  0.982766E+02  0.412252E+01 -0.261795E+00  0.327972E+01 -0.121367E-01  0.355315E-02  0.333610E-04  0.192458E-06  0.466952E-07
 30.000  560.0000  0.957629E+02  0.395248E+01 -0.241456E+00  0.331474E+01 -0.114941E-01  0.345490E-02  0.337158E-04  0.183049E-06  0.462648E-07
 30.000  570.0000  0.934385E+02  0.380059E+01 -0.223831E+00  0.334886E+01 -0.109137E-01  0.336917E-02  0.340751E-04  0.174843E-06  0.458497E-07
 30.000  580.0000  0.912789E+02  0.366391E+01 -0.208425E+00  0.338216E+01 -0.103866E-01  0.329394E-02  0.344380E-04  0.167623E-06  0.454486E-07
 30.000  590.0000  0.892639E+02  0.354010E+01 -0.194855E+00  0.341476E+01 -0.990525E-02  0.322758E-02  0.348034E-04  0.161218E-06  0.450605E-07
 30.000  600.0000  0.873767E+02  0.342732E+01 -0.182820E+00  0.344674E+01 -0.946376E-02  0.316879E-02  0.351708E-04  0.155496E-06  0.446844E-07
 40.000    0.0000  0.101923E+04  0.464025E+00 -0.679362E-01  0.395530E-01  0.963267E-03  0.405686E-02  0.171104E-02 -0.178235E-05 -0.557734E-04
 40.000   10.0000  0.101798E+04  0.438972E+00 -0.178002E+00  0.801767E-01  0.933702E-03  0.406756E-02  0.127208E-02 -0.866244E-06 -0.347579E-04
 40.000   20.0000  0.101575E+04  0.421923E+00 -0.265437E+00  0.120900E+00  0.909078E-03  0.407684E-02  0.989773E-03 -0.278382E-06 -0.231193E-04
 40.000   30.0000  0.101272E+04  0.410738E+00 -0.338323E+00  0.161710E+00  0.887439E-03  0.408513E-02  0.796546E-03  0.958197E-07 -0.161379E-04
 40.000   40.0000  0.100901E+04  0.404037E+00 -0.401238E+00  0.202599E+00  0.867654E-03  0.409257E-02  0.657931E-03  0.334252E-06 -0.116813E-04
 40.000   50.0000  0.100472E+04  0.400893E+00 -0.456970E+00  0.243559E+00  0.849019E-03  0.409932E-02  0.554843E-03  0.485716E-06 -0.869376E-05
 40.000   60.0000  0.999892E+03  0.400673E+00 -0.507326E+00  0.284584E+00  0.831056E-03  0.410562E-02  0.475973E-03  0.580678E-06 -0.661184E-05
 40.000   70.0000  0.994584E+03  0.402940E+00 -0.553547E+00  0.325672E+00  0.813421E-03  0.411184E-02  0.414246E-03  0.638455E-06 -0.511535E-05
 40.000   80.0000  0.988831E+03  0.407394E+00 -0.596531E+00  0.366822E+00  0.795844E-03  0.411833E-02  0.365023E-03  0.671528E-06 -0.401240E-05
 40.000   90.0000  0.982662E+03  0.413840E+00 -0.636960E+00  0.408040E+00  0.778097E-03  0.412545E-02  0.325148E-03  0.688110E-06 -0.318264E-05
 40.000  100.0000  0.976099E+03  0.422156E+00 -0.675380E+00  0.449334E+00  0.759975E-03  0.413354E-02  0.292408E-03  0.693688E-06 -0.254766E-05
 40.000  110.0000  0.969160E+03  0.432284E+00 -0.712241E+00  0.490715E+00  0.741283E-03  0.414287E-02  0.265206E-03  0.691979E-06 -0.205470E-05
 40.000  120.0000  0.961858E+03  0.444212E+00 -0.747931E+00  0.532197E+00  0.721823E-03  0.415370E-02  0.242365E-03  0.685528E-06 -0.166726E-05
 40.000  130.0000  0.954204E+03  0.457975E+00 -0.782796E+00  0.573795E+00  0.701391E-03  0.416624E-02  0.223003E-03  0.676097E-06 -0.135949E-05
 40.000  140.0000  0.946204E+03  0.473647E+00 -0.817153E+00  0.615528E+00  0.679768E-03  0.418067E-02  0.206448E-03  0.664917E-06 -0.111271E-05
 40.000  150.0000  0.937861E+03  0.491340E+00 -0.851299E+00  0.657415E+00  0.656713E-03  0.419719E-02  0.192178E-03  0.652858E-06 -0.913201E-06
 40.000  160.0000  0.929177E+03  0.511207E+00 -0.885523E+00  0.699479E+00  0.631958E-03  0.421598E-02  0.179785E-03  0.640541E-06 -0.750730E-06
 40.000  170.0000  0.920150E+03  0.533444E+00 -0.920108E+00  0.741743E+00  0.605196E-03  0.423721E-02  0.168945E-03  0.628417E-06 -0.617556E-06
 40.000  180.0000  0.910773E+03  0.558296E+00 -0.955340E+00  0.784232E+00  0.576078E-03  0.426111E-02  0.159400E-03  0.616820E-06 -0.507765E-06
 40.000  190.0000  0.901040E+03  0.586061E+00 -0.991517E+00  0.826975E+00  0.544198E-03  0.428789E-02  0.150941E-03  0.606006E-06 -0.416783E-06
 40.000  200.0000  0.890939E+03  0.617105E+00 -0.102895E+01  0.870001E+00  0.509078E-03  0.431784E-02  0.143395E-03  0.596178E-06 -0.341048E-06
 40.000  210.0000  0.880455E+03  0.651871E+00 -0.106798E+01  0.913343E+00  0.470154E-03  0.435127E-02  0.136624E-03  0.587510E-06 -0.277755E-06
 40.000  220.0000  0.869573E+03  0.690898E+00 -0.110896E+01  0.957039E+00  0.426748E-03  0.438856E-02  0.130508E-03  0.580157E-06 -0.224684E-06
 40.000  230.0000  0.858268E+03  0.734844E+00 -0.115233E+01  0.100113E+01  0.378044E-03  0.443016E-02  0.124951E-03  0.574270E-06 -0.180060E-06
 40.000  240.0000  0.846517E+03  0.784522E+00 -0.119854E+01  0.104566E+01  0.323040E-03  0.447664E-02  0.119868E-03  0.570008E-06 -0.142460E-06
 40.000  250.0000  0.834286E+03  0.840936E+00 -0.124815E+01  0.109068E+01  0.260500E-03  0.452867E-02  0.115189E-03  0.567547E-06 -0.110733E-06
 40.000  260.0000  0.821540E+03  0.905346E+00 -0.130182E+01  0.113625E+01  0.188873E-03  0.458708E-02  0.110853E-03  0.567089E-06 -0.839429E-07
 40.000  270.0000  0.808234E+03  0.979350E+00 -0.136034E+01  0.118245E+01  0.106191E-03  0.465293E-02  0.106804E-03  0.568882E-06 -0.613247E-07
 40.000  280.0000  0.794314E+03  0.106500E+01 -0.142468E+01  0.122934E+01  0.991281E-05  0.472755E-02  0.102996E-03  0.573233E-06 -0.422500E-07
 40.000  290.0000  0.779716E+03  0.116498E+01 -0.149608E+01  0.127703E+01 -0.103295E-03  0.481265E-02  0.993849E-04  0.580531E-06 -0.261997E-07
 40.000  300.0000  0.764363E+03  0.128283E+01 -0.157612E+01  0.132564E+01 -0.237888E-03  0.491046E-02  0.959315E-04  0.591285E-06 -0.127420E-07
 40.000  310.0000  0.748158E+03  0.142339E+01 -0.166687E+01  0.137529E+01 -0.399950E-03  0.502395E-02  0.925985E-04  0.606166E-06 -0.151540E-08
 40.000  320.0000  0.730981E+03  0.159329E+01 -0.177106E+01  0.142618E+01 -0.597974E-03  0.515714E-02  0.893501E-04  0.626084E-06  0.778515E-08
 40.000  330.0000  0.712680E+03  0.180196E+01 -0.189245E+01  0.147852E+01 -0.844128E-03  0.531556E-02  0.861505E-04  0.652291E-06  0.154203E-07
 40.000  340.0000  0.693058E+03  0.206305E+01 -0.203621E+01  0.153260E+01 -0.115635E-02  0.550703E-02  0.829632E-04  0.686550E-06  0.216161E-07
 40.000  350.0000  0.671857E+03  0.239699E+01 -0.220967E+01  0.158881E+01 -0.156201E-02  0.574293E-02  0.797485E-04  0.731414E-06  0.265738E-07
 40.000  360.0000  0.648730E+03  0.283550E+01 -0.242359E+01  0.164766E+01 -0.210465E-02  0.604038E-02  0.764619E-04  0.790712E-06  0.304786E-07
 40.000  370.0000  0.623196E+03  0.343050E+01 -0.269466E+01  0.170991E+01 -0.285768E-02  0.642681E-02  0.730505E-04  0.870550E-06  0.335118E-07
 40.000  380.0000  0.594557E+03  0.427275E+01 -0.305032E+01  0.177665E+01 -0.395394E-02  0.694882E-02  0.694463E-04  0.981304E-06  0.358649E-07
 40.000  390.0000  0.561767E+03  0.552510E+01 -0.353306E+01  0.184959E+01 -0.564374E-02  0.768442E-02  0.655571E-04  0.114013E-05  0.377633E-07
 40.000  400.0000  0.523340E+03  0.743879E+01 -0.417992E+01  0.193138E+01 -0.836212E-02  0.873132E-02  0.612690E-04  0.136667E-05  0.395032E-07
 40.000  410.0000  0.477693E+03  0.103010E+02 -0.496917E+01  0.202551E+01 -0.127823E-01  0.101688E-01  0.565002E-04  0.166840E-05  0.414798E-07
 40.000  420.0000  0.423719E+03  0.143884E+02 -0.580431E+01  0.213642E+01 -0.200474E-01  0.120738E-01  0.512648E-04  0.203441E-05  0.440931E-07
 40.000  430.0000  0.364471E+03  0.174832E+02 -0.579225E+01  0.226451E+01 -0.279143E-01  0.132052E-01  0.460061E-04  0.214666E-05  0.472410E-07
 40.000  440.0000  0.311603E+03  0.170598E+02 -0.469691E+01  0.239419E+01 -0.312750E-01  0.125089E-01  0.418191E-04  0.183721E-05  0.498137E-07
 40.000  450.0000  0.270894E+03  0.148345E+02 -0.347518E+01  0.251182E+01 -0.305538E-01  0.109572E-01  0.390171E-04  0.142747E-05  0.512165E-07
 40.000  460.0000  0.241080E+03  0.124625E+02 -0.254414E+01  0.261339E+01 -0.279449E-01  0.939625E-02  0.372843E-04  0.109228E-05  0.517159E-07
 40.000  470.0000  0.218999E+03  0.105499E+02 -0.191440E+01  0.270079E+01 -0.250974E-01  0.813708E-02  0.362391E-04  0.856634E-06  0.517068E-07
 40.000  480.0000  0.202105E+03  0.910543E+01 -0.149161E+01  0.277713E+01 -0.225553E-01  0.717519E-02  0.356210E-04  0.694273E-06  0.514379E-07
 40.000  490.0000  0.188734E+03  0.801443E+01 -0.119965E+01  0.284505E+01 -0.204035E-01  0.644046E-02  0.352747E-04  0.579913E-06  0.510397E-07
 40.000  500.0000  0.177837E+03  0.717445E+01 -0.990787E+00  0.290649E+01 -0.185983E-01  0.587003E-02  0.351085E-04  0.496746E-06  0.505791E-07
 40.000  510.0000  0.168738E+03  0.651267E+01 -0.836278E+00  0.296284E+01 -0.170758E-01  0.541845E-02  0.350662E-04  0.434335E-06  0.500907E-07
 40.000  520.0000  0.160989E+03  0.597966E+01 -0.718581E+00  0.301515E+01 -0.157790E-01  0.505427E-02  0.351123E-04  0.386176E-06  0.495933E-07
 40.000  530.0000  0.154281E+03  0.554183E+01 -0.626645E+00  0.306415E+01 -0.146626E-01  0.475572E-02  0.352232E-04  0.348108E-06  0.490970E-07
 40.000  540.0000  0.148395E+03  0.517594E+01 -0.553276E+00  0.311043E+01 -0.136915E-01  0.450748E-02  0.353826E-04  0.317390E-06  0.486074E-07
 40.000  550.0000  0.143170E+03  0.486555E+01 -0.493641E+00  0.315443E+01 -0.128390E-01  0.429851E-02  0.355791E-04  0.292158E-06  0.481274E-07
 40.000  560.0000  0.138488E+03  0.459882E+01 -0.444395E+00  0.319650E+01 -0.120842E-01  0.412074E-02  0.358046E-04  0.271113E-06  0.476586E-07
 40.000  570.0000  0.134256E+03  0.436698E+01 -0.403166E+00  0.323693E+01 -0.114107E-01  0.396811E-02  0.360527E-04  0.253325E-06  0.472017E-07
 40.000  580.0000  0.130403E+03  0.416346E+01 -0.368231E+00  0.327593E+01 -0.108058E-01  0.383601E-02  0.363190E-04  0.238111E-06  0.467568E-07
 40.000  590.0000  0.126874E+03  0.398322E+01 -0.338315E+00  0.331370E+01 -0.102591E-01  0.372089E-02  0.365999E-04  0.224964E-06  0.463238E-07
 40.000  600.0000  0.123624E+03  0.382236E+01 -0.312455E+00  0.335040E+01 -0.976237E-02  0.361993E-02  0.368925E-04  0.213497E-06  0.459024E-07
 50.000    0.0000  0.102382E+04  0.453609E+00 -0.970911E-01  0.491259E-01  0.951433E-03  0.402538E-02  0.169654E-02 -0.163592E-05 -0.545511E-04
 50.000   10.0000  0.102232E+04  0.429910E+00 -0.198120E+00  0.894673E-01  0.924490E-03  0.404204E-02  0.126644E-02 -0.746469E-06 -0.341524E-04
 50.000   20.0000  0.101992E+04  0.413583E+00 -0.279021E+00  0.129954E+00  0.901834E-03  0.405482E-02  0.988356E-03 -0.189065E-06 -0.227973E-04
 50.000   30.0000  0.101679E+04  0.402751E+00 -0.346973E+00  0.170556E+00  0.881751E-03  0.406527E-02  0.797241E-03  0.160525E-06 -0.159586E-04
 50.000   40.0000  0.101301E+04  0.396163E+00 -0.406027E+00  0.211254E+00  0.863252E-03  0.407406E-02  0.659710E-03  0.380611E-06 -0.115789E-04
 50.000   50.0000  0.100869E+04  0.392959E+00 -0.458635E+00  0.252033E+00  0.845722E-03  0.408161E-02  0.557175E-03  0.518704E-06 -0.863494E-05
 50.000   60.0000  0.100386E+04  0.392540E+00 -0.506377E+00  0.292883E+00  0.828752E-03  0.408836E-02  0.478574E-03  0.603949E-06 -0.657861E-05
 50.000   70.0000  0.998571E+03  0.394487E+00 -0.550338E+00  0.333799E+00  0.812042E-03  0.409473E-02  0.416958E-03  0.654623E-06 -0.509758E-05
 50.000   80.0000  0.992860E+03  0.398510E+00 -0.591303E+00  0.374778E+00  0.795358E-03  0.410115E-02  0.367759E-03  0.682450E-06 -0.400410E-05
 50.000   90.0000  0.986753E+03  0.404414E+00 -0.629869E+00  0.415823E+00  0.778505E-03  0.410801E-02  0.327862E-03  0.695106E-06 -0.318020E-05
 50.000  100.0000  0.980269E+03  0.412075E+00 -0.666517E+00  0.456941E+00  0.761304E-03  0.411564E-02  0.295075E-03  0.697697E-06 -0.254884E-05
 50.000  110.0000  0.973428E+03  0.421425E+00 -0.701645E+00  0.498140E+00  0.743585E-03  0.412434E-02  0.267814E-03  0.693669E-06 -0.205810E-05
 50.000  120.0000  0.966240E+03  0.432440E+00 -0.735597E+00  0.539432E+00  0.725178E-03  0.413435E-02  0.244911E-03  0.685375E-06 -0.167197E-05
 50.000  130.0000  0.958718E+03  0.445138E+00 -0.768680E+00  0.580832E+00  0.705904E-03  0.414587E-02  0.225488E-03  0.674437E-06 -0.136494E-05
 50.000  140.0000  0.950869E+03  0.459570E+00 -0.801175E+00  0.622355E+00  0.685575E-03  0.415908E-02  0.208874E-03  0.661985E-06 -0.111853E-05
 50.000  150.0000  0.942696E+03  0.475822E+00 -0.833342E+00  0.664020E+00  0.663985E-03  0.417413E-02  0.194551E-03  0.648810E-06 -0.919145E-06
 50.000  160.0000  0.934202E+03  0.494012E+00 -0.865433E+00  0.705844E+00  0.640906E-03  0.419119E-02  0.182111E-03  0.635475E-06 -0.756646E-06
 50.000  170.0000  0.925387E+03  0.514294E+00 -0.897690E+00  0.747851E+00  0.616082E-03  0.421040E-02  0.171231E-03  0.622384E-06 -0.623347E-06
 50.000  180.0000  0.916247E+03  0.536859E+00 -0.930356E+00  0.790060E+00  0.589221E-03  0.423193E-02  0.161653E-03  0.609833E-06 -0.513368E-06
 50.000  190.0000  0.906778E+03  0.561940E+00 -0.963675E+00  0.832497E+00  0.559993E-03  0.425596E-02  0.153167E-03  0.598042E-06 -0.422164E-06
 50.000  200.0000  0.896971E+03  0.589818E+00 -0.997899E+00  0.875188E+00  0.528012E-03  0.428268E-02  0.145603E-03  0.587184E-06 -0.346184E-06
 50.000  210.0000  0.886816E+03  0.620830E+00 -0.103329E+01  0.918161E+00  0.492830E-03  0.431234E-02  0.138820E-03  0.577400E-06 -0.282635E-06
 50.000  220.0000  0.876300E+03  0.655381E+00 -0.107013E+01  0.961446E+00  0.453921E-03  0.434520E-02  0.132701E-03  0.568809E-06 -0.229301E-06
 50.000  230.0000  0.865407E+03  0.693956E+00 -0.110872E+01  0.100508E+01  0.410660E-03  0.438160E-02  0.127149E-03  0.561526E-06 -0.184414E-06
 50.000  240.0000  0.854119E+03  0.737140E+00 -0.114940E+01  0.104909E+01  0.362301E-03  0.442192E-02  0.122080E-03  0.555661E-06 -0.146548E-06
 50.000  250.0000  0.842411E+03  0.785639E+00 -0.119254E+01  0.109353E+01  0.307943E-03  0.446661E-02  0.117425E-03  0.551333E-06 -0.114554E-06
 50.000  260.0000  0.830258E+03  0.840317E+00 -0.123858E+01  0.113844E+01  0.246489E-03  0.451624E-02  0.113123E-03  0.548673E-06 -0.874960E-07
 50.000  270.0000  0.817628E+03  0.902231E+00 -0.128800E+01  0.118387E+01  0.176589E-03  0.457147E-02  0.109121E-03  0.547833E-06 -0.646068E-07
 50.000  280.0000  0.804485E+03  0.972692E+00 -0.134140E+01  0.122989E+01  0.965604E-04  0.463313E-02  0.105373E-03  0.548992E-06 -0.452573E-07
 50.000  290.0000  0.790785E+03  0.105334E+01 -0.139946E+01  0.127656E+01  0.428461E-05  0.470224E-02  0.101838E-03  0.552369E-06 -0.289264E-07
 50.000  300.0000  0.776477E+03  0.114626E+01 -0.146305E+01  0.132396E+01 -0.102943E-03  0.478007E-02  0.984799E-04  0.558231E-06 -0.151812E-07
 50.000  310.0000  0.761502E+03  0.125410E+01 -0.153319E+01  0.137220E+01 -0.228623E-03  0.486822E-02  0.952641E-04  0.566914E-06 -0.365902E-08
 50.000  320.0000  0.745787E+03  0.138032E+01 -0.161118E+01  0.142137E+01 -0.377349E-03  0.496872E-02  0.921599E-04  0.578841E-06  0.594566E-08
 50.000  330.0000  0.729247E+03  0.152946E+01 -0.169864E+01  0.147162E+01 -0.555247E-03  0.508419E-02  0.891384E-04  0.594550E-06  0.138930E-07
 50.000  340.0000  0.711776E+03  0.170753E+01 -0.179759E+01  0.152311E+01 -0.770609E-03  0.521803E-02  0.861715E-04  0.614730E-06  0.204068E-07
 50.000  350.0000  0.693248E+03  0.192266E+01 -0.191061E+01  0.157606E+01 -0.103485E-02  0.537465E-02  0.832323E-04  0.640271E-06  0.256829E-07
 50.000  360.0000  0.673506E+03  0.218591E+01 -0.204092E+01  0.163070E+01 -0.136393E-02  0.555988E-02  0.802936E-04  0.672320E-06  0.298957E-07
 50.000  370.0000  0.652358E+03  0.251253E+01 -0.219261E+01  0.168737E+01 -0.178066E-02  0.578150E-02  0.773284E-04  0.712380E-06  0.332055E-07
 50.000  380.0000  0.629566E+03  0.292400E+01 -0.237085E+01  0.174649E+01 -0.231846E-02  0.605006E-02  0.743088E-04  0.762451E-06  0.357642E-07
 50.000  390.0000  0.604831E+03  0.345109E+01 -0.258221E+01  0.180858E+01 -0.302753E-02  0.638008E-02  0.712057E-04  0.825236E-06  0.377229E-07
 50.000  400.0000  0.577788E+03  0.413673E+01 -0.283360E+01  0.187436E+01 -0.398280E-02  0.678992E-02  0.679893E-04  0.904009E-06  0.392379E-07
 50.000  410.0000  0.548023E+03  0.502971E+01 -0.312492E+01  0.194469E+01 -0.528325E-02  0.729398E-02  0.646337E-04  0.100059E-05  0.404778E-07
 50.000  420.0000  0.515231E+03  0.615323E+01 -0.343273E+01  0.202052E+01 -0.702208E-02  0.788198E-02  0.611355E-04  0.111016E-05  0.416233E-07
 50.000  430.0000  0.479474E+03  0.747625E+01 -0.370937E+01  0.210248E+01 -0.925937E-02  0.851484E-02  0.575390E-04  0.122021E-05  0.428451E-07
 50.000  440.0000  0.441311E+03  0.892244E+01 -0.390360E+01  0.219080E+01 -0.120276E-01  0.914012E-02  0.539366E-04  0.131614E-05  0.442493E-07
 50.000  450.0000  0.402044E+03  0.101858E+02 -0.390363E+01  0.228466E+01 -0.149764E-01  0.957156E-02  0.504792E-04  0.135936E-05  0.458081E-07
 50.000  460.0000  0.364240E+03  0.107579E+02 -0.361401E+01  0.238073E+01 -0.172253E-01  0.956730E-02  0.474046E-04  0.130561E-05  0.473200E-07
 50.000  470.0000  0.330339E+03  0.106169E+02 -0.315065E+01  0.247476E+01 -0.184286E-01  0.919105E-02  0.448895E-04  0.118165E-05  0.485440E-07
 50.000  480.0000  0.301335E+03  0.100230E+02 -0.265287E+01  0.256384E+01 -0.186849E-01  0.860114E-02  0.429532E-04  0.103251E-05  0.493711E-07
 50.000  490.0000  0.277125E+03  0.923016E+01 -0.220034E+01  0.264654E+01 -0.182561E-01  0.793532E-02  0.415228E-04  0.888113E-06  0.498236E-07
 50.000  500.0000  0.257073E+03  0.841419E+01 -0.182345E+01  0.272262E+01 -0.174426E-01  0.728889E-02  0.404960E-04  0.762650E-06  0.499832E-07
 50.000  510.0000  0.240402E+03  0.766272E+01 -0.152244E+01  0.279254E+01 -0.164705E-01  0.670792E-02  0.397765E-04  0.659248E-06  0.499352E-07
 50.000  520.0000  0.226410E+03  0.700472E+01 -0.128551E+01  0.285704E+01 -0.154734E-01  0.620506E-02  0.392870E-04  0.575808E-06  0.497476E-07
 50.000  530.0000  0.214524E+03  0.644044E+01 -0.109896E+01  0.291689E+01 -0.145174E-01  0.577671E-02  0.389694E-04  0.508724E-06  0.494687E-07
 50.000  540.0000  0.204303E+03  0.595932E+01 -0.950890E+00  0.297279E+01 -0.136300E-01  0.541341E-02  0.387814E-04  0.454507E-06  0.491313E-07
 50.000  550.0000  0.195410E+03  0.554836E+01 -0.832027E+00  0.302534E+01 -0.128185E-01  0.510480E-02  0.386925E-04  0.410277E-06  0.487572E-07
 50.000  560.0000  0.187588E+03  0.519541E+01 -0.735424E+00  0.307504E+01 -0.120812E-01  0.484146E-02  0.386802E-04  0.373798E-06  0.483609E-07
 50.000  570.0000  0.180644E+03  0.489014E+01 -0.655938E+00  0.312229E+01 -0.114123E-01  0.461548E-02  0.387280E-04  0.343374E-06  0.479523E-07
 50.000  580.0000  0.174425E+03  0.462413E+01 -0.589768E+00  0.316745E+01 -0.108050E-01  0.442036E-02  0.388235E-04  0.317721E-06  0.475378E-07
 50.000  590.0000  0.168814E+03  0.439058E+01 -0.534079E+00  0.321079E+01 -0.102525E-01  0.425087E-02  0.389573E-04  0.295872E-06  0.471219E-07
 50.000  600.0000  0.163716E+03  0.418405E+01 -0.486741E+00  0.325254E+01 -0.974825E-02  0.410281E-02  0.391221E-04  0.277085E-06  0.467077E-07
 60.000    0.0000  0.102830E+04  0.443490E+00 -0.124457E+00  0.585841E-01  0.940324E-03  0.399679E-02  0.168405E-02 -0.147584E-05 -0.534479E-04
 60.000   10.0000  0.102658E+04  0.421108E+00 -0.217267E+00  0.986681E-01  0.915735E-03  0.401865E-02  0.126184E-02 -0.622837E-06 -0.336023E-04
 60.000   20.0000  0.102402E+04  0.405504E+00 -0.292091E+00  0.138937E+00  0.894887E-03  0.403447E-02  0.987507E-03 -0.988783E-07 -0.225038E-04
 60.000   30.0000  0.102077E+04  0.395043E+00 -0.355394E+00  0.179346E+00  0.876252E-03  0.404677E-02  0.798265E-03  0.225169E-06 -0.157952E-04
 60.000   40.0000  0.101694E+04  0.388593E+00 -0.410784E+00  0.219865E+00  0.858957E-03  0.405669E-02  0.661688E-03  0.426651E-06 -0.114859E-04
 60.000   50.0000  0.101258E+04  0.385359E+00 -0.460417E+00  0.260474E+00  0.842468E-03  0.406491E-02  0.559628E-03  0.551346E-06 -0.858192E-05
 60.000   60.0000  0.100774E+04  0.384776E+00 -0.505670E+00  0.301159E+00  0.826431E-03  0.407201E-02  0.481247E-03  0.626919E-06 -0.654915E-05
 60.000   70.0000  0.100248E+04  0.386447E+00 -0.547482E+00  0.341912E+00  0.810589E-03  0.407850E-02  0.419712E-03  0.670555E-06 -0.508231E-05
 60.000   80.0000  0.996803E+03  0.390090E+00 -0.586533E+00  0.382729E+00  0.794742E-03  0.408483E-02  0.370517E-03  0.693203E-06 -0.399753E-05
 60.000   90.0000  0.990752E+03  0.395513E+00 -0.623342E+00  0.423610E+00  0.778722E-03  0.409143E-02  0.330584E-03  0.701996E-06 -0.317899E-05
 60.000  100.0000  0.984342E+03  0.402590E+00 -0.658329E+00  0.464559E+00  0.762374E-03  0.409865E-02  0.297739E-03  0.701658E-06 -0.255093E-05
 60.000  110.0000  0.977590E+03  0.411246E+00 -0.691844E+00  0.505586E+00  0.745551E-03  0.410678E-02  0.270411E-03  0.695369E-06 -0.206218E-05
 60.000  120.0000  0.970509E+03  0.421450E+00 -0.724192E+00  0.546699E+00  0.728105E-03  0.411605E-02  0.247440E-03  0.685289E-06 -0.167722E-05
 60.000  130.0000  0.963109E+03  0.433204E+00 -0.755645E+00  0.587911E+00  0.709882E-03  0.412666E-02  0.227950E-03  0.672903E-06 -0.137081E-05
 60.000  140.0000  0.955399E+03  0.446543E+00 -0.786449E+00  0.629237E+00  0.690717E-03  0.413878E-02  0.211275E-03  0.659240E-06 -0.112469E-05
 60.000  150.0000  0.947382E+03  0.461531E+00 -0.816838E+00  0.670692E+00  0.670435E-03  0.415255E-02  0.196895E-03  0.645017E-06 -0.925386E-06
 60.000  160.0000  0.939062E+03  0.478259E+00 -0.847029E+00  0.712294E+00  0.648840E-03  0.416809E-02  0.184404E-03  0.630741E-06 -0.762821E-06
 60.000  170.0000  0.930441E+03  0.496849E+00 -0.877234E+00  0.754060E+00  0.625716E-03  0.418554E-02  0.173480E-03  0.616769E-06 -0.629370E-06
 60.000  180.0000  0.921517E+03  0.517451E+00 -0.907660E+00  0.796012E+00  0.600819E-03  0.420503E-02  0.163864E-03  0.603364E-06 -0.519187E-06
 60.000  190.0000  0.912287E+03  0.540247E+00 -0.938513E+00  0.838168E+00  0.573873E-03  0.422668E-02  0.155348E-03  0.590714E-06 -0.427746E-06
 60.000  200.0000  0.902745E+03  0.565458E+00 -0.969998E+00  0.880553E+00  0.544564E-03  0.425066E-02  0.147760E-03  0.578966E-06 -0.351514E-06
 60.000  210.0000  0.892884E+03  0.593343E+00 -0.100233E+01  0.923190E+00  0.512531E-03  0.427714E-02  0.140960E-03  0.568233E-06 -0.287705E-06
 60.000  220.0000  0.882695E+03  0.624212E+00 -0.103572E+01  0.966105E+00  0.477355E-03  0.430633E-02  0.134831E-03  0.558612E-06 -0.234110E-06
 60.000  230.0000  0.872165E+03  0.658429E+00 -0.107040E+01  0.100933E+01  0.438551E-03  0.433844E-02  0.129277E-03  0.550185E-06 -0.188959E-06
 60.000  240.0000  0.861281E+03  0.696427E+00 -0.110662E+01  0.105288E+01  0.395547E-03  0.437376E-02  0.124214E-03  0.543034E-06 -0.150833E-06
 60.000  250.0000  0.850027E+03  0.738717E+00 -0.114465E+01  0.109681E+01  0.347668E-03  0.441261E-02  0.119573E-03  0.537240E-06 -0.118579E-06
 60.000  260.0000  0.838382E+03  0.785910E+00 -0.118477E+01  0.114115E+01  0.294110E-03  0.445535E-02  0.115294E-03  0.532888E-06 -0.912621E-07
 60.000  270.0000  0.826323E+03  0.838735E+00 -0.122730E+01  0.118593E+01  0.233910E-03  0.450244E-02  0.111324E-03  0.530075E-06 -0.681138E-07
 60.000  280.0000  0.813826E+03  0.898070E+00 -0.127262E+01  0.123121E+01  0.165902E-03  0.455440E-02  0.107619E-03  0.528908E-06 -0.485036E-07
 60.000  290.0000  0.800860E+03  0.964979E+00 -0.132113E+01  0.127704E+01  0.886620E-04  0.461186E-02  0.104140E-03  0.529514E-06 -0.319093E-07
 60.000  300.0000  0.787391E+03  0.104076E+01 -0.137333E+01  0.132347E+01  0.438030E-06  0.467560E-02  0.100850E-03  0.532043E-06 -0.178965E-07
 60.000  310.0000  0.773380E+03  0.112700E+01 -0.142976E+01  0.137058E+01 -0.100949E-03  0.474652E-02  0.977186E-04  0.536670E-06 -0.610186E-08
 60.000  320.0000  0.758780E+03  0.122568E+01 -0.149107E+01  0.141843E+01 -0.218233E-03  0.482576E-02  0.947168E-04  0.543607E-06  0.378091E-08
 60.000  330.0000  0.743539E+03  0.133925E+01 -0.155805E+01  0.146712E+01 -0.354876E-03  0.491469E-02  0.918188E-04  0.553108E-06  0.120118E-07
 60.000  340.0000  0.727597E+03  0.147079E+01 -0.163158E+01  0.151676E+01 -0.515306E-03  0.501497E-02  0.890006E-04  0.565475E-06  0.188137E-07
 60.000  350.0000  0.710882E+03  0.162418E+01 -0.171271E+01  0.156747E+01 -0.705220E-03  0.512864E-02  0.862401E-04  0.581065E-06  0.243796E-07
 60.000  360.0000  0.693314E+03  0.180428E+01 -0.180261E+01  0.161939E+01 -0.932012E-03  0.525817E-02  0.835167E-04  0.600299E-06  0.288796E-07
 60.000  370.0000  0.674797E+03  0.201725E+01 -0.190259E+01  0.167269E+01 -0.120532E-02  0.540651E-02  0.808113E-04  0.623659E-06  0.324654E-07
 60.000  380.0000  0.655224E+03  0.227078E+01 -0.201398E+01  0.172759E+01 -0.153777E-02  0.557717E-02  0.781062E-04  0.651684E-06  0.352759E-07
 60.000  390.0000  0.634475E+03  0.257448E+01 -0.213808E+01  0.178432E+01 -0.194600E-02  0.577423E-02  0.753855E-04  0.684963E-06  0.374407E-07
 60.000  400.0000  0.612416E+03  0.294020E+01 -0.227593E+01  0.184318E+01 -0.245193E-02  0.600225E-02  0.726355E-04  0.724101E-06  0.390845E-07
 60.000  410.0000  0.588910E+03  0.338166E+01 -0.242750E+01  0.190449E+01 -0.308353E-02  0.626549E-02  0.698454E-04  0.769527E-06  0.403288E-07
 60.000  420.0000  0.563831E+03  0.391111E+01 -0.258932E+01  0.196861E+01 -0.387198E-02  0.656472E-02  0.670105E-04  0.820792E-06  0.412943E-07
 60.000  430.0000  0.537126E+03  0.452972E+01 -0.274996E+01  0.203587E+01 -0.484037E-02  0.689073E-02  0.641375E-04  0.875131E-06  0.420982E-07
 60.000  440.0000  0.508906E+03  0.521624E+01 -0.288844E+01  0.210644E+01 -0.598853E-02  0.722064E-02  0.612537E-04  0.926715E-06  0.428479E-07
 60.000  450.0000  0.479506E+03  0.593085E+01 -0.298254E+01  0.218020E+01 -0.729479E-02  0.752645E-02  0.584083E-04  0.968944E-06  0.436245E-07
 60.000  460.0000  0.449459E+03  0.662379E+01 -0.301524E+01  0.225679E+01 -0.871780E-02  0.777998E-02  0.556635E-04  0.996340E-06  0.444665E-07
 60.000  470.0000  0.419476E+03  0.721167E+01 -0.296564E+01  0.233547E+01 -0.101408E-01  0.793409E-02  0.530890E-04  0.100116E-05  0.453594E-07
 60.000  480.0000  0.390476E+03  0.758500E+01 -0.281869E+01  0.241497E+01 -0.113620E-01  0.793702E-02  0.507613E-04  0.975644E-06  0.462407E-07
 60.000  490.0000  0.363364E+03  0.769998E+01 -0.259381E+01  0.249370E+01 -0.122398E-01  0.778672E-02  0.487418E-04  0.922584E-06  0.470281E-07
 60.000  500.0000  0.338729E+03  0.759446E+01 -0.232989E+01  0.257031E+01 -0.127474E-01  0.752063E-02  0.470532E-04  0.852662E-06  0.476579E-07
 60.000  510.0000  0.316784E+03  0.733503E+01 -0.206019E+01  0.264387E+01 -0.129208E-01  0.718268E-02  0.456829E-04  0.776328E-06  0.481032E-07
 60.000  520.0000  0.297471E+03  0.698671E+01 -0.180621E+01  0.271386E+01 -0.128277E-01  0.681209E-02  0.445975E-04  0.701090E-06  0.483686E-07
 60.000  530.0000  0.280570E+03  0.660104E+01 -0.157899E+01  0.278011E+01 -0.125456E-01  0.643892E-02  0.437558E-04  0.631393E-06  0.484770E-07
 60.000  540.0000  0.265790E+03  0.621288E+01 -0.138200E+01  0.284270E+01 -0.121450E-01  0.608270E-02  0.431163E-04  0.569242E-06  0.484577E-07
 60.000  550.0000  0.252832E+03  0.584251E+01 -0.121424E+01  0.290185E+01 -0.116805E-01  0.575391E-02  0.426419E-04  0.515035E-06  0.483390E-07
 60.000  560.0000  0.241418E+03  0.549974E+01 -0.107258E+01  0.295788E+01 -0.111902E-01  0.545660E-02  0.423012E-04  0.468300E-06  0.481454E-07
 60.000  570.0000  0.231306E+03  0.518788E+01 -0.953210E+00  0.301109E+01 -0.106983E-01  0.519093E-02  0.420687E-04  0.428189E-06  0.478964E-07
 60.000  580.0000  0.222292E+03  0.490663E+01 -0.852457E+00  0.306180E+01 -0.102194E-01  0.495496E-02  0.419239E-04  0.393761E-06  0.476071E-07
 60.000  590.0000  0.214206E+03  0.465390E+01 -0.767068E+00  0.311028E+01 -0.976124E-02  0.474589E-02  0.418504E-04  0.364131E-06  0.472890E-07
 60.000  600.0000  0.206909E+03  0.442693E+01 -0.694308E+00  0.315680E+01 -0.932758E-02  0.456067E-02  0.418353E-04  0.338519E-06  0.469508E-07
 70.000    0.0000  0.103269E+04  0.433664E+00 -0.150109E+00  0.679347E-01  0.929897E-03  0.397077E-02  0.167345E-02 -0.130408E-05 -0.524558E-04
 70.000   10.0000  0.103075E+04  0.412560E+00 -0.235458E+00  0.107783E+00  0.907419E-03  0.399721E-02  0.125821E-02 -0.495851E-06 -0.331046E-04
 70.000   20.0000  0.102803E+04  0.397677E+00 -0.304637E+00  0.147853E+00  0.888230E-03  0.401567E-02  0.987199E-03 -0.796315E-08 -0.222375E-04
 70.000   30.0000  0.102469E+04  0.387599E+00 -0.363566E+00  0.188082E+00  0.870940E-03  0.402953E-02  0.799607E-03  0.289705E-06 -0.156470E-04
 70.000   40.0000  0.102079E+04  0.381308E+00 -0.415482E+00  0.228433E+00  0.854773E-03  0.404039E-02  0.663855E-03  0.472352E-06 -0.114019E-04
 70.000   50.0000  0.101639E+04  0.378070E+00 -0.462285E+00  0.268883E+00  0.839263E-03  0.404916E-02  0.562197E-03  0.583623E-06 -0.853452E-05
 70.000   60.0000  0.101155E+04  0.377356E+00 -0.505167E+00  0.309412E+00  0.824104E-03  0.405653E-02  0.483990E-03  0.649567E-06 -0.652332E-05
 70.000   70.0000  0.100630E+04  0.378788E+00 -0.544934E+00  0.350011E+00  0.809079E-03  0.406308E-02  0.422506E-03  0.686227E-06 -0.506949E-05
 70.000   80.0000  0.100066E+04  0.382096E+00 -0.582168E+00  0.390673E+00  0.794017E-03  0.406932E-02  0.373296E-03  0.703760E-06 -0.399265E-05
 70.000   90.0000  0.994665E+03  0.387090E+00 -0.617318E+00  0.431397E+00  0.778774E-03  0.407567E-02  0.333312E-03  0.708749E-06 -0.317899E-05
 70.000  100.0000  0.988323E+03  0.393644E+00 -0.650744E+00  0.472188E+00  0.763218E-03  0.408250E-02  0.300400E-03  0.705539E-06 -0.255390E-05
 70.000  110.0000  0.981655E+03  0.401681E+00 -0.682754E+00  0.513050E+00  0.747223E-03  0.409010E-02  0.272999E-03  0.697041E-06 -0.206693E-05
 70.000  120.0000  0.974672E+03  0.411159E+00 -0.713615E+00  0.553993E+00  0.730658E-03  0.409870E-02  0.249953E-03  0.685227E-06 -0.168298E-05
 70.000  130.0000  0.967385E+03  0.422072E+00 -0.743566E+00  0.595028E+00  0.713392E-03  0.410850E-02  0.230392E-03  0.671445E-06 -0.137711E-05
 70.000  140.0000  0.959803E+03  0.434442E+00 -0.772829E+00  0.636168E+00  0.695282E-03  0.411965E-02  0.213650E-03  0.656626E-06 -0.113121E-05
 70.000  150.0000  0.951930E+03  0.448314E+00 -0.801607E+00  0.677426E+00  0.676175E-03  0.413228E-02  0.199209E-03  0.641413E-06 -0.931923E-06
 70.000  160.0000  0.943772E+03  0.463760E+00 -0.830094E+00  0.718818E+00  0.655904E-03  0.414649E-02  0.186664E-03  0.626258E-06 -0.769256E-06
 70.000  170.0000  0.935329E+03  0.480873E+00 -0.858475E+00  0.760361E+00  0.634283E-03  0.416240E-02  0.175692E-03  0.611478E-06 -0.635626E-06
 70.000  180.0000  0.926602E+03  0.499774E+00 -0.886929E+00  0.802072E+00  0.611106E-03  0.418010E-02  0.166036E-03  0.597300E-06 -0.525220E-06
 70.000  190.0000  0.917589E+03  0.520607E+00 -0.915630E+00  0.843970E+00  0.586144E-03  0.419970E-02  0.157485E-03  0.583886E-06 -0.433532E-06
 70.000  200.0000  0.908288E+03  0.543545E+00 -0.944752E+00  0.886073E+00  0.559135E-03  0.422133E-02  0.149869E-03  0.571358E-06 -0.357040E-06
 70.000  210.0000  0.898692E+03  0.568791E+00 -0.974467E+00  0.928403E+00  0.529785E-03  0.424510E-02  0.143048E-03  0.559809E-06 -0.292967E-06
 70.000  220.0000  0.888796E+03  0.596586E+00 -0.100495E+01  0.970983E+00  0.497755E-03  0.427118E-02  0.136904E-03  0.549312E-06 -0.239107E-06
 70.000  230.0000  0.878590E+03  0.627209E+00 -0.103638E+01  0.101383E+01  0.462661E-03  0.429972E-02  0.131342E-03  0.539932E-06 -0.193696E-06
 70.000  240.0000  0.868065E+03  0.660984E+00 -0.106894E+01  0.105699E+01  0.424054E-03  0.433092E-02  0.126278E-03  0.531726E-06 -0.155312E-06
 70.000  250.0000  0.857207E+03  0.698291E+00 -0.110282E+01  0.110046E+01  0.381417E-03  0.436500E-02  0.121643E-03  0.524749E-06 -0.122804E-06
 70.000  260.0000  0.846003E+03  0.739575E+00 -0.113823E+01  0.114430E+01  0.334146E-03  0.440222E-02  0.117377E-03  0.519059E-06 -0.952358E-07
 70.000  270.0000  0.834437E+03  0.785355E+00 -0.117539E+01  0.118852E+01  0.281529E-03  0.444288E-02  0.113430E-03  0.514715E-06 -0.718382E-07
 70.000  280.0000  0.822489E+03  0.836240E+00 -0.121453E+01  0.123317E+01  0.222729E-03  0.448733E-02  0.109756E-03  0.511784E-06 -0.519793E-07
 70.000  290.0000  0.810138E+03  0.892950E+00 -0.125591E+01  0.127828E+01  0.156748E-03  0.453597E-02  0.106316E-03  0.510340E-06 -0.351356E-07
 70.000  300.0000  0.797362E+03  0.956337E+00 -0.129980E+01  0.132390E+01  0.823906E-04  0.458929E-02  0.103077E-03  0.510467E-06 -0.208719E-07
 70.000  310.0000  0.784133E+03  0.102741E+01 -0.134653E+01  0.137008E+01 -0.177990E-05  0.464782E-02  0.100007E-03  0.512262E-06 -0.882359E-08
 70.000  320.0000  0.770421E+03  0.110738E+01 -0.139644E+01  0.141688E+01 -0.975066E-04  0.471224E-02  0.970806E-04  0.515832E-06  0.131603E-08
 70.000  330.0000  0.756192E+03  0.119770E+01 -0.144991E+01  0.146435E+01 -0.206914E-03  0.478330E-02  0.942722E-04  0.521301E-06  0.980712E-08
 70.000  340.0000  0.741409E+03  0.130009E+01 -0.150737E+01  0.151257E+01 -0.332604E-03  0.486191E-02  0.915602E-04  0.528806E-06  0.168720E-07
 70.000  350.0000  0.726030E+03  0.141663E+01 -0.156925E+01  0.156162E+01 -0.477775E-03  0.494909E-02  0.889249E-04  0.538501E-06  0.227024E-07
 70.000  360.0000  0.710008E+03  0.154979E+01 -0.163603E+01  0.161158E+01 -0.646366E-03  0.504602E-02  0.863483E-04  0.550548E-06  0.274655E-07
 70.000  370.0000  0.693292E+03  0.170253E+01 -0.170815E+01  0.166257E+01 -0.843221E-03  0.515402E-02  0.838146E-04  0.565111E-06  0.313091E-07
 70.000  380.0000  0.675826E+03  0.187828E+01 -0.178596E+01  0.171470E+01 -0.107428E-02  0.527451E-02  0.813097E-04  0.582344E-06  0.343656E-07
 70.000  390.0000  0.657553E+03  0.208098E+01 -0.186968E+01  0.176811E+01 -0.134678E-02  0.540891E-02  0.788216E-04  0.602371E-06  0.367555E-07
 70.000  400.0000  0.638413E+03  0.231506E+01 -0.195921E+01  0.182293E+01 -0.166944E-02  0.555860E-02  0.763405E-04  0.625254E-06  0.385902E-07
 70.000  410.0000  0.618351E+03  0.258524E+01 -0.205400E+01  0.187934E+01 -0.205258E-02  0.572460E-02  0.738596E-04  0.650953E-06  0.399746E-07
 70.000  420.0000  0.597320E+03  0.289606E+01 -0.215265E+01  0.193748E+01 -0.250783E-02  0.590711E-02  0.713753E-04  0.679223E-06  0.410079E-07
 70.000  430.0000  0.575295E+03  0.325028E+01 -0.225205E+01  0.199753E+01 -0.304630E-02  0.610416E-02  0.688889E-04  0.709357E-06  0.417840E-07
 70.000  440.0000  0.552297E+03  0.364567E+01 -0.234607E+01  0.205959E+01 -0.367430E-02  0.630946E-02  0.664084E-04  0.739752E-06  0.423904E-07
 70.000  450.0000  0.528424E+03  0.407104E+01 -0.242492E+01  0.212370E+01 -0.438749E-02  0.651093E-02  0.639514E-04  0.767652E-06  0.429050E-07
 70.000  460.0000  0.503886E+03  0.450632E+01 -0.247758E+01  0.218975E+01 -0.516941E-02  0.669316E-02  0.615462E-04  0.789767E-06  0.433901E-07
 70.000  470.0000  0.478987E+03  0.492808E+01 -0.249596E+01  0.225746E+01 -0.599685E-02  0.684246E-02  0.592280E-04  0.803511E-06  0.438867E-07
 70.000  480.0000  0.454096E+03  0.531226E+01 -0.247561E+01  0.232645E+01 -0.683975E-02  0.694702E-02  0.570329E-04  0.807226E-06  0.444108E-07
 70.000  490.0000  0.429616E+03  0.563007E+01 -0.241323E+01  0.239620E+01 -0.765030E-02  0.699283E-02  0.549950E-04  0.799310E-06  0.449540E-07
 70.000  500.0000  0.405974E+03  0.585131E+01 -0.230840E+01  0.246606E+01 -0.836538E-02  0.696745E-02  0.531448E-04  0.778661E-06  0.454897E-07
 70.000  510.0000  0.383566E+03  0.596029E+01 -0.216811E+01  0.253531E+01 -0.893378E-02  0.686991E-02  0.515046E-04  0.746350E-06  0.459832E-07
 70.000  520.0000  0.362687E+03  0.596262E+01 -0.200527E+01  0.260326E+01 -0.933374E-02  0.671137E-02  0.500837E-04  0.705580E-06  0.464031E-07
 70.000  530.0000  0.343491E+03  0.587755E+01 -0.183329E+01  0.266939E+01 -0.956808E-02  0.650834E-02  0.488779E-04  0.660143E-06  0.467291E-07
 70.000  540.0000  0.326015E+03  0.572866E+01 -0.166287E+01  0.273333E+01 -0.965446E-02  0.627759E-02  0.478734E-04  0.613318E-06  0.469531E-07
 70.000  550.0000  0.310204E+03  0.553835E+01 -0.150125E+01  0.279490E+01 -0.961835E-02  0.603383E-02  0.470504E-04  0.567513E-06  0.470774E-07
 70.000  560.0000  0.295947E+03  0.532532E+01 -0.135261E+01  0.285401E+01 -0.948763E-02  0.578872E-02  0.463870E-04  0.524277E-06  0.471108E-07
 70.000  570.0000  0.283102E+03  0.510372E+01 -0.121873E+01  0.291069E+01 -0.928875E-02  0.555061E-02  0.458617E-04  0.484453E-06  0.470654E-07
 70.000  580.0000  0.271522E+03  0.488337E+01 -0.109982E+01  0.296506E+01 -0.904433E-02  0.532486E-02  0.454543E-04  0.448364E-06  0.469539E-07
 70.000  590.0000  0.261059E+03  0.467050E+01 -0.995091E+00  0.301724E+01 -0.877235E-02  0.511444E-02  0.451469E-04  0.416000E-06  0.467884E-07
 70.000  600.0000  0.251577E+03  0.446868E+01 -0.903263E+00  0.306740E+01 -0.848625E-02  0.492056E-02  0.449241E-04  0.387148E-06  0.465797E-07
 80.000    0.0000  0.103698E+04  0.424130E+00 -0.174120E+00  0.771842E-01  0.920110E-03  0.394701E-02  0.166464E-02 -0.112243E-05 -0.515673E-04
 80.000   10.0000  0.103483E+04  0.404262E+00 -0.252707E+00  0.116818E+00  0.899524E-03  0.397754E-02  0.125551E-02 -0.365994E-06 -0.326563E-04
 80.000   20.0000  0.103197E+04  0.390095E+00 -0.316654E+00  0.156703E+00  0.881853E-03  0.399829E-02  0.987408E-03  0.835374E-07 -0.219970E-04
 80.000   30.0000  0.102853E+04  0.380409E+00 -0.371473E+00  0.196765E+00  0.865813E-03  0.401348E-02  0.801251E-03  0.354085E-06 -0.155133E-04
 80.000   40.0000  0.102456E+04  0.374293E+00 -0.420101E+00  0.236961E+00  0.850702E-03  0.402511E-02  0.666206E-03  0.517690E-06 -0.113266E-04
 80.000   50.0000  0.102014E+04  0.371072E+00 -0.464212E+00  0.277259E+00  0.836112E-03  0.403431E-02  0.564877E-03  0.615517E-06 -0.849256E-05
 80.000   60.0000  0.101529E+04  0.370255E+00 -0.504835E+00  0.317641E+00  0.821781E-03  0.404187E-02  0.486801E-03  0.671875E-06 -0.650102E-05
 80.000   70.0000  0.101005E+04  0.371481E+00 -0.542656E+00  0.358094E+00  0.807524E-03  0.404844E-02  0.425339E-03  0.701619E-06 -0.505904E-05
 80.000   80.0000  0.100445E+04  0.374491E+00 -0.578165E+00  0.398609E+00  0.793198E-03  0.405456E-02  0.376094E-03  0.714097E-06 -0.398943E-05
 80.000   90.0000  0.998495E+03  0.379102E+00 -0.611743E+00  0.439185E+00  0.778683E-03  0.406066E-02  0.336047E-03  0.715339E-06 -0.318017E-05
 80.000  100.0000  0.992217E+03  0.385188E+00 -0.643700E+00  0.479823E+00  0.763865E-03  0.406712E-02  0.303057E-03  0.709308E-06 -0.255775E-05
 80.000  110.0000  0.985626E+03  0.392668E+00 -0.674300E+00  0.520529E+00  0.748635E-03  0.407424E-02  0.275575E-03  0.698651E-06 -0.207234E-05
 80.000  120.0000  0.978735E+03  0.401496E+00 -0.703776E+00  0.561311E+00  0.732884E-03  0.408224E-02  0.252450E-03  0.685150E-06 -0.168927E-05
 80.000  130.0000  0.971553E+03  0.411658E+00 -0.732341E+00  0.602178E+00  0.716494E-03  0.409130E-02  0.232813E-03  0.670019E-06 -0.138382E-05
 80.000  140.0000  0.964090E+03  0.423163E+00 -0.760189E+00  0.643141E+00  0.699343E-03  0.410158E-02  0.216001E-03  0.654092E-06 -0.113807E-05
 80.000  150.0000  0.956351E+03  0.436045E+00 -0.787502E+00  0.684214E+00  0.681298E-03  0.411319E-02  0.201496E-03  0.637941E-06 -0.938755E-06
 80.000  160.0000  0.948341E+03  0.450357E+00 -0.814451E+00  0.725409E+00  0.662213E-03  0.412622E-02  0.188894E-03  0.621963E-06 -0.775949E-06
 80.000  170.0000  0.940063E+03  0.466174E+00 -0.841198E+00  0.766743E+00  0.641931E-03  0.414076E-02  0.177871E-03  0.606435E-06 -0.642115E-06
 80.000  180.0000  0.931518E+03  0.483589E+00 -0.867901E+00  0.808230E+00  0.620276E-03  0.415690E-02  0.168170E-03  0.591552E-06 -0.531467E-06
 80.000  190.0000  0.922705E+03  0.502720E+00 -0.894709E+00  0.849887E+00  0.597052E-03  0.417471E-02  0.159581E-03  0.577452E-06 -0.439519E-06
 80.000  200.0000  0.913622E+03  0.523702E+00 -0.921770E+00  0.891730E+00  0.572043E-03  0.419430E-02  0.151934E-03  0.564233E-06 -0.362759E-06
 80.000  210.0000  0.904268E+03  0.546698E+00 -0.949228E+00  0.933779E+00  0.545003E-03  0.421575E-02  0.145087E-03  0.551971E-06 -0.298417E-06
 80.000  220.0000  0.894636E+03  0.571894E+00 -0.977226E+00  0.976052E+00  0.515656E-03  0.423917E-02  0.138925E-03  0.540721E-06 -0.244292E-06
 80.000  230.0000  0.884721E+03  0.599507E+00 -0.100590E+01  0.101857E+01  0.483692E-03  0.426468E-02  0.133350E-03  0.530532E-06 -0.198620E-06
 80.000  240.0000  0.874515E+03  0.629787E+00 -0.103541E+01  0.106135E+01  0.448754E-03  0.429243E-02  0.128279E-03  0.521444E-06 -0.159981E-06
 80.000  250.0000  0.864010E+03  0.663022E+00 -0.106588E+01  0.110443E+01  0.410437E-03  0.432257E-02  0.123644E-03  0.513493E-06 -0.127224E-06
 80.000  260.0000  0.853194E+03  0.699540E+00 -0.109746E+01  0.114781E+01  0.368275E-03  0.435528E-02  0.119385E-03  0.506716E-06 -0.994112E-07
 80.000  270.0000  0.842056E+03  0.739721E+00 -0.113032E+01  0.119154E+01  0.321730E-03  0.439076E-02  0.115451E-03  0.501152E-06 -0.757724E-07
 80.000  280.0000  0.830583E+03  0.784003E+00 -0.116459E+01  0.123564E+01  0.270182E-03  0.442924E-02  0.111798E-03  0.496839E-06 -0.556747E-07
 80.000  290.0000  0.818759E+03  0.832888E+00 -0.120045E+01  0.128014E+01  0.212905E-03  0.447099E-02  0.108387E-03  0.493822E-06 -0.385935E-07
 80.000  300.0000  0.806568E+03  0.886959E+00 -0.123807E+01  0.132507E+01  0.149055E-03  0.451632E-02  0.105184E-03  0.492145E-06 -0.240924E-07
 80.000  310.0000  0.793991E+03  0.946888E+00 -0.127763E+01  0.137048E+01  0.776374E-04  0.456556E-02  0.102161E-03  0.491861E-06 -0.118060E-07
 80.000  320.0000  0.781008E+03  0.101346E+01 -0.131931E+01  0.141639E+01 -0.251779E-05  0.461912E-02  0.992901E-04  0.493025E-06 -0.142683E-08
 80.000  330.0000  0.767597E+03  0.108756E+01 -0.136330E+01  0.146287E+01 -0.927950E-04  0.467744E-02  0.965484E-04  0.495694E-06  0.730540E-08
 80.000  340.0000  0.753734E+03  0.117026E+01 -0.140981E+01  0.150996E+01 -0.194836E-03  0.474102E-02  0.939150E-04  0.499929E-06  0.146128E-07
 80.000  350.0000  0.739392E+03  0.126275E+01 -0.145903E+01  0.155771E+01 -0.310587E-03  0.481042E-02  0.913714E-04  0.505792E-06  0.206863E-07
 80.000  360.0000  0.724544E+03  0.136642E+01 -0.151113E+01  0.160619E+01 -0.442357E-03  0.488626E-02  0.889009E-04  0.513340E-06  0.256916E-07
 80.000  370.0000  0.709159E+03  0.148283E+01 -0.156624E+01  0.165546E+01 -0.592872E-03  0.496915E-02  0.864891E-04  0.522620E-06  0.297738E-07
 80.000  380.0000  0.693209E+03  0.161375E+01 -0.162441E+01  0.170560E+01 -0.765325E-03  0.505975E-02  0.841233E-04  0.533656E-06  0.330618E-07
 80.000  390.0000  0.676661E+03  0.176108E+01 -0.168557E+01  0.175668E+01 -0.963415E-03  0.515860E-02  0.817930E-04  0.546443E-06  0.356708E-07
 80.000  400.0000  0.659488E+03  0.192681E+01 -0.174946E+01  0.180880E+01 -0.119136E-02  0.526615E-02  0.794895E-04  0.560922E-06  0.377058E-07
 80.000  410.0000  0.641665E+03  0.211293E+01 -0.181552E+01  0.186204E+01 -0.145385E-02  0.538255E-02  0.772068E-04  0.576959E-06  0.392630E-07
 80.000  420.0000  0.623174E+03  0.232120E+01 -0.188283E+01  0.191648E+01 -0.175591E-02  0.550754E-02  0.749412E-04  0.594325E-06  0.404314E-07
 80.000  430.0000  0.604009E+03  0.255285E+01 -0.194990E+01  0.197221E+01 -0.210251E-02  0.564010E-02  0.726922E-04  0.612641E-06  0.412938E-07
 80.000  440.0000  0.584184E+03  0.280785E+01 -0.201440E+01  0.202930E+01 -0.249765E-02  0.577797E-02  0.704627E-04  0.631291E-06  0.419265E-07
 80.000  450.0000  0.563741E+03  0.308365E+01 -0.207272E+01  0.208778E+01 -0.294247E-02  0.591682E-02  0.682597E-04  0.649282E-06  0.423989E-07
 80.000  460.0000  0.542767E+03  0.337384E+01 -0.211982E+01  0.214762E+01 -0.343304E-02  0.604978E-02  0.660958E-04  0.665172E-06  0.427714E-07
 80.000  470.0000  0.521401E+03  0.366787E+01 -0.215004E+01  0.220872E+01 -0.395933E-02  0.616827E-02  0.639885E-04  0.677266E-06  0.430937E-07
 80.000  480.0000  0.499838E+03  0.395310E+01 -0.215885E+01  0.227091E+01 -0.450723E-02  0.626424E-02  0.619594E-04  0.684127E-06  0.434019E-07
 80.000  490.0000  0.478303E+03  0.421736E+01 -0.214402E+01  0.233391E+01 -0.506124E-02  0.633178E-02  0.600308E-04  0.684944E-06  0.437172E-07
 80.000  500.0000  0.457037E+03  0.444954E+01 -0.210519E+01  0.239743E+01 -0.560394E-02  0.636647E-02  0.582230E-04  0.679407E-06  0.440464E-07
 80.000  510.0000  0.436278E+03  0.463858E+01 -0.204297E+01  0.246112E+01 -0.611361E-02  0.636420E-02  0.565527E-04  0.667405E-06  0.443839E-07
 80.000  520.0000  0.416250E+03  0.477470E+01 -0.195917E+01  0.252458E+01 -0.656594E-02  0.632223E-02  0.550329E-04  0.649101E-06  0.447159E-07
 80.000  530.0000  0.397154E+03  0.485282E+01 -0.185762E+01  0.258743E+01 -0.694078E-02  0.624144E-02  0.536717E-04  0.625240E-06  0.450249E-07
 80.000  540.0000  0.379139E+03  0.487444E+01 -0.174387E+01  0.264930E+01 -0.722717E-02  0.612667E-02  0.524715E-04  0.597151E-06  0.452940E-07
 80.000  550.0000  0.362297E+03  0.484627E+01 -0.162390E+01  0.270988E+01 -0.742350E-02  0.598524E-02  0.514287E-04  0.566418E-06  0.455106E-07
 80.000  560.0000  0.346664E+03  0.477778E+01 -0.150298E+01  0.276894E+01 -0.753506E-02  0.582512E-02  0.505352E-04  0.534535E-06  0.456668E-07
 80.000  570.0000  0.332227E+03  0.467900E+01 -0.138519E+01  0.282634E+01 -0.757140E-02  0.565386E-02  0.497797E-04  0.502724E-06  0.457604E-07
 80.000  580.0000  0.318940E+03  0.455928E+01 -0.127336E+01  0.288200E+01 -0.754425E-02  0.547794E-02  0.491493E-04  0.471884E-06  0.457927E-07
 80.000  590.0000  0.306734E+03  0.442658E+01 -0.116918E+01  0.293590E+01 -0.746596E-02  0.530257E-02  0.486307E-04  0.442614E-06  0.457680E-07
 80.000  600.0000  0.295528E+03  0.428727E+01 -0.107348E+01  0.298807E+01 -0.734827E-02  0.513165E-02  0.482108E-04  0.415265E-06  0.456922E-07
 90.000    0.0000  0.104117E+04  0.414887E+00 -0.196564E+00  0.863389E-01  0.910925E-03  0.392524E-02  0.165751E-02 -0.932489E-06 -0.507756E-04
 90.000   10.0000  0.103883E+04  0.396213E+00 -0.269036E+00  0.125775E+00  0.892031E-03  0.395947E-02  0.125369E-02 -0.233719E-06 -0.322546E-04
 90.000   20.0000  0.103584E+04  0.382750E+00 -0.328141E+00  0.165491E+00  0.875749E-03  0.398222E-02  0.988113E-03  0.175480E-06 -0.217812E-04
 90.000   30.0000  0.103230E+04  0.373461E+00 -0.379105E+00  0.205399E+00  0.860868E-03  0.399853E-02  0.803185E-03  0.418256E-06 -0.153936E-04
 90.000   40.0000  0.102827E+04  0.367533E+00 -0.424622E+00  0.245448E+00  0.846746E-03  0.401078E-02  0.668731E-03  0.562637E-06 -0.112597E-04
 90.000   50.0000  0.102382E+04  0.364349E+00 -0.466176E+00  0.285605E+00  0.833020E-03  0.402030E-02  0.567664E-03  0.647007E-06 -0.845584E-05
 90.000   60.0000  0.101896E+04  0.363451E+00 -0.504648E+00  0.325848E+00  0.819468E-03  0.402798E-02  0.489675E-03  0.693823E-06 -0.648215E-05
 90.000   70.0000  0.101373E+04  0.364500E+00 -0.540615E+00  0.366161E+00  0.805935E-03  0.403453E-02  0.428208E-03  0.716709E-06 -0.505091E-05
 90.000   80.0000  0.100815E+04  0.367247E+00 -0.574484E+00  0.406536E+00  0.792301E-03  0.404050E-02  0.378910E-03  0.724189E-06 -0.398782E-05
 90.000   90.0000  0.100225E+04  0.371515E+00 -0.606572E+00  0.446971E+00  0.778467E-03  0.404636E-02  0.338786E-03  0.721739E-06 -0.318251E-05
 90.000  100.0000  0.996028E+03  0.377180E+00 -0.637141E+00  0.487464E+00  0.764338E-03  0.405247E-02  0.305711E-03  0.712939E-06 -0.256245E-05
 90.000  110.0000  0.989510E+03  0.384158E+00 -0.666416E+00  0.528022E+00  0.749822E-03  0.405914E-02  0.278141E-03  0.700169E-06 -0.207841E-05
 90.000  120.0000  0.982704E+03  0.392401E+00 -0.694601E+00  0.568650E+00  0.734821E-03  0.406658E-02  0.254930E-03  0.685025E-06 -0.169606E-05
 90.000  130.0000  0.975621E+03  0.401888E+00 -0.721879E+00  0.609357E+00  0.719237E-03  0.407498E-02  0.235214E-03  0.668590E-06 -0.139095E-05
 90.000  140.0000  0.968268E+03  0.412619E+00 -0.748424E+00  0.650153E+00  0.702962E-03  0.408447E-02  0.218328E-03  0.651598E-06 -0.114527E-05
 90.000  150.0000  0.960654E+03  0.424617E+00 -0.774396E+00  0.691050E+00  0.685880E-03  0.409516E-02  0.203756E-03  0.634554E-06 -0.945878E-06
 90.000  160.0000  0.952782E+03  0.437922E+00 -0.799948E+00  0.732060E+00  0.667867E-03  0.410714E-02  0.191094E-03  0.617801E-06 -0.782899E-06
 90.000  170.0000  0.944656E+03  0.452592E+00 -0.825223E+00  0.773197E+00  0.648784E-03  0.412047E-02  0.180018E-03  0.601578E-06 -0.648835E-06
 90.000  180.0000  0.936278E+03  0.468702E+00 -0.850360E+00  0.814475E+00  0.628482E-03  0.413522E-02  0.170270E-03  0.586048E-06 -0.537928E-06
 90.000  190.0000  0.927649E+03  0.486345E+00 -0.875489E+00  0.855907E+00  0.606795E-03  0.415147E-02  0.161640E-03  0.571325E-06 -0.445707E-06
 90.000  200.0000  0.918768E+03  0.505630E+00 -0.900738E+00  0.897509E+00  0.583538E-03  0.416927E-02  0.153958E-03  0.557489E-06 -0.368671E-06
 90.000  210.0000  0.909633E+03  0.526686E+00 -0.926228E+00  0.939298E+00  0.558507E-03  0.418870E-02  0.147083E-03  0.544597E-06 -0.304055E-06
 90.000  220.0000  0.900242E+03  0.549661E+00 -0.952079E+00  0.981289E+00  0.531473E-03  0.420984E-02  0.140898E-03  0.532692E-06 -0.249662E-06
 90.000  230.0000  0.890590E+03  0.574725E+00 -0.978405E+00  0.102350E+01  0.502182E-03  0.423277E-02  0.135306E-03  0.521808E-06 -0.203730E-06
 90.000  240.0000  0.880672E+03  0.602073E+00 -0.100532E+01  0.106595E+01  0.470347E-03  0.425759E-02  0.130224E-03  0.511969E-06 -0.164838E-06
 90.000  250.0000  0.870481E+03  0.631924E+00 -0.103293E+01  0.110866E+01  0.435643E-03  0.428442E-02  0.125583E-03  0.503202E-06 -0.131835E-06
 90.000  260.0000  0.860011E+03  0.664530E+00 -0.106135E+01  0.115165E+01  0.397706E-03  0.431337E-02  0.121325E-03  0.495527E-06 -0.103782E-06
 90.000  270.0000  0.849251E+03  0.700173E+00 -0.109069E+01  0.119493E+01  0.356119E-03  0.434459E-02  0.117397E-03  0.488967E-06 -0.799089E-07
 90.000  280.0000  0.838193E+03  0.739173E+00 -0.112105E+01  0.123855E+01  0.310411E-03  0.437824E-02  0.113757E-03  0.483544E-06 -0.595807E-07
 90.000  290.0000  0.826826E+03  0.781894E+00 -0.115254E+01  0.128251E+01  0.260040E-03  0.441448E-02  0.110366E-03  0.479282E-06 -0.422717E-07
 90.000  300.0000  0.815138E+03  0.828744E+00 -0.118526E+01  0.132684E+01  0.204389E-03  0.445351E-02  0.107190E-03  0.476204E-06 -0.275445E-07
 90.000  310.0000  0.803117E+03  0.880189E+00 -0.121932E+01  0.137159E+01  0.142746E-03  0.449555E-02  0.104201E-03  0.474335E-06 -0.150327E-07
 90.000  320.0000  0.790747E+03  0.936752E+00 -0.125482E+01  0.141677E+01  0.742924E-04  0.454085E-02  0.101372E-03  0.473701E-06 -0.442834E-08
 90.000  330.0000  0.778015E+03  0.999024E+00 -0.129185E+01  0.146242E+01 -0.191790E-05  0.458967E-02  0.986806E-04  0.474324E-06  0.452944E-08
 90.000  340.0000  0.764905E+03  0.106767E+01 -0.133050E+01  0.150857E+01 -0.869763E-04  0.464230E-02  0.961066E-04  0.476228E-06  0.120627E-07
 90.000  350.0000  0.751400E+03  0.114344E+01 -0.137084E+01  0.155528E+01 -0.182143E-03  0.469905E-02  0.936320E-04  0.479430E-06  0.183618E-07
 90.000  360.0000  0.737482E+03  0.122715E+01 -0.141293E+01  0.160257E+01 -0.288867E-03  0.476025E-02  0.912409E-04  0.483939E-06  0.235915E-07
 90.000  370.0000  0.723135E+03  0.131972E+01 -0.145676E+01  0.165050E+01 -0.408808E-03  0.482622E-02  0.889196E-04  0.489754E-06  0.278953E-07
 90.000  380.0000  0.708341E+03  0.142211E+01 -0.150229E+01  0.169911E+01 -0.543848E-03  0.489725E-02  0.866559E-04  0.496852E-06  0.313997E-07
 90.000  390.0000  0.693084E+03  0.153535E+01 -0.154938E+01  0.174846E+01 -0.696092E-03  0.497357E-02  0.844397E-04  0.505187E-06  0.342169E-07
 90.000  400.0000  0.677349E+03  0.166045E+01 -0.159775E+01  0.179860E+01 -0.867847E-03  0.505528E-02  0.822629E-04  0.514674E-06  0.364476E-07
 90.000  410.0000  0.661126E+03  0.179835E+01 -0.164698E+01  0.184958E+01 -0.106157E-02  0.514232E-02  0.801192E-04  0.525180E-06  0.381833E-07
 90.000  420.0000  0.644409E+03  0.194985E+01 -0.169641E+01  0.190146E+01 -0.127979E-02  0.523432E-02  0.780045E-04  0.536509E-06  0.395071E-07
 90.000  430.0000  0.627200E+03  0.211543E+01 -0.174512E+01  0.195428E+01 -0.152491E-02  0.533057E-02  0.759170E-04  0.548394E-06  0.404952E-07
 90.000  440.0000  0.609513E+03  0.229506E+01 -0.179185E+01  0.200808E+01 -0.179899E-02  0.542981E-02  0.738571E-04  0.560473E-06  0.412176E-07
 90.000  450.0000  0.591376E+03  0.248788E+01 -0.183492E+01  0.206288E+01 -0.210318E-02  0.553002E-02  0.718282E-04  0.572261E-06  0.417376E-07
 90.000  460.0000  0.572835E+03  0.269170E+01 -0.187206E+01  0.211868E+01 -0.243693E-02  0.562816E-02  0.698361E-04  0.583111E-06  0.421117E-07
 90.000  470.0000  0.553963E+03  0.290250E+01 -0.190047E+01  0.217542E+01 -0.279708E-02  0.572000E-02  0.678900E-04  0.592196E-06  0.423892E-07
 90.000  480.0000  0.534865E+03  0.311429E+01 -0.191708E+01  0.223304E+01 -0.317733E-02  0.580053E-02  0.660018E-04  0.598595E-06  0.426102E-07
 90.000  490.0000  0.515670E+03  0.331989E+01 -0.191935E+01  0.229138E+01 -0.356904E-02  0.586488E-02  0.641855E-04  0.601496E-06  0.428057E-07
 90.000  500.0000  0.496530E+03  0.351222E+01 -0.190587E+01  0.235027E+01 -0.396272E-02  0.590938E-02  0.624556E-04  0.600406E-06  0.429963E-07
 90.000  510.0000  0.477605E+03  0.368521E+01 -0.187658E+01  0.240950E+01 -0.434894E-02  0.593179E-02  0.608256E-04  0.595204E-06  0.431930E-07
 90.000  520.0000  0.459049E+03  0.383373E+01 -0.183228E+01  0.246883E+01 -0.471801E-02  0.593079E-02  0.593062E-04  0.586007E-06  0.433983E-07
 90.000  530.0000  0.441005E+03  0.395335E+01 -0.177425E+01  0.252803E+01 -0.505933E-02  0.590553E-02  0.579057E-04  0.573052E-06  0.436080E-07
 90.000  540.0000  0.423604E+03  0.404067E+01 -0.170427E+01  0.258686E+01 -0.536228E-02  0.585600E-02  0.566293E-04  0.556692E-06  0.438139E-07
 90.000  550.0000  0.406952E+03  0.409422E+01 -0.162473E+01  0.264507E+01 -0.561820E-02  0.578354E-02  0.554793E-04  0.537454E-06  0.440057E-07
 90.000  560.0000  0.391131E+03  0.411492E+01 -0.153851E+01  0.270246E+01 -0.582196E-02  0.569095E-02  0.544549E-04  0.516035E-06  0.441737E-07
 90.000  570.0000  0.376194E+03  0.410578E+01 -0.144863E+01  0.275884E+01 -0.597227E-02  0.558207E-02  0.535525E-04  0.493205E-06  0.443094E-07
 90.000  580.0000  0.362162E+03  0.407113E+01 -0.135785E+01  0.281406E+01 -0.607102E-02  0.546112E-02  0.527662E-04  0.469708E-06  0.444074E-07
 90.000  590.0000  0.349032E+03  0.401585E+01 -0.126848E+01  0.286803E+01 -0.612234E-02  0.533226E-02  0.520883E-04  0.446185E-06  0.444643E-07
 90.000  600.0000  0.336782E+03  0.394475E+01 -0.118223E+01  0.292069E+01 -0.613172E-02  0.519921E-02  0.515104E-04  0.423140E-06  0.444797E-07
100.000    0.0000  0.104528E+04  0.405937E+00 -0.217515E+00  0.954046E-01  0.902304E-03  0.390522E-02  0.165195E-02 -0.735670E-06 -0.500745E-04
100.000   10.0000  0.104275E+04  0.388409E+00 -0.284467E+00  0.134660E+00  0.884921E-03  0.394286E-02  0.125271E-02 -0.994502E-07 -0.318971E-04
100.000   20.0000  0.103963E+04  0.375638E+00 -0.339100E+00  0.174219E+00  0.869908E-03  0.396737E-02  0.989291E-03  0.267725E-06 -0.215890E-04
100.000   30.0000  0.103600E+04  0.366747E+00 -0.386453E+00  0.213983E+00  0.856100E-03  0.398461E-02  0.805398E-03  0.482162E-06 -0.152874E-04
100.000   40.0000  0.103192E+04  0.361016E+00 -0.429032E+00  0.253896E+00  0.842902E-03  0.399733E-02  0.671424E-03  0.607165E-06 -0.112008E-04
100.000   50.0000  0.102743E+04  0.357885E+00 -0.468157E+00  0.293920E+00  0.829989E-03  0.400707E-02  0.570553E-03  0.678073E-06 -0.842421E-05
100.000   60.0000  0.102256E+04  0.356926E+00 -0.504582E+00  0.334031E+00  0.817171E-03  0.401482E-02  0.492610E-03  0.715391E-06 -0.646661E-05
100.000   70.0000  0.101734E+04  0.357822E+00 -0.538781E+00  0.374212E+00  0.804319E-03  0.402130E-02  0.431111E-03  0.731476E-06 -0.504504E-05
100.000   80.0000  0.101179E+04  0.360335E+00 -0.571090E+00  0.414455E+00  0.791338E-03  0.402711E-02  0.381742E-03  0.734018E-06 -0.398778E-05
100.000   90.0000  0.100593E+04  0.364295E+00 -0.601764E+00  0.454754E+00  0.778145E-03  0.403272E-02  0.341529E-03  0.727928E-06 -0.318599E-05
100.000  100.0000  0.999762E+03  0.369580E+00 -0.631020E+00  0.495109E+00  0.764661E-03  0.403849E-02  0.308359E-03  0.716407E-06 -0.256800E-05
100.000  110.0000  0.993310E+03  0.376106E+00 -0.659049E+00  0.535525E+00  0.750807E-03  0.404474E-02  0.280696E-03  0.701568E-06 -0.208511E-05
100.000  120.0000  0.986584E+03  0.383821E+00 -0.686023E+00  0.576006E+00  0.736503E-03  0.405167E-02  0.257395E-03  0.684824E-06 -0.170336E-05
100.000  130.0000  0.979593E+03  0.392698E+00 -0.712104E+00  0.616561E+00  0.721662E-03  0.405946E-02  0.237595E-03  0.667124E-06 -0.139848E-05
100.000  140.0000  0.972345E+03  0.402733E+00 -0.737443E+00  0.657199E+00  0.706190E-03  0.406824E-02  0.220632E-03  0.649108E-06 -0.115281E-05
100.000  150.0000  0.964846E+03  0.413939E+00 -0.762183E+00  0.697930E+00  0.689988E-03  0.407810E-02  0.205991E-03  0.631211E-06 -0.953291E-06
100.000  160.0000  0.957103E+03  0.426344E+00 -0.786459E+00  0.738765E+00  0.672945E-03  0.408913E-02  0.193265E-03  0.613727E-06 -0.790103E-06
100.000  170.0000  0.949118E+03  0.439995E+00 -0.810399E+00  0.779716E+00  0.654944E-03  0.410138E-02  0.182133E-03  0.596854E-06 -0.655785E-06
100.000  180.0000  0.940895E+03  0.454950E+00 -0.834127E+00  0.820797E+00  0.635854E-03  0.411491E-02  0.172335E-03  0.580727E-06 -0.544600E-06
100.000  190.0000  0.932436E+03  0.471284E+00 -0.857756E+00  0.862019E+00  0.615533E-03  0.412977E-02  0.163663E-03  0.565436E-06 -0.452094E-06
100.000  200.0000  0.923740E+03  0.489085E+00 -0.881398E+00  0.903397E+00  0.593823E-03  0.414601E-02  0.155943E-03  0.551044E-06 -0.374773E-06
100.000  210.0000  0.914808E+03  0.508455E+00 -0.905158E+00  0.944944E+00  0.570554E-03  0.416367E-02  0.149037E-03  0.537592E-06 -0.309878E-06
100.000  220.0000  0.905636E+03  0.529514E+00 -0.929136E+00  0.986675E+00  0.545533E-03  0.418282E-02  0.142826E-03  0.525110E-06 -0.255215E-06
100.000  230.0000  0.896224E+03  0.552395E+00 -0.953428E+00  0.102861E+01  0.518549E-03  0.420352E-02  0.137213E-03  0.513620E-06 -0.209021E-06
100.000  240.0000  0.886566E+03  0.577253E+00 -0.978125E+00  0.107075E+01  0.489367E-03  0.422584E-02  0.132116E-03  0.503137E-06 -0.169877E-06
100.000  250.0000  0.876660E+03  0.604258E+00 -0.100331E+01  0.111313E+01  0.457726E-03  0.424986E-02  0.127466E-03  0.493674E-06 -0.136631E-06
100.000  260.0000  0.866498E+03  0.633603E+00 -0.102908E+01  0.115575E+01  0.423333E-03  0.427565E-02  0.123203E-03  0.485244E-06 -0.108343E-06
100.000  270.0000  0.856076E+03  0.665503E+00 -0.105550E+01  0.119865E+01  0.385861E-03  0.430332E-02  0.119277E-03  0.477856E-06 -0.842404E-07
100.000  280.0000  0.845386E+03  0.700199E+00 -0.108264E+01  0.124183E+01  0.344944E-03  0.433296E-02  0.115643E-03  0.471522E-06 -0.636885E-07
100.000  290.0000  0.834420E+03  0.737956E+00 -0.111059E+01  0.128531E+01  0.300169E-03  0.436470E-02  0.112264E-03  0.466251E-06 -0.461599E-07
100.000  300.0000  0.823171E+03  0.779071E+00 -0.113940E+01  0.132913E+01  0.251071E-03  0.439866E-02  0.109107E-03  0.462054E-06 -0.312159E-07
100.000  310.0000  0.811629E+03  0.823875E+00 -0.116913E+01  0.137329E+01  0.197126E-03  0.443498E-02  0.106143E-03  0.458939E-06 -0.184894E-07
100.000  320.0000  0.799785E+03  0.872730E+00 -0.119983E+01  0.141784E+01  0.137741E-03  0.447381E-02  0.103345E-03  0.456914E-06 -0.767148E-08
100.000  330.0000  0.787629E+03  0.926038E+00 -0.123156E+01  0.146278E+01  0.722464E-04  0.451531E-02  0.100692E-03  0.455983E-06  0.149898E-08
100.000  340.0000  0.775151E+03  0.984240E+00 -0.126433E+01  0.150815E+01 -0.114944E-06  0.455964E-02  0.981633E-04  0.456149E-06  0.924422E-08
100.000  350.0000  0.762339E+03  0.104782E+01 -0.129816E+01  0.155398E+01 -0.801973E-04  0.460699E-02  0.957416E-04  0.457406E-06  0.157545E-07
100.000  360.0000  0.749184E+03  0.111729E+01 -0.133305E+01  0.160030E+01 -0.168960E-03  0.465753E-02  0.934114E-04  0.459743E-06  0.211938E-07
100.000  370.0000  0.735675E+03  0.119320E+01 -0.136895E+01  0.164714E+01 -0.267476E-03  0.471141E-02  0.911590E-04  0.463135E-06  0.257048E-07
100.000  380.0000  0.721802E+03  0.127615E+01 -0.140578E+01  0.169454E+01 -0.376929E-03  0.476878E-02  0.889728E-04  0.467545E-06  0.294121E-07
100.000  390.0000  0.707557E+03  0.136669E+01 -0.144339E+01  0.174253E+01 -0.498610E-03  0.482971E-02  0.868428E-04  0.472912E-06  0.324259E-07
100.000  400.0000  0.692932E+03  0.146540E+01 -0.148155E+01  0.179115E+01 -0.633894E-03  0.489418E-02  0.847607E-04  0.479152E-06  0.348445E-07
100.000  410.0000  0.677925E+03  0.157276E+01 -0.151993E+01  0.184043E+01 -0.784205E-03  0.496208E-02  0.827200E-04  0.486146E-06  0.367558E-07
100.000  420.0000  0.662535E+03  0.168917E+01 -0.155805E+01  0.189040E+01 -0.950953E-03  0.503307E-02  0.807161E-04  0.493738E-06  0.382394E-07
100.000  430.0000  0.646767E+03  0.181479E+01 -0.159531E+01  0.194110E+01 -0.113545E-02  0.510662E-02  0.787462E-04  0.501723E-06  0.393674E-07
100.000  440.0000  0.630634E+03  0.194955E+01 -0.163089E+01  0.199254E+01 -0.133877E-02  0.518190E-02  0.768092E-04  0.509848E-06  0.402055E-07
100.000  450.0000  0.614158E+03  0.209297E+01 -0.166381E+01  0.204474E+01 -0.156159E-02  0.525768E-02  0.749062E-04  0.517806E-06  0.408129E-07
100.000  460.0000  0.597371E+03  0.224403E+01 -0.169284E+01  0.209769E+01 -0.180390E-02  0.533233E-02  0.730402E-04  0.525224E-06  0.412432E-07
100.000  470.0000  0.580319E+03  0.240096E+01 -0.171653E+01  0.215137E+01 -0.206464E-02  0.540364E-02  0.712161E-04  0.531664E-06  0.415433E-07
100.000  480.0000  0.563064E+03  0.256106E+01 -0.173320E+01  0.220574E+01 -0.234128E-02  0.546888E-02  0.694407E-04  0.536618E-06  0.417538E-07
100.000  490.0000  0.545684E+03  0.272068E+01 -0.174112E+01  0.226072E+01 -0.262967E-02  0.552492E-02  0.677226E-04  0.539556E-06  0.419082E-07
100.000  500.0000  0.528275E+03  0.287552E+01 -0.173884E+01  0.231620E+01 -0.292429E-02  0.556876E-02  0.660712E-04  0.540010E-06  0.420327E-07
100.000  510.0000  0.510944E+03  0.302127E+01 -0.172551E+01  0.237204E+01 -0.321905E-02  0.559803E-02  0.644966E-04  0.537683E-06  0.421460E-07
100.000  520.0000  0.493802E+03  0.315415E+01 -0.170107E+01  0.242811E+01 -0.350799E-02  0.561130E-02  0.630079E-04  0.532499E-06  0.422597E-07
100.000  530.0000  0.476958E+03  0.327119E+01 -0.166612E+01  0.248422E+01 -0.378557E-02  0.560799E-02  0.616127E-04  0.524570E-06  0.423793E-07
100.000  540.0000  0.460512E+03  0.337006E+01 -0.162164E+01  0.254021E+01 -0.404634E-02  0.558801E-02  0.603166E-04  0.514119E-06  0.425051E-07
100.000  550.0000  0.444553E+03  0.344898E+01 -0.156883E+01  0.259592E+01 -0.428493E-02  0.555164E-02  0.591232E-04  0.501423E-06  0.426339E-07
100.000  560.0000  0.429158E+03  0.350682E+01 -0.150908E+01  0.265119E+01 -0.449633E-02  0.549961E-02  0.580341E-04  0.486799E-06  0.427600E-07
100.000  570.0000  0.414389E+03  0.354336E+01 -0.144394E+01  0.270587E+01 -0.467658E-02  0.543319E-02  0.570489E-04  0.470617E-06  0.428770E-07
100.000  580.0000  0.400292E+03  0.355936E+01 -0.137510E+01  0.275981E+01 -0.482336E-02  0.535425E-02  0.561656E-04  0.453289E-06  0.429784E-07
100.000  590.0000  0.386894E+03  0.355645E+01 -0.130425E+01  0.281292E+01 -0.493603E-02  0.526509E-02  0.553807E-04  0.435241E-06  0.430587E-07
100.000  600.0000  0.374208E+03  0.353691E+01 -0.123294E+01  0.286509E+01 -0.501550E-02  0.516819E-02  0.546893E-04  0.416876E-06  0.431138E-07
110.000    0.0000  0.104929E+04  0.397278E+00 -0.237050E+00  0.104387E+00  0.894212E-03  0.388676E-02  0.164790E-02 -0.533234E-06 -0.494581E-04
110.000   10.0000  0.104660E+04  0.380848E+00 -0.299028E+00  0.143475E+00  0.878176E-03  0.392756E-02  0.125253E-02  0.364190E-07 -0.315815E-04
110.000   20.0000  0.104335E+04  0.368752E+00 -0.349537E+00  0.182890E+00  0.864321E-03  0.395364E-02  0.990920E-03  0.360135E-06 -0.214191E-04
110.000   30.0000  0.103963E+04  0.360257E+00 -0.393514E+00  0.222521E+00  0.851507E-03  0.397164E-02  0.807877E-03  0.545749E-06 -0.151940E-04
110.000   40.0000  0.103549E+04  0.354731E+00 -0.433319E+00  0.262306E+00  0.839171E-03  0.398473E-02  0.674278E-03  0.651244E-06 -0.111497E-04
110.000   50.0000  0.103097E+04  0.351664E+00 -0.470138E+00  0.302205E+00  0.827022E-03  0.399460E-02  0.573538E-03  0.708693E-06 -0.839751E-05
110.000   60.0000  0.102610E+04  0.350662E+00 -0.504614E+00  0.342191E+00  0.814896E-03  0.400233E-02  0.495602E-03  0.736561E-06 -0.645431E-05
110.000   70.0000  0.102089E+04  0.351426E+00 -0.537131E+00  0.382247E+00  0.802687E-03  0.400871E-02  0.434046E-03  0.745903E-06 -0.504136E-05
110.000   80.0000  0.101536E+04  0.353733E+00 -0.567952E+00  0.422363E+00  0.790321E-03  0.401434E-02  0.384589E-03  0.743562E-06 -0.398929E-05
110.000   90.0000  0.100954E+04  0.357416E+00 -0.597283E+00  0.462533E+00  0.777730E-03  0.401969E-02  0.344275E-03  0.733885E-06 -0.319058E-05
110.000  100.0000  0.100342E+04  0.362356E+00 -0.625296E+00  0.502757E+00  0.764850E-03  0.402515E-02  0.311003E-03  0.719689E-06 -0.257436E-05
110.000  110.0000  0.997033E+03  0.368472E+00 -0.652148E+00  0.543037E+00  0.751616E-03  0.403099E-02  0.283239E-03  0.702825E-06 -0.209245E-05
110.000  120.0000  0.990382E+03  0.375708E+00 -0.677985E+00  0.583379E+00  0.737959E-03  0.403745E-02  0.259844E-03  0.684520E-06 -0.171115E-05
110.000  130.0000  0.983476E+03  0.384035E+00 -0.702947E+00  0.623789E+00  0.723805E-03  0.404468E-02  0.239957E-03  0.665593E-06 -0.140641E-05
110.000  140.0000  0.976325E+03  0.393441E+00 -0.727167E+00  0.664276E+00  0.709073E-03  0.405281E-02  0.222914E-03  0.646591E-06 -0.116069E-05
110.000  150.0000  0.968935E+03  0.403933E+00 -0.750769E+00  0.704848E+00  0.693676E-03  0.406193E-02  0.208200E-03  0.627879E-06 -0.960991E-06
110.000  160.0000  0.961311E+03  0.415532E+00 -0.773875E+00  0.745518E+00  0.677517E-03  0.407210E-02  0.195409E-03  0.609702E-06 -0.797559E-06
110.000  170.0000  0.953459E+03  0.428272E+00 -0.796600E+00  0.786294E+00  0.660495E-03  0.408339E-02  0.184218E-03  0.592220E-06 -0.662961E-06
110.000  180.0000  0.945380E+03  0.442200E+00 -0.819051E+00  0.827189E+00  0.642497E-03  0.409582E-02  0.174369E-03  0.575539E-06 -0.551482E-06
110.000  190.0000  0.937078E+03  0.457375E+00 -0.841332E+00  0.868214E+00  0.623398E-03  0.410944E-02  0.165651E-03  0.559728E-06 -0.458677E-06
110.000  200.0000  0.928554E+03  0.473869E+00 -0.863540E+00  0.909382E+00  0.603065E-03  0.412429E-02  0.157892E-03  0.544831E-06 -0.381063E-06
110.000  210.0000  0.919807E+03  0.491763E+00 -0.885766E+00  0.950704E+00  0.581352E-03  0.414040E-02  0.150951E-03  0.530877E-06 -0.315884E-06
110.000  220.0000  0.910838E+03  0.511154E+00 -0.908096E+00  0.992194E+00  0.558096E-03  0.415782E-02  0.144711E-03  0.517884E-06 -0.260946E-06
110.000  230.0000  0.901645E+03  0.532149E+00 -0.930612E+00  0.103387E+01  0.533121E-03  0.417658E-02  0.139075E-03  0.505862E-06 -0.214490E-06
110.000  240.0000  0.892225E+03  0.554871E+00 -0.953389E+00  0.107573E+01  0.506232E-03  0.419673E-02  0.133960E-03  0.494817E-06 -0.175095E-06
110.000  250.0000  0.882576E+03  0.579452E+00 -0.976497E+00  0.111780E+01  0.477216E-03  0.421833E-02  0.129296E-03  0.484756E-06 -0.141608E-06
110.000  260.0000  0.872694E+03  0.606045E+00 -0.100000E+01  0.116010E+01  0.445834E-03  0.424143E-02  0.125025E-03  0.475681E-06 -0.113087E-06
110.000  270.0000  0.862574E+03  0.634815E+00 -0.102396E+01  0.120264E+01  0.411826E-03  0.426610E-02  0.121095E-03  0.467595E-06 -0.887600E-07
110.000  280.0000  0.852213E+03  0.665944E+00 -0.104842E+01  0.124543E+01  0.374901E-03  0.429240E-02  0.117463E-03  0.460499E-06 -0.679899E-07
110.000  290.0000  0.841604E+03  0.699632E+00 -0.107345E+01  0.128849E+01  0.334739E-03  0.432040E-02  0.114091E-03  0.454395E-06 -0.502483E-07
110.000  300.0000  0.830742E+03  0.736100E+00 -0.109906E+01  0.133184E+01  0.290982E-03  0.435020E-02  0.110946E-03  0.449284E-06 -0.350953E-07
110.000  310.0000  0.819621E+03  0.775585E+00 -0.112531E+01  0.137550E+01  0.243234E-03  0.438188E-02  0.107999E-03  0.445163E-06 -0.221628E-07
110.000  320.0000  0.808234E+03  0.818347E+00 -0.115220E+01  0.141949E+01  0.191055E-03  0.441552E-02  0.105224E-03  0.442032E-06 -0.111412E-07
110.000  330.0000  0.796575E+03  0.864668E+00 -0.117977E+01  0.146382E+01  0.133956E-03  0.445122E-02  0.102600E-03  0.439882E-06 -0.176873E-08
110.000  340.0000  0.784636E+03  0.914848E+00 -0.120800E+01  0.150852E+01  0.713927E-04  0.448908E-02  0.100106E-03  0.438705E-06  0.617710E-08
110.000  350.0000  0.772412E+03  0.969210E+00 -0.123689E+01  0.155361E+01  0.276480E-05  0.452920E-02  0.977249E-04  0.438484E-06  0.128865E-07
110.000  360.0000  0.759896E+03  0.102809E+01 -0.126639E+01  0.159911E+01 -0.725901E-04  0.457166E-02  0.954418E-04  0.439197E-06  0.185232E-07
110.000  370.0000  0.747083E+03  0.109184E+01 -0.129646E+01  0.164505E+01 -0.155397E-03  0.461655E-02  0.932430E-04  0.440811E-06  0.232289E-07
110.000  380.0000  0.733966E+03  0.116083E+01 -0.132700E+01  0.169145E+01 -0.246439E-03  0.466391E-02  0.911170E-04  0.443282E-06  0.271274E-07
110.000  390.0000  0.720542E+03  0.123538E+01 -0.135787E+01  0.173834E+01 -0.346555E-03  0.471376E-02  0.890536E-04  0.446549E-06  0.303274E-07
110.000  400.0000  0.706808E+03  0.131584E+01 -0.138888E+01  0.178573E+01 -0.456616E-03  0.476603E-02  0.870446E-04  0.450533E-06  0.329253E-07
110.000  410.0000  0.692764E+03  0.140247E+01 -0.141979E+01  0.183366E+01 -0.577506E-03  0.482060E-02  0.850831E-04  0.455132E-06  0.350067E-07
110.000  420.0000  0.678414E+03  0.149545E+01 -0.145023E+01  0.188215E+01 -0.710081E-03  0.487719E-02  0.831640E-04  0.460218E-06  0.366487E-07
110.000  430.0000  0.663763E+03  0.159487E+01 -0.147979E+01  0.193121E+01 -0.855111E-03  0.493542E-02  0.812836E-04  0.465632E-06  0.379207E-07
110.000  440.0000  0.648823E+03  0.170060E+01 -0.150790E+01  0.198086E+01 -0.101321E-02  0.499467E-02  0.794399E-04  0.471183E-06  0.388854E-07
110.000  450.0000  0.633611E+03  0.181234E+01 -0.153393E+01  0.203111E+01 -0.118477E-02  0.505413E-02  0.776326E-04  0.476650E-06  0.395992E-07
110.000  460.0000  0.618154E+03  0.192945E+01 -0.155708E+01  0.208194E+01 -0.136979E-02  0.511276E-02  0.758626E-04  0.481779E-06  0.401130E-07
110.000  470.0000  0.602482E+03  0.205099E+01 -0.157650E+01  0.213336E+01 -0.156780E-02  0.516923E-02  0.741327E-04  0.486287E-06  0.404720E-07
110.000  480.0000  0.586639E+03  0.217556E+01 -0.159121E+01  0.218532E+01 -0.177764E-02  0.522193E-02  0.724468E-04  0.489866E-06  0.407160E-07
110.000  490.0000  0.570677E+03  0.230126E+01 -0.160016E+01  0.223778E+01 -0.199732E-02  0.526899E-02  0.708102E-04  0.492190E-06  0.408789E-07
110.000  500.0000  0.554659E+03  0.242573E+01 -0.160234E+01  0.229067E+01 -0.222392E-02  0.530839E-02  0.692292E-04  0.492937E-06  0.409888E-07
110.000  510.0000  0.538656E+03  0.254625E+01 -0.159692E+01  0.234391E+01 -0.245378E-02  0.533820E-02  0.677106E-04  0.491832E-06  0.410681E-07
110.000  520.0000  0.522747E+03  0.266010E+01 -0.158341E+01  0.239740E+01 -0.268283E-02  0.535689E-02  0.662615E-04  0.488699E-06  0.411330E-07
110.000  530.0000  0.507015E+03  0.276484E+01 -0.156177E+01  0.245101E+01 -0.290710E-02  0.536350E-02  0.648883E-04  0.483493E-06  0.411949E-07
110.000  540.0000  0.491538E+03  0.285852E+01 -0.153242E+01  0.250463E+01 -0.312297E-02  0.535767E-02  0.635965E-04  0.476297E-06  0.412600E-07
110.000  550.0000  0.476390E+03  0.293974E+01 -0.149607E+01  0.255812E+01 -0.332716E-02  0.533953E-02  0.623901E-04  0.467284E-06  0.413308E-07
110.000  560.0000  0.461637E+03  0.300746E+01 -0.145361E+01  0.261138E+01 -0.351664E-02  0.530947E-02  0.612716E-04  0.456672E-06  0.414064E-07
110.000  570.0000  0.447335E+03  0.306106E+01 -0.140599E+01  0.266427E+01 -0.368859E-02  0.526812E-02  0.602423E-04  0.444700E-06  0.414843E-07
110.000  580.0000  0.433531E+03  0.310026E+01 -0.135424E+01  0.271670E+01 -0.384056E-02  0.521630E-02  0.593017E-04  0.431616E-06  0.415603E-07
110.000  590.0000  0.420260E+03  0.312525E+01 -0.129939E+01  0.276857E+01 -0.397072E-02  0.515510E-02  0.584485E-04  0.417679E-06  0.416299E-07
110.000  600.0000  0.407550E+03  0.313664E+01 -0.124252E+01  0.281978E+01 -0.407804E-02  0.508587E-02  0.576801E-04  0.403151E-06  0.416887E-07
120.000    0.0000  0.105322E+04  0.388910E+00 -0.255242E+00  0.113290E+00  0.886614E-03  0.386964E-02  0.164525E-02 -0.326286E-06 -0.489212E-04
120.000   10.0000  0.105037E+04  0.373527E+00 -0.312749E+00  0.152224E+00  0.871778E-03  0.391345E-02  0.125311E-02  0.173527E-06 -0.313054E-04
120.000   20.0000  0.104700E+04  0.362087E+00 -0.359462E+00  0.191506E+00  0.858978E-03  0.394093E-02  0.992982E-03  0.452580E-06 -0.212708E-04
120.000   30.0000  0.104320E+04  0.353984E+00 -0.400284E+00  0.231014E+00  0.847083E-03  0.395957E-02  0.810611E-03  0.608961E-06 -0.151129E-04
120.000   40.0000  0.103901E+04  0.348666E+00 -0.437474E+00  0.270680E+00  0.835553E-03  0.397290E-02  0.677285E-03  0.694846E-06 -0.111062E-04
120.000   50.0000  0.103446E+04  0.345674E+00 -0.472107E+00  0.310461E+00  0.824120E-03  0.398283E-02  0.576616E-03  0.738846E-06 -0.837559E-05
120.000   60.0000  0.102958E+04  0.344643E+00 -0.504727E+00  0.350329E+00  0.812646E-03  0.399050E-02  0.498648E-03  0.757312E-06 -0.644516E-05
120.000   70.0000  0.102437E+04  0.345295E+00 -0.535640E+00  0.390266E+00  0.801045E-03  0.399674E-02  0.437010E-03  0.759970E-06 -0.503983E-05
120.000   80.0000  0.101887E+04  0.347417E+00 -0.565045E+00  0.430261E+00  0.789258E-03  0.400216E-02  0.387449E-03  0.752803E-06 -0.399230E-05
120.000   90.0000  0.101308E+04  0.350850E+00 -0.593097E+00  0.470308E+00  0.777233E-03  0.400725E-02  0.347024E-03  0.739591E-06 -0.319625E-05
120.000  100.0000  0.100701E+04  0.355479E+00 -0.619930E+00  0.510406E+00  0.764921E-03  0.401239E-02  0.313640E-03  0.722767E-06 -0.258154E-05
120.000  110.0000  0.100068E+04  0.361222E+00 -0.645670E+00  0.550557E+00  0.752268E-03  0.401786E-02  0.285770E-03  0.703919E-06 -0.210040E-05
120.000  120.0000  0.994100E+03  0.368023E+00 -0.670438E+00  0.590765E+00  0.739215E-03  0.402387E-02  0.262277E-03  0.684092E-06 -0.171943E-05
120.000  130.0000  0.987275E+03  0.375850E+00 -0.694352E+00  0.631037E+00  0.725699E-03  0.403058E-02  0.242298E-03  0.663974E-06 -0.141474E-05
120.000  140.0000  0.980215E+03  0.384687E+00 -0.717528E+00  0.671379E+00  0.711649E-03  0.403812E-02  0.225173E-03  0.644020E-06 -0.116889E-05
120.000  150.0000  0.972927E+03  0.394534E+00 -0.740076E+00  0.711802E+00  0.696992E-03  0.404656E-02  0.210384E-03  0.624529E-06 -0.968974E-06
120.000  160.0000  0.965416E+03  0.405406E+00 -0.762105E+00  0.752314E+00  0.681643E-03  0.405596E-02  0.197525E-03  0.605693E-06 -0.805264E-06
120.000  170.0000  0.957686E+03  0.417328E+00 -0.783716E+00  0.792925E+00  0.665512E-03  0.406637E-02  0.186275E-03  0.587638E-06 -0.670363E-06
120.000  180.0000  0.949742E+03  0.430338E+00 -0.805006E+00  0.833645E+00  0.648500E-03  0.407782E-02  0.176372E-03  0.570442E-06 -0.558571E-06
120.000  190.0000  0.941587E+03  0.444481E+00 -0.826068E+00  0.874485E+00  0.630502E-03  0.409034E-02  0.167606E-03  0.554152E-06 -0.465456E-06
120.000  200.0000  0.933221E+03  0.459816E+00 -0.846986E+00  0.915455E+00  0.611401E-03  0.410396E-02  0.159805E-03  0.538797E-06 -0.387539E-06
120.000  210.0000  0.924647E+03  0.476410E+00 -0.867843E+00  0.956567E+00  0.591071E-03  0.411870E-02  0.152828E-03  0.524390E-06 -0.322070E-06
120.000  220.0000  0.915865E+03  0.494339E+00 -0.888714E+00  0.997833E+00  0.569375E-03  0.413458E-02  0.146557E-03  0.510939E-06 -0.266854E-06
120.000  230.0000  0.906873E+03  0.513691E+00 -0.909666E+00  0.103926E+01  0.546163E-03  0.415164E-02  0.140894E-03  0.498446E-06 -0.220134E-06
120.000  240.0000  0.897671E+03  0.534562E+00 -0.930765E+00  0.108087E+01  0.521274E-03  0.416990E-02  0.135758E-03  0.486910E-06 -0.180487E-06
120.000  250.0000  0.888257E+03  0.557061E+00 -0.952068E+00  0.112267E+01  0.494528E-03  0.418941E-02  0.131078E-03  0.476328E-06 -0.146759E-06
120.000  260.0000  0.878628E+03  0.581304E+00 -0.973627E+00  0.116466E+01  0.465733E-03  0.421019E-02  0.126794E-03  0.466696E-06 -0.118009E-06
120.000  270.0000  0.868783E+03  0.607423E+00 -0.995487E+00  0.120687E+01  0.434674E-03  0.423230E-02  0.122857E-03  0.458012E-06 -0.934608E-07
120.000  280.0000  0.858718E+03  0.635557E+00 -0.101769E+01  0.124931E+01  0.401121E-03  0.425576E-02  0.119223E-03  0.450271E-06 -0.724771E-07
120.000  290.0000  0.848428E+03  0.665859E+00 -0.104026E+01  0.129199E+01  0.364818E-03  0.428063E-02  0.115852E-03  0.443467E-06 -0.545280E-07
120.000  300.0000  0.837911E+03  0.698495E+00 -0.106323E+01  0.133493E+01  0.325486E-03  0.430696E-02  0.112714E-03  0.437595E-06 -0.391724E-07
120.000  310.0000  0.827162E+03  0.733640E+00 -0.108661E+01  0.137814E+01  0.282821E-03  0.433480E-02  0.109778E-03  0.432647E-06 -0.260413E-07
120.000  320.0000  0.816177E+03  0.771485E+00 -0.111042E+01  0.142163E+01  0.236485E-03  0.436420E-02  0.107020E-03  0.428614E-06 -0.148240E-07
120.000  330.0000  0.804952E+03  0.812230E+00 -0.113465E+01  0.146543E+01  0.186114E-03  0.439522E-02  0.104417E-03  0.425484E-06 -0.525842E-08
120.000  340.0000  0.793483E+03  0.856087E+00 -0.115928E+01  0.150954E+01  0.131307E-03  0.442791E-02  0.101949E-03  0.423239E-06  0.287849E-08
120.000  350.0000  0.781766E+03  0.903277E+00 -0.118429E+01  0.155399E+01  0.716278E-04  0.446232E-02  0.995996E-04  0.421858E-06  0.977702E-08
120.000  360.0000  0.769796E+03  0.954028E+00 -0.120964E+01  0.159879E+01  0.660374E-05  0.449849E-02  0.973533E-04  0.421314E-06  0.156007E-07
120.000  370.0000  0.757572E+03  0.100857E+01 -0.123527E+01  0.164397E+01 -0.642731E-04  0.453645E-02  0.951966E-04  0.421571E-06  0.204909E-07
120.000  380.0000  0.745090E+03  0.106713E+01 -0.126108E+01  0.168953E+01 -0.141543E-03  0.457621E-02  0.931178E-04  0.422583E-06  0.245706E-07
120.000  390.0000  0.732350E+03  0.112993E+01 -0.128695E+01  0.173550E+01 -0.225774E-03  0.461775E-02  0.911070E-04  0.424293E-06  0.279474E-07
120.000  400.0000  0.719351E+03  0.119715E+01 -0.131274E+01  0.178189E+01 -0.317545E-03  0.466100E-02  0.891556E-04  0.426629E-06  0.307164E-07
120.000  410.0000  0.706096E+03  0.126896E+01 -0.133824E+01  0.182872E+01 -0.417435E-03  0.470583E-02  0.872565E-04  0.429503E-06  0.329618E-07
120.000  420.0000  0.692588E+03  0.134544E+01 -0.136320E+01  0.187601E+01 -0.525992E-03  0.475203E-02  0.854040E-04  0.432807E-06  0.347587E-07
120.000  430.0000  0.678835E+03  0.142661E+01 -0.138728E+01  0.192377E+01 -0.643702E-03  0.479930E-02  0.835940E-04  0.436416E-06  0.361745E-07
120.000  440.0000  0.664847E+03  0.151236E+01 -0.141012E+01  0.197200E+01 -0.770943E-03  0.484720E-02  0.818236E-04  0.440179E-06  0.372697E-07
120.000  450.0000  0.650638E+03  0.160246E+01 -0.143124E+01  0.202071E+01 -0.907935E-03  0.489515E-02  0.800913E-04  0.443926E-06  0.380988E-07
120.000  460.0000  0.636230E+03  0.169650E+01 -0.145012E+01  0.206990E+01 -0.105468E-02  0.494242E-02  0.783970E-04  0.447468E-06  0.387107E-07
120.000  470.0000  0.621645E+03  0.179387E+01 -0.146618E+01  0.211955E+01 -0.121089E-02  0.498812E-02  0.767418E-04  0.450601E-06  0.391491E-07
120.000  480.0000  0.606917E+03  0.189372E+01 -0.147878E+01  0.216965E+01 -0.137593E-02  0.503121E-02  0.751279E-04  0.453107E-06  0.394525E-07
120.000  490.0000  0.592084E+03  0.199496E+01 -0.148727E+01  0.222016E+01 -0.154870E-02  0.507048E-02  0.735585E-04  0.454765E-06  0.396548E-07
120.000  500.0000  0.577188E+03  0.209621E+01 -0.149096E+01  0.227104E+01 -0.172760E-02  0.510461E-02  0.720378E-04  0.455358E-06  0.397844E-07
120.000  510.0000  0.562282E+03  0.219587E+01 -0.148927E+01  0.232224E+01 -0.191052E-02  0.513224E-02  0.705706E-04  0.454681E-06  0.398654E-07
120.000  520.0000  0.547422E+03  0.229215E+01 -0.148170E+01  0.237366E+01 -0.209490E-02  0.515212E-02  0.691619E-04  0.452570E-06  0.399167E-07
120.000  530.0000  0.532669E+03  0.238325E+01 -0.146799E+01  0.242525E+01 -0.227795E-02  0.516323E-02  0.678168E-04  0.448923E-06  0.399526E-07
120.000  540.0000  0.518083E+03  0.246756E+01 -0.144814E+01  0.247690E+01 -0.245694E-02  0.516492E-02  0.665400E-04  0.443720E-06  0.399834E-07
120.000  550.0000  0.503725E+03  0.254378E+01 -0.142246E+01  0.252851E+01 -0.262934E-02  0.515698E-02  0.653356E-04  0.437022E-06  0.400154E-07
120.000  560.0000  0.489652E+03  0.261093E+01 -0.139147E+01  0.258000E+01 -0.279298E-02  0.513953E-02  0.642065E-04  0.428960E-06  0.400518E-07
120.000  570.0000  0.475912E+03  0.266839E+01 -0.135581E+01  0.263127E+01 -0.294593E-02  0.511297E-02  0.631545E-04  0.419700E-06  0.400934E-07
120.000  580.0000  0.462549E+03  0.271576E+01 -0.131620E+01  0.268224E+01 -0.308651E-02  0.507785E-02  0.621803E-04  0.409430E-06  0.401389E-07
120.000  590.0000  0.449598E+03  0.275289E+01 -0.127339E+01  0.273281E+01 -0.321324E-02  0.503482E-02  0.612839E-04  0.398337E-06  0.401861E-07
120.000  600.0000  0.437089E+03  0.277985E+01 -0.122810E+01  0.278291E+01 -0.332492E-02  0.498467E-02  0.604639E-04  0.386607E-06  0.402318E-07
130.000    0.0000  0.105707E+04  0.380831E+00 -0.272168E+00  0.122121E+00  0.879476E-03  0.385372E-02  0.164393E-02 -0.115791E-06 -0.484590E-04
130.000   10.0000  0.105407E+04  0.366444E+00 -0.325662E+00  0.160912E+00  0.865708E-03  0.390041E-02  0.125441E-02  0.311545E-06 -0.310670E-04
130.000   20.0000  0.105059E+04  0.355637E+00 -0.368886E+00  0.200070E+00  0.853868E-03  0.392917E-02  0.995456E-03  0.544936E-06 -0.211429E-04
130.000   30.0000  0.104671E+04  0.347920E+00 -0.406765E+00  0.239463E+00  0.842822E-03  0.394832E-02  0.813589E-03  0.671743E-06 -0.150438E-04
130.000   40.0000  0.104247E+04  0.342812E+00 -0.441491E+00  0.279018E+00  0.832044E-03  0.396181E-02  0.680439E-03  0.737938E-06 -0.110699E-04
130.000   50.0000  0.103789E+04  0.339902E+00 -0.474052E+00  0.318688E+00  0.821285E-03  0.397171E-02  0.579783E-03  0.768509E-06 -0.835831E-05
130.000   60.0000  0.103299E+04  0.338856E+00 -0.504907E+00  0.358444E+00  0.810424E-03  0.397927E-02  0.501746E-03  0.777627E-06 -0.643907E-05
130.000   70.0000  0.102780E+04  0.339411E+00 -0.534290E+00  0.398268E+00  0.799397E-03  0.398533E-02  0.440002E-03  0.773660E-06 -0.504039E-05
130.000   80.0000  0.102231E+04  0.341368E+00 -0.562345E+00  0.438148E+00  0.788157E-03  0.399053E-02  0.390321E-03  0.761723E-06 -0.399678E-05
130.000   90.0000  0.101655E+04  0.344576E+00 -0.589180E+00  0.478078E+00  0.776667E-03  0.399536E-02  0.349773E-03  0.745026E-06 -0.320300E-05
130.000  100.0000  0.101053E+04  0.348922E+00 -0.614891E+00  0.518055E+00  0.764889E-03  0.400019E-02  0.316271E-03  0.725620E-06 -0.258952E-05
130.000  110.0000  0.100426E+04  0.354325E+00 -0.639577E+00  0.558082E+00  0.752779E-03  0.400529E-02  0.288289E-03  0.704829E-06 -0.210897E-05
130.000  120.0000  0.997743E+03  0.360730E+00 -0.663336E+00  0.598163E+00  0.740290E-03  0.401089E-02  0.264693E-03  0.683517E-06 -0.172820E-05
130.000  130.0000  0.990995E+03  0.368101E+00 -0.686265E+00  0.638302E+00  0.727368E-03  0.401712E-02  0.244620E-03  0.662244E-06 -0.142346E-05
130.000  140.0000  0.984020E+03  0.376421E+00 -0.708466E+00  0.678508E+00  0.713953E-03  0.402411E-02  0.227409E-03  0.641372E-06 -0.117743E-05
130.000  150.0000  0.976828E+03  0.385684E+00 -0.730035E+00  0.718787E+00  0.699978E-03  0.403193E-02  0.212543E-03  0.621133E-06 -0.977238E-06
130.000  160.0000  0.969422E+03  0.395898E+00 -0.751067E+00  0.759149E+00  0.685371E-03  0.404063E-02  0.199615E-03  0.601672E-06 -0.813217E-06
130.000  170.0000  0.961808E+03  0.407083E+00 -0.771654E+00  0.799603E+00  0.670054E-03  0.405025E-02  0.188302E-03  0.583078E-06 -0.677987E-06
130.000  180.0000  0.953990E+03  0.419267E+00 -0.791882E+00  0.840157E+00  0.653940E-03  0.406081E-02  0.178344E-03  0.565402E-06 -0.565864E-06
130.000  190.0000  0.945971E+03  0.432487E+00 -0.811835E+00  0.880822E+00  0.636937E-03  0.407235E-02  0.169528E-03  0.548670E-06 -0.472426E-06
130.000  200.0000  0.937754E+03  0.446790E+00 -0.831590E+00  0.921607E+00  0.618943E-03  0.408486E-02  0.161684E-03  0.532894E-06 -0.394198E-06
130.000  210.0000  0.929340E+03  0.462230E+00 -0.851217E+00  0.962523E+00  0.599851E-03  0.409837E-02  0.154668E-03  0.518078E-06 -0.328432E-06
130.000  220.0000  0.920730E+03  0.478870E+00 -0.870784E+00  0.100358E+01  0.579542E-03  0.411290E-02  0.148364E-03  0.504216E-06 -0.272935E-06
130.000  230.0000  0.911924E+03  0.496779E+00 -0.890351E+00  0.104478E+01  0.557891E-03  0.412846E-02  0.142673E-03  0.491304E-06 -0.225948E-06
130.000  240.0000  0.902922E+03  0.516036E+00 -0.909972E+00  0.108615E+01  0.534757E-03  0.414507E-02  0.137513E-03  0.479332E-06 -0.186049E-06
130.000  250.0000  0.893724E+03  0.536727E+00 -0.929696E+00  0.112769E+01  0.509994E-03  0.416275E-02  0.132814E-03  0.468294E-06 -0.152082E-06
130.000  260.0000  0.884328E+03  0.558946E+00 -0.949566E+00  0.116941E+01  0.483440E-03  0.418152E-02  0.128515E-03  0.458178E-06 -0.123103E-06
130.000  270.0000  0.874732E+03  0.582795E+00 -0.969617E+00  0.121132E+01  0.454921E-03  0.420142E-02  0.124568E-03  0.448977E-06 -0.983366E-07
130.000  280.0000  0.864935E+03  0.608385E+00 -0.989878E+00  0.125344E+01  0.424247E-03  0.422245E-02  0.120926E-03  0.440682E-06 -0.771428E-07
130.000  290.0000  0.854934E+03  0.635832E+00 -0.101037E+01  0.129578E+01  0.391215E-03  0.424465E-02  0.117554E-03  0.433282E-06 -0.589906E-07
130.000  300.0000  0.844727E+03  0.665263E+00 -0.103112E+01  0.133834E+01  0.355601E-03  0.426805E-02  0.114418E-03  0.426767E-06 -0.434377E-07
130.000  310.0000  0.834311E+03  0.696811E+00 -0.105211E+01  0.138114E+01  0.317166E-03  0.429268E-02  0.111488E-03  0.421127E-06 -0.301139E-07
130.000  320.0000  0.823683E+03  0.730617E+00 -0.107337E+01  0.142420E+01  0.275652E-03  0.431856E-02  0.108741E-03  0.416345E-06 -0.187078E-07
130.000  330.0000  0.812843E+03  0.766826E+00 -0.109486E+01  0.146752E+01  0.230776E-03  0.434573E-02  0.106153E-03  0.412408E-06 -0.895645E-08
130.000  340.0000  0.801785E+03  0.805590E+00 -0.111658E+01  0.151112E+01  0.182238E-03  0.437420E-02  0.103705E-03  0.409294E-06 -0.636414E-09
130.000  350.0000  0.790510E+03  0.847065E+00 -0.113850E+01  0.155501E+01  0.129712E-03  0.440400E-02  0.101380E-03  0.406979E-06  0.644285E-08
130.000  360.0000  0.779015E+03  0.891409E+00 -0.116055E+01  0.159920E+01  0.728531E-04  0.443515E-02  0.991618E-04  0.405434E-06  0.124449E-07
130.000  370.0000  0.767299E+03  0.938775E+00 -0.118270E+01  0.164371E+01  0.112931E-04  0.446764E-02  0.970381E-04  0.404622E-06  0.175108E-07
130.000  380.0000  0.755361E+03  0.989313E+00 -0.120485E+01  0.168856E+01 -0.553523E-04  0.450146E-02  0.949969E-04  0.404499E-06  0.217630E-07
130.000  390.0000  0.743202E+03  0.104316E+01 -0.122690E+01  0.173375E+01 -0.127480E-03  0.453658E-02  0.930279E-04  0.405010E-06  0.253086E-07
130.000  400.0000  0.730824E+03  0.110043E+01 -0.124873E+01  0.177929E+01 -0.205493E-03  0.457292E-02  0.911225E-04  0.406093E-06  0.282415E-07
130.000  410.0000  0.718229E+03  0.116122E+01 -0.127017E+01  0.182521E+01 -0.289782E-03  0.461038E-02  0.892732E-04  0.407669E-06  0.306448E-07
130.000  420.0000  0.705422E+03  0.122556E+01 -0.129103E+01  0.187150E+01 -0.380717E-03  0.464878E-02  0.874742E-04  0.409648E-06  0.325923E-07
130.000  430.0000  0.692411E+03  0.129344E+01 -0.131107E+01  0.191819E+01 -0.478618E-03  0.468789E-02  0.857207E-04  0.411926E-06  0.341498E-07
130.000  440.0000  0.679205E+03  0.136478E+01 -0.133001E+01  0.196526E+01 -0.583729E-03  0.472737E-02  0.840091E-04  0.414381E-06  0.353763E-07
130.000  450.0000  0.665816E+03  0.143938E+01 -0.134750E+01  0.201273E+01 -0.696187E-03  0.476682E-02  0.823373E-04  0.416878E-06  0.363248E-07
130.000  460.0000  0.652261E+03  0.151696E+01 -0.136319E+01  0.206060E+01 -0.815982E-03  0.480571E-02  0.807041E-04  0.419269E-06  0.370425E-07
130.000  470.0000  0.638559E+03  0.159710E+01 -0.137664E+01  0.210884E+01 -0.942924E-03  0.484339E-02  0.791095E-04  0.421394E-06  0.375719E-07
130.000  480.0000  0.624737E+03  0.167924E+01 -0.138742E+01  0.215746E+01 -0.107660E-02  0.487913E-02  0.775544E-04  0.423089E-06  0.379507E-07
130.000  490.0000  0.610822E+03  0.176266E+01 -0.139506E+01  0.220642E+01 -0.121633E-02  0.491210E-02  0.760409E-04  0.424186E-06  0.382118E-07
130.000  500.0000  0.596847E+03  0.184650E+01 -0.139912E+01  0.225569E+01 -0.136114E-02  0.494138E-02  0.745716E-04  0.424523E-06  0.383841E-07
130.000  510.0000  0.582853E+03  0.192973E+01 -0.139915E+01  0.230523E+01 -0.150975E-02  0.496603E-02  0.731497E-04  0.423950E-06  0.384920E-07
130.000  520.0000  0.568879E+03  0.201123E+01 -0.139479E+01  0.235499E+01 -0.166056E-02  0.498511E-02  0.717790E-04  0.422334E-06  0.385557E-07
130.000  530.0000  0.554972E+03  0.208976E+01 -0.138577E+01  0.240491E+01 -0.181172E-02  0.499777E-02  0.704632E-04  0.419575E-06  0.385916E-07
130.000  540.0000  0.541180E+03  0.216413E+01 -0.137194E+01  0.245492E+01 -0.196127E-02  0.500333E-02  0.692062E-04  0.415616E-06  0.386121E-07
130.000  550.0000  0.527549E+03  0.223322E+01 -0.135337E+01  0.250495E+01 -0.210726E-02  0.500137E-02  0.680114E-04  0.410454E-06  0.386264E-07
130.000  560.0000  0.514128E+03  0.229613E+01 -0.133027E+01  0.255492E+01 -0.224789E-02  0.499175E-02  0.668819E-04  0.404139E-06  0.386404E-07
130.000  570.0000  0.500958E+03  0.235219E+01 -0.130303E+01  0.260476E+01 -0.238162E-02  0.497460E-02  0.658198E-04  0.396769E-06  0.386577E-07
130.000  580.0000  0.488079E+03  0.240097E+01 -0.127215E+01  0.265439E+01 -0.250714E-02  0.495025E-02  0.648265E-04  0.388474E-06  0.386795E-07
130.000  590.0000  0.475525E+03  0.244221E+01 -0.123818E+01  0.270374E+01 -0.262335E-02  0.491916E-02  0.639026E-04  0.379399E-06  0.387058E-07
130.000  600.0000  0.463324E+03  0.247584E+01 -0.120166E+01  0.275275E+01 -0.272932E-02  0.488190E-02  0.630477E-04  0.369692E-06  0.387352E-07
140.000    0.0000  0.106084E+04  0.373037E+00 -0.287902E+00  0.130881E+00  0.872768E-03  0.383883E-02  0.164387E-02  0.974123E-07 -0.480671E-04
140.000   10.0000  0.105770E+04  0.359593E+00 -0.337800E+00  0.169540E+00  0.859949E-03  0.388834E-02  0.125639E-02  0.450173E-06 -0.308643E-04
140.000   20.0000  0.105412E+04  0.349396E+00 -0.377823E+00  0.208584E+00  0.848982E-03  0.391827E-02  0.998326E-03  0.637085E-06 -0.210347E-04
140.000   30.0000  0.105016E+04  0.342056E+00 -0.412959E+00  0.247871E+00  0.838720E-03  0.393784E-02  0.816801E-03  0.734041E-06 -0.149862E-04
140.000   40.0000  0.104587E+04  0.337160E+00 -0.445366E+00  0.287321E+00  0.828642E-03  0.395140E-02  0.683734E-03  0.780491E-06 -0.110407E-04
140.000   50.0000  0.104126E+04  0.334338E+00 -0.475962E+00  0.326887E+00  0.818515E-03  0.396122E-02  0.583033E-03  0.797662E-06 -0.834552E-05
140.000   60.0000  0.103635E+04  0.333286E+00 -0.505138E+00  0.366537E+00  0.808234E-03  0.396862E-02  0.504893E-03  0.797486E-06 -0.643596E-05
140.000   70.0000  0.103116E+04  0.333759E+00 -0.533064E+00  0.406254E+00  0.797748E-03  0.397447E-02  0.443020E-03  0.786955E-06 -0.504299E-05
140.000   80.0000  0.102570E+04  0.335570E+00 -0.559831E+00  0.446024E+00  0.787025E-03  0.397943E-02  0.393203E-03  0.770306E-06 -0.400271E-05
140.000   90.0000  0.101997E+04  0.338573E+00 -0.585505E+00  0.485841E+00  0.776040E-03  0.398399E-02  0.352522E-03  0.750176E-06 -0.321079E-05
140.000  100.0000  0.101399E+04  0.342661E+00 -0.610150E+00  0.525704E+00  0.764765E-03  0.398851E-02  0.318894E-03  0.728232E-06 -0.259827E-05
140.000  110.0000  0.100777E+04  0.347754E+00 -0.633836E+00  0.565612E+00  0.753166E-03  0.399326E-02  0.290795E-03  0.705539E-06 -0.211814E-05
140.000  120.0000  0.100132E+04  0.353797E+00 -0.656640E+00  0.605570E+00  0.741206E-03  0.399846E-02  0.267092E-03  0.682779E-06 -0.173744E-05
140.000  130.0000  0.994639E+03  0.360753E+00 -0.678643E+00  0.645583E+00  0.728838E-03  0.400425E-02  0.246922E-03  0.660384E-06 -0.143257E-05
140.000  140.0000  0.987745E+03  0.368600E+00 -0.699930E+00  0.685658E+00  0.716011E-03  0.401074E-02  0.229623E-03  0.638626E-06 -0.118628E-05
140.000  150.0000  0.980642E+03  0.377331E+00 -0.720585E+00  0.725801E+00  0.702668E-03  0.401798E-02  0.214678E-03  0.617671E-06 -0.985778E-06
140.000  160.0000  0.973335E+03  0.386948E+00 -0.740692E+00  0.766020E+00  0.688745E-03  0.402604E-02  0.201679E-03  0.597615E-06 -0.821412E-06
140.000  170.0000  0.965830E+03  0.397466E+00 -0.760333E+00  0.806324E+00  0.674174E-03  0.403494E-02  0.190302E-03  0.578513E-06 -0.685830E-06
140.000  180.0000  0.958130E+03  0.408905E+00 -0.779587E+00  0.846722E+00  0.658880E-03  0.404471E-02  0.180286E-03  0.560387E-06 -0.573360E-06
140.000  190.0000  0.950239E+03  0.421295E+00 -0.798528E+00  0.887221E+00  0.642780E-03  0.405535E-02  0.171420E-03  0.543247E-06 -0.479585E-06
140.000  200.0000  0.942160E+03  0.434674E+00 -0.817224E+00  0.927832E+00  0.625788E-03  0.406687E-02  0.163530E-03  0.527086E-06 -0.401037E-06
140.000  210.0000  0.933895E+03  0.449086E+00 -0.835741E+00  0.968562E+00  0.607809E-03  0.407929E-02  0.156475E-03  0.511897E-06 -0.334967E-06
140.000  220.0000  0.925446E+03  0.464580E+00 -0.854138E+00  0.100942E+01  0.588742E-03  0.409261E-02  0.150135E-03  0.497665E-06 -0.279185E-06
140.000  230.0000  0.916813E+03  0.481215E+00 -0.872467E+00  0.105042E+01  0.568477E-03  0.410684E-02  0.144414E-03  0.484378E-06 -0.231929E-06
140.000  240.0000  0.907997E+03  0.499053E+00 -0.890777E+00  0.109156E+01  0.546898E-03  0.412199E-02  0.139228E-03  0.472020E-06 -0.191776E-06
140.000  250.0000  0.898997E+03  0.518164E+00 -0.909109E+00  0.113286E+01  0.523879E-03  0.413806E-02  0.134506E-03  0.460578E-06 -0.157570E-06
140.000  260.0000  0.889814E+03  0.538623E+00 -0.927499E+00  0.117432E+01  0.499285E-03  0.415508E-02  0.130191E-03  0.450037E-06 -0.128364E-06
140.000  270.0000  0.880447E+03  0.560512E+00 -0.945975E+00  0.121596E+01  0.472971E-03  0.417305E-02  0.126229E-03  0.440386E-06 -0.103381E-06
140.000  280.0000  0.870894E+03  0.583917E+00 -0.964561E+00  0.125779E+01  0.444782E-03  0.419198E-02  0.122579E-03  0.431610E-06 -0.819799E-07
140.000  290.0000  0.861155E+03  0.608930E+00 -0.983273E+00  0.129981E+01  0.414551E-03  0.421189E-02  0.119201E-03  0.423697E-06 -0.636282E-07
140.000  300.0000  0.851228E+03  0.635649E+00 -0.100212E+01  0.134203E+01  0.382099E-03  0.423279E-02  0.116063E-03  0.416633E-06 -0.478824E-07
140.000  310.0000  0.841112E+03  0.664174E+00 -0.102110E+01  0.138447E+01  0.347235E-03  0.425470E-02  0.113136E-03  0.410403E-06 -0.343709E-07
140.000  320.0000  0.830806E+03  0.694611E+00 -0.104021E+01  0.142713E+01  0.309754E-03  0.427762E-02  0.110394E-03  0.404991E-06 -0.227815E-07
140.000  330.0000  0.820308E+03  0.727069E+00 -0.105944E+01  0.147002E+01  0.269439E-03  0.430157E-02  0.107816E-03  0.400379E-06 -0.128505E-07
140.000  340.0000  0.809617E+03  0.761659E+00 -0.107876E+01  0.151316E+01  0.226056E-03  0.432655E-02  0.105382E-03  0.396543E-06 -0.435401E-08
140.000  350.0000  0.798732E+03  0.798491E+00 -0.109814E+01  0.155656E+01  0.179360E-03  0.435257E-02  0.103075E-03  0.393460E-06  0.289898E-08
140.000  360.0000  0.787654E+03  0.837676E+00 -0.111754E+01  0.160022E+01  0.129090E-03  0.437962E-02  0.100879E-03  0.391098E-06  0.907207E-08
140.000  370.0000  0.776382E+03  0.879319E+00 -0.113689E+01  0.164415E+01  0.749745E-04  0.440770E-02  0.987817E-04  0.389422E-06  0.143063E-07
140.000  380.0000  0.764916E+03  0.923521E+00 -0.115613E+01  0.168837E+01  0.167327E-04  0.443677E-02  0.967702E-04  0.388390E-06  0.187238E-07
140.000  390.0000  0.753260E+03  0.970368E+00 -0.117518E+01  0.173289E+01 -0.459222E-04  0.446679E-02  0.948346E-04  0.387952E-06  0.224311E-07
140.000  400.0000  0.741414E+03  0.101993E+01 -0.119391E+01  0.177771E+01 -0.113276E-03  0.449771E-02  0.929662E-04  0.388049E-06  0.255214E-07
140.000  410.0000  0.729383E+03  0.107226E+01 -0.121222E+01  0.182285E+01 -0.185605E-03  0.452942E-02  0.911573E-04  0.388615E-06  0.280771E-07
140.000  420.0000  0.717172E+03  0.112737E+01 -0.122994E+01  0.186830E+01 -0.263166E-03  0.456178E-02  0.894016E-04  0.389571E-06  0.301707E-07
140.000  430.0000  0.704787E+03  0.118523E+01 -0.124688E+01  0.191409E+01 -0.346176E-03  0.459461E-02  0.876940E-04  0.390828E-06  0.318671E-07
140.000  440.0000  0.692237E+03  0.124577E+01 -0.126284E+01  0.196020E+01 -0.434802E-03  0.462766E-02  0.860304E-04  0.392287E-06  0.332241E-07
140.000  450.0000  0.679534E+03  0.130884E+01 -0.127757E+01  0.200664E+01 -0.529131E-03  0.466061E-02  0.844081E-04  0.393837E-06  0.342933E-07
140.000  460.0000  0.666691E+03  0.137423E+01 -0.129078E+01  0.205341E+01 -0.629153E-03  0.469308E-02  0.828251E-04  0.395356E-06  0.351209E-07
140.000  470.0000  0.653724E+03  0.144163E+01 -0.130218E+01  0.210050E+01 -0.734728E-03  0.472460E-02  0.812806E-04  0.396716E-06  0.357482E-07
140.000  480.0000  0.640654E+03  0.151064E+01 -0.131144E+01  0.214789E+01 -0.845573E-03  0.475462E-02  0.797747E-04  0.397785E-06  0.362120E-07
140.000  490.0000  0.627504E+03  0.158077E+01 -0.131822E+01  0.219558E+01 -0.961228E-03  0.478254E-02  0.783082E-04  0.398429E-06  0.365449E-07
140.000  500.0000  0.614299E+03  0.165143E+01 -0.132219E+01  0.224354E+01 -0.108105E-02  0.480770E-02  0.768828E-04  0.398519E-06  0.367752E-07
140.000  510.0000  0.601070E+03  0.172193E+01 -0.132303E+01  0.229172E+01 -0.120419E-02  0.482939E-02  0.755006E-04  0.397933E-06  0.369276E-07
140.000  520.0000  0.587850E+03  0.179150E+01 -0.132046E+01  0.234011E+01 -0.132961E-02  0.484693E-02  0.741642E-04  0.396565E-06  0.370230E-07
140.000  530.0000  0.574673E+03  0.185930E+01 -0.131426E+01  0.238865E+01 -0.145607E-02  0.485965E-02  0.728766E-04  0.394326E-06  0.370788E-07
140.000  540.0000  0.561577E+03  0.192448E+01 -0.130426E+01  0.243728E+01 -0.158220E-02  0.486695E-02  0.716408E-04  0.391157E-06  0.371089E-07
140.000  550.0000  0.548601E+03  0.198618E+01 -0.129043E+01  0.248597E+01 -0.170657E-02  0.486840E-02  0.704595E-04  0.387026E-06  0.371242E-07
140.000  560.0000  0.535781E+03  0.204366E+01 -0.127284E+01  0.253463E+01 -0.182775E-02  0.486371E-02  0.693356E-04  0.381942E-06  0.371326E-07
140.000  570.0000  0.523156E+03  0.209627E+01 -0.125167E+01  0.258322E+01 -0.194445E-02  0.485282E-02  0.682711E-04  0.375947E-06  0.371398E-07
140.000  580.0000  0.510759E+03  0.214354E+01 -0.122722E+01  0.263167E+01 -0.205553E-02  0.483583E-02  0.672678E-04  0.369120E-06  0.371492E-07
140.000  590.0000  0.498621E+03  0.218515E+01 -0.119987E+01  0.267992E+01 -0.216005E-02  0.481302E-02  0.663266E-04  0.361561E-06  0.371625E-07
140.000  600.0000  0.486770E+03  0.222094E+01 -0.117004E+01  0.272791E+01 -0.225726E-02  0.478479E-02  0.654479E-04  0.353384E-06  0.371799E-07
150.000    0.0000  0.106453E+04  0.365523E+00 -0.302516E+00  0.139577E+00  0.866460E-03  0.382486E-02  0.164501E-02  0.312600E-06 -0.477415E-04
150.000   10.0000  0.106126E+04  0.352972E+00 -0.349200E+00  0.178112E+00  0.854482E-03  0.387714E-02  0.125904E-02  0.589142E-06 -0.306957E-04
150.000   20.0000  0.105758E+04  0.343360E+00 -0.386288E+00  0.217050E+00  0.844307E-03  0.390816E-02  0.100157E-02  0.728916E-06 -0.209453E-04
150.000   30.0000  0.105355E+04  0.336387E+00 -0.418871E+00  0.256238E+00  0.834768E-03  0.392807E-02  0.820237E-03  0.795803E-06 -0.149396E-04
150.000   40.0000  0.104921E+04  0.331700E+00 -0.449096E+00  0.295591E+00  0.825344E-03  0.394164E-02  0.687163E-03  0.822473E-06 -0.110182E-04
150.000   50.0000  0.104458E+04  0.328971E+00 -0.477832E+00  0.335058E+00  0.815811E-03  0.395132E-02  0.586364E-03  0.826281E-06 -0.833711E-05
150.000   60.0000  0.103966E+04  0.327921E+00 -0.505410E+00  0.374609E+00  0.806076E-03  0.395850E-02  0.508086E-03  0.816872E-06 -0.643577E-05
150.000   70.0000  0.103447E+04  0.328325E+00 -0.531946E+00  0.414223E+00  0.796102E-03  0.396412E-02  0.446062E-03  0.799839E-06 -0.504759E-05
150.000   80.0000  0.102902E+04  0.330005E+00 -0.557484E+00  0.453888E+00  0.785868E-03  0.396883E-02  0.396094E-03  0.778535E-06 -0.401005E-05
150.000   90.0000  0.102333E+04  0.332823E+00 -0.582051E+00  0.493598E+00  0.775360E-03  0.397310E-02  0.355270E-03  0.755023E-06 -0.321960E-05
150.000  100.0000  0.101739E+04  0.336675E+00 -0.605680E+00  0.533350E+00  0.764560E-03  0.397732E-02  0.321508E-03  0.730587E-06 -0.260779E-05
150.000  110.0000  0.101121E+04  0.341485E+00 -0.628417E+00  0.573145E+00  0.753443E-03  0.398174E-02  0.293288E-03  0.706033E-06 -0.212789E-05
150.000  120.0000  0.100482E+04  0.347196E+00 -0.650317E+00  0.612986E+00  0.741978E-03  0.398656E-02  0.269474E-03  0.681860E-06 -0.174714E-05
150.000  130.0000  0.998211E+03  0.353771E+00 -0.671445E+00  0.652878E+00  0.730128E-03  0.399193E-02  0.249204E-03  0.658377E-06 -0.144205E-05
150.000  140.0000  0.991394E+03  0.361186E+00 -0.691873E+00  0.692827E+00  0.717849E-03  0.399795E-02  0.231815E-03  0.635763E-06 -0.119545E-05
150.000  150.0000  0.984376E+03  0.369431E+00 -0.711673E+00  0.732840E+00  0.705093E-03  0.400467E-02  0.216789E-03  0.614121E-06 -0.994590E-06
150.000  160.0000  0.977162E+03  0.378505E+00 -0.730919E+00  0.772923E+00  0.691803E-03  0.401214E-02  0.203717E-03  0.593500E-06 -0.829848E-06
150.000  170.0000  0.969759E+03  0.388417E+00 -0.749684E+00  0.813085E+00  0.677919E-03  0.402039E-02  0.192275E-03  0.573918E-06 -0.693889E-06
150.000  180.0000  0.962170E+03  0.399181E+00 -0.768039E+00  0.853333E+00  0.663375E-03  0.402942E-02  0.182200E-03  0.555374E-06 -0.581053E-06
150.000  190.0000  0.954399E+03  0.410823E+00 -0.786051E+00  0.893676E+00  0.648100E-03  0.403926E-02  0.173281E-03  0.537854E-06 -0.486930E-06
150.000  200.0000  0.946450E+03  0.423370E+00 -0.803782E+00  0.934121E+00  0.632017E-03  0.404989E-02  0.165344E-03  0.521340E-06 -0.408052E-06
150.000  210.0000  0.938324E+03  0.436860E+00 -0.821291E+00  0.974677E+00  0.615045E-03  0.406132E-02  0.158247E-03  0.505811E-06 -0.341673E-06
150.000  220.0000  0.930025E+03  0.451332E+00 -0.838631E+00  0.101535E+01  0.597094E-03  0.407356E-02  0.151871E-03  0.491245E-06 -0.285600E-06
150.000  230.0000  0.921552E+03  0.466834E+00 -0.855850E+00  0.105615E+01  0.578071E-03  0.408660E-02  0.146118E-03  0.477621E-06 -0.238072E-06
150.000  240.0000  0.912908E+03  0.483417E+00 -0.872988E+00  0.109709E+01  0.557876E-03  0.410045E-02  0.140903E-03  0.464919E-06 -0.197665E-06
150.000  250.0000  0.904092E+03  0.501138E+00 -0.890084E+00  0.113816E+01  0.536401E-03  0.411511E-02  0.136158E-03  0.453118E-06 -0.163218E-06
150.000  260.0000  0.895106E+03  0.520056E+00 -0.907167E+00  0.117939E+01  0.513533E-03  0.413058E-02  0.131823E-03  0.442203E-06 -0.133786E-06
150.000  270.0000  0.885949E+03  0.540237E+00 -0.924262E+00  0.122078E+01  0.489150E-03  0.414687E-02  0.127845E-03  0.432155E-06 -0.108588E-06
150.000  280.0000  0.876621E+03  0.561750E+00 -0.941387E+00  0.126233E+01  0.463123E-03  0.416397E-02  0.124183E-03  0.422960E-06 -0.869817E-07
150.000  290.0000  0.867121E+03  0.584667E+00 -0.958553E+00  0.130406E+01  0.435314E-03  0.418189E-02  0.120796E-03  0.414601E-06 -0.684335E-07
150.000  300.0000  0.857450E+03  0.609064E+00 -0.975767E+00  0.134597E+01  0.405579E-03  0.420064E-02  0.117653E-03  0.407062E-06 -0.524981E-07
150.000  310.0000  0.847606E+03  0.635019E+00 -0.993025E+00  0.138807E+01  0.373762E-03  0.422022E-02  0.114725E-03  0.400326E-06 -0.388030E-07
150.000  320.0000  0.837589E+03  0.662612E+00 -0.101032E+01  0.143038E+01  0.339700E-03  0.424062E-02  0.111986E-03  0.394376E-06 -0.270350E-07
150.000  330.0000  0.827399E+03  0.691926E+00 -0.102764E+01  0.147289E+01  0.303220E-03  0.426185E-02  0.109414E-03  0.389190E-06 -0.169295E-07
150.000  340.0000  0.817036E+03  0.723040E+00 -0.104495E+01  0.151562E+01  0.264141E-03  0.428390E-02  0.106989E-03  0.384746E-06 -0.826201E-08
150.000  350.0000  0.806500E+03  0.756037E+00 -0.106223E+01  0.155857E+01  0.222271E-03  0.430677E-02  0.104695E-03  0.381019E-06 -0.841195E-09
150.000  360.0000  0.795792E+03  0.790994E+00 -0.107943E+01  0.160176E+01  0.177413E-03  0.433043E-02  0.102516E-03  0.377977E-06  0.549682E-08
150.000  370.0000  0.784912E+03  0.827985E+00 -0.109650E+01  0.164518E+01  0.129360E-03  0.435488E-02  0.100438E-03  0.375589E-06  0.108931E-07
150.000  380.0000  0.773863E+03  0.867077E+00 -0.111339E+01  0.168886E+01  0.779036E-04  0.438008E-02  0.984500E-04  0.373812E-06  0.154696E-07
150.000  390.0000  0.762645E+03  0.908325E+00 -0.113001E+01  0.173279E+01  0.228307E-04  0.440598E-02  0.965412E-04  0.372601E-06  0.193326E-07
150.000  400.0000  0.751263E+03  0.951772E+00 -0.114628E+01  0.177698E+01 -0.360670E-04  0.443254E-02  0.947026E-04  0.371904E-06  0.225747E-07
150.000  410.0000  0.739721E+03  0.997444E+00 -0.116210E+01  0.182144E+01 -0.989890E-04  0.445966E-02  0.929265E-04  0.371660E-06  0.252776E-07
150.000  420.0000  0.728023E+03  0.104534E+01 -0.117734E+01  0.186617E+01 -0.166118E-03  0.448723E-02  0.912062E-04  0.371802E-06  0.275133E-07
150.000  430.0000  0.716177E+03  0.109543E+01 -0.119185E+01  0.191118E+01 -0.237608E-03  0.451510E-02  0.895363E-04  0.372252E-06  0.293456E-07
150.000  440.0000  0.704189E+03  0.114764E+01 -0.120548E+01  0.195647E+01 -0.313574E-03  0.454309E-02  0.879124E-04  0.372926E-06  0.308313E-07
150.000  450.0000  0.692071E+03  0.120186E+01 -0.121803E+01  0.200204E+01 -0.394076E-03  0.457094E-02  0.863310E-04  0.373731E-06  0.320212E-07
150.000  460.0000  0.679833E+03  0.125793E+01 -0.122930E+01  0.204789E+01 -0.479101E-03  0.459838E-02  0.847898E-04  0.374566E-06  0.329606E-07
150.000  470.0000  0.667490E+03  0.131561E+01 -0.123906E+01  0.209401E+01 -0.568549E-03  0.462504E-02  0.832873E-04  0.375325E-06  0.336898E-07
150.000  480.0000  0.655058E+03  0.137461E+01 -0.124705E+01  0.214039E+01 -0.662214E-03  0.465051E-02  0.818227E-04  0.375898E-06  0.342449E-07
150.000  490.0000  0.642555E+03  0.143458E+01 -0.125303E+01  0.218701E+01 -0.759771E-03  0.467435E-02  0.803963E-04  0.376173E-06  0.346579E-07
150.000  500.0000  0.630005E+03  0.149508E+01 -0.125674E+01  0.223387E+01 -0.860767E-03  0.469604E-02  0.790086E-04  0.376042E-06  0.349569E-07
150.000  510.0000  0.617429E+03  0.155562E+01 -0.125795E+01  0.228093E+01 -0.964611E-03  0.471506E-02  0.776612E-04  0.375404E-06  0.351664E-07
150.000  520.0000  0.604855E+03  0.161566E+01 -0.125642E+01  0.232816E+01 -0.107057E-02  0.473088E-02  0.763558E-04  0.374167E-06  0.353076E-07
150.000  530.0000  0.592310E+03  0.167460E+01 -0.125198E+01  0.237553E+01 -0.117780E-02  0.474298E-02  0.750944E-04  0.372255E-06  0.353984E-07
150.000  540.0000  0.579825E+03  0.173182E+01 -0.124448E+01  0.242300E+01 -0.128533E-02  0.475087E-02  0.738795E-04  0.369608E-06  0.354538E-07
150.000  550.0000  0.567431E+03  0.178670E+01 -0.123387E+01  0.247053E+01 -0.139210E-02  0.475416E-02  0.727134E-04  0.366189E-06  0.354856E-07
150.000  560.0000  0.555158E+03  0.183863E+01 -0.122013E+01  0.251807E+01 -0.149704E-02  0.475253E-02  0.715983E-04  0.361985E-06  0.355035E-07
150.000  570.0000  0.543039E+03  0.188707E+01 -0.120335E+01  0.256557E+01 -0.159910E-02  0.474581E-02  0.705362E-04  0.357009E-06  0.355143E-07
150.000  580.0000  0.531101E+03  0.193157E+01 -0.118369E+01  0.261297E+01 -0.169732E-02  0.473397E-02  0.695288E-04  0.351299E-06  0.355232E-07
150.000  590.0000  0.519373E+03  0.197180E+01 -0.116140E+01  0.266023E+01 -0.179085E-02  0.471712E-02  0.685774E-04  0.344920E-06  0.355333E-07
150.000  600.0000  0.507881E+03  0.200752E+01 -0.113676E+01  0.270730E+01 -0.187900E-02  0.469549E-02  0.676826E-04  0.337951E-06  0.355465E-07
160.000    0.0000  0.106815E+04  0.358284E+00 -0.316083E+00  0.148212E+00  0.860523E-03  0.381168E-02  0.164727E-02  0.529153E-06 -0.474785E-04
160.000   10.0000  0.106476E+04  0.346574E+00 -0.359896E+00  0.186630E+00  0.849291E-03  0.386671E-02  0.126231E-02  0.728209E-06 -0.305596E-04
160.000   20.0000  0.106099E+04  0.337522E+00 -0.394298E+00  0.225471E+00  0.839837E-03  0.389878E-02  0.100518E-02  0.820326E-06 -0.208740E-04
160.000   30.0000  0.105689E+04  0.330904E+00 -0.424505E+00  0.264567E+00  0.830964E-03  0.391897E-02  0.823887E-03  0.856978E-06 -0.149037E-04
160.000   40.0000  0.105250E+04  0.326424E+00 -0.452680E+00  0.303828E+00  0.822149E-03  0.393248E-02  0.690720E-03  0.863854E-06 -0.110024E-04
160.000   50.0000  0.104784E+04  0.323791E+00 -0.479655E+00  0.343203E+00  0.813173E-03  0.394196E-02  0.589770E-03  0.854344E-06 -0.833295E-05
160.000   60.0000  0.104291E+04  0.322751E+00 -0.505714E+00  0.382659E+00  0.803954E-03  0.394890E-02  0.511321E-03  0.835765E-06 -0.643840E-05
160.000   70.0000  0.103773E+04  0.323097E+00 -0.530924E+00  0.422176E+00  0.794463E-03  0.395426E-02  0.449125E-03  0.812294E-06 -0.505414E-05
160.000   80.0000  0.103230E+04  0.324659E+00 -0.555288E+00  0.461741E+00  0.784692E-03  0.395869E-02  0.398992E-03  0.786395E-06 -0.401876E-05
160.000   90.0000  0.102663E+04  0.327309E+00 -0.578798E+00  0.501348E+00  0.774635E-03  0.396268E-02  0.358015E-03  0.759553E-06 -0.322942E-05
160.000  100.0000  0.102072E+04  0.330946E+00 -0.601459E+00  0.540994E+00  0.764283E-03  0.396659E-02  0.324114E-03  0.732671E-06 -0.261807E-05
160.000  110.0000  0.101460E+04  0.335495E+00 -0.623292E+00  0.580681E+00  0.753620E-03  0.397068E-02  0.295767E-03  0.706294E-06 -0.213823E-05
160.000  120.0000  0.100826E+04  0.340902E+00 -0.644335E+00  0.620409E+00  0.742621E-03  0.397515E-02  0.271839E-03  0.680746E-06 -0.175730E-05
160.000  130.0000  0.100172E+04  0.347127E+00 -0.664636E+00  0.660185E+00  0.731256E-03  0.398013E-02  0.251466E-03  0.656206E-06 -0.145191E-05
160.000  140.0000  0.994970E+03  0.354147E+00 -0.684255E+00  0.700014E+00  0.719490E-03  0.398571E-02  0.233984E-03  0.632768E-06 -0.120494E-05
160.000  150.0000  0.988032E+03  0.361947E+00 -0.703252E+00  0.739902E+00  0.707279E-03  0.399194E-02  0.218875E-03  0.610468E-06 -0.100367E-05
160.000  160.0000  0.980907E+03  0.370524E+00 -0.721694E+00  0.779855E+00  0.694575E-03  0.399887E-02  0.205729E-03  0.589309E-06 -0.838521E-06
160.000  170.0000  0.973600E+03  0.379883E+00 -0.739645E+00  0.819881E+00  0.681326E-03  0.400652E-02  0.194220E-03  0.569275E-06 -0.702162E-06
160.000  180.0000  0.966116E+03  0.390035E+00 -0.757168E+00  0.859988E+00  0.667473E-03  0.401489E-02  0.184085E-03  0.550338E-06 -0.588943E-06
160.000  190.0000  0.958458E+03  0.400997E+00 -0.774325E+00  0.900182E+00  0.652953E-03  0.402399E-02  0.175112E-03  0.532467E-06 -0.494457E-06
160.000  200.0000  0.950630E+03  0.412793E+00 -0.791171E+00  0.940470E+00  0.637700E-03  0.403382E-02  0.167128E-03  0.515629E-06 -0.415240E-06
160.000  210.0000  0.942635E+03  0.425453E+00 -0.807761E+00  0.980860E+00  0.621641E-03  0.404436E-02  0.159987E-03  0.499791E-06 -0.348545E-06
160.000  220.0000  0.934476E+03  0.439009E+00 -0.824142E+00  0.102136E+01  0.604699E-03  0.405563E-02  0.153573E-03  0.484922E-06 -0.292177E-06
160.000  230.0000  0.926153E+03  0.453499E+00 -0.840357E+00  0.106198E+01  0.586794E-03  0.406761E-02  0.147786E-03  0.470995E-06 -0.244374E-06
160.000  240.0000  0.917669E+03  0.468965E+00 -0.856444E+00  0.110271E+01  0.567837E-03  0.408030E-02  0.142542E-03  0.457984E-06 -0.203710E-06
160.000  250.0000  0.909024E+03  0.485454E+00 -0.872435E+00  0.114358E+01  0.547739E-03  0.409370E-02  0.137771E-03  0.445865E-06 -0.169023E-06
160.000  260.0000  0.900220E+03  0.503013E+00 -0.888357E+00  0.118459E+01  0.526401E-03  0.410780E-02  0.133414E-03  0.434617E-06 -0.139363E-06
160.000  270.0000  0.891257E+03  0.521696E+00 -0.904230E+00  0.122574E+01  0.503720E-03  0.412260E-02  0.129418E-03  0.424220E-06 -0.113952E-06
160.000  280.0000  0.882136E+03  0.541556E+00 -0.920071E+00  0.126704E+01  0.479590E-03  0.413810E-02  0.125741E-03  0.414656E-06 -0.921419E-07
160.000  290.0000  0.872856E+03  0.562653E+00 -0.935886E+00  0.130851E+01  0.453895E-03  0.415429E-02  0.122343E-03  0.405906E-06 -0.733992E-07
160.000  300.0000  0.863418E+03  0.585045E+00 -0.951681E+00  0.135013E+01  0.426515E-03  0.417117E-02  0.119193E-03  0.397953E-06 -0.572771E-07
160.000  310.0000  0.853823E+03  0.608793E+00 -0.967451E+00  0.139193E+01  0.397324E-03  0.418873E-02  0.116260E-03  0.390778E-06 -0.434017E-07
160.000  320.0000  0.844069E+03  0.633958E+00 -0.983186E+00  0.143391E+01  0.366190E-03  0.420696E-02  0.113520E-03  0.384362E-06 -0.314589E-07
160.000  330.0000  0.834159E+03  0.660603E+00 -0.998871E+00  0.147607E+01  0.332974E-03  0.422587E-02  0.110950E-03  0.378684E-06 -0.211831E-07
160.000  340.0000  0.824092E+03  0.688788E+00 -0.101448E+01  0.151843E+01  0.297533E-03  0.424543E-02  0.108531E-03  0.373721E-06 -0.123492E-07
160.000  350.0000  0.813870E+03  0.718572E+00 -0.102999E+01  0.156098E+01  0.259715E-03  0.426563E-02  0.106246E-03  0.369446E-06 -0.476552E-08
160.000  360.0000  0.803493E+03  0.750012E+00 -0.104536E+01  0.160374E+01  0.219368E-03  0.428646E-02  0.104079E-03  0.365831E-06  0.173228E-08
160.000  370.0000  0.792963E+03  0.783158E+00 -0.106054E+01  0.164672E+01  0.176332E-03  0.430788E-02  0.102016E-03  0.362843E-06  0.728531E-08
160.000  380.0000  0.782283E+03  0.818055E+00 -0.107549E+01  0.168990E+01  0.130449E-03  0.432988E-02  0.100046E-03  0.360444E-06  0.120156E-07
160.000  390.0000  0.771454E+03  0.854740E+00 -0.109013E+01  0.173331E+01  0.815574E-04  0.435239E-02  0.981587E-04  0.358592E-06  0.160290E-07
160.000  400.0000  0.760481E+03  0.893236E+00 -0.110439E+01  0.177695E+01  0.295031E-04  0.437538E-02  0.963441E-04  0.357239E-06  0.194180E-07
160.000  410.0000  0.749368E+03  0.933554E+00 -0.111819E+01  0.182082E+01 -0.258616E-04  0.439877E-02  0.945946E-04  0.356331E-06  0.222638E-07
160.000  420.0000  0.738119E+03  0.975685E+00 -0.113143E+01  0.186493E+01 -0.846699E-04  0.442246E-02  0.929033E-04  0.355808E-06  0.246376E-07
160.000  430.0000  0.726742E+03  0.101960E+01 -0.114400E+01  0.190927E+01 -0.147034E-03  0.444634E-02  0.912645E-04  0.355602E-06  0.266027E-07
160.000  440.0000  0.715242E+03  0.106523E+01 -0.115576E+01  0.195386E+01 -0.213034E-03  0.447025E-02  0.896734E-04  0.355641E-06  0.282153E-07
160.000  450.0000  0.703630E+03  0.111249E+01 -0.116657E+01  0.199868E+01 -0.282713E-03  0.449402E-02  0.881263E-04  0.355844E-06  0.295252E-07
160.000  460.0000  0.691915E+03  0.116124E+01 -0.117626E+01  0.204374E+01 -0.356058E-03  0.451741E-02  0.866202E-04  0.356127E-06  0.305769E-07
160.000  470.0000  0.680109E+03  0.121132E+01 -0.118468E+01  0.208902E+01 -0.432994E-03  0.454015E-02  0.851532E-04  0.356398E-06  0.314103E-07
160.000  480.0000  0.668226E+03  0.126250E+01 -0.119161E+01  0.213454E+01 -0.513370E-03  0.456194E-02  0.837238E-04  0.356564E-06  0.320606E-07
160.000  490.0000  0.656282E+03  0.131450E+01 -0.119687E+01  0.218026E+01 -0.596948E-03  0.458242E-02  0.823317E-04  0.356531E-06  0.325594E-07
160.000  500.0000  0.644295E+03  0.136701E+01 -0.120027E+01  0.222618E+01 -0.683396E-03  0.460120E-02  0.809768E-04  0.356206E-06  0.329343E-07
160.000  510.0000  0.632284E+03  0.141967E+01 -0.120160E+01  0.227228E+01 -0.772285E-03  0.461788E-02  0.796599E-04  0.355502E-06  0.332099E-07
160.000  520.0000  0.620270E+03  0.147205E+01 -0.120070E+01  0.231853E+01 -0.863084E-03  0.463203E-02  0.783822E-04  0.354337E-06  0.334073E-07
160.000  530.0000  0.608278E+03  0.152373E+01 -0.119741E+01  0.236491E+01 -0.955173E-03  0.464324E-02  0.771450E-04  0.352642E-06  0.335447E-07
160.000  540.0000  0.596330E+03  0.157425E+01 -0.119161E+01  0.241138E+01 -0.104784E-02  0.465112E-02  0.759502E-04  0.350360E-06  0.336376E-07
160.000  550.0000  0.584454E+03  0.162312E+01 -0.118323E+01  0.245792E+01 -0.114032E-02  0.465531E-02  0.747995E-04  0.347452E-06  0.336988E-07
160.000  560.0000  0.572675E+03  0.166989E+01 -0.117224E+01  0.250447E+01 -0.123179E-02  0.465554E-02  0.736948E-04  0.343895E-06  0.337386E-07
160.000  570.0000  0.561018E+03  0.171411E+01 -0.115867E+01  0.255101E+01 -0.132143E-02  0.465159E-02  0.726380E-04  0.339685E-06  0.337653E-07
160.000  580.0000  0.549509E+03  0.175541E+01 -0.114260E+01  0.259749E+01 -0.140845E-02  0.464336E-02  0.716306E-04  0.334839E-06  0.337850E-07
160.000  590.0000  0.538174E+03  0.179344E+01 -0.112418E+01  0.264387E+01 -0.149211E-02  0.463085E-02  0.706737E-04  0.329393E-06  0.338021E-07
160.000  600.0000  0.527033E+03  0.182798E+01 -0.110361E+01  0.269009E+01 -0.157177E-02  0.461416E-02  0.697685E-04  0.323399E-06  0.338197E-07
170.000    0.0000  0.107170E+04  0.351314E+00 -0.328672E+00  0.156789E+00  0.854930E-03  0.379920E-02  0.165061E-02  0.746542E-06 -0.472749E-04
170.000   10.0000  0.106820E+04  0.340394E+00 -0.369925E+00  0.195098E+00  0.844360E-03  0.385699E-02  0.126617E-02  0.867158E-06 -0.304544E-04
170.000   20.0000  0.106433E+04  0.331875E+00 -0.401870E+00  0.233848E+00  0.835558E-03  0.389007E-02  0.100913E-02  0.911218E-06 -0.208201E-04
170.000   30.0000  0.106017E+04  0.325601E+00 -0.429870E+00  0.272858E+00  0.827300E-03  0.391047E-02  0.827742E-03  0.917515E-06 -0.148781E-04
170.000   40.0000  0.105574E+04  0.321324E+00 -0.456117E+00  0.312034E+00  0.819053E-03  0.392388E-02  0.694399E-03  0.904604E-06 -0.109930E-04
170.000   50.0000  0.105105E+04  0.318789E+00 -0.481426E+00  0.351322E+00  0.810600E-03  0.393313E-02  0.593249E-03  0.881830E-06 -0.833293E-05
170.000   60.0000  0.104612E+04  0.317766E+00 -0.506040E+00  0.390688E+00  0.801866E-03  0.393979E-02  0.514597E-03  0.854149E-06 -0.644381E-05
170.000   70.0000  0.104093E+04  0.318061E+00 -0.529986E+00  0.430112E+00  0.792833E-03  0.394485E-02  0.452207E-03  0.824306E-06 -0.506259E-05
170.000   80.0000  0.103552E+04  0.319519E+00 -0.553229E+00  0.469582E+00  0.783500E-03  0.394899E-02  0.401897E-03  0.793871E-06 -0.402883E-05
170.000   90.0000  0.102987E+04  0.322015E+00 -0.575730E+00  0.509091E+00  0.773871E-03  0.395269E-02  0.360757E-03  0.763752E-06 -0.324023E-05
170.000  100.0000  0.102401E+04  0.325455E+00 -0.597466E+00  0.548636E+00  0.763943E-03  0.395630E-02  0.326709E-03  0.734469E-06 -0.262908E-05
170.000  110.0000  0.101793E+04  0.329765E+00 -0.618438E+00  0.588217E+00  0.753708E-03  0.396007E-02  0.298231E-03  0.706311E-06 -0.214914E-05
170.000  120.0000  0.101164E+04  0.334891E+00 -0.638666E+00  0.627838E+00  0.743148E-03  0.396420E-02  0.274185E-03  0.679422E-06 -0.176792E-05
170.000  130.0000  0.100515E+04  0.340795E+00 -0.658184E+00  0.667503E+00  0.732239E-03  0.396881E-02  0.253707E-03  0.653859E-06 -0.146214E-05
170.000  140.0000  0.998478E+03  0.347451E+00 -0.677039E+00  0.707216E+00  0.720952E-03  0.397397E-02  0.236131E-03  0.629626E-06 -0.121473E-05
170.000  150.0000  0.991616E+03  0.354843E+00 -0.695282E+00  0.746984E+00  0.709250E-03  0.397976E-02  0.220937E-03  0.606695E-06 -0.101302E-05
170.000  160.0000  0.984574E+03  0.362965E+00 -0.712971E+00  0.786814E+00  0.697092E-03  0.398619E-02  0.207715E-03  0.585025E-06 -0.847426E-06
170.000  170.0000  0.977358E+03  0.371819E+00 -0.730162E+00  0.826710E+00  0.684430E-03  0.399329E-02  0.196138E-03  0.564564E-06 -0.710644E-06
170.000  180.0000  0.969972E+03  0.381411E+00 -0.746913E+00  0.866682E+00  0.671214E-03  0.400105E-02  0.185942E-03  0.545261E-06 -0.597024E-06
170.000  190.0000  0.962421E+03  0.391756E+00 -0.763279E+00  0.906734E+00  0.657388E-03  0.400948E-02  0.176914E-03  0.527065E-06 -0.502164E-06
170.000  200.0000  0.954708E+03  0.402871E+00 -0.779312E+00  0.946874E+00  0.642894E-03  0.401858E-02  0.168880E-03  0.509929E-06 -0.422599E-06
170.000  210.0000  0.946836E+03  0.414780E+00 -0.795059E+00  0.987107E+00  0.627668E-03  0.402832E-02  0.161696E-03  0.493809E-06 -0.355580E-06
170.000  220.0000  0.938808E+03  0.427510E+00 -0.810566E+00  0.102744E+01  0.611643E-03  0.403871E-02  0.155242E-03  0.478666E-06 -0.298912E-06
170.000  230.0000  0.930625E+03  0.441092E+00 -0.825871E+00  0.106788E+01  0.594747E-03  0.404973E-02  0.149420E-03  0.464466E-06 -0.250831E-06
170.000  240.0000  0.922291E+03  0.455560E+00 -0.841008E+00  0.110844E+01  0.576906E-03  0.406139E-02  0.144145E-03  0.451178E-06 -0.209907E-06
170.000  250.0000  0.913805E+03  0.470951E+00 -0.856006E+00  0.114911E+01  0.558041E-03  0.407366E-02  0.139347E-03  0.438775E-06 -0.174978E-06
170.000  260.0000  0.905171E+03  0.487304E+00 -0.870889E+00  0.118991E+01  0.538067E-03  0.408654E-02  0.134966E-03  0.427231E-06 -0.145092E-06
170.000  270.0000  0.896388E+03  0.504663E+00 -0.885675E+00  0.123085E+01  0.516899E-03  0.410002E-02  0.130950E-03  0.416525E-06 -0.119466E-06
170.000  280.0000  0.887458E+03  0.523072E+00 -0.900378E+00  0.127192E+01  0.494443E-03  0.411410E-02  0.127256E-03  0.406635E-06 -0.974543E-07
170.000  290.0000  0.878381E+03  0.542575E+00 -0.915004E+00  0.131313E+01  0.470605E-03  0.412877E-02  0.123845E-03  0.397542E-06 -0.785188E-07
170.000  300.0000  0.869158E+03  0.563221E+00 -0.929556E+00  0.135449E+01  0.445285E-03  0.414401E-02  0.120684E-03  0.389226E-06 -0.622121E-07
170.000  310.0000  0.859790E+03  0.585056E+00 -0.944028E+00  0.139601E+01  0.418377E-03  0.415982E-02  0.117744E-03  0.381667E-06 -0.481590E-07
170.000  320.0000  0.850278E+03  0.608128E+00 -0.958412E+00  0.143769E+01  0.389775E-03  0.417618E-02  0.115000E-03  0.374845E-06 -0.360444E-07
170.000  330.0000  0.840622E+03  0.632485E+00 -0.972692E+00  0.147954E+01  0.359365E-03  0.419308E-02  0.112430E-03  0.368740E-06 -0.256018E-07
170.000  340.0000  0.830824E+03  0.658172E+00 -0.986847E+00  0.152156E+01  0.327032E-03  0.421050E-02  0.110013E-03  0.363327E-06 -0.166055E-07
170.000  350.0000  0.820886E+03  0.685233E+00 -0.100085E+01  0.156375E+01  0.292657E-03  0.422843E-02  0.107733E-03  0.358582E-06 -0.886291E-08
170.000  360.0000  0.810808E+03  0.713707E+00 -0.101466E+01  0.160613E+01  0.256118E-03  0.424685E-02  0.105574E-03  0.354475E-06 -0.220965E-08
170.000  370.0000  0.800593E+03  0.743631E+00 -0.102825E+01  0.164869E+01  0.217291E-03  0.426573E-02  0.103523E-03  0.350974E-06  0.349569E-08
170.000  380.0000  0.790244E+03  0.775035E+00 -0.104157E+01  0.169144E+01  0.176053E-03  0.428502E-02  0.101567E-03  0.348050E-06  0.837517E-08
170.000  390.0000  0.779763E+03  0.807941E+00 -0.105456E+01  0.173439E+01  0.132281E-03  0.430471E-02  0.996958E-04  0.345657E-06  0.125346E-07
170.000  400.0000  0.769154E+03  0.842361E+00 -0.106716E+01  0.177754E+01  0.858584E-04  0.432474E-02  0.979003E-04  0.343752E-06  0.160663E-07
170.000  410.0000  0.758421E+03  0.878297E+00 -0.107931E+01  0.182089E+01  0.366736E-04  0.434504E-02  0.961724E-04  0.342288E-06  0.190509E-07
170.000  420.0000  0.747569E+03  0.915735E+00 -0.109091E+01  0.186444E+01 -0.153726E-04  0.436554E-02  0.945048E-04  0.341211E-06  0.215595E-07
170.000  430.0000  0.736605E+03  0.954643E+00 -0.110188E+01  0.190820E+01 -0.703623E-04  0.438614E-02  0.928917E-04  0.340460E-06  0.236546E-07
170.000  440.0000  0.725534E+03  0.994969E+00 -0.111211E+01  0.195216E+01 -0.128355E-03  0.440673E-02  0.913280E-04  0.339972E-06  0.253919E-07
170.000  450.0000  0.714365E+03  0.103664E+01 -0.112150E+01  0.199633E+01 -0.189379E-03  0.442715E-02  0.898096E-04  0.339678E-06  0.268206E-07
170.000  460.0000  0.703108E+03  0.107954E+01 -0.112991E+01  0.204070E+01 -0.253424E-03  0.444723E-02  0.883332E-04  0.339502E-06  0.279847E-07
170.000  470.0000  0.691771E+03  0.112353E+01 -0.113721E+01  0.208527E+01 -0.320432E-03  0.446677E-02  0.868962E-04  0.339366E-06  0.289234E-07
170.000  480.0000  0.680368E+03  0.116846E+01 -0.114325E+01  0.213004E+01 -0.390290E-03  0.448551E-02  0.854970E-04  0.339192E-06  0.296713E-07
170.000  490.0000  0.668911E+03  0.121409E+01 -0.114787E+01  0.217498E+01 -0.462820E-03  0.450320E-02  0.841344E-04  0.338896E-06  0.302597E-07
170.000  500.0000  0.657415E+03  0.126020E+01 -0.115093E+01  0.222009E+01 -0.537774E-03  0.451951E-02  0.828082E-04  0.338398E-06  0.307158E-07
170.000  510.0000  0.645898E+03  0.130650E+01 -0.115227E+01  0.226536E+01 -0.614830E-03  0.453414E-02  0.815183E-04  0.337621E-06  0.310639E-07
170.000  520.0000  0.634376E+03  0.135267E+01 -0.115174E+01  0.231077E+01 -0.693591E-03  0.454674E-02  0.802653E-04  0.336491E-06  0.313252E-07
170.000  530.0000  0.622870E+03  0.139838E+01 -0.114923E+01  0.235629E+01 -0.773590E-03  0.455698E-02  0.790502E-04  0.334945E-06  0.315180E-07
170.000  540.0000  0.611399E+03  0.144328E+01 -0.114462E+01  0.240190E+01 -0.854294E-03  0.456453E-02  0.778742E-04  0.332930E-06  0.316582E-07
170.000  550.0000  0.599985E+03  0.148700E+01 -0.113784E+01  0.244757E+01 -0.935115E-03  0.456910E-02  0.767388E-04  0.330403E-06  0.317589E-07
170.000  560.0000  0.588649E+03  0.152917E+01 -0.112886E+01  0.249327E+01 -0.101543E-02  0.457043E-02  0.756454E-04  0.327336E-06  0.318312E-07
170.000  570.0000  0.577415E+03  0.156945E+01 -0.111767E+01  0.253897E+01 -0.109459E-02  0.456831E-02  0.745955E-04  0.323718E-06  0.318841E-07
170.000  580.0000  0.566303E+03  0.160750E+01 -0.110432E+01  0.258463E+01 -0.117195E-02  0.456261E-02  0.735906E-04  0.319551E-06  0.319246E-07
170.000  590.0000  0.555335E+03  0.164305E+01 -0.108890E+01  0.263021E+01 -0.124691E-02  0.455327E-02  0.726318E-04  0.314853E-06  0.319583E-07
170.000  600.0000  0.544532E+03  0.167586E+01 -0.107153E+01  0.267568E+01 -0.131889E-02  0.454031E-02  0.717202E-04  0.309655E-06  0.319889E-07
180.000    0.0000  0.107518E+04  0.344605E+00 -0.340350E+00  0.165312E+00  0.849656E-03  0.378732E-02  0.165497E-02  0.964317E-06 -0.471276E-04
180.000   10.0000  0.107157E+04  0.334426E+00 -0.379322E+00  0.203518E+00  0.839672E-03  0.384790E-02  0.127061E-02  0.100579E-05 -0.303789E-04
180.000   20.0000  0.106762E+04  0.326415E+00 -0.409023E+00  0.242183E+00  0.831463E-03  0.388196E-02  0.101342E-02  0.100150E-05 -0.207829E-04
180.000   30.0000  0.106340E+04  0.320471E+00 -0.434972E+00  0.281113E+00  0.823771E-03  0.390255E-02  0.831793E-03  0.977367E-06 -0.148624E-04
180.000   40.0000  0.105893E+04  0.316393E+00 -0.459410E+00  0.320210E+00  0.816052E-03  0.391581E-02  0.698195E-03  0.944692E-06 -0.109898E-04
180.000   50.0000  0.105422E+04  0.313956E+00 -0.483142E+00  0.359415E+00  0.808090E-03  0.392478E-02  0.596795E-03  0.908716E-06 -0.833694E-05
180.000   60.0000  0.104927E+04  0.312954E+00 -0.506381E+00  0.398697E+00  0.799814E-03  0.393113E-02  0.517910E-03  0.872004E-06 -0.645191E-05
180.000   70.0000  0.104409E+04  0.313208E+00 -0.529122E+00  0.438033E+00  0.791214E-03  0.393588E-02  0.455307E-03  0.835858E-06 -0.507292E-05
180.000   80.0000  0.103869E+04  0.314572E+00 -0.551294E+00  0.477411E+00  0.782297E-03  0.393972E-02  0.404805E-03  0.800949E-06 -0.404023E-05
180.000   90.0000  0.103307E+04  0.316929E+00 -0.572829E+00  0.516826E+00  0.773072E-03  0.394312E-02  0.363494E-03  0.767606E-06 -0.325201E-05
180.000  100.0000  0.102723E+04  0.320187E+00 -0.593683E+00  0.556273E+00  0.763546E-03  0.394642E-02  0.329293E-03  0.735969E-06 -0.264083E-05
180.000  110.0000  0.102120E+04  0.324276E+00 -0.613834E+00  0.595754E+00  0.753716E-03  0.394989E-02  0.300679E-03  0.706071E-06 -0.216060E-05
180.000  120.0000  0.101496E+04  0.329144E+00 -0.633286E+00  0.635272E+00  0.743570E-03  0.395368E-02  0.276513E-03  0.677877E-06 -0.177898E-05
180.000  130.0000  0.100853E+04  0.334752E+00 -0.652061E+00  0.674830E+00  0.733091E-03  0.395794E-02  0.255927E-03  0.651322E-06 -0.147273E-05
180.000  140.0000  0.100192E+04  0.341072E+00 -0.670193E+00  0.714432E+00  0.722254E-03  0.396272E-02  0.238255E-03  0.626323E-06 -0.122483E-05
180.000  150.0000  0.995130E+03  0.348088E+00 -0.687725E+00  0.754086E+00  0.711028E-03  0.396808E-02  0.222975E-03  0.602789E-06 -0.102262E-05
180.000  160.0000  0.988168E+03  0.355793E+00 -0.704707E+00  0.793796E+00  0.699377E-03  0.397406E-02  0.209676E-03  0.580633E-06 -0.856560E-06
180.000  170.0000  0.981038E+03  0.364183E+00 -0.721188E+00  0.833569E+00  0.687260E-03  0.398065E-02  0.198030E-03  0.559771E-06 -0.719331E-06
180.000  180.0000  0.973745E+03  0.373263E+00 -0.737220E+00  0.873411E+00  0.674634E-03  0.398785E-02  0.187772E-03  0.540127E-06 -0.605294E-06
180.000  190.0000  0.966295E+03  0.383045E+00 -0.752852E+00  0.913328E+00  0.661449E-03  0.399567E-02  0.178688E-03  0.521630E-06 -0.510047E-06
180.000  200.0000  0.958689E+03  0.393540E+00 -0.768133E+00  0.953327E+00  0.647652E-03  0.400410E-02  0.170603E-03  0.504220E-06 -0.430123E-06
180.000  210.0000  0.950933E+03  0.404768E+00 -0.783107E+00  0.993412E+00  0.633188E-03  0.401311E-02  0.163374E-03  0.487844E-06 -0.362774E-06
180.000  220.0000  0.943028E+03  0.416752E+00 -0.797813E+00  0.103359E+01  0.617998E-03  0.402270E-02  0.156879E-03  0.472453E-06 -0.305801E-06
180.000  230.0000  0.934978E+03  0.429514E+00 -0.812288E+00  0.107387E+01  0.602020E-03  0.403287E-02  0.151020E-03  0.458008E-06 -0.257438E-06
180.000  240.0000  0.926783E+03  0.443085E+00 -0.826563E+00  0.111425E+01  0.585187E-03  0.404358E-02  0.145713E-03  0.444472E-06 -0.216253E-06
180.000  250.0000  0.918447E+03  0.457493E+00 -0.840664E+00  0.115474E+01  0.567432E-03  0.405484E-02  0.140886E-03  0.431814E-06 -0.181080E-06
180.000  260.0000  0.909970E+03  0.472771E+00 -0.854613E+00  0.119535E+01  0.548682E-03  0.406664E-02  0.136480E-03  0.420007E-06 -0.150966E-06
180.000  270.0000  0.901355E+03  0.488954E+00 -0.868426E+00  0.123608E+01  0.528863E-03  0.407895E-02  0.132443E-03  0.409026E-06 -0.125127E-06
180.000  280.0000  0.892602E+03  0.506077E+00 -0.882115E+00  0.127693E+01  0.507896E-03  0.409177E-02  0.128730E-03  0.398847E-06 -0.102913E-06
180.000  290.0000  0.883713E+03  0.524176E+00 -0.895686E+00  0.131791E+01  0.485701E-03  0.410508E-02  0.125304E-03  0.389450E-06 -0.837858E-07
180.000  300.0000  0.874689E+03  0.543290E+00 -0.909140E+00  0.135903E+01  0.462194E-03  0.411888E-02  0.122131E-03  0.380814E-06 -0.672961E-07
180.000  310.0000  0.865531E+03  0.563454E+00 -0.922473E+00  0.140029E+01  0.437288E-03  0.413315E-02  0.119181E-03  0.372917E-06 -0.530675E-07
180.000  320.0000  0.856240E+03  0.584707E+00 -0.935676E+00  0.144170E+01  0.410893E-03  0.414787E-02  0.116431E-03  0.365740E-06 -0.407835E-07
180.000  330.0000  0.846818E+03  0.607085E+00 -0.948734E+00  0.148325E+01  0.382917E-03  0.416303E-02  0.113857E-03  0.359261E-06 -0.301769E-07
180.000  340.0000  0.837266E+03  0.630621E+00 -0.961627E+00  0.152496E+01  0.353267E-03  0.417861E-02  0.111440E-03  0.353457E-06 -0.210211E-07
180.000  350.0000  0.827586E+03  0.655348E+00 -0.974333E+00  0.156682E+01  0.321845E-03  0.419459E-02  0.109162E-03  0.348302E-06 -0.131232E-07
180.000  360.0000  0.817780E+03  0.681295E+00 -0.986819E+00  0.160885E+01  0.288557E-03  0.421094E-02  0.107008E-03  0.343770E-06 -0.631806E-08
180.000  370.0000  0.807850E+03  0.708486E+00 -0.999053E+00  0.165104E+01  0.253302E-03  0.422763E-02  0.104964E-03  0.339831E-06 -0.464146E-09
180.000  380.0000  0.797800E+03  0.736942E+00 -0.101099E+01  0.169341E+01  0.215986E-03  0.424465E-02  0.103018E-03  0.336451E-06  0.456075E-08
180.000  390.0000  0.787632E+03  0.766676E+00 -0.102259E+01  0.173594E+01  0.176512E-03  0.426194E-02  0.101160E-03  0.333594E-06  0.886247E-08
180.000  400.0000  0.777349E+03  0.797692E+00 -0.103380E+01  0.177865E+01  0.134790E-03  0.427948E-02  0.993793E-04  0.331219E-06  0.125331E-07
180.000  410.0000  0.766957E+03  0.829986E+00 -0.104455E+01  0.182153E+01  0.907349E-04  0.429719E-02  0.976686E-04  0.329282E-06  0.156532E-07
180.000  420.0000  0.756460E+03  0.863541E+00 -0.105479E+01  0.186459E+01  0.442725E-04  0.431503E-02  0.960204E-04  0.327734E-06  0.182934E-07
180.000  430.0000  0.745863E+03  0.898329E+00 -0.106443E+01  0.190783E+01 -0.465921E-05  0.433291E-02  0.944285E-04  0.326523E-06  0.205160E-07
180.000  440.0000  0.735173E+03  0.934302E+00 -0.107340E+01  0.195125E+01 -0.561037E-04  0.435073E-02  0.928876E-04  0.325589E-06  0.223760E-07
180.000  450.0000  0.724398E+03  0.971395E+00 -0.108161E+01  0.199484E+01 -0.110081E-03  0.436838E-02  0.913932E-04  0.324874E-06  0.239222E-07
180.000  460.0000  0.713544E+03  0.100952E+01 -0.108895E+01  0.203861E+01 -0.166583E-03  0.438572E-02  0.899418E-04  0.324310E-06  0.251982E-07
180.000  470.0000  0.702622E+03  0.104857E+01 -0.109531E+01  0.208256E+01 -0.225564E-03  0.440258E-02  0.885305E-04  0.323829E-06  0.262426E-07
180.000  480.0000  0.691642E+03  0.108840E+01 -0.110058E+01  0.212666E+01 -0.286936E-03  0.441879E-02  0.871571E-04  0.323362E-06  0.270897E-07
180.000  490.0000  0.680614E+03  0.112886E+01 -0.110465E+01  0.217093E+01 -0.350565E-03  0.443411E-02  0.858203E-04  0.322837E-06  0.277702E-07
180.000  500.0000  0.669553E+03  0.116975E+01 -0.110737E+01  0.221534E+01 -0.416262E-03  0.444832E-02  0.845190E-04  0.322182E-06  0.283111E-07
180.000  510.0000  0.658472E+03  0.121084E+01 -0.110864E+01  0.225989E+01 -0.483781E-03  0.446115E-02  0.832529E-04  0.321327E-06  0.287365E-07
180.000  520.0000  0.647386E+03  0.125191E+01 -0.110834E+01  0.230456E+01 -0.552819E-03  0.447233E-02  0.820221E-04  0.320209E-06  0.290676E-07
180.000  530.0000  0.636311E+03  0.129267E+01 -0.110635E+01  0.234933E+01 -0.623016E-03  0.448160E-02  0.808271E-04  0.318766E-06  0.293225E-07
180.000  540.0000  0.625264E+03  0.133285E+01 -0.110260E+01  0.239418E+01 -0.693961E-03  0.448867E-02  0.796688E-04  0.316949E-06  0.295174E-07
180.000  550.0000  0.614265E+03  0.137217E+01 -0.109700E+01  0.243910E+01 -0.765198E-03  0.449330E-02  0.785480E-04  0.314714E-06  0.296658E-07
180.000  560.0000  0.603331E+03  0.141033E+01 -0.108952E+01  0.248404E+01 -0.836235E-03  0.449526E-02  0.774661E-04  0.312031E-06  0.297792E-07
180.000  570.0000  0.592481E+03  0.144704E+01 -0.108014E+01  0.252899E+01 -0.906563E-03  0.449434E-02  0.764241E-04  0.308881E-06  0.298672E-07
180.000  580.0000  0.581734E+03  0.148204E+01 -0.106888E+01  0.257392E+01 -0.975661E-03  0.449042E-02  0.754234E-04  0.305257E-06  0.299373E-07
180.000  590.0000  0.571109E+03  0.151508E+01 -0.105580E+01  0.261879E+01 -0.104302E-02  0.448340E-02  0.744651E-04  0.301165E-06  0.299959E-07
180.000  600.0000  0.560624E+03  0.154595E+01 -0.104097E+01  0.266358E+01 -0.110816E-02  0.447326E-02  0.735500E-04  0.296625E-06  0.300476E-07
190.000    0.0000  0.107859E+04  0.338148E+00 -0.351179E+00  0.173783E+00  0.844678E-03  0.377598E-02  0.166030E-02  0.118210E-05 -0.470339E-04
190.000   10.0000  0.107489E+04  0.328664E+00 -0.388122E+00  0.211892E+00  0.835213E-03  0.383937E-02  0.127559E-02  0.114395E-05 -0.303318E-04
190.000   20.0000  0.107086E+04  0.321134E+00 -0.415774E+00  0.250478E+00  0.827540E-03  0.387441E-02  0.101802E-02  0.109109E-05 -0.207618E-04
190.000   30.0000  0.106658E+04  0.315508E+00 -0.439820E+00  0.289334E+00  0.820370E-03  0.389516E-02  0.836031E-03  0.103649E-05 -0.148564E-04
190.000   40.0000  0.106207E+04  0.311623E+00 -0.462560E+00  0.328356E+00  0.813143E-03  0.390823E-02  0.702103E-03  0.984088E-06 -0.109927E-04
190.000   50.0000  0.105733E+04  0.309285E+00 -0.484800E+00  0.367484E+00  0.805642E-03  0.391689E-02  0.600406E-03  0.934981E-06 -0.834487E-05
190.000   60.0000  0.105237E+04  0.308308E+00 -0.506733E+00  0.406685E+00  0.797799E-03  0.392290E-02  0.521257E-03  0.889313E-06 -0.646265E-05
190.000   70.0000  0.104720E+04  0.308527E+00 -0.528322E+00  0.445937E+00  0.789609E-03  0.392732E-02  0.458423E-03  0.846935E-06 -0.508506E-05
190.000   80.0000  0.104181E+04  0.309807E+00 -0.549470E+00  0.485228E+00  0.781085E-03  0.393084E-02  0.407716E-03  0.807614E-06 -0.405292E-05
190.000   90.0000  0.103621E+04  0.312036E+00 -0.570083E+00  0.524552E+00  0.772245E-03  0.393393E-02  0.366225E-03  0.771102E-06 -0.326473E-05
190.000  100.0000  0.103041E+04  0.315127E+00 -0.590092E+00  0.563906E+00  0.763100E-03  0.393694E-02  0.331866E-03  0.737159E-06 -0.265328E-05
190.000  110.0000  0.102441E+04  0.319014E+00 -0.609460E+00  0.603291E+00  0.753652E-03  0.394009E-02  0.303112E-03  0.705561E-06 -0.217262E-05
190.000  120.0000  0.101822E+04  0.323643E+00 -0.628173E+00  0.642709E+00  0.743898E-03  0.394357E-02  0.278821E-03  0.676098E-06 -0.179048E-05
190.000  130.0000  0.101185E+04  0.328976E+00 -0.646241E+00  0.682164E+00  0.733823E-03  0.394749E-02  0.258126E-03  0.648584E-06 -0.148367E-05
190.000  140.0000  0.100530E+04  0.334987E+00 -0.663689E+00  0.721661E+00  0.723408E-03  0.395191E-02  0.240356E-03  0.622848E-06 -0.123522E-05
190.000  150.0000  0.998579E+03  0.341656E+00 -0.680550E+00  0.761204E+00  0.712629E-03  0.395688E-02  0.224989E-03  0.598738E-06 -0.103249E-05
190.000  160.0000  0.991691E+03  0.348975E+00 -0.696865E+00  0.800800E+00  0.701452E-03  0.396243E-02  0.211611E-03  0.576122E-06 -0.865919E-06
190.000  170.0000  0.984643E+03  0.356940E+00 -0.712680E+00  0.840455E+00  0.689843E-03  0.396855E-02  0.199895E-03  0.554883E-06 -0.728221E-06
190.000  180.0000  0.977439E+03  0.365551E+00 -0.728040E+00  0.880173E+00  0.677765E-03  0.397524E-02  0.189573E-03  0.534920E-06 -0.613749E-06
190.000  190.0000  0.970084E+03  0.374816E+00 -0.742991E+00  0.919962E+00  0.665171E-03  0.398250E-02  0.180433E-03  0.516146E-06 -0.518102E-06
190.000  200.0000  0.962580E+03  0.384746E+00 -0.757575E+00  0.959825E+00  0.652017E-03  0.399031E-02  0.172297E-03  0.498486E-06 -0.437810E-06
190.000  210.0000  0.954933E+03  0.395354E+00 -0.771834E+00  0.999770E+00  0.638253E-03  0.399866E-02  0.165021E-03  0.481876E-06 -0.370123E-06
190.000  220.0000  0.947145E+03  0.406659E+00 -0.785805E+00  0.103980E+01  0.623828E-03  0.400754E-02  0.158485E-03  0.466261E-06 -0.312840E-06
190.000  230.0000  0.939218E+03  0.418680E+00 -0.799520E+00  0.107992E+01  0.608685E-03  0.401692E-02  0.152588E-03  0.451596E-06 -0.264191E-06
190.000  240.0000  0.931155E+03  0.431440E+00 -0.813009E+00  0.112014E+01  0.592769E-03  0.402679E-02  0.147247E-03  0.437838E-06 -0.222741E-06
190.000  250.0000  0.922958E+03  0.444964E+00 -0.826296E+00  0.116046E+01  0.576018E-03  0.403714E-02  0.142391E-03  0.424954E-06 -0.187324E-06
190.000  260.0000  0.914630E+03  0.459278E+00 -0.839400E+00  0.120088E+01  0.558371E-03  0.404795E-02  0.137958E-03  0.412912E-06 -0.156981E-06
190.000  270.0000  0.906171E+03  0.474411E+00 -0.852338E+00  0.124142E+01  0.539763E-03  0.405921E-02  0.133898E-03  0.401686E-06 -0.130928E-06
190.000  280.0000  0.897584E+03  0.490389E+00 -0.865118E+00  0.128207E+01  0.520127E-03  0.407091E-02  0.130165E-03  0.391251E-06 -0.108512E-06
190.000  290.0000  0.888869E+03  0.507244E+00 -0.877748E+00  0.132284E+01  0.499395E-03  0.408303E-02  0.126721E-03  0.381584E-06 -0.891941E-07
190.000  300.0000  0.880029E+03  0.525004E+00 -0.890227E+00  0.136373E+01  0.477494E-03  0.409555E-02  0.123534E-03  0.372664E-06 -0.725225E-07
190.000  310.0000  0.871065E+03  0.543700E+00 -0.902552E+00  0.140475E+01  0.454353E-03  0.410846E-02  0.120573E-03  0.364469E-06 -0.581199E-07
190.000  320.0000  0.861979E+03  0.563359E+00 -0.914714E+00  0.144590E+01  0.429897E-03  0.412174E-02  0.117814E-03  0.356979E-06 -0.456685E-07
190.000  330.0000  0.852771E+03  0.584010E+00 -0.926701E+00  0.148719E+01  0.404050E-03  0.413537E-02  0.115235E-03  0.350171E-06 -0.349002E-07
190.000  340.0000  0.843445E+03  0.605678E+00 -0.938494E+00  0.152861E+01  0.376734E-03  0.414934E-02  0.112814E-03  0.344023E-06 -0.255875E-07
190.000  350.0000  0.834002E+03  0.628387E+00 -0.950073E+00  0.157018E+01  0.347871E-03  0.416362E-02  0.110536E-03  0.338511E-06 -0.175369E-07
190.000  360.0000  0.824445E+03  0.652158E+00 -0.961410E+00  0.161188E+01  0.317384E-03  0.417818E-02  0.108384E-03  0.333607E-06 -0.105829E-07
190.000  370.0000  0.814775E+03  0.677008E+00 -0.972476E+00  0.165374E+01  0.285194E-03  0.419300E-02  0.106344E-03  0.329284E-06 -0.458353E-08
190.000  380.0000  0.804996E+03  0.702949E+00 -0.983235E+00  0.169575E+01  0.251223E-03  0.420806E-02  0.104405E-03  0.325510E-06  0.583584E-09
190.000  390.0000  0.795111E+03  0.729988E+00 -0.993647E+00  0.173790E+01  0.215399E-03  0.422332E-02  0.102556E-03  0.322251E-06  0.502437E-08
190.000  400.0000  0.785124E+03  0.758125E+00 -0.100367E+01  0.178021E+01  0.177649E-03  0.423873E-02  0.100788E-03  0.319469E-06  0.883088E-08
190.000  410.0000  0.775040E+03  0.787353E+00 -0.101325E+01  0.182268E+01  0.137909E-03  0.425426E-02  0.990905E-04  0.317124E-06  0.120835E-07
190.000  420.0000  0.764861E+03  0.817653E+00 -0.102233E+01  0.186530E+01  0.961197E-04  0.426984E-02  0.974578E-04  0.315171E-06  0.148526E-07
190.000  430.0000  0.754595E+03  0.848997E+00 -0.103086E+01  0.190807E+01  0.522366E-04  0.428542E-02  0.958832E-04  0.313563E-06  0.172002E-07
190.000  440.0000  0.744246E+03  0.881346E+00 -0.103877E+01  0.195101E+01  0.622621E-05  0.430092E-02  0.943611E-04  0.312248E-06  0.191811E-07
190.000  450.0000  0.733822E+03  0.914642E+00 -0.104598E+01  0.199409E+01 -0.419261E-04  0.431624E-02  0.928869E-04  0.311170E-06  0.208436E-07
190.000  460.0000  0.723329E+03  0.948814E+00 -0.105241E+01  0.203733E+01 -0.922119E-04  0.433127E-02  0.914567E-04  0.310272E-06  0.222308E-07
190.000  470.0000  0.712776E+03  0.983772E+00 -0.105798E+01  0.208072E+01 -0.144596E-03  0.434589E-02  0.900673E-04  0.309493E-06  0.233809E-07
190.000  480.0000  0.702172E+03  0.101940E+01 -0.106260E+01  0.212425E+01 -0.199010E-03  0.435994E-02  0.887162E-04  0.308770E-06  0.243280E-07
190.000  490.0000  0.691528E+03  0.105558E+01 -0.106616E+01  0.216791E+01 -0.255349E-03  0.437325E-02  0.874015E-04  0.308041E-06  0.251023E-07
190.000  500.0000  0.680853E+03  0.109215E+01 -0.106857E+01  0.221171E+01 -0.313469E-03  0.438564E-02  0.861221E-04  0.307241E-06  0.257307E-07
190.000  510.0000  0.670160E+03  0.112893E+01 -0.106973E+01  0.225562E+01 -0.373177E-03  0.439689E-02  0.848771E-04  0.306308E-06  0.262370E-07
190.000  520.0000  0.659463E+03  0.116573E+01 -0.106955E+01  0.229964E+01 -0.434239E-03  0.440680E-02  0.836662E-04  0.305182E-06  0.266421E-07
190.000  530.0000  0.648774E+03  0.120235E+01 -0.106793E+01  0.234375E+01 -0.496375E-03  0.441512E-02  0.824895E-04  0.303809E-06  0.269644E-07
190.000  540.0000  0.638109E+03  0.123855E+01 -0.106479E+01  0.238794E+01 -0.559260E-03  0.442164E-02  0.813475E-04  0.302139E-06  0.272200E-07
190.000  550.0000  0.627484E+03  0.127410E+01 -0.106007E+01  0.243218E+01 -0.622535E-03  0.442614E-02  0.802407E-04  0.300132E-06  0.274226E-07
190.000  560.0000  0.616913E+03  0.130877E+01 -0.105374E+01  0.247645E+01 -0.685808E-03  0.442841E-02  0.791701E-04  0.297752E-06  0.275841E-07
190.000  570.0000  0.606414E+03  0.134232E+01 -0.104576E+01  0.252074E+01 -0.748668E-03  0.442829E-02  0.781366E-04  0.294979E-06  0.277144E-07
190.000  580.0000  0.596004E+03  0.137452E+01 -0.103614E+01  0.256501E+01 -0.810691E-03  0.442562E-02  0.771412E-04  0.291798E-06  0.278217E-07
190.000  590.0000  0.585697E+03  0.140518E+01 -0.102490E+01  0.260924E+01 -0.871455E-03  0.442031E-02  0.761850E-04  0.288208E-06  0.279127E-07
190.000  600.0000  0.575511E+03  0.143409E+01 -0.101211E+01  0.265341E+01 -0.930555E-03  0.441231E-02  0.752687E-04  0.284216E-06  0.279928E-07
200.000    0.0000  0.108194E+04  0.331936E+00 -0.361221E+00  0.182206E+00  0.839974E-03  0.376509E-02  0.166655E-02  0.139958E-05 -0.469912E-04
200.000   10.0000  0.107814E+04  0.323101E+00 -0.396360E+00  0.220223E+00  0.830969E-03  0.383135E-02  0.128109E-02  0.128146E-05 -0.303119E-04
200.000   20.0000  0.107405E+04  0.316027E+00 -0.422142E+00  0.258734E+00  0.823781E-03  0.386738E-02  0.102292E-02  0.117991E-05 -0.207562E-04
200.000   30.0000  0.106971E+04  0.310705E+00 -0.444423E+00  0.297521E+00  0.817091E-03  0.388826E-02  0.840449E-03  0.109483E-05 -0.148598E-04
200.000   40.0000  0.106516E+04  0.307008E+00 -0.465568E+00  0.336473E+00  0.810323E-03  0.390111E-02  0.706116E-03  0.102276E-05 -0.110014E-04
200.000   50.0000  0.106040E+04  0.304768E+00 -0.486398E+00  0.375528E+00  0.803255E-03  0.390943E-02  0.604077E-03  0.960602E-06 -0.835663E-05
200.000   60.0000  0.105544E+04  0.303819E+00 -0.507088E+00  0.414653E+00  0.795820E-03  0.391509E-02  0.524637E-03  0.906059E-06 -0.647596E-05
200.000   70.0000  0.105026E+04  0.304009E+00 -0.527580E+00  0.453825E+00  0.788018E-03  0.391916E-02  0.461552E-03  0.857522E-06 -0.509899E-05
200.000   80.0000  0.104488E+04  0.305213E+00 -0.547749E+00  0.493033E+00  0.779868E-03  0.392234E-02  0.410628E-03  0.813854E-06 -0.406688E-05
200.000   90.0000  0.103931E+04  0.307325E+00 -0.567479E+00  0.532270E+00  0.771392E-03  0.392512E-02  0.368949E-03  0.774229E-06 -0.327839E-05
200.000  100.0000  0.103354E+04  0.310263E+00 -0.586680E+00  0.571535E+00  0.762608E-03  0.392782E-02  0.334425E-03  0.738028E-06 -0.266644E-05
200.000  110.0000  0.102758E+04  0.313962E+00 -0.605298E+00  0.610827E+00  0.753524E-03  0.393068E-02  0.305528E-03  0.704770E-06 -0.218518E-05
200.000  120.0000  0.102143E+04  0.318369E+00 -0.623307E+00  0.650150E+00  0.744140E-03  0.393385E-02  0.281110E-03  0.674076E-06 -0.180241E-05
200.000  130.0000  0.101511E+04  0.323449E+00 -0.640702E+00  0.689506E+00  0.734447E-03  0.393745E-02  0.260303E-03  0.645634E-06 -0.149497E-05
200.000  140.0000  0.100862E+04  0.329173E+00 -0.657500E+00  0.728900E+00  0.724431E-03  0.394153E-02  0.242433E-03  0.619190E-06 -0.124591E-05
200.000  150.0000  0.100196E+04  0.335522E+00 -0.673725E+00  0.768338E+00  0.714070E-03  0.394613E-02  0.226978E-03  0.594531E-06 -0.104260E-05
200.000  160.0000  0.995148E+03  0.342486E+00 -0.689413E+00  0.807825E+00  0.703336E-03  0.395127E-02  0.213521E-03  0.571479E-06 -0.875499E-06
200.000  170.0000  0.988178E+03  0.350057E+00 -0.704602E+00  0.847365E+00  0.692204E-03  0.395696E-02  0.201733E-03  0.549886E-06 -0.737308E-06
200.000  180.0000  0.981058E+03  0.358237E+00 -0.719333E+00  0.886966E+00  0.680633E-03  0.396318E-02  0.191348E-03  0.529628E-06 -0.622386E-06
200.000  190.0000  0.973792E+03  0.367028E+00 -0.733647E+00  0.926631E+00  0.668589E-03  0.396993E-02  0.182149E-03  0.510598E-06 -0.526325E-06
200.000  200.0000  0.966386E+03  0.376439E+00 -0.747584E+00  0.966366E+00  0.656029E-03  0.397718E-02  0.173961E-03  0.492710E-06 -0.445656E-06
200.000  210.0000  0.958842E+03  0.386481E+00 -0.761181E+00  0.100618E+01  0.642910E-03  0.398492E-02  0.166638E-03  0.475890E-06 -0.377624E-06
200.000  220.0000  0.951163E+03  0.397168E+00 -0.774473E+00  0.104607E+01  0.629186E-03  0.399313E-02  0.160060E-03  0.460074E-06 -0.320025E-06
200.000  230.0000  0.943353E+03  0.408515E+00 -0.787490E+00  0.108604E+01  0.614809E-03  0.400180E-02  0.154125E-03  0.445210E-06 -0.271086E-06
200.000  240.0000  0.935414E+03  0.420541E+00 -0.800260E+00  0.112610E+01  0.599727E-03  0.401091E-02  0.148749E-03  0.431254E-06 -0.229369E-06
200.000  250.0000  0.927349E+03  0.433267E+00 -0.812804E+00  0.116626E+01  0.583889E-03  0.402043E-02  0.143861E-03  0.418168E-06 -0.193704E-06
200.000  260.0000  0.919159E+03  0.446713E+00 -0.825142E+00  0.120651E+01  0.567240E-03  0.403037E-02  0.139401E-03  0.405917E-06 -0.163132E-06
200.000  270.0000  0.910847E+03  0.460902E+00 -0.837287E+00  0.124687E+01  0.549725E-03  0.404069E-02  0.135316E-03  0.394474E-06 -0.136864E-06
200.000  280.0000  0.902414E+03  0.475857E+00 -0.849249E+00  0.128733E+01  0.531285E-03  0.405138E-02  0.131561E-03  0.383811E-06 -0.114247E-06
200.000  290.0000  0.893862E+03  0.491602E+00 -0.861034E+00  0.132790E+01  0.511861E-03  0.406242E-02  0.128099E-03  0.373905E-06 -0.947377E-07
200.000  300.0000  0.885194E+03  0.508160E+00 -0.872641E+00  0.136858E+01  0.491393E-03  0.407381E-02  0.124896E-03  0.364733E-06 -0.778851E-07
200.000  310.0000  0.876410E+03  0.525555E+00 -0.884069E+00  0.140937E+01  0.469820E-03  0.408551E-02  0.121922E-03  0.356274E-06 -0.633095E-07
200.000  320.0000  0.867513E+03  0.543808E+00 -0.895309E+00  0.145029E+01  0.447078E-03  0.409752E-02  0.119153E-03  0.348507E-06 -0.506921E-07
200.000  330.0000  0.858505E+03  0.562942E+00 -0.906350E+00  0.149133E+01  0.423104E-03  0.410981E-02  0.116565E-03  0.341408E-06 -0.397638E-07
200.000  340.0000  0.849387E+03  0.582976E+00 -0.917176E+00  0.153249E+01  0.397835E-03  0.412236E-02  0.114140E-03  0.334957E-06 -0.302963E-07
200.000  350.0000  0.840162E+03  0.603926E+00 -0.927768E+00  0.157377E+01  0.371206E-03  0.413515E-02  0.111858E-03  0.329128E-06 -0.220953E-07
200.000  360.0000  0.830832E+03  0.625808E+00 -0.938103E+00  0.161519E+01  0.343154E-03  0.414815E-02  0.109706E-03  0.323898E-06 -0.149949E-07
200.000  370.0000  0.821401E+03  0.648632E+00 -0.948154E+00  0.165674E+01  0.313616E-03  0.416135E-02  0.107668E-03  0.319237E-06 -0.885262E-08
200.000  380.0000  0.811870E+03  0.672407E+00 -0.957892E+00  0.169842E+01  0.282529E-03  0.417471E-02  0.105734E-03  0.315118E-06 -0.354594E-08
200.000  390.0000  0.802244E+03  0.697134E+00 -0.967281E+00  0.174023E+01  0.249835E-03  0.418821E-02  0.103891E-03  0.311507E-06  0.103121E-08
200.000  400.0000  0.792526E+03  0.722810E+00 -0.976284E+00  0.178218E+01  0.215478E-03  0.420180E-02  0.102130E-03  0.308371E-06  0.497092E-08
200.000  410.0000  0.782720E+03  0.749426E+00 -0.984860E+00  0.182427E+01  0.179407E-03  0.421546E-02  0.100444E-03  0.305670E-06  0.835349E-08
200.000  420.0000  0.772830E+03  0.776963E+00 -0.992963E+00  0.186649E+01  0.141577E-03  0.422912E-02  0.988235E-04  0.303365E-06  0.112492E-07
200.000  430.0000  0.762862E+03  0.805396E+00 -0.100054E+01  0.190885E+01  0.101953E-03  0.424275E-02  0.972629E-04  0.301411E-06  0.137198E-07
200.000  440.0000  0.752821E+03  0.834688E+00 -0.100754E+01  0.195135E+01  0.605095E-04  0.425627E-02  0.957563E-04  0.299763E-06  0.158198E-07
200.000  450.0000  0.742714E+03  0.864791E+00 -0.101391E+01  0.199397E+01  0.172372E-04  0.426961E-02  0.942989E-04  0.298369E-06  0.175972E-07
200.000  460.0000  0.732546E+03  0.895644E+00 -0.101957E+01  0.203674E+01 -0.278569E-04  0.428268E-02  0.928865E-04  0.297179E-06  0.190949E-07
200.000  470.0000  0.722325E+03  0.927173E+00 -0.102446E+01  0.207963E+01 -0.747443E-04  0.429538E-02  0.915157E-04  0.296138E-06  0.203506E-07
200.000  480.0000  0.712059E+03  0.959287E+00 -0.102850E+01  0.212264E+01 -0.123372E-03  0.430759E-02  0.901837E-04  0.295189E-06  0.213981E-07
200.000  490.0000  0.701758E+03  0.991878E+00 -0.103162E+01  0.216578E+01 -0.173656E-03  0.431917E-02  0.888884E-04  0.294275E-06  0.222674E-07
200.000  500.0000  0.691430E+03  0.102482E+01 -0.103373E+01  0.220902E+01 -0.225484E-03  0.432998E-02  0.876280E-04  0.293340E-06  0.229851E-07
200.000  510.0000  0.681087E+03  0.105798E+01 -0.103476E+01  0.225237E+01 -0.278707E-03  0.433984E-02  0.864017E-04  0.292327E-06  0.235748E-07
200.000  520.0000  0.670739E+03  0.109120E+01 -0.103463E+01  0.229582E+01 -0.333138E-03  0.434859E-02  0.852086E-04  0.291181E-06  0.240573E-07
200.000  530.0000  0.660398E+03  0.112430E+01 -0.103326E+01  0.233934E+01 -0.388557E-03  0.435602E-02  0.840485E-04  0.289852E-06  0.244511E-07
200.000  540.0000  0.650078E+03  0.115711E+01 -0.103058E+01  0.238293E+01 -0.444706E-03  0.436195E-02  0.829214E-04  0.288292E-06  0.247720E-07
200.000  550.0000  0.639791E+03  0.118942E+01 -0.102653E+01  0.242657E+01 -0.501296E-03  0.436620E-02  0.818279E-04  0.286462E-06  0.250342E-07
200.000  560.0000  0.629552E+03  0.122106E+01 -0.102108E+01  0.247025E+01 -0.558014E-03  0.436859E-02  0.807683E-04  0.284326E-06  0.252495E-07
200.000  570.0000  0.619375E+03  0.125182E+01 -0.101420E+01  0.251394E+01 -0.614521E-03  0.436897E-02  0.797434E-04  0.281859E-06  0.254282E-07
200.000  580.0000  0.609273E+03  0.128151E+01 -0.100588E+01  0.255762E+01 -0.670470E-03  0.436718E-02  0.787541E-04  0.279044E-06  0.255790E-07
200.000  590.0000  0.599262E+03  0.130995E+01 -0.996125E+00  0.260128E+01 -0.725510E-03  0.436314E-02  0.778011E-04  0.275872E-06  0.257088E-07
200.000  600.0000  0.589355E+03  0.133699E+01 -0.984982E+00  0.264488E+01 -0.779293E-03  0.435677E-02  0.768852E-04  0.272343E-06  0.258236E-07
210.000    0.0000  0.108523E+04  0.325960E+00 -0.370533E+00  0.190583E+00  0.835523E-03  0.375461E-02  0.167369E-02  0.161647E-05 -0.469973E-04
210.000   10.0000  0.108135E+04  0.317730E+00 -0.404070E+00  0.228513E+00  0.826925E-03  0.382379E-02  0.128709E-02  0.141820E-05 -0.303182E-04
210.000   20.0000  0.107718E+04  0.311087E+00 -0.428147E+00  0.266954E+00  0.820178E-03  0.386080E-02  0.102812E-02  0.126788E-05 -0.207657E-04
210.000   30.0000  0.107280E+04  0.306055E+00 -0.448790E+00  0.305676E+00  0.813930E-03  0.388181E-02  0.845038E-03  0.115235E-05 -0.148722E-04
210.000   40.0000  0.106821E+04  0.302540E+00 -0.468440E+00  0.344562E+00  0.807589E-03  0.389442E-02  0.710230E-03  0.106069E-05 -0.110158E-04
210.000   50.0000  0.106343E+04  0.300397E+00 -0.487935E+00  0.383549E+00  0.800927E-03  0.390238E-02  0.607805E-03  0.985558E-06 -0.837211E-05
210.000   60.0000  0.105845E+04  0.299478E+00 -0.507444E+00  0.422601E+00  0.793877E-03  0.390765E-02  0.528046E-03  0.922224E-06 -0.649179E-05
210.000   70.0000  0.105328E+04  0.299646E+00 -0.526887E+00  0.461697E+00  0.786443E-03  0.391136E-02  0.464692E-03  0.867605E-06 -0.511466E-05
210.000   80.0000  0.104791E+04  0.300781E+00 -0.546120E+00  0.500825E+00  0.778647E-03  0.391420E-02  0.413540E-03  0.819657E-06 -0.408209E-05
210.000   90.0000  0.104236E+04  0.302787E+00 -0.565004E+00  0.539980E+00  0.770519E-03  0.391666E-02  0.371664E-03  0.776975E-06 -0.329296E-05
210.000  100.0000  0.103662E+04  0.305583E+00 -0.583433E+00  0.579158E+00  0.762078E-03  0.391906E-02  0.336971E-03  0.738564E-06 -0.268028E-05
210.000  110.0000  0.103069E+04  0.309107E+00 -0.601334E+00  0.618362E+00  0.753338E-03  0.392162E-02  0.307926E-03  0.703690E-06 -0.219827E-05
210.000  120.0000  0.102459E+04  0.313310E+00 -0.618669E+00  0.657592E+00  0.744305E-03  0.392449E-02  0.283379E-03  0.671800E-06 -0.181475E-05
210.000  130.0000  0.101832E+04  0.318154E+00 -0.635424E+00  0.696853E+00  0.734973E-03  0.392778E-02  0.262457E-03  0.642463E-06 -0.150661E-05
210.000  140.0000  0.101188E+04  0.323612E+00 -0.651603E+00  0.736149E+00  0.725332E-03  0.393154E-02  0.244487E-03  0.615340E-06 -0.125688E-05
210.000  150.0000  0.100529E+04  0.329665E+00 -0.667226E+00  0.775485E+00  0.715363E-03  0.393579E-02  0.228942E-03  0.590158E-06 -0.105296E-05
210.000  160.0000  0.998542E+03  0.336299E+00 -0.682320E+00  0.814867E+00  0.705050E-03  0.394056E-02  0.215405E-03  0.566695E-06 -0.885295E-06
210.000  170.0000  0.991645E+03  0.343508E+00 -0.696919E+00  0.854298E+00  0.694360E-03  0.394585E-02  0.203545E-03  0.544772E-06 -0.746590E-06
210.000  180.0000  0.984605E+03  0.351289E+00 -0.711060E+00  0.893785E+00  0.683264E-03  0.395163E-02  0.193095E-03  0.524240E-06 -0.631199E-06
210.000  190.0000  0.977426E+03  0.359644E+00 -0.724778E+00  0.933332E+00  0.671730E-03  0.395790E-02  0.183838E-03  0.504976E-06 -0.534713E-06
210.000  200.0000  0.970111E+03  0.368579E+00 -0.738112E+00  0.972945E+00  0.659721E-03  0.396463E-02  0.175597E-03  0.486881E-06 -0.453657E-06
210.000  210.0000  0.962664E+03  0.378102E+00 -0.751095E+00  0.101263E+01  0.647198E-03  0.397182E-02  0.168226E-03  0.469870E-06 -0.385273E-06
210.000  220.0000  0.955090E+03  0.388223E+00 -0.763758E+00  0.105238E+01  0.634121E-03  0.397943E-02  0.161604E-03  0.453874E-06 -0.327353E-06
210.000  230.0000  0.947390E+03  0.398955E+00 -0.776132E+00  0.109222E+01  0.620445E-03  0.398745E-02  0.155630E-03  0.438834E-06 -0.278119E-06
210.000  240.0000  0.939568E+03  0.410314E+00 -0.788240E+00  0.113213E+01  0.606128E-03  0.399586E-02  0.150219E-03  0.424702E-06 -0.236132E-06
210.000  250.0000  0.931626E+03  0.422315E+00 -0.800105E+00  0.117214E+01  0.591123E-03  0.400464E-02  0.145299E-03  0.411436E-06 -0.200218E-06
210.000  260.0000  0.923567E+03  0.434976E+00 -0.811743E+00  0.121223E+01  0.575381E-03  0.401377E-02  0.140810E-03  0.399000E-06 -0.169414E-06
210.000  270.0000  0.915392E+03  0.448315E+00 -0.823169E+00  0.125241E+01  0.558855E-03  0.402324E-02  0.136699E-03  0.387363E-06 -0.142930E-06
210.000  280.0000  0.907104E+03  0.462350E+00 -0.834390E+00  0.129269E+01  0.541494E-03  0.403303E-02  0.132922E-03  0.376498E-06 -0.120110E-06
210.000  290.0000  0.898705E+03  0.477100E+00 -0.845412E+00  0.133307E+01  0.523248E-03  0.404311E-02  0.129440E-03  0.366380E-06 -0.100411E-06
210.000  300.0000  0.890197E+03  0.492585E+00 -0.856236E+00  0.137356E+01  0.504064E-03  0.405348E-02  0.126219E-03  0.356985E-06 -0.833776E-07
210.000  310.0000  0.881581E+03  0.508822E+00 -0.866861E+00  0.141414E+01  0.483890E-03  0.406411E-02  0.123231E-03  0.348291E-06 -0.686298E-07
210.000  320.0000  0.872860E+03  0.525828E+00 -0.877278E+00  0.145484E+01  0.462673E-03  0.407498E-02  0.120449E-03  0.340277E-06 -0.558476E-07
210.000  330.0000  0.864036E+03  0.543621E+00 -0.887478E+00  0.149564E+01  0.440360E-03  0.408608E-02  0.117852E-03  0.332921E-06 -0.447606E-07
210.000  340.0000  0.855111E+03  0.562213E+00 -0.897448E+00  0.153656E+01  0.416897E-03  0.409738E-02  0.115418E-03  0.326201E-06 -0.351398E-07
210.000  350.0000  0.846088E+03  0.581619E+00 -0.907170E+00  0.157759E+01  0.392233E-03  0.410886E-02  0.113132E-03  0.320093E-06 -0.267902E-07
210.000  360.0000  0.836969E+03  0.601848E+00 -0.916624E+00  0.161874E+01  0.366314E-03  0.412050E-02  0.110977E-03  0.314573E-06 -0.195453E-07
210.000  370.0000  0.827756E+03  0.622907E+00 -0.925788E+00  0.166000E+01  0.339088E-03  0.413228E-02  0.108939E-03  0.309615E-06 -0.132622E-07
210.000  380.0000  0.818454E+03  0.644799E+00 -0.934634E+00  0.170138E+01  0.310507E-03  0.414417E-02  0.107006E-03  0.305190E-06 -0.781822E-08
210.000  390.0000  0.809065E+03  0.667524E+00 -0.943134E+00  0.174289E+01  0.280523E-03  0.415613E-02  0.105167E-03  0.301270E-06 -0.310694E-08
210.000  400.0000  0.799593E+03  0.691077E+00 -0.951255E+00  0.178451E+01  0.249092E-03  0.416815E-02  0.103413E-03  0.297820E-06  0.963752E-09
210.000  410.0000  0.790041E+03  0.715446E+00 -0.958963E+00  0.182625E+01  0.216172E-03  0.418019E-02  0.101734E-03  0.294806E-06  0.447414E-08
210.000  420.0000  0.780415E+03  0.740614E+00 -0.966218E+00  0.186811E+01  0.181730E-03  0.419220E-02  0.100123E-03  0.292191E-06  0.749443E-08
210.000  430.0000  0.770718E+03  0.766558E+00 -0.972980E+00  0.191009E+01  0.145737E-03  0.420414E-02  0.985734E-04  0.289934E-06  0.100862E-07
210.000  440.0000  0.760957E+03  0.793244E+00 -0.979203E+00  0.195219E+01  0.108176E-03  0.421596E-02  0.970794E-04  0.287992E-06  0.123037E-07
210.000  450.0000  0.751136E+03  0.820631E+00 -0.984838E+00  0.199441E+01  0.690392E-04  0.422761E-02  0.956359E-04  0.286321E-06  0.141949E-07
210.000  460.0000  0.741262E+03  0.848666E+00 -0.989833E+00  0.203675E+01  0.283328E-04  0.423900E-02  0.942384E-04  0.284872E-06  0.158022E-07
210.000  470.0000  0.731342E+03  0.877288E+00 -0.994131E+00  0.207919E+01 -0.139196E-04  0.425005E-02  0.928833E-04  0.283597E-06  0.171632E-07
210.000  480.0000  0.721382E+03  0.906421E+00 -0.997673E+00  0.212174E+01 -0.576753E-04  0.426068E-02  0.915677E-04  0.282445E-06  0.183114E-07
210.000  490.0000  0.711391E+03  0.935976E+00 -0.100040E+01  0.216440E+01 -0.102869E-03  0.427076E-02  0.902890E-04  0.281364E-06  0.192764E-07
210.000  500.0000  0.701377E+03  0.965852E+00 -0.100224E+01  0.220716E+01 -0.149410E-03  0.428019E-02  0.890454E-04  0.280302E-06  0.200848E-07
210.000  510.0000  0.691350E+03  0.995935E+00 -0.100312E+01  0.225000E+01 -0.197180E-03  0.428882E-02  0.878355E-04  0.279208E-06  0.207598E-07
210.000  520.0000  0.681318E+03  0.102610E+01 -0.100300E+01  0.229293E+01 -0.246033E-03  0.429651E-02  0.866582E-04  0.278032E-06  0.213224E-07
210.000  530.0000  0.671293E+03  0.105620E+01 -0.100179E+01  0.233593E+01 -0.295790E-03  0.430311E-02  0.855131E-04  0.276727E-06  0.217906E-07
210.000  540.0000  0.661286E+03  0.108609E+01 -0.999449E+00  0.237899E+01 -0.346247E-03  0.430845E-02  0.843999E-04  0.275247E-06  0.221807E-07
210.000  550.0000  0.651308E+03  0.111560E+01 -0.995919E+00  0.242209E+01 -0.397170E-03  0.431239E-02  0.833187E-04  0.273554E-06  0.225066E-07
210.000  560.0000  0.641372E+03  0.114459E+01 -0.991162E+00  0.246523E+01 -0.448302E-03  0.431476E-02  0.822697E-04  0.271614E-06  0.227804E-07
210.000  570.0000  0.631489E+03  0.117289E+01 -0.985149E+00  0.250838E+01 -0.499367E-03  0.431542E-02  0.812535E-04  0.269399E-06  0.230127E-07
210.000  580.0000  0.621673E+03  0.120033E+01 -0.977867E+00  0.255153E+01 -0.550076E-03  0.431425E-02  0.802705E-04  0.266887E-06  0.232121E-07
210.000  590.0000  0.611936E+03  0.122675E+01 -0.969319E+00  0.259466E+01 -0.600132E-03  0.431114E-02  0.793216E-04  0.264067E-06  0.233863E-07
210.000  600.0000  0.602291E+03  0.125203E+01 -0.959524E+00  0.263775E+01 -0.649240E-03  0.430602E-02  0.784074E-04  0.260931E-06  0.235414E-07
220.000    0.0000  0.108846E+04  0.320210E+00 -0.379168E+00  0.198917E+00  0.831307E-03  0.374448E-02  0.168167E-02  0.183257E-05 -0.470502E-04
220.000   10.0000  0.108450E+04  0.312544E+00 -0.411282E+00  0.236762E+00  0.823070E-03  0.381663E-02  0.129357E-02  0.155404E-05 -0.303498E-04
220.000   20.0000  0.108027E+04  0.306308E+00 -0.433805E+00  0.275138E+00  0.816721E-03  0.385466E-02  0.103359E-02  0.135493E-05 -0.207897E-04
220.000   30.0000  0.107583E+04  0.301554E+00 -0.452930E+00  0.313800E+00  0.810880E-03  0.387578E-02  0.849791E-03  0.120900E-05 -0.148934E-04
220.000   40.0000  0.107121E+04  0.298213E+00 -0.471177E+00  0.352625E+00  0.804937E-03  0.388814E-02  0.714439E-03  0.109783E-05 -0.110358E-04
220.000   50.0000  0.106641E+04  0.296166E+00 -0.489410E+00  0.391547E+00  0.798656E-03  0.389572E-02  0.611587E-03  0.100983E-05 -0.839124E-05
220.000   60.0000  0.106143E+04  0.295280E+00 -0.507796E+00  0.430530E+00  0.791971E-03  0.390059E-02  0.531481E-03  0.937791E-06 -0.651007E-05
220.000   70.0000  0.105626E+04  0.295428E+00 -0.526239E+00  0.469554E+00  0.784885E-03  0.390391E-02  0.467842E-03  0.877168E-06 -0.513204E-05
220.000   80.0000  0.105090E+04  0.296502E+00 -0.544576E+00  0.508606E+00  0.777426E-03  0.390640E-02  0.416449E-03  0.825008E-06 -0.409852E-05
220.000   90.0000  0.104536E+04  0.298410E+00 -0.562650E+00  0.547681E+00  0.769627E-03  0.390854E-02  0.374370E-03  0.779329E-06 -0.330842E-05
220.000  100.0000  0.103965E+04  0.301075E+00 -0.580338E+00  0.586776E+00  0.761512E-03  0.391063E-02  0.339502E-03  0.738758E-06 -0.269480E-05
220.000  110.0000  0.103376E+04  0.304437E+00 -0.597553E+00  0.625894E+00  0.753100E-03  0.391290E-02  0.310306E-03  0.702310E-06 -0.221188E-05
220.000  120.0000  0.102770E+04  0.308449E+00 -0.614244E+00  0.665036E+00  0.744399E-03  0.391548E-02  0.285627E-03  0.669261E-06 -0.182751E-05
220.000  130.0000  0.102148E+04  0.313075E+00 -0.630386E+00  0.704205E+00  0.735409E-03  0.391847E-02  0.264590E-03  0.639062E-06 -0.151858E-05
220.000  140.0000  0.101509E+04  0.318286E+00 -0.645977E+00  0.743406E+00  0.726121E-03  0.392191E-02  0.246517E-03  0.611289E-06 -0.126814E-05
220.000  150.0000  0.100856E+04  0.324063E+00 -0.661028E+00  0.782645E+00  0.716527E-03  0.392585E-02  0.230881E-03  0.585610E-06 -0.106356E-05
220.000  160.0000  0.100188E+04  0.330392E+00 -0.675560E+00  0.821925E+00  0.706607E-03  0.393027E-02  0.217263E-03  0.561761E-06 -0.895303E-06
220.000  170.0000  0.995049E+03  0.337265E+00 -0.689602E+00  0.861252E+00  0.696330E-03  0.393517E-02  0.205330E-03  0.539530E-06 -0.756061E-06
220.000  180.0000  0.988085E+03  0.344678E+00 -0.703187E+00  0.900630E+00  0.685678E-03  0.394055E-02  0.194815E-03  0.518746E-06 -0.640185E-06
220.000  190.0000  0.980987E+03  0.352631E+00 -0.716347E+00  0.940064E+00  0.674620E-03  0.394638E-02  0.185499E-03  0.499269E-06 -0.543261E-06
220.000  200.0000  0.973759E+03  0.361127E+00 -0.729117E+00  0.979559E+00  0.663123E-03  0.395264E-02  0.177204E-03  0.480987E-06 -0.461809E-06
220.000  210.0000  0.966405E+03  0.370172E+00 -0.741527E+00  0.101912E+01  0.651152E-03  0.395932E-02  0.169785E-03  0.463806E-06 -0.393065E-06
220.000  220.0000  0.958930E+03  0.379775E+00 -0.753608E+00  0.105875E+01  0.638672E-03  0.396638E-02  0.163119E-03  0.447649E-06 -0.334818E-06
220.000  230.0000  0.951334E+03  0.389945E+00 -0.765386E+00  0.109845E+01  0.625644E-03  0.397380E-02  0.157105E-03  0.432454E-06 -0.285286E-06
220.000  240.0000  0.943623E+03  0.400695E+00 -0.776885E+00  0.113822E+01  0.612028E-03  0.398158E-02  0.151657E-03  0.418166E-06 -0.243025E-06
220.000  250.0000  0.935797E+03  0.412037E+00 -0.788125E+00  0.117808E+01  0.597785E-03  0.398968E-02  0.146705E-03  0.404741E-06 -0.206859E-06
220.000  260.0000  0.927861E+03  0.423985E+00 -0.799123E+00  0.121802E+01  0.582871E-03  0.399809E-02  0.142185E-03  0.392141E-06 -0.175822E-06
220.000  270.0000  0.919816E+03  0.436554E+00 -0.809891E+00  0.125804E+01  0.567245E-03  0.400678E-02  0.138048E-03  0.380333E-06 -0.149121E-06
220.000  280.0000  0.911664E+03  0.449758E+00 -0.820438E+00  0.129816E+01  0.550862E-03  0.401575E-02  0.134247E-03  0.369289E-06 -0.126099E-06
220.000  290.0000  0.903408E+03  0.463613E+00 -0.830770E+00  0.133836E+01  0.533679E-03  0.402497E-02  0.130743E-03  0.358982E-06 -0.106208E-06
220.000  300.0000  0.895049E+03  0.478134E+00 -0.840887E+00  0.137866E+01  0.515651E-03  0.403442E-02  0.127504E-03  0.349389E-06 -0.889943E-07
220.000  310.0000  0.886591E+03  0.493335E+00 -0.850789E+00  0.141905E+01  0.496733E-03  0.404409E-02  0.124499E-03  0.340487E-06 -0.740747E-07
220.000  320.0000  0.878034E+03  0.509228E+00 -0.860468E+00  0.145954E+01  0.476880E-03  0.405395E-02  0.121704E-03  0.332254E-06 -0.611282E-07
220.000  330.0000  0.869382E+03  0.525828E+00 -0.869917E+00  0.150013E+01  0.456047E-03  0.406398E-02  0.119095E-03  0.324668E-06 -0.498835E-07
220.000  340.0000  0.860637E+03  0.543143E+00 -0.879124E+00  0.154082E+01  0.434190E-03  0.407417E-02  0.116653E-03  0.317709E-06 -0.401106E-07
220.000  350.0000  0.851800E+03  0.561184E+00 -0.888074E+00  0.158161E+01  0.411264E-03  0.408450E-02  0.114360E-03  0.311353E-06 -0.316138E-07
220.000  360.0000  0.842876E+03  0.579957E+00 -0.896749E+00  0.162251E+01  0.387225E-03  0.409494E-02  0.112200E-03  0.305576E-06 -0.242260E-07
220.000  370.0000  0.833866E+03  0.599464E+00 -0.905129E+00  0.166351E+01  0.362033E-03  0.410546E-02  0.110160E-03  0.300353E-06 -0.178039E-07
220.000  380.0000  0.824775E+03  0.619709E+00 -0.913192E+00  0.170462E+01  0.335646E-03  0.411606E-02  0.108226E-03  0.295658E-06 -0.122243E-07
220.000  390.0000  0.815604E+03  0.640686E+00 -0.920912E+00  0.174583E+01  0.308025E-03  0.412669E-02  0.106389E-03  0.291463E-06 -0.738072E-08
220.000  400.0000  0.806358E+03  0.662391E+00 -0.928263E+00  0.178715E+01  0.279137E-03  0.413733E-02  0.104638E-03  0.287736E-06 -0.318090E-08
220.000  410.0000  0.797040E+03  0.684811E+00 -0.935213E+00  0.182858E+01  0.248948E-03  0.414796E-02  0.102964E-03  0.284444E-06  0.455497E-09
220.000  420.0000  0.787655E+03  0.707930E+00 -0.941732E+00  0.187011E+01  0.217431E-03  0.415853E-02  0.101361E-03  0.281554E-06  0.359865E-08
220.000  430.0000  0.778207E+03  0.731725E+00 -0.947784E+00  0.191175E+01  0.184565E-03  0.416902E-02  0.998197E-04  0.279027E-06  0.631005E-08
220.000  440.0000  0.768701E+03  0.756167E+00 -0.953331E+00  0.195349E+01  0.150336E-03  0.417938E-02  0.983357E-04  0.276825E-06  0.864381E-08
220.000  450.0000  0.759142E+03  0.781220E+00 -0.958335E+00  0.199534E+01  0.114739E-03  0.418955E-02  0.969034E-04  0.274906E-06  0.106477E-07
220.000  460.0000  0.749536E+03  0.806839E+00 -0.962751E+00  0.203728E+01  0.777793E-04  0.419949E-02  0.955183E-04  0.273227E-06  0.123638E-07
220.000  470.0000  0.739889E+03  0.832971E+00 -0.966534E+00  0.207932E+01  0.394767E-04  0.420912E-02  0.941765E-04  0.271742E-06  0.138297E-07
220.000  480.0000  0.730208E+03  0.859552E+00 -0.969635E+00  0.212146E+01 -0.134166E-06  0.421836E-02  0.928748E-04  0.270406E-06  0.150785E-07
220.000  490.0000  0.720499E+03  0.886508E+00 -0.972004E+00  0.216369E+01 -0.410009E-04  0.422714E-02  0.916105E-04  0.269170E-06  0.161398E-07
220.000  500.0000  0.710770E+03  0.913757E+00 -0.973587E+00  0.220600E+01 -0.830509E-04  0.423536E-02  0.903815E-04  0.267989E-06  0.170397E-07
220.000  510.0000  0.701030E+03  0.941202E+00 -0.974330E+00  0.224839E+01 -0.126190E-03  0.424289E-02  0.891860E-04  0.266815E-06  0.178017E-07
220.000  520.0000  0.691287E+03  0.968738E+00 -0.974179E+00  0.229086E+01 -0.170299E-03  0.424963E-02  0.880229E-04  0.265601E-06  0.184462E-07
220.000  530.0000  0.681549E+03  0.996250E+00 -0.973082E+00  0.233338E+01 -0.215237E-03  0.425545E-02  0.868912E-04  0.264303E-06  0.189915E-07
220.000  540.0000  0.671828E+03  0.102361E+01 -0.970989E+00  0.237596E+01 -0.260837E-03  0.426022E-02  0.857906E-04  0.262881E-06  0.194536E-07
220.000  550.0000  0.662133E+03  0.105070E+01 -0.967856E+00  0.241858E+01 -0.306909E-03  0.426379E-02  0.847208E-04  0.261294E-06  0.198467E-07
220.000  560.0000  0.652475E+03  0.107737E+01 -0.963645E+00  0.246123E+01 -0.353243E-03  0.426605E-02  0.836819E-04  0.259511E-06  0.201828E-07
220.000  570.0000  0.642864E+03  0.110348E+01 -0.958328E+00  0.250390E+01 -0.399610E-03  0.426685E-02  0.826741E-04  0.257501E-06  0.204728E-07
220.000  580.0000  0.633312E+03  0.112890E+01 -0.951889E+00  0.254657E+01 -0.445768E-03  0.426610E-02  0.816978E-04  0.255243E-06  0.207255E-07
220.000  590.0000  0.623830E+03  0.115350E+01 -0.944324E+00  0.258922E+01 -0.491468E-03  0.426368E-02  0.807535E-04  0.252720E-06  0.209487E-07
220.000  600.0000  0.614429E+03  0.117714E+01 -0.935642E+00  0.263183E+01 -0.536457E-03  0.425952E-02  0.798417E-04  0.249921E-06  0.211489E-07
230.000    0.0000  0.109164E+04  0.314677E+00 -0.387177E+00  0.207210E+00  0.827307E-03  0.373466E-02  0.169046E-02  0.204768E-05 -0.471479E-04
230.000   10.0000  0.108760E+04  0.307537E+00 -0.418028E+00  0.244975E+00  0.819390E-03  0.380984E-02  0.130051E-02  0.168887E-05 -0.304057E-04
230.000   20.0000  0.108331E+04  0.301684E+00 -0.439135E+00  0.283289E+00  0.813403E-03  0.384890E-02  0.103933E-02  0.144101E-05 -0.208277E-04
230.000   30.0000  0.107883E+04  0.297194E+00 -0.456853E+00  0.321894E+00  0.807936E-03  0.387013E-02  0.854700E-03  0.126475E-05 -0.149232E-04
230.000   40.0000  0.107418E+04  0.294022E+00 -0.473785E+00  0.360661E+00  0.802364E-03  0.388223E-02  0.718738E-03  0.113416E-05 -0.110612E-04
230.000   50.0000  0.106935E+04  0.292069E+00 -0.490825E+00  0.399523E+00  0.796441E-03  0.388942E-02  0.615418E-03  0.103339E-05 -0.841391E-05
230.000   60.0000  0.106436E+04  0.291216E+00 -0.508141E+00  0.438441E+00  0.790100E-03  0.389387E-02  0.534941E-03  0.952742E-06 -0.653076E-05
230.000   70.0000  0.105919E+04  0.291350E+00 -0.525629E+00  0.477395E+00  0.783344E-03  0.389680E-02  0.470999E-03  0.886199E-06 -0.515109E-05
230.000   80.0000  0.105385E+04  0.292368E+00 -0.543109E+00  0.516374E+00  0.776206E-03  0.389893E-02  0.419356E-03  0.829897E-06 -0.411615E-05
230.000   90.0000  0.104833E+04  0.294185E+00 -0.560407E+00  0.555372E+00  0.768720E-03  0.390074E-02  0.377065E-03  0.781280E-06 -0.332476E-05
230.000  100.0000  0.104264E+04  0.296729E+00 -0.577384E+00  0.594389E+00  0.760916E-03  0.390253E-02  0.342018E-03  0.738599E-06 -0.270997E-05
230.000  110.0000  0.103678E+04  0.299941E+00 -0.593942E+00  0.633424E+00  0.752815E-03  0.390450E-02  0.312666E-03  0.700622E-06 -0.222600E-05
230.000  120.0000  0.103076E+04  0.303776E+00 -0.610016E+00  0.672480E+00  0.744430E-03  0.390680E-02  0.287853E-03  0.666451E-06 -0.184068E-05
230.000  130.0000  0.102458E+04  0.308198E+00 -0.625574E+00  0.711561E+00  0.735762E-03  0.390950E-02  0.266699E-03  0.635423E-06 -0.153089E-05
230.000  140.0000  0.101825E+04  0.313179E+00 -0.640603E+00  0.750671E+00  0.726814E-03  0.391265E-02  0.248523E-03  0.607029E-06 -0.127967E-05
230.000  150.0000  0.101177E+04  0.318700E+00 -0.655109E+00  0.789815E+00  0.717570E-03  0.391627E-02  0.232794E-03  0.580880E-06 -0.107440E-05
230.000  160.0000  0.100515E+04  0.324745E+00 -0.669108E+00  0.828998E+00  0.708014E-03  0.392037E-02  0.219095E-03  0.556668E-06 -0.905517E-06
230.000  170.0000  0.998392E+03  0.331306E+00 -0.682624E+00  0.868224E+00  0.698131E-03  0.392492E-02  0.207089E-03  0.534152E-06 -0.765717E-06
230.000  180.0000  0.991500E+03  0.338378E+00 -0.695685E+00  0.907498E+00  0.687895E-03  0.392992E-02  0.196508E-03  0.513137E-06 -0.649340E-06
230.000  190.0000  0.984479E+03  0.345959E+00 -0.708320E+00  0.946824E+00  0.677282E-03  0.393534E-02  0.187132E-03  0.493468E-06 -0.551965E-06
230.000  200.0000  0.977335E+03  0.354050E+00 -0.720561E+00  0.986206E+00  0.666261E-03  0.394117E-02  0.178784E-03  0.475018E-06 -0.470107E-06
230.000  210.0000  0.970069E+03  0.362655E+00 -0.732436E+00  0.102565E+01  0.654804E-03  0.394737E-02  0.171315E-03  0.457686E-06 -0.400997E-06
230.000  220.0000  0.962687E+03  0.371782E+00 -0.743974E+00  0.106515E+01  0.642877E-03  0.395392E-02  0.164604E-03  0.441388E-06 -0.342417E-06
230.000  230.0000  0.955191E+03  0.381436E+00 -0.755200E+00  0.110473E+01  0.630446E-03  0.396080E-02  0.158549E-03  0.426055E-06 -0.292582E-06
230.000  240.0000  0.947584E+03  0.391628E+00 -0.766135E+00  0.114437E+01  0.617477E-03  0.396800E-02  0.153065E-03  0.411630E-06 -0.250045E-06
230.000  250.0000  0.939869E+03  0.402367E+00 -0.776800E+00  0.118409E+01  0.603933E-03  0.397548E-02  0.148078E-03  0.398066E-06 -0.213624E-06
230.000  260.0000  0.932049E+03  0.413666E+00 -0.787209E+00  0.122388E+01  0.589777E-03  0.398322E-02  0.143529E-03  0.385322E-06 -0.182352E-06
230.000  270.0000  0.924126E+03  0.425535E+00 -0.797376E+00  0.126375E+01  0.574973E-03  0.399122E-02  0.139363E-03  0.373364E-06 -0.155433E-06
230.000  280.0000  0.916102E+03  0.437986E+00 -0.807308E+00  0.130371E+01  0.559481E-03  0.399945E-02  0.135537E-03  0.362162E-06 -0.132206E-06
230.000  290.0000  0.907980E+03  0.451032E+00 -0.817011E+00  0.134374E+01  0.543263E-03  0.400788E-02  0.132012E-03  0.351688E-06 -0.112124E-06
230.000  300.0000  0.899763E+03  0.464684E+00 -0.826487E+00  0.138387E+01  0.526280E-03  0.401651E-02  0.128752E-03  0.341919E-06 -0.947295E-07
230.000  310.0000  0.891451E+03  0.478953E+00 -0.835734E+00  0.142407E+01  0.508495E-03  0.402531E-02  0.125730E-03  0.332832E-06 -0.796382E-07
230.000  320.0000  0.883049E+03  0.493849E+00 -0.844748E+00  0.146437E+01  0.489868E-03  0.403426E-02  0.122920E-03  0.324405E-06 -0.665278E-07
230.000  330.0000  0.874557E+03  0.509382E+00 -0.853522E+00  0.150476E+01  0.470361E-03  0.404335E-02  0.120298E-03  0.316615E-06 -0.551260E-07
230.000  340.0000  0.865979E+03  0.525559E+00 -0.862046E+00  0.154524E+01  0.449936E-03  0.405255E-02  0.117846E-03  0.309443E-06 -0.452019E-07
230.000  350.0000  0.857317E+03  0.542386E+00 -0.870306E+00  0.158581E+01  0.428557E-03  0.406184E-02  0.115544E-03  0.302866E-06 -0.365589E-07
230.000  360.0000  0.848574E+03  0.559867E+00 -0.878288E+00  0.162648E+01  0.406188E-03  0.407121E-02  0.113378E-03  0.296860E-06 -0.290293E-07
230.000  370.0000  0.839752E+03  0.578004E+00 -0.885973E+00  0.166724E+01  0.382793E-03  0.408063E-02  0.111333E-03  0.291402E-06 -0.224695E-07
230.000  380.0000  0.830855E+03  0.596796E+00 -0.893343E+00  0.170809E+01  0.358340E-03  0.409008E-02  0.109397E-03  0.286466E-06 -0.167558E-07
230.000  390.0000  0.821887E+03  0.616238E+00 -0.900375E+00  0.174904E+01  0.332797E-03  0.409954E-02  0.107560E-03  0.282025E-06 -0.117814E-07
230.000  400.0000  0.812849E+03  0.636322E+00 -0.907047E+00  0.179008E+01  0.306136E-03  0.410897E-02  0.105810E-03  0.278050E-06 -0.745399E-08
230.000  410.0000  0.803747E+03  0.657038E+00 -0.913333E+00  0.183122E+01  0.278331E-03  0.411837E-02  0.104140E-03  0.274512E-06 -0.369307E-08
230.000  420.0000  0.794584E+03  0.678369E+00 -0.919206E+00  0.187245E+01  0.249361E-03  0.412769E-02  0.102541E-03  0.271376E-06 -0.428498E-09
230.000  430.0000  0.785364E+03  0.700295E+00 -0.924636E+00  0.191377E+01  0.219209E-03  0.413691E-02  0.101006E-03  0.268609E-06  0.240120E-08
230.000  440.0000  0.776093E+03  0.722789E+00 -0.929593E+00  0.195518E+01  0.187865E-03  0.414598E-02  0.995298E-04  0.266174E-06  0.485003E-08
230.000  450.0000  0.766774E+03  0.745819E+00 -0.934044E+00  0.199669E+01  0.155324E-03  0.415488E-02  0.981065E-04  0.264033E-06  0.696557E-08
230.000  460.0000  0.757414E+03  0.769346E+00 -0.937952E+00  0.203828E+01  0.121593E-03  0.416355E-02  0.967315E-04  0.262146E-06  0.878990E-08
230.000  470.0000  0.748017E+03  0.793325E+00 -0.941282E+00  0.207996E+01  0.866881E-04  0.417193E-02  0.954007E-04  0.260471E-06  0.103602E-07
230.000  480.0000  0.738590E+03  0.817701E+00 -0.943993E+00  0.212172E+01  0.506370E-04  0.417998E-02  0.941108E-04  0.258967E-06  0.117097E-07
230.000  490.0000  0.729139E+03  0.842414E+00 -0.946043E+00  0.216356E+01  0.134827E-04  0.418761E-02  0.928587E-04  0.257589E-06  0.128675E-07
230.000  500.0000  0.719672E+03  0.867391E+00 -0.947390E+00  0.220547E+01 -0.247163E-04  0.419475E-02  0.916423E-04  0.256295E-06  0.138598E-07
230.000  510.0000  0.710194E+03  0.892555E+00 -0.947988E+00  0.224745E+01 -0.638835E-04  0.420131E-02  0.904594E-04  0.255040E-06  0.147097E-07
230.000  520.0000  0.700714E+03  0.917817E+00 -0.947794E+00  0.228949E+01 -0.103924E-03  0.420719E-02  0.893088E-04  0.253783E-06  0.154377E-07
230.000  530.0000  0.691241E+03  0.943080E+00 -0.946763E+00  0.233159E+01 -0.144721E-03  0.421229E-02  0.881893E-04  0.252481E-06  0.160620E-07
230.000  540.0000  0.681782E+03  0.968242E+00 -0.944853E+00  0.237374E+01 -0.186141E-03  0.421649E-02  0.871001E-04  0.251096E-06  0.165986E-07
230.000  550.0000  0.672347E+03  0.993192E+00 -0.942025E+00  0.241592E+01 -0.228027E-03  0.421969E-02  0.860409E-04  0.249591E-06  0.170616E-07
230.000  560.0000  0.662945E+03  0.101781E+01 -0.938248E+00  0.245813E+01 -0.270206E-03  0.422177E-02  0.850114E-04  0.247932E-06  0.174633E-07
230.000  570.0000  0.653585E+03  0.104199E+01 -0.933492E+00  0.250035E+01 -0.312489E-03  0.422261E-02  0.840117E-04  0.246091E-06  0.178144E-07
230.000  580.0000  0.644278E+03  0.106561E+01 -0.927741E+00  0.254257E+01 -0.354672E-03  0.422212E-02  0.830420E-04  0.244045E-06  0.181241E-07
230.000  590.0000  0.635034E+03  0.108855E+01 -0.920986E+00  0.258479E+01 -0.396543E-03  0.422020E-02  0.821027E-04  0.241773E-06  0.184003E-07
230.000  600.0000  0.625862E+03  0.111069E+01 -0.913228E+00  0.262697E+01 -0.437887E-03  0.421678E-02  0.811941E-04  0.239263E-06  0.186497E-07
240.000    0.0000  0.109476E+04  0.309352E+00 -0.394608E+00  0.215464E+00  0.823508E-03  0.372511E-02  0.170002E-02  0.226165E-05 -0.472889E-04
240.000   10.0000  0.109065E+04  0.302701E+00 -0.424337E+00  0.253151E+00  0.815875E-03  0.380338E-02  0.130788E-02  0.182258E-05 -0.304851E-04
240.000   20.0000  0.108630E+04  0.297209E+00 -0.444154E+00  0.291407E+00  0.810216E-03  0.384350E-02  0.104532E-02  0.152603E-05 -0.208794E-04
240.000   30.0000  0.108178E+04  0.292970E+00 -0.460567E+00  0.329959E+00  0.805094E-03  0.386485E-02  0.859758E-03  0.131955E-05 -0.149612E-04
240.000   40.0000  0.107709E+04  0.289961E+00 -0.476266E+00  0.368672E+00  0.799867E-03  0.387668E-02  0.723123E-03  0.116966E-05 -0.110918E-04
240.000   50.0000  0.107225E+04  0.288099E+00 -0.492177E+00  0.407476E+00  0.794281E-03  0.388346E-02  0.619296E-03  0.105622E-05 -0.844005E-05
240.000   60.0000  0.106725E+04  0.287281E+00 -0.508477E+00  0.446332E+00  0.788264E-03  0.388748E-02  0.538422E-03  0.967062E-06 -0.655379E-05
240.000   70.0000  0.106208E+04  0.287403E+00 -0.525053E+00  0.485221E+00  0.781822E-03  0.389000E-02  0.474162E-03  0.894683E-06 -0.517178E-05
240.000   80.0000  0.105675E+04  0.288371E+00 -0.541712E+00  0.524130E+00  0.774988E-03  0.389176E-02  0.422257E-03  0.834312E-06 -0.413494E-05
240.000   90.0000  0.105125E+04  0.290105E+00 -0.558266E+00  0.563055E+00  0.767800E-03  0.389324E-02  0.379749E-03  0.782818E-06 -0.334196E-05
240.000  100.0000  0.104558E+04  0.292536E+00 -0.574562E+00  0.601995E+00  0.760292E-03  0.389472E-02  0.344517E-03  0.738080E-06 -0.272580E-05
240.000  110.0000  0.103976E+04  0.295608E+00 -0.590488E+00  0.640950E+00  0.752488E-03  0.389641E-02  0.315007E-03  0.698616E-06 -0.224062E-05
240.000  120.0000  0.103378E+04  0.299278E+00 -0.605972E+00  0.679924E+00  0.744401E-03  0.389842E-02  0.290058E-03  0.663363E-06 -0.185424E-05
240.000  130.0000  0.102764E+04  0.303510E+00 -0.620971E+00  0.718920E+00  0.736044E-03  0.390085E-02  0.268784E-03  0.631538E-06 -0.154352E-05
240.000  140.0000  0.102136E+04  0.308277E+00 -0.635464E+00  0.757942E+00  0.727413E-03  0.390372E-02  0.250503E-03  0.602554E-06 -0.129147E-05
240.000  150.0000  0.101493E+04  0.313558E+00 -0.649451E+00  0.796996E+00  0.718499E-03  0.390705E-02  0.234683E-03  0.575961E-06 -0.108547E-05
240.000  160.0000  0.100837E+04  0.319340E+00 -0.662944E+00  0.836085E+00  0.709292E-03  0.391083E-02  0.220901E-03  0.551410E-06 -0.915934E-06
240.000  170.0000  0.100168E+04  0.325611E+00 -0.675961E+00  0.875214E+00  0.699777E-03  0.391506E-02  0.208821E-03  0.528631E-06 -0.775554E-06
240.000  180.0000  0.994853E+03  0.332366E+00 -0.688526E+00  0.914387E+00  0.689931E-03  0.391970E-02  0.198173E-03  0.507406E-06 -0.658659E-06
240.000  190.0000  0.987907E+03  0.339602E+00 -0.700667E+00  0.953609E+00  0.679734E-03  0.392475E-02  0.188737E-03  0.487564E-06 -0.560822E-06
240.000  200.0000  0.980841E+03  0.347318E+00 -0.712411E+00  0.992884E+00  0.669159E-03  0.393017E-02  0.180335E-03  0.468966E-06 -0.478548E-06
240.000  210.0000  0.973660E+03  0.355517E+00 -0.723786E+00  0.103221E+01  0.658179E-03  0.393593E-02  0.172816E-03  0.451502E-06 -0.409064E-06
240.000  220.0000  0.966367E+03  0.364204E+00 -0.734817E+00  0.107160E+01  0.646766E-03  0.394202E-02  0.166060E-03  0.435080E-06 -0.350146E-06
240.000  230.0000  0.958965E+03  0.373384E+00 -0.745528E+00  0.111106E+01  0.634889E-03  0.394840E-02  0.159964E-03  0.419628E-06 -0.300004E-06
240.000  240.0000  0.951457E+03  0.383063E+00 -0.755941E+00  0.115057E+01  0.622517E-03  0.395506E-02  0.154442E-03  0.405085E-06 -0.257186E-06
240.000  250.0000  0.943847E+03  0.393251E+00 -0.766073E+00  0.119016E+01  0.609618E-03  0.396197E-02  0.149421E-03  0.391400E-06 -0.220508E-06
240.000  260.0000  0.936136E+03  0.403956E+00 -0.775940E+00  0.122981E+01  0.596158E-03  0.396912E-02  0.144840E-03  0.378530E-06 -0.188999E-06
240.000  270.0000  0.928329E+03  0.415187E+00 -0.785553E+00  0.126954E+01  0.582106E-03  0.397647E-02  0.140646E-03  0.366440E-06 -0.161860E-06
240.000  280.0000  0.920426E+03  0.426953E+00 -0.794921E+00  0.130934E+01  0.567428E-03  0.398403E-02  0.136794E-03  0.355099E-06 -0.138428E-06
240.000  290.0000  0.912431E+03  0.439265E+00 -0.804050E+00  0.134922E+01  0.552089E-03  0.399175E-02  0.133245E-03  0.344479E-06 -0.118154E-06
240.000  300.0000  0.904346E+03  0.452130E+00 -0.812941E+00  0.138918E+01  0.536056E-03  0.399963E-02  0.129965E-03  0.334555E-06 -0.100578E-06
240.000  310.0000  0.896173E+03  0.465558E+00 -0.821595E+00  0.142921E+01  0.519296E-03  0.400765E-02  0.126925E-03  0.325304E-06 -0.853145E-07
240.000  320.0000  0.887915E+03  0.479555E+00 -0.830007E+00  0.146933E+01  0.501776E-03  0.401578E-02  0.124098E-03  0.316704E-06 -0.720404E-07
240.000  330.0000  0.879574E+03  0.494130E+00 -0.838172E+00  0.150953E+01  0.483463E-03  0.402402E-02  0.121462E-03  0.308733E-06 -0.604818E-07
240.000  340.0000  0.871152E+03  0.509286E+00 -0.846080E+00  0.154981E+01  0.464324E-03  0.403233E-02  0.118998E-03  0.301372E-06 -0.504069E-07
240.000  350.0000  0.862653E+03  0.525029E+00 -0.853721E+00  0.159018E+01  0.444330E-03  0.404071E-02  0.116686E-03  0.294597E-06 -0.416185E-07
240.000  360.0000  0.854079E+03  0.541359E+00 -0.861082E+00  0.163063E+01  0.423449E-03  0.404912E-02  0.114512E-03  0.288387E-06 -0.339481E-07
240.000  370.0000  0.845432E+03  0.558277E+00 -0.868147E+00  0.167116E+01  0.401653E-03  0.405756E-02  0.112461E-03  0.282718E-06 -0.272515E-07
240.000  380.0000  0.836717E+03  0.575780E+00 -0.874900E+00  0.171178E+01  0.378915E-03  0.406599E-02  0.110522E-03  0.277567E-06 -0.214048E-07
240.000  390.0000  0.827935E+03  0.593863E+00 -0.881322E+00  0.175248E+01  0.355209E-03  0.407441E-02  0.108682E-03  0.272907E-06 -0.163008E-07
240.000  400.0000  0.819092E+03  0.612518E+00 -0.887392E+00  0.179327E+01  0.330512E-03  0.408278E-02  0.106932E-03  0.268711E-06 -0.118470E-07
240.000  410.0000  0.810189E+03  0.631733E+00 -0.893090E+00  0.183413E+01  0.304804E-03  0.409109E-02  0.105263E-03  0.264951E-06 -0.796281E-08
240.000  420.0000  0.801231E+03  0.651494E+00 -0.898393E+00  0.187509E+01  0.278067E-03  0.409931E-02  0.103666E-03  0.261595E-06 -0.457799E-08
240.000  430.0000  0.792222E+03  0.671780E+00 -0.903276E+00  0.191612E+01  0.250288E-03  0.410741E-02  0.102136E-03  0.258612E-06 -0.163110E-08
240.000  440.0000  0.783167E+03  0.692569E+00 -0.907712E+00  0.195723E+01  0.221460E-03  0.411536E-02  0.100666E-03  0.255968E-06  0.931812E-09
240.000  450.0000  0.774070E+03  0.713832E+00 -0.911676E+00  0.199843E+01  0.191581E-03  0.412314E-02  0.992492E-04  0.253626E-06  0.315824E-08
240.000  460.0000  0.764935E+03  0.735534E+00 -0.915137E+00  0.203970E+01  0.160655E-03  0.413070E-02  0.978823E-04  0.251551E-06  0.509012E-08
240.000  470.0000  0.755769E+03  0.757637E+00 -0.918066E+00  0.208104E+01  0.128696E-03  0.413799E-02  0.965605E-04  0.249704E-06  0.676456E-08
240.000  480.0000  0.746576E+03  0.780094E+00 -0.920428E+00  0.212246E+01  0.957281E-04  0.414498E-02  0.952804E-04  0.248045E-06  0.821446E-08
240.000  490.0000  0.737362E+03  0.802852E+00 -0.922191E+00  0.216394E+01  0.617856E-04  0.415160E-02  0.940387E-04  0.246535E-06  0.946901E-08
240.000  500.0000  0.728134E+03  0.825852E+00 -0.923320E+00  0.220549E+01  0.269168E-04  0.415778E-02  0.928331E-04  0.245133E-06  0.105541E-07
240.000  510.0000  0.718898E+03  0.849027E+00 -0.923777E+00  0.224709E+01 -0.881634E-05  0.416347E-02  0.916613E-04  0.243800E-06  0.114929E-07
240.000  520.0000  0.709661E+03  0.872303E+00 -0.923526E+00  0.228875E+01 -0.453360E-04  0.416857E-02  0.905216E-04  0.242495E-06  0.123056E-07
240.000  530.0000  0.700430E+03  0.895599E+00 -0.922530E+00  0.233046E+01 -0.825479E-04  0.417300E-02  0.894129E-04  0.241180E-06  0.130105E-07
240.000  540.0000  0.691213E+03  0.918828E+00 -0.920753E+00  0.237221E+01 -0.120341E-03  0.417667E-02  0.883341E-04  0.239817E-06  0.136236E-07
240.000  550.0000  0.682018E+03  0.941896E+00 -0.918163E+00  0.241399E+01 -0.158588E-03  0.417949E-02  0.872845E-04  0.238372E-06  0.141588E-07
240.000  560.0000  0.672852E+03  0.964707E+00 -0.914730E+00  0.245580E+01 -0.197145E-03  0.418135E-02  0.862638E-04  0.236812E-06  0.146286E-07
240.000  570.0000  0.663726E+03  0.987160E+00 -0.910429E+00  0.249762E+01 -0.235853E-03  0.418215E-02  0.852719E-04  0.235110E-06  0.150437E-07
240.000  580.0000  0.654647E+03  0.100915E+01 -0.905242E+00  0.253944E+01 -0.274543E-03  0.418182E-02  0.843087E-04  0.233239E-06  0.154136E-07
240.000  590.0000  0.645624E+03  0.103059E+01 -0.899157E+00  0.258125E+01 -0.313033E-03  0.418025E-02  0.833745E-04  0.231181E-06  0.157462E-07
240.000  600.0000  0.636667E+03  0.105136E+01 -0.892172E+00  0.262304E+01 -0.351138E-03  0.417738E-02  0.824694E-04  0.228918E-06  0.160484E-07
250.000    0.0000  0.109783E+04  0.304227E+00 -0.401505E+00  0.223681E+00  0.819894E-03  0.371580E-02  0.171033E-02  0.247434E-05 -0.474715E-04
250.000   10.0000  0.109365E+04  0.298030E+00 -0.430237E+00  0.261293E+00  0.812514E-03  0.379721E-02  0.131568E-02  0.195510E-05 -0.305873E-04
250.000   20.0000  0.108925E+04  0.292878E+00 -0.448878E+00  0.299493E+00  0.807152E-03  0.383842E-02  0.105156E-02  0.160995E-05 -0.209443E-04
250.000   30.0000  0.108469E+04  0.288877E+00 -0.464083E+00  0.337996E+00  0.802348E-03  0.385991E-02  0.864958E-03  0.137335E-05 -0.150074E-04
250.000   40.0000  0.107997E+04  0.286023E+00 -0.478625E+00  0.376659E+00  0.797442E-03  0.387146E-02  0.727589E-03  0.120429E-05 -0.111276E-04
250.000   50.0000  0.107511E+04  0.284250E+00 -0.493470E+00  0.415408E+00  0.792173E-03  0.387781E-02  0.623217E-03  0.107830E-05 -0.846957E-05
250.000   60.0000  0.107010E+04  0.283467E+00 -0.508803E+00  0.454206E+00  0.786463E-03  0.388140E-02  0.541923E-03  0.980734E-06 -0.657912E-05
250.000   70.0000  0.106494E+04  0.283581E+00 -0.524508E+00  0.493031E+00  0.780318E-03  0.388350E-02  0.477328E-03  0.902607E-06 -0.519407E-05
250.000   80.0000  0.105961E+04  0.284504E+00 -0.540380E+00  0.531874E+00  0.773774E-03  0.388489E-02  0.425152E-03  0.838241E-06 -0.415488E-05
250.000   90.0000  0.105413E+04  0.286161E+00 -0.556220E+00  0.570728E+00  0.766871E-03  0.388603E-02  0.382419E-03  0.783934E-06 -0.336000E-05
250.000  100.0000  0.104849E+04  0.288487E+00 -0.571861E+00  0.609594E+00  0.759644E-03  0.388720E-02  0.346998E-03  0.737192E-06 -0.274225E-05
250.000  110.0000  0.104269E+04  0.291429E+00 -0.587183E+00  0.648473E+00  0.752120E-03  0.388860E-02  0.317327E-03  0.696287E-06 -0.225573E-05
250.000  120.0000  0.103675E+04  0.294945E+00 -0.602100E+00  0.687368E+00  0.744323E-03  0.389035E-02  0.292239E-03  0.659990E-06 -0.186820E-05
250.000  130.0000  0.103065E+04  0.298999E+00 -0.616563E+00  0.726282E+00  0.736257E-03  0.389251E-02  0.270845E-03  0.627403E-06 -0.155646E-05
250.000  140.0000  0.102442E+04  0.303566E+00 -0.630544E+00  0.765219E+00  0.727926E-03  0.389510E-02  0.252459E-03  0.597857E-06 -0.130354E-05
250.000  150.0000  0.101804E+04  0.308625E+00 -0.644036E+00  0.804185E+00  0.719327E-03  0.389815E-02  0.236545E-03  0.570846E-06 -0.109676E-05
250.000  160.0000  0.101154E+04  0.314160E+00 -0.657047E+00  0.843184E+00  0.710449E-03  0.390164E-02  0.222680E-03  0.545981E-06 -0.926548E-06
250.000  170.0000  0.100490E+04  0.320161E+00 -0.669590E+00  0.882219E+00  0.701280E-03  0.390556E-02  0.210526E-03  0.522961E-06 -0.785567E-06
250.000  180.0000  0.998148E+03  0.326621E+00 -0.681686E+00  0.921296E+00  0.691802E-03  0.390988E-02  0.199811E-03  0.501546E-06 -0.668139E-06
250.000  190.0000  0.991272E+03  0.333536E+00 -0.693360E+00  0.960418E+00  0.681995E-03  0.391457E-02  0.190315E-03  0.481550E-06 -0.569826E-06
250.000  200.0000  0.984282E+03  0.340905E+00 -0.704637E+00  0.999589E+00  0.671837E-03  0.391961E-02  0.181858E-03  0.462823E-06 -0.487128E-06
250.000  210.0000  0.977181E+03  0.348728E+00 -0.715541E+00  0.103881E+01  0.661304E-03  0.392497E-02  0.174289E-03  0.445244E-06 -0.417262E-06
250.000  220.0000  0.969972E+03  0.357009E+00 -0.726099E+00  0.107809E+01  0.650369E-03  0.393063E-02  0.167488E-03  0.428717E-06 -0.358000E-06
250.000  230.0000  0.962660E+03  0.365750E+00 -0.736330E+00  0.111742E+01  0.639006E-03  0.393655E-02  0.161350E-03  0.413164E-06 -0.307546E-06
250.000  240.0000  0.955247E+03  0.374958E+00 -0.746257E+00  0.115682E+01  0.627186E-03  0.394272E-02  0.155790E-03  0.398519E-06 -0.264444E-06
250.000  250.0000  0.947736E+03  0.384639E+00 -0.755895E+00  0.119628E+01  0.614883E-03  0.394911E-02  0.150734E-03  0.384730E-06 -0.227506E-06
250.000  260.0000  0.940130E+03  0.394800E+00 -0.765260E+00  0.123580E+01  0.602065E-03  0.395570E-02  0.146121E-03  0.371752E-06 -0.195758E-06
250.000  270.0000  0.932431E+03  0.405447E+00 -0.774363E+00  0.127539E+01  0.588705E-03  0.396248E-02  0.141898E-03  0.359548E-06 -0.168397E-06
250.000  280.0000  0.924643E+03  0.416588E+00 -0.783212E+00  0.131505E+01  0.574772E-03  0.396942E-02  0.138019E-03  0.348086E-06 -0.144759E-06
250.000  290.0000  0.916768E+03  0.428230E+00 -0.791814E+00  0.135478E+01  0.560236E-03  0.397649E-02  0.134446E-03  0.337338E-06 -0.124292E-06
250.000  300.0000  0.908808E+03  0.440381E+00 -0.800171E+00  0.139458E+01  0.545069E-03  0.398370E-02  0.131144E-03  0.327277E-06 -0.106533E-06
250.000  310.0000  0.900765E+03  0.453045E+00 -0.808284E+00  0.143446E+01  0.529242E-03  0.399101E-02  0.128084E-03  0.317882E-06 -0.910981E-07
250.000  320.0000  0.892643E+03  0.466230E+00 -0.816148E+00  0.147440E+01  0.512725E-03  0.399840E-02  0.125240E-03  0.309129E-06 -0.776601E-07
250.000  330.0000  0.884443E+03  0.479940E+00 -0.823760E+00  0.151443E+01  0.495491E-03  0.400587E-02  0.122589E-03  0.300998E-06 -0.659449E-07
250.000  340.0000  0.876169E+03  0.494178E+00 -0.831113E+00  0.155452E+01  0.477512E-03  0.401338E-02  0.120111E-03  0.293467E-06 -0.557195E-07
250.000  350.0000  0.867822E+03  0.508947E+00 -0.838195E+00  0.159469E+01  0.458763E-03  0.402093E-02  0.117788E-03  0.286516E-06 -0.467861E-07
250.000  360.0000  0.859406E+03  0.524246E+00 -0.844998E+00  0.163494E+01  0.439217E-03  0.402849E-02  0.115605E-03  0.280124E-06 -0.389754E-07
250.000  370.0000  0.850923E+03  0.540074E+00 -0.851506E+00  0.167526E+01  0.418851E-03  0.403604E-02  0.113547E-03  0.274268E-06 -0.321429E-07
250.000  380.0000  0.842377E+03  0.556428E+00 -0.857706E+00  0.171566E+01  0.397642E-03  0.404358E-02  0.111602E-03  0.268923E-06 -0.261639E-07
250.000  390.0000  0.833770E+03  0.573302E+00 -0.863583E+00  0.175613E+01  0.375570E-03  0.405107E-02  0.109758E-03  0.264067E-06 -0.209313E-07
250.000  400.0000  0.825106E+03  0.590688E+00 -0.869117E+00  0.179668E+01  0.352615E-03  0.405850E-02  0.108006E-03  0.259672E-06 -0.163520E-07
250.000  410.0000  0.816389E+03  0.608574E+00 -0.874293E+00  0.183730E+01  0.328761E-03  0.406584E-02  0.106336E-03  0.255713E-06 -0.123455E-07
250.000  420.0000  0.807621E+03  0.626945E+00 -0.879089E+00  0.187800E+01  0.303995E-03  0.407309E-02  0.104741E-03  0.252159E-06 -0.884139E-08
250.000  430.0000  0.798808E+03  0.645785E+00 -0.883486E+00  0.191877E+01  0.278306E-03  0.408020E-02  0.103213E-03  0.248982E-06 -0.577820E-08
250.000  440.0000  0.789953E+03  0.665072E+00 -0.887462E+00  0.195960E+01  0.251689E-03  0.408717E-02  0.101746E-03  0.246148E-06 -0.310202E-08
250.000  450.0000  0.781061E+03  0.684780E+00 -0.890994E+00  0.200051E+01  0.224142E-03  0.409396E-02  0.100335E-03  0.243625E-06 -0.765402E-09
250.000  460.0000  0.772135E+03  0.704879E+00 -0.894058E+00  0.204148E+01  0.195671E-03  0.410054E-02  0.989745E-04  0.241379E-06  0.127350E-08
250.000  470.0000  0.763181E+03  0.725335E+00 -0.896628E+00  0.208252E+01  0.166286E-03  0.410687E-02  0.976600E-04  0.239374E-06  0.305170E-08
250.000  480.0000  0.754204E+03  0.746108E+00 -0.898679E+00  0.212362E+01  0.136008E-03  0.411292E-02  0.963878E-04  0.237573E-06  0.460196E-08
250.000  490.0000  0.745209E+03  0.767152E+00 -0.900183E+00  0.216478E+01  0.104866E-03  0.411864E-02  0.951549E-04  0.235940E-06  0.595337E-08
250.000  500.0000  0.736202E+03  0.788417E+00 -0.901110E+00  0.220599E+01  0.728980E-04  0.412398E-02  0.939584E-04  0.234437E-06  0.713173E-08
250.000  510.0000  0.727189E+03  0.809846E+00 -0.901431E+00  0.224725E+01  0.401564E-04  0.412888E-02  0.927961E-04  0.233026E-06  0.815999E-08
250.000  520.0000  0.718176E+03  0.831377E+00 -0.901114E+00  0.228857E+01  0.670467E-05  0.413327E-02  0.916661E-04  0.231670E-06  0.905848E-08
250.000  530.0000  0.709169E+03  0.852940E+00 -0.900131E+00  0.232992E+01 -0.273799E-04  0.413709E-02  0.905669E-04  0.230334E-06  0.984525E-08
250.000  540.0000  0.700175E+03  0.874461E+00 -0.898450E+00  0.237130E+01 -0.620058E-04  0.414025E-02  0.894973E-04  0.228982E-06  0.105363E-07
250.000  550.0000  0.691202E+03  0.895863E+00 -0.896044E+00  0.241272E+01 -0.970674E-04  0.414269E-02  0.884566E-04  0.227580E-06  0.111456E-07
250.000  560.0000  0.682257E+03  0.917061E+00 -0.892887E+00  0.245416E+01 -0.132445E-03  0.414430E-02  0.874440E-04  0.226098E-06  0.116856E-07
250.000  570.0000  0.673347E+03  0.937969E+00 -0.888955E+00  0.249560E+01 -0.168007E-03  0.414502E-02  0.864594E-04  0.224508E-06  0.121673E-07
250.000  580.0000  0.664481E+03  0.958501E+00 -0.884232E+00  0.253705E+01 -0.203609E-03  0.414475E-02  0.855025E-04  0.222784E-06  0.125999E-07
250.000  590.0000  0.655665E+03  0.978568E+00 -0.878705E+00  0.257849E+01 -0.239097E-03  0.414342E-02  0.845734E-04  0.220906E-06  0.129917E-07
250.000  600.0000  0.646909E+03  0.998083E+00 -0.872368E+00  0.261992E+01 -0.274312E-03  0.414097E-02  0.836721E-04  0.218855E-06  0.133498E-07
260.000    0.0000  0.110084E+04  0.299291E+00 -0.407908E+00  0.231863E+00  0.816452E-03  0.370669E-02  0.172134E-02  0.268566E-05 -0.476944E-04
260.000   10.0000  0.109661E+04  0.293517E+00 -0.435755E+00  0.269402E+00  0.809296E-03  0.379130E-02  0.132388E-02  0.208632E-05 -0.307115E-04
260.000   20.0000  0.109216E+04  0.288683E+00 -0.453325E+00  0.307550E+00  0.804205E-03  0.383364E-02  0.105803E-02  0.169270E-05 -0.210220E-04
260.000   30.0000  0.108756E+04  0.284909E+00 -0.467410E+00  0.346006E+00  0.799693E-03  0.385527E-02  0.870293E-03  0.142614E-05 -0.150614E-04
260.000   40.0000  0.108282E+04  0.282205E+00 -0.480866E+00  0.384621E+00  0.795088E-03  0.386654E-02  0.732131E-03  0.123803E-05 -0.111685E-04
260.000   50.0000  0.107794E+04  0.280518E+00 -0.494702E+00  0.423320E+00  0.790115E-03  0.387248E-02  0.627177E-03  0.109961E-05 -0.850240E-05
260.000   60.0000  0.107292E+04  0.279770E+00 -0.509116E+00  0.462062E+00  0.784696E-03  0.387561E-02  0.545439E-03  0.993741E-06 -0.660669E-05
260.000   70.0000  0.106775E+04  0.279878E+00 -0.523988E+00  0.500827E+00  0.778834E-03  0.387729E-02  0.480496E-03  0.909957E-06 -0.521793E-05
260.000   80.0000  0.106244E+04  0.280761E+00 -0.539107E+00  0.539605E+00  0.772565E-03  0.387830E-02  0.428039E-03  0.841674E-06 -0.417595E-05
260.000   90.0000  0.105697E+04  0.282346E+00 -0.554261E+00  0.578392E+00  0.765928E-03  0.387909E-02  0.385074E-03  0.784617E-06 -0.337887E-05
260.000  100.0000  0.105135E+04  0.284575E+00 -0.569275E+00  0.617187E+00  0.758974E-03  0.387996E-02  0.349460E-03  0.735925E-06 -0.275933E-05
260.000  110.0000  0.104559E+04  0.287396E+00 -0.584015E+00  0.655992E+00  0.751722E-03  0.388108E-02  0.319626E-03  0.693627E-06 -0.227132E-05
260.000  120.0000  0.103968E+04  0.290767E+00 -0.598389E+00  0.694810E+00  0.744195E-03  0.388256E-02  0.294398E-03  0.656325E-06 -0.188253E-05
260.000  130.0000  0.103362E+04  0.294655E+00 -0.612337E+00  0.733645E+00  0.736407E-03  0.388445E-02  0.272882E-03  0.623009E-06 -0.156972E-05
260.000  140.0000  0.102743E+04  0.299035E+00 -0.625828E+00  0.772501E+00  0.728363E-03  0.388679E-02  0.254389E-03  0.592931E-06 -0.131586E-05
260.000  150.0000  0.102111E+04  0.303885E+00 -0.638848E+00  0.811382E+00  0.720061E-03  0.388957E-02  0.238381E-03  0.565530E-06 -0.110828E-05
260.000  160.0000  0.101465E+04  0.309190E+00 -0.651399E+00  0.850294E+00  0.711495E-03  0.389278E-02  0.224433E-03  0.540375E-06 -0.937355E-06
260.000  170.0000  0.100808E+04  0.314939E+00 -0.663491E+00  0.889239E+00  0.702653E-03  0.389641E-02  0.212204E-03  0.517135E-06 -0.795751E-06
260.000  180.0000  0.100139E+04  0.321125E+00 -0.675143E+00  0.928223E+00  0.693521E-03  0.390042E-02  0.201422E-03  0.495552E-06 -0.677774E-06
260.000  190.0000  0.994578E+03  0.327741E+00 -0.686375E+00  0.967249E+00  0.684081E-03  0.390478E-02  0.191866E-03  0.475422E-06 -0.578974E-06
260.000  200.0000  0.987660E+03  0.334787E+00 -0.697211E+00  0.100632E+01  0.674314E-03  0.390947E-02  0.183353E-03  0.456583E-06 -0.495842E-06
260.000  210.0000  0.980635E+03  0.342261E+00 -0.707674E+00  0.104544E+01  0.664198E-03  0.391446E-02  0.175734E-03  0.438907E-06 -0.425587E-06
260.000  220.0000  0.973508E+03  0.350165E+00 -0.717786E+00  0.108461E+01  0.653709E-03  0.391972E-02  0.168887E-03  0.422292E-06 -0.365975E-06
260.000  230.0000  0.966281E+03  0.358502E+00 -0.727569E+00  0.112383E+01  0.642825E-03  0.392522E-02  0.162707E-03  0.406653E-06 -0.315205E-06
260.000  240.0000  0.958958E+03  0.367274E+00 -0.737041E+00  0.116311E+01  0.631519E-03  0.393093E-02  0.157108E-03  0.391924E-06 -0.271815E-06
260.000  250.0000  0.951541E+03  0.376488E+00 -0.746220E+00  0.120245E+01  0.619767E-03  0.393685E-02  0.152016E-03  0.378047E-06 -0.234615E-06
260.000  260.0000  0.944034E+03  0.386148E+00 -0.755120E+00  0.124185E+01  0.607543E-03  0.394293E-02  0.147371E-03  0.364978E-06 -0.202625E-06
260.000  270.0000  0.936439E+03  0.396260E+00 -0.763751E+00  0.128131E+01  0.594820E-03  0.394917E-02  0.143118E-03  0.352676E-06 -0.175040E-06
260.000  280.0000  0.928760E+03  0.406828E+00 -0.772122E+00  0.132084E+01  0.581572E-03  0.395555E-02  0.139212E-03  0.341110E-06 -0.151195E-06
260.000  290.0000  0.920998E+03  0.417859E+00 -0.780239E+00  0.136042E+01  0.567773E-03  0.396203E-02  0.135614E-03  0.330251E-06 -0.130533E-06
260.000  300.0000  0.913156E+03  0.429357E+00 -0.788106E+00  0.140008E+01  0.553398E-03  0.396862E-02  0.132289E-03  0.320071E-06 -0.112592E-06
260.000  310.0000  0.905237E+03  0.441328E+00 -0.795723E+00  0.143980E+01  0.538421E-03  0.397528E-02  0.129209E-03  0.310549E-06 -0.969836E-07
260.000  320.0000  0.897242E+03  0.453775E+00 -0.803088E+00  0.147958E+01  0.522818E-03  0.398201E-02  0.126346E-03  0.301661E-06 -0.833814E-07
260.000  330.0000  0.889176E+03  0.466702E+00 -0.810197E+00  0.151944E+01  0.506563E-03  0.398878E-02  0.123679E-03  0.293388E-06 -0.715093E-07
260.000  340.0000  0.881039E+03  0.480109E+00 -0.817044E+00  0.155936E+01  0.489635E-03  0.399557E-02  0.121187E-03  0.285708E-06 -0.611336E-07
260.000  350.0000  0.872836E+03  0.493999E+00 -0.823621E+00  0.159935E+01  0.472010E-03  0.400238E-02  0.118852E-03  0.278601E-06 -0.520553E-07
260.000  360.0000  0.864568E+03  0.508370E+00 -0.829918E+00  0.163941E+01  0.453667E-03  0.400917E-02  0.116658E-03  0.272045E-06 -0.441048E-07
260.000  370.0000  0.856238E+03  0.523220E+00 -0.835925E+00  0.167953E+01  0.434585E-03  0.401594E-02  0.114591E-03  0.266020E-06 -0.371367E-07
260.000  380.0000  0.847850E+03  0.538544E+00 -0.841628E+00  0.171972E+01  0.414754E-03  0.402266E-02  0.112639E-03  0.260505E-06 -0.310262E-07
260.000  390.0000  0.839407E+03  0.554336E+00 -0.847015E+00  0.175998E+01  0.394136E-03  0.402933E-02  0.110790E-03  0.255471E-06 -0.256655E-07
260.000  400.0000  0.830911E+03  0.570589E+00 -0.852070E+00  0.180031E+01  0.372733E-03  0.403591E-02  0.109034E-03  0.250897E-06 -0.209615E-07
260.000  410.0000  0.822367E+03  0.587290E+00 -0.856778E+00  0.184070E+01  0.350530E-03  0.404240E-02  0.107362E-03  0.246759E-06 -0.168334E-07
260.000  420.0000  0.813777E+03  0.604427E+00 -0.861122E+00  0.188116E+01  0.327514E-03  0.404878E-02  0.105767E-03  0.243027E-06 -0.132108E-07
260.000  430.0000  0.805145E+03  0.621982E+00 -0.865086E+00  0.192168E+01  0.303676E-03  0.405502E-02  0.104240E-03  0.239674E-06 -0.100320E-07
260.000  440.0000  0.796476E+03  0.639937E+00 -0.868651E+00  0.196226E+01  0.279013E-03  0.406111E-02  0.102775E-03  0.236669E-06 -0.724319E-08
260.000  450.0000  0.787774E+03  0.658268E+00 -0.871798E+00  0.200290E+01  0.253525E-03  0.406702E-02  0.101368E-03  0.233981E-06 -0.479694E-08
260.000  460.0000  0.779042E+03  0.676950E+00 -0.874507E+00  0.204360E+01  0.227215E-03  0.407273E-02  0.100012E-03  0.231579E-06 -0.265145E-08
260.000  470.0000  0.770285E+03  0.695951E+00 -0.876758E+00  0.208435E+01  0.200094E-03  0.407822E-02  0.987026E-04  0.229429E-06 -0.769792E-09
260.000  480.0000  0.761508E+03  0.715237E+00 -0.878529E+00  0.212516E+01  0.172179E-03  0.408344E-02  0.974369E-04  0.227497E-06  0.880720E-09
260.000  490.0000  0.752716E+03  0.734768E+00 -0.879796E+00  0.216602E+01  0.143493E-03  0.408836E-02  0.962111E-04  0.225749E-06  0.232907E-08
260.000  500.0000  0.743914E+03  0.754502E+00 -0.880538E+00  0.220693E+01  0.114070E-03  0.409293E-02  0.950223E-04  0.224149E-06  0.360099E-08
260.000  510.0000  0.735107E+03  0.774389E+00 -0.880728E+00  0.224788E+01  0.839525E-04  0.409713E-02  0.938681E-04  0.222663E-06  0.471931E-08
260.000  520.0000  0.726302E+03  0.794375E+00 -0.880342E+00  0.228887E+01  0.531919E-04  0.410088E-02  0.927464E-04  0.221255E-06  0.570432E-08
260.000  530.0000  0.717503E+03  0.814403E+00 -0.879355E+00  0.232989E+01  0.218528E-04  0.410413E-02  0.916556E-04  0.219892E-06  0.657401E-08
260.000  540.0000  0.708717E+03  0.834408E+00 -0.877741E+00  0.237095E+01 -0.998911E-05  0.410682E-02  0.905942E-04  0.218540E-06  0.734431E-08
260.000  550.0000  0.699950E+03  0.854325E+00 -0.875477E+00  0.241203E+01 -0.422461E-04  0.410888E-02  0.895614E-04  0.217169E-06  0.802932E-08
260.000  560.0000  0.691209E+03  0.874081E+00 -0.872540E+00  0.245312E+01 -0.748184E-04  0.411024E-02  0.885564E-04  0.215747E-06  0.864144E-08
260.000  570.0000  0.682501E+03  0.893602E+00 -0.868910E+00  0.249423E+01 -0.107595E-03  0.411082E-02  0.875786E-04  0.214248E-06  0.919158E-08
260.000  580.0000  0.673833E+03  0.912813E+00 -0.864570E+00  0.253534E+01 -0.140454E-03  0.411056E-02  0.866277E-04  0.212646E-06  0.968925E-08
260.000  590.0000  0.665212E+03  0.931637E+00 -0.859509E+00  0.257644E+01 -0.173265E-03  0.410939E-02  0.857036E-04  0.210919E-06  0.101428E-07
260.000  600.0000  0.656646E+03  0.949997E+00 -0.853718E+00  0.261752E+01 -0.205891E-03  0.410723E-02  0.848063E-04  0.209051E-06  0.105592E-07
270.000    0.0000  0.110381E+04  0.294538E+00 -0.413857E+00  0.240011E+00  0.813174E-03  0.369777E-02  0.173305E-02  0.289552E-05 -0.479563E-04
270.000   10.0000  0.109953E+04  0.289155E+00 -0.440915E+00  0.277479E+00  0.806216E-03  0.378564E-02  0.133247E-02  0.221619E-05 -0.308571E-04
270.000   20.0000  0.109503E+04  0.284621E+00 -0.457509E+00  0.315578E+00  0.801366E-03  0.382913E-02  0.106473E-02  0.177424E-05 -0.211123E-04
270.000   30.0000  0.109039E+04  0.281062E+00 -0.470556E+00  0.353990E+00  0.797121E-03  0.385092E-02  0.875757E-03  0.147784E-05 -0.151231E-04
270.000   40.0000  0.108562E+04  0.278500E+00 -0.482995E+00  0.392561E+00  0.792800E-03  0.386192E-02  0.736745E-03  0.127084E-05 -0.112142E-04
270.000   50.0000  0.108073E+04  0.276896E+00 -0.495876E+00  0.431211E+00  0.788107E-03  0.386742E-02  0.631174E-03  0.112012E-05 -0.853846E-05
270.000   60.0000  0.107570E+04  0.276185E+00 -0.509414E+00  0.469900E+00  0.782962E-03  0.387010E-02  0.548970E-03  0.100607E-05 -0.663646E-05
270.000   70.0000  0.107054E+04  0.276288E+00 -0.523491E+00  0.508608E+00  0.777363E-03  0.387135E-02  0.483664E-03  0.916720E-06 -0.524332E-05
270.000   80.0000  0.106523E+04  0.277134E+00 -0.537888E+00  0.547325E+00  0.771360E-03  0.387197E-02  0.430916E-03  0.844600E-06 -0.419811E-05
270.000   90.0000  0.105978E+04  0.278654E+00 -0.552385E+00  0.586047E+00  0.764987E-03  0.387242E-02  0.387714E-03  0.784860E-06 -0.339854E-05
270.000  100.0000  0.105418E+04  0.280792E+00 -0.566795E+00  0.624774E+00  0.758285E-03  0.387298E-02  0.351903E-03  0.734275E-06 -0.277702E-05
270.000  110.0000  0.104844E+04  0.283499E+00 -0.580976E+00  0.663507E+00  0.751291E-03  0.387382E-02  0.321902E-03  0.690628E-06 -0.228738E-05
270.000  120.0000  0.104256E+04  0.286735E+00 -0.594828E+00  0.702251E+00  0.744023E-03  0.387503E-02  0.296532E-03  0.652362E-06 -0.189723E-05
270.000  130.0000  0.103655E+04  0.290468E+00 -0.608283E+00  0.741009E+00  0.736500E-03  0.387667E-02  0.274893E-03  0.618352E-06 -0.158327E-05
270.000  140.0000  0.103040E+04  0.294672E+00 -0.621304E+00  0.779786E+00  0.728729E-03  0.387875E-02  0.256293E-03  0.587773E-06 -0.132844E-05
270.000  150.0000  0.102412E+04  0.299327E+00 -0.633872E+00  0.818586E+00  0.720710E-03  0.388128E-02  0.240191E-03  0.560008E-06 -0.112000E-05
270.000  160.0000  0.101772E+04  0.304417E+00 -0.645984E+00  0.857413E+00  0.712438E-03  0.388423E-02  0.226159E-03  0.534587E-06 -0.948348E-06
270.000  170.0000  0.101120E+04  0.309931E+00 -0.657647E+00  0.896272E+00  0.703906E-03  0.388758E-02  0.213855E-03  0.511150E-06 -0.806102E-06
270.000  180.0000  0.100457E+04  0.315859E+00 -0.668877E+00  0.935166E+00  0.695101E-03  0.389130E-02  0.203006E-03  0.489418E-06 -0.687560E-06
270.000  190.0000  0.997828E+03  0.322198E+00 -0.679690E+00  0.974099E+00  0.686006E-03  0.389536E-02  0.193388E-03  0.469172E-06 -0.588261E-06
270.000  200.0000  0.990979E+03  0.328942E+00 -0.690109E+00  0.101307E+01  0.676606E-03  0.389973E-02  0.184820E-03  0.450240E-06 -0.504685E-06
270.000  210.0000  0.984027E+03  0.336092E+00 -0.700155E+00  0.105209E+01  0.666881E-03  0.390437E-02  0.177151E-03  0.432485E-06 -0.434034E-06
270.000  220.0000  0.976977E+03  0.343646E+00 -0.709850E+00  0.109116E+01  0.656810E-03  0.390925E-02  0.170257E-03  0.415798E-06 -0.374067E-06
270.000  230.0000  0.969831E+03  0.351607E+00 -0.719212E+00  0.113028E+01  0.646372E-03  0.391436E-02  0.164035E-03  0.400090E-06 -0.322976E-06
270.000  240.0000  0.962593E+03  0.359978E+00 -0.728260E+00  0.116945E+01  0.635545E-03  0.391966E-02  0.158397E-03  0.385291E-06 -0.279295E-06
270.000  250.0000  0.955267E+03  0.368760E+00 -0.737010E+00  0.120867E+01  0.624305E-03  0.392513E-02  0.153270E-03  0.371343E-06 -0.241829E-06
270.000  260.0000  0.947854E+03  0.377958E+00 -0.745477E+00  0.124795E+01  0.612630E-03  0.393075E-02  0.148591E-03  0.358198E-06 -0.209595E-06
270.000  270.0000  0.940358E+03  0.387577E+00 -0.753670E+00  0.128729E+01  0.600496E-03  0.393650E-02  0.144307E-03  0.345815E-06 -0.181785E-06
270.000  280.0000  0.932782E+03  0.397619E+00 -0.761599E+00  0.132668E+01  0.587880E-03  0.394236E-02  0.140374E-03  0.334161E-06 -0.157730E-06
270.000  290.0000  0.925127E+03  0.408089E+00 -0.769269E+00  0.136614E+01  0.574759E-03  0.394831E-02  0.136750E-03  0.323206E-06 -0.136872E-06
270.000  300.0000  0.917397E+03  0.418991E+00 -0.776684E+00  0.140565E+01  0.561111E-03  0.395433E-02  0.133402E-03  0.312923E-06 -0.118748E-06
270.000  310.0000  0.909594E+03  0.430329E+00 -0.783846E+00  0.144522E+01  0.546913E-03  0.396041E-02  0.130300E-03  0.303290E-06 -0.102966E-06
270.000  320.0000  0.901721E+03  0.442103E+00 -0.790753E+00  0.148486E+01  0.532144E-03  0.396652E-02  0.127418E-03  0.294285E-06 -0.891988E-07
270.000  330.0000  0.893780E+03  0.454317E+00 -0.797402E+00  0.152455E+01  0.516782E-03  0.397266E-02  0.124734E-03  0.285886E-06 -0.771696E-07
270.000  340.0000  0.885774E+03  0.466971E+00 -0.803789E+00  0.156431E+01  0.500808E-03  0.397880E-02  0.122226E-03  0.278074E-06 -0.666433E-07
270.000  350.0000  0.877705E+03  0.480065E+00 -0.809906E+00  0.160413E+01  0.484202E-03  0.398493E-02  0.119878E-03  0.270828E-06 -0.574202E-07
270.000  360.0000  0.869577E+03  0.493597E+00 -0.815745E+00  0.164401E+01  0.466947E-03  0.399103E-02  0.117672E-03  0.264127E-06 -0.493300E-07
270.000  370.0000  0.861391E+03  0.507564E+00 -0.821297E+00  0.168395E+01  0.449025E-03  0.399709E-02  0.115595E-03  0.257952E-06 -0.422266E-07
270.000  380.0000  0.853152E+03  0.521961E+00 -0.826552E+00  0.172395E+01  0.430422E-03  0.400309E-02  0.113635E-03  0.252280E-06 -0.359848E-07
270.000  390.0000  0.844861E+03  0.536782E+00 -0.831497E+00  0.176401E+01  0.411122E-03  0.400901E-02  0.111780E-03  0.247090E-06 -0.304966E-07
270.000  400.0000  0.836523E+03  0.552017E+00 -0.836120E+00  0.180413E+01  0.391113E-03  0.401484E-02  0.110019E-03  0.242356E-06 -0.256684E-07
270.000  410.0000  0.828140E+03  0.567658E+00 -0.840408E+00  0.184431E+01  0.370385E-03  0.402057E-02  0.108344E-03  0.238056E-06 -0.214193E-07
270.000  420.0000  0.819716E+03  0.583690E+00 -0.844347E+00  0.188454E+01  0.348930E-03  0.402617E-02  0.106746E-03  0.234163E-06 -0.176786E-07
270.000  430.0000  0.811254E+03  0.600099E+00 -0.847922E+00  0.192483E+01  0.326741E-03  0.403163E-02  0.105219E-03  0.230650E-06 -0.143848E-07
270.000  440.0000  0.802759E+03  0.616867E+00 -0.851118E+00  0.196517E+01  0.303815E-03  0.403694E-02  0.103755E-03  0.227490E-06 -0.114839E-07
270.000  450.0000  0.794233E+03  0.633973E+00 -0.853920E+00  0.200557E+01  0.280152E-03  0.404208E-02  0.102349E-03  0.224652E-06 -0.892845E-08
270.000  460.0000  0.785682E+03  0.651393E+00 -0.856311E+00  0.204602E+01  0.255757E-03  0.404702E-02  0.100996E-03  0.222108E-06 -0.667672E-08
270.000  470.0000  0.777108E+03  0.669101E+00 -0.858275E+00  0.208651E+01  0.230639E-03  0.405174E-02  0.996915E-04  0.219825E-06 -0.469183E-08
270.000  480.0000  0.768518E+03  0.687066E+00 -0.859792E+00  0.212705E+01  0.204812E-03  0.405622E-02  0.984308E-04  0.217771E-06 -0.294115E-08
270.000  490.0000  0.759914E+03  0.705254E+00 -0.860846E+00  0.216763E+01  0.178296E-03  0.406042E-02  0.972107E-04  0.215915E-06 -0.139578E-08
270.000  500.0000  0.751302E+03  0.723628E+00 -0.861415E+00  0.220826E+01  0.151119E-03  0.406432E-02  0.960282E-04  0.214224E-06 -0.300643E-10
270.000  510.0000  0.742688E+03  0.742144E+00 -0.861482E+00  0.224892E+01  0.123316E-03  0.406787E-02  0.948808E-04  0.212665E-06  0.117878E-08
270.000  520.0000  0.734075E+03  0.760757E+00 -0.861024E+00  0.228961E+01  0.949304E-04  0.407104E-02  0.937662E-04  0.211204E-06  0.225096E-08
270.000  530.0000  0.725469E+03  0.779417E+00 -0.860021E+00  0.233034E+01  0.660159E-04  0.407377E-02  0.926827E-04  0.209811E-06  0.320444E-08
270.000  540.0000  0.716876E+03  0.798070E+00 -0.858452E+00  0.237109E+01  0.366347E-04  0.407601E-02  0.916286E-04  0.208453E-06  0.405514E-08
270.000  550.0000  0.708302E+03  0.816657E+00 -0.856297E+00  0.241186E+01  0.686072E-05  0.407771E-02  0.906029E-04  0.207100E-06  0.481712E-08
270.000  560.0000  0.699752E+03  0.835118E+00 -0.853537E+00  0.245264E+01 -0.232226E-04  0.407881E-02  0.896046E-04  0.205723E-06  0.550282E-08
270.000  570.0000  0.691233E+03  0.853389E+00 -0.850154E+00  0.249343E+01 -0.535218E-04  0.407924E-02  0.886331E-04  0.204297E-06  0.612318E-08
270.000  580.0000  0.682751E+03  0.871403E+00 -0.846133E+00  0.253422E+01 -0.839339E-04  0.407894E-02  0.876879E-04  0.202796E-06  0.668780E-08
270.000  590.0000  0.674313E+03  0.889093E+00 -0.841461E+00  0.257501E+01 -0.114347E-03  0.407785E-02  0.867687E-04  0.201198E-06  0.720504E-08
270.000  600.0000  0.665924E+03  0.906394E+00 -0.836132E+00  0.261578E+01 -0.144644E-03  0.407591E-02  0.858754E-04  0.199484E-06  0.768216E-08
280.000    0.0000  0.110674E+04  0.289957E+00 -0.419386E+00  0.248126E+00  0.810033E-03  0.368902E-02  0.174541E-02  0.310378E-05 -0.482561E-04
280.000   10.0000  0.110240E+04  0.284938E+00 -0.445742E+00  0.285526E+00  0.803262E-03  0.378018E-02  0.134143E-02  0.234461E-05 -0.310236E-04
280.000   20.0000  0.109785E+04  0.280686E+00 -0.461445E+00  0.323578E+00  0.798634E-03  0.382487E-02  0.107164E-02  0.185450E-05 -0.212148E-04
280.000   30.0000  0.109318E+04  0.277330E+00 -0.473529E+00  0.361949E+00  0.794641E-03  0.384684E-02  0.881344E-03  0.152845E-05 -0.151923E-04
280.000   40.0000  0.108839E+04  0.274904E+00 -0.485014E+00  0.400478E+00  0.790575E-03  0.385757E-02  0.741425E-03  0.130270E-05 -0.112647E-04
280.000   50.0000  0.108348E+04  0.273381E+00 -0.496993E+00  0.439082E+00  0.786144E-03  0.386264E-02  0.635203E-03  0.113982E-05 -0.857768E-05
280.000   60.0000  0.107844E+04  0.272705E+00 -0.509698E+00  0.477721E+00  0.781259E-03  0.386486E-02  0.552512E-03  0.101769E-05 -0.666838E-05
280.000   70.0000  0.107328E+04  0.272807E+00 -0.523014E+00  0.516375E+00  0.775921E-03  0.386567E-02  0.486829E-03  0.922886E-06 -0.527021E-05
280.000   80.0000  0.106798E+04  0.273618E+00 -0.536719E+00  0.555033E+00  0.770165E-03  0.386590E-02  0.433782E-03  0.847009E-06 -0.422134E-05
280.000   90.0000  0.106255E+04  0.275078E+00 -0.550584E+00  0.593692E+00  0.764038E-03  0.386600E-02  0.390337E-03  0.784654E-06 -0.341900E-05
280.000  100.0000  0.105697E+04  0.277131E+00 -0.564413E+00  0.632353E+00  0.757582E-03  0.386625E-02  0.354325E-03  0.732232E-06 -0.279530E-05
280.000  110.0000  0.105126E+04  0.279731E+00 -0.578057E+00  0.671018E+00  0.750830E-03  0.386680E-02  0.324155E-03  0.687285E-06 -0.230390E-05
280.000  120.0000  0.104541E+04  0.282841E+00 -0.591407E+00  0.709691E+00  0.743811E-03  0.386776E-02  0.298641E-03  0.648095E-06 -0.191230E-05
280.000  130.0000  0.103943E+04  0.286428E+00 -0.604389E+00  0.748375E+00  0.736541E-03  0.386915E-02  0.276878E-03  0.613427E-06 -0.159712E-05
280.000  140.0000  0.103332E+04  0.290468E+00 -0.616959E+00  0.787075E+00  0.729029E-03  0.387099E-02  0.258171E-03  0.582378E-06 -0.134126E-05
280.000  150.0000  0.102709E+04  0.294940E+00 -0.629094E+00  0.825796E+00  0.721279E-03  0.387328E-02  0.241974E-03  0.554276E-06 -0.113194E-05
280.000  160.0000  0.102074E+04  0.299828E+00 -0.640787E+00  0.864542E+00  0.713287E-03  0.387598E-02  0.227857E-03  0.528613E-06 -0.959523E-06
280.000  170.0000  0.101428E+04  0.305121E+00 -0.652041E+00  0.903317E+00  0.705048E-03  0.387907E-02  0.215479E-03  0.505001E-06 -0.816614E-06
280.000  180.0000  0.100770E+04  0.310810E+00 -0.662869E+00  0.942125E+00  0.696551E-03  0.388252E-02  0.204562E-03  0.483140E-06 -0.697492E-06
280.000  190.0000  0.100102E+04  0.316888E+00 -0.673285E+00  0.980968E+00  0.687783E-03  0.388629E-02  0.194883E-03  0.462798E-06 -0.597682E-06
280.000  200.0000  0.994240E+03  0.323352E+00 -0.683310E+00  0.101985E+01  0.678729E-03  0.389035E-02  0.186259E-03  0.443790E-06 -0.513654E-06
280.000  210.0000  0.987358E+03  0.330199E+00 -0.692962E+00  0.105878E+01  0.669371E-03  0.389466E-02  0.178540E-03  0.425972E-06 -0.442600E-06
280.000  220.0000  0.980382E+03  0.337428E+00 -0.702262E+00  0.109775E+01  0.659691E-03  0.389921E-02  0.171599E-03  0.409229E-06 -0.382272E-06
280.000  230.0000  0.973314E+03  0.345040E+00 -0.711229E+00  0.113676E+01  0.649671E-03  0.390395E-02  0.165334E-03  0.393468E-06 -0.330855E-06
280.000  240.0000  0.966158E+03  0.353037E+00 -0.719880E+00  0.117582E+01  0.639289E-03  0.390886E-02  0.159657E-03  0.378616E-06 -0.286880E-06
280.000  250.0000  0.958917E+03  0.361420E+00 -0.728230E+00  0.121494E+01  0.628526E-03  0.391393E-02  0.154493E-03  0.364611E-06 -0.249144E-06
280.000  260.0000  0.951595E+03  0.370192E+00 -0.736292E+00  0.125410E+01  0.617361E-03  0.391912E-02  0.149781E-03  0.351405E-06 -0.216663E-06
280.000  270.0000  0.944193E+03  0.379355E+00 -0.744078E+00  0.129332E+01  0.605773E-03  0.392441E-02  0.145467E-03  0.338955E-06 -0.188626E-06
280.000  280.0000  0.936714E+03  0.388913E+00 -0.751596E+00  0.133259E+01  0.593742E-03  0.392980E-02  0.141505E-03  0.327228E-06 -0.164360E-06
280.000  290.0000  0.929162E+03  0.398868E+00 -0.758852E+00  0.137192E+01  0.581247E-03  0.393525E-02  0.137855E-03  0.316192E-06 -0.143305E-06
280.000  300.0000  0.921538E+03  0.409223E+00 -0.765851E+00  0.141130E+01  0.568267E-03  0.394076E-02  0.134483E-03  0.305822E-06 -0.124996E-06
280.000  310.0000  0.913845E+03  0.419980E+00 -0.772593E+00  0.145073E+01  0.554784E-03  0.394630E-02  0.131359E-03  0.296094E-06 -0.109040E-06
280.000  320.0000  0.906087E+03  0.431140E+00 -0.779080E+00  0.149022E+01  0.540779E-03  0.395186E-02  0.128457E-03  0.286987E-06 -0.951071E-07
280.000  330.0000  0.898265E+03  0.442704E+00 -0.785307E+00  0.152977E+01  0.526234E-03  0.395742E-02  0.125755E-03  0.278478E-06 -0.829203E-07
280.000  340.0000  0.890381E+03  0.454671E+00 -0.791272E+00  0.156937E+01  0.511130E-03  0.396297E-02  0.123231E-03  0.270550E-06 -0.722431E-07
280.000  350.0000  0.882440E+03  0.467042E+00 -0.796969E+00  0.160903E+01  0.495452E-03  0.396849E-02  0.120868E-03  0.263180E-06 -0.628750E-07
280.000  360.0000  0.874443E+03  0.479812E+00 -0.802391E+00  0.164874E+01  0.479185E-03  0.397397E-02  0.118650E-03  0.256351E-06 -0.546450E-07
280.000  370.0000  0.866393E+03  0.492979E+00 -0.807531E+00  0.168851E+01  0.462314E-03  0.397938E-02  0.116562E-03  0.250042E-06 -0.474064E-07
280.000  380.0000  0.858293E+03  0.506538E+00 -0.812378E+00  0.172833E+01  0.444827E-03  0.398472E-02  0.114592E-03  0.244232E-06 -0.410336E-07
280.000  390.0000  0.850147E+03  0.520481E+00 -0.816923E+00  0.176820E+01  0.426710E-03  0.398998E-02  0.112729E-03  0.238900E-06 -0.354180E-07
280.000  400.0000  0.841956E+03  0.534801E+00 -0.821156E+00  0.180813E+01  0.407956E-03  0.399513E-02  0.110962E-03  0.234022E-06 -0.304659E-07
280.000  410.0000  0.833725E+03  0.549487E+00 -0.825064E+00  0.184810E+01  0.388554E-03  0.400017E-02  0.109282E-03  0.229576E-06 -0.260961E-07
280.000  420.0000  0.825456E+03  0.564527E+00 -0.828637E+00  0.188813E+01  0.368498E-03  0.400508E-02  0.107682E-03  0.225538E-06 -0.222379E-07
280.000  430.0000  0.817153E+03  0.579907E+00 -0.831863E+00  0.192821E+01  0.347785E-03  0.400985E-02  0.106152E-03  0.221881E-06 -0.188294E-07
280.000  440.0000  0.808820E+03  0.595611E+00 -0.834728E+00  0.196833E+01  0.326411E-03  0.401446E-02  0.104688E-03  0.218579E-06 -0.158168E-07
280.000  450.0000  0.800460E+03  0.611621E+00 -0.837219E+00  0.200849E+01  0.304377E-03  0.401890E-02  0.103283E-03  0.215605E-06 -0.131525E-07
280.000  460.0000  0.792077E+03  0.627914E+00 -0.839324E+00  0.204870E+01  0.281689E-03  0.402315E-02  0.101932E-03  0.212930E-06 -0.107947E-07
280.000  470.0000  0.783675E+03  0.644466E+00 -0.841027E+00  0.208896E+01  0.258352E-03  0.402719E-02  0.100629E-03  0.210525E-06 -0.870678E-08
280.000  480.0000  0.775257E+03  0.661252E+00 -0.842316E+00  0.212925E+01  0.234381E-03  0.403100E-02  0.993724E-04  0.208359E-06 -0.685599E-08
280.000  490.0000  0.766830E+03  0.678241E+00 -0.843173E+00  0.216958E+01  0.209791E-03  0.403457E-02  0.981567E-04  0.206403E-06 -0.521352E-08
280.000  500.0000  0.758396E+03  0.695400E+00 -0.843585E+00  0.220994E+01  0.184607E-03  0.403786E-02  0.969793E-04  0.204625E-06 -0.375378E-08
280.000  510.0000  0.749960E+03  0.712692E+00 -0.843533E+00  0.225033E+01  0.158857E-03  0.404083E-02  0.958375E-04  0.202995E-06 -0.245404E-08
280.000  520.0000  0.741526E+03  0.730078E+00 -0.843003E+00  0.229075E+01  0.132578E-03  0.404347E-02  0.947289E-04  0.201481E-06 -0.129412E-08
280.000  530.0000  0.733101E+03  0.747514E+00 -0.841976E+00  0.233120E+01  0.105815E-03  0.404572E-02  0.936516E-04  0.200054E-06 -0.256113E-09
280.000  540.0000  0.724689E+03  0.764953E+00 -0.840435E+00  0.237167E+01  0.786211E-04  0.404755E-02  0.926039E-04  0.198683E-06  0.675880E-09
280.000  550.0000  0.716294E+03  0.782346E+00 -0.838364E+00  0.241215E+01  0.510566E-04  0.404890E-02  0.915844E-04  0.197340E-06  0.151594E-08
280.000  560.0000  0.707923E+03  0.799640E+00 -0.835746E+00  0.245264E+01  0.231921E-04  0.404973E-02  0.905923E-04  0.195998E-06  0.227650E-08
280.000  570.0000  0.699581E+03  0.816778E+00 -0.832565E+00  0.249314E+01 -0.489332E-05  0.404999E-02  0.896265E-04  0.194629E-06  0.296855E-08
280.000  580.0000  0.691274E+03  0.833704E+00 -0.828809E+00  0.253364E+01 -0.331124E-04  0.404962E-02  0.886865E-04  0.193211E-06  0.360173E-08
280.000  590.0000  0.683007E+03  0.850359E+00 -0.824465E+00  0.257413E+01 -0.613701E-04  0.404856E-02  0.877720E-04  0.191721E-06  0.418447E-08
280.000  600.0000  0.674786E+03  0.866684E+00 -0.819527E+00  0.261461E+01 -0.895647E-04  0.404676E-02  0.868826E-04  0.190141E-06  0.472415E-08
290.000    0.0000  0.110961E+04  0.285542E+00 -0.424530E+00  0.256212E+00  0.807034E-03  0.368042E-02  0.175842E-02  0.331044E-05 -0.485927E-04
290.000   10.0000  0.110522E+04  0.280860E+00 -0.450256E+00  0.293545E+00  0.800423E-03  0.377493E-02  0.135075E-02  0.247152E-05 -0.312103E-04
290.000   20.0000  0.110064E+04  0.276871E+00 -0.465147E+00  0.331551E+00  0.796000E-03  0.382084E-02  0.107875E-02  0.193343E-05 -0.213291E-04
290.000   30.0000  0.109593E+04  0.273708E+00 -0.476339E+00  0.369884E+00  0.792236E-03  0.384301E-02  0.887046E-03  0.157792E-05 -0.152688E-04
290.000   40.0000  0.109112E+04  0.271412E+00 -0.486929E+00  0.408373E+00  0.788413E-03  0.385347E-02  0.746168E-03  0.133358E-05 -0.113198E-04
290.000   50.0000  0.108619E+04  0.269968E+00 -0.498053E+00  0.446934E+00  0.784230E-03  0.385811E-02  0.639262E-03  0.115869E-05 -0.861998E-05
290.000   60.0000  0.108115E+04  0.269326E+00 -0.509965E+00  0.485525E+00  0.779591E-03  0.385986E-02  0.556064E-03  0.102861E-05 -0.670240E-05
290.000   70.0000  0.107599E+04  0.269427E+00 -0.522555E+00  0.524127E+00  0.774494E-03  0.386024E-02  0.489990E-03  0.928440E-06 -0.529856E-05
290.000   80.0000  0.107070E+04  0.270208E+00 -0.535596E+00  0.562728E+00  0.768977E-03  0.386007E-02  0.436636E-03  0.848890E-06 -0.424563E-05
290.000   90.0000  0.106528E+04  0.271612E+00 -0.548854E+00  0.601328E+00  0.763086E-03  0.385982E-02  0.392942E-03  0.783992E-06 -0.344023E-05
290.000  100.0000  0.105972E+04  0.273586E+00 -0.562125E+00  0.639925E+00  0.756862E-03  0.385976E-02  0.356725E-03  0.729790E-06 -0.281416E-05
290.000  110.0000  0.105404E+04  0.276086E+00 -0.575252E+00  0.678524E+00  0.750345E-03  0.386003E-02  0.326385E-03  0.683593E-06 -0.232087E-05
290.000  120.0000  0.104822E+04  0.279077E+00 -0.588119E+00  0.717127E+00  0.743563E-03  0.386073E-02  0.300725E-03  0.643520E-06 -0.192772E-05
290.000  130.0000  0.104228E+04  0.282527E+00 -0.600646E+00  0.755740E+00  0.736534E-03  0.386188E-02  0.278837E-03  0.608229E-06 -0.161126E-05
290.000  140.0000  0.103621E+04  0.286412E+00 -0.612783E+00  0.794367E+00  0.729270E-03  0.386349E-02  0.260021E-03  0.576741E-06 -0.135432E-05
290.000  150.0000  0.103002E+04  0.290712E+00 -0.624503E+00  0.833011E+00  0.721775E-03  0.386554E-02  0.243729E-03  0.548329E-06 -0.114408E-05
290.000  160.0000  0.102372E+04  0.295412E+00 -0.635795E+00  0.871679E+00  0.714049E-03  0.386800E-02  0.229528E-03  0.522448E-06 -0.970875E-06
290.000  170.0000  0.101731E+04  0.300498E+00 -0.646658E+00  0.910373E+00  0.706088E-03  0.387085E-02  0.217075E-03  0.498684E-06 -0.827283E-06
290.000  180.0000  0.101079E+04  0.305962E+00 -0.657103E+00  0.949097E+00  0.697883E-03  0.387404E-02  0.206090E-03  0.476715E-06 -0.707566E-06
290.000  190.0000  0.100417E+04  0.311796E+00 -0.667142E+00  0.987854E+00  0.689423E-03  0.387754E-02  0.196350E-03  0.456295E-06 -0.607234E-06
290.000  200.0000  0.997446E+03  0.317998E+00 -0.676792E+00  0.102665E+01  0.680694E-03  0.388131E-02  0.187671E-03  0.437228E-06 -0.522744E-06
290.000  210.0000  0.990632E+03  0.324562E+00 -0.686072E+00  0.106548E+01  0.671682E-03  0.388533E-02  0.179900E-03  0.419364E-06 -0.451280E-06
290.000  220.0000  0.983726E+03  0.331489E+00 -0.695000E+00  0.110436E+01  0.662370E-03  0.388955E-02  0.172914E-03  0.402581E-06 -0.390584E-06
290.000  230.0000  0.976733E+03  0.338776E+00 -0.703595E+00  0.114327E+01  0.652741E-03  0.389395E-02  0.166605E-03  0.386783E-06 -0.338838E-06
290.000  240.0000  0.969655E+03  0.346426E+00 -0.711872E+00  0.118224E+01  0.642776E-03  0.389851E-02  0.160888E-03  0.371891E-06 -0.294564E-06
290.000  250.0000  0.962496E+03  0.354438E+00 -0.719847E+00  0.122124E+01  0.632458E-03  0.390320E-02  0.155688E-03  0.357845E-06 -0.256556E-06
290.000  260.0000  0.955259E+03  0.362815E+00 -0.727532E+00  0.126030E+01  0.621768E-03  0.390799E-02  0.150942E-03  0.344592E-06 -0.223826E-06
290.000  270.0000  0.947947E+03  0.371557E+00 -0.734938E+00  0.129940E+01  0.610687E-03  0.391287E-02  0.146597E-03  0.332090E-06 -0.195559E-06
290.000  280.0000  0.940562E+03  0.380668E+00 -0.742074E+00  0.133856E+01  0.599198E-03  0.391782E-02  0.142605E-03  0.320303E-06 -0.171080E-06
290.000  290.0000  0.933106E+03  0.390148E+00 -0.748946E+00  0.137776E+01  0.587281E-03  0.392282E-02  0.138929E-03  0.309202E-06 -0.149827E-06
290.000  300.0000  0.925583E+03  0.399999E+00 -0.755558E+00  0.141701E+01  0.574919E-03  0.392786E-02  0.135532E-03  0.298758E-06 -0.131332E-06
290.000  310.0000  0.917996E+03  0.410223E+00 -0.761913E+00  0.145632E+01  0.562095E-03  0.393291E-02  0.132386E-03  0.288950E-06 -0.115200E-06
290.000  320.0000  0.910346E+03  0.420819E+00 -0.768011E+00  0.149567E+01  0.548792E-03  0.393796E-02  0.129464E-03  0.279754E-06 -0.101101E-06
290.000  330.0000  0.902637E+03  0.431788E+00 -0.773851E+00  0.153508E+01  0.534995E-03  0.394299E-02  0.126742E-03  0.271151E-06 -0.887561E-07
290.000  340.0000  0.894870E+03  0.443128E+00 -0.779429E+00  0.157453E+01  0.520688E-03  0.394800E-02  0.124201E-03  0.263120E-06 -0.779275E-07
290.000  350.0000  0.887049E+03  0.454838E+00 -0.784742E+00  0.161404E+01  0.505858E-03  0.395296E-02  0.121823E-03  0.255643E-06 -0.684141E-07
290.000  360.0000  0.879176E+03  0.466916E+00 -0.789783E+00  0.165359E+01  0.490492E-03  0.395787E-02  0.119591E-03  0.248700E-06 -0.600441E-07
290.000  370.0000  0.871254E+03  0.479356E+00 -0.794545E+00  0.169319E+01  0.474576E-03  0.396270E-02  0.117492E-03  0.242273E-06 -0.526703E-07
290.000  380.0000  0.863286E+03  0.492153E+00 -0.799021E+00  0.173284E+01  0.458101E-03  0.396745E-02  0.115511E-03  0.236339E-06 -0.461663E-07
290.000  390.0000  0.855275E+03  0.505301E+00 -0.803203E+00  0.177254E+01  0.441058E-03  0.397210E-02  0.113640E-03  0.230880E-06 -0.404235E-07
290.000  400.0000  0.847223E+03  0.518792E+00 -0.807081E+00  0.181229E+01  0.423437E-03  0.397665E-02  0.111865E-03  0.225873E-06 -0.353477E-07
290.000  410.0000  0.839134E+03  0.532615E+00 -0.810646E+00  0.185207E+01  0.405231E-03  0.398107E-02  0.110180E-03  0.221296E-06 -0.308575E-07
290.000  420.0000  0.831011E+03  0.546761E+00 -0.813888E+00  0.189191E+01  0.386437E-03  0.398535E-02  0.108575E-03  0.217126E-06 -0.268819E-07
290.000  430.0000  0.822857E+03  0.561214E+00 -0.816797E+00  0.193178E+01  0.367050E-03  0.398949E-02  0.107042E-03  0.213339E-06 -0.233590E-07
290.000  440.0000  0.814676E+03  0.575961E+00 -0.819362E+00  0.197170E+01  0.347069E-03  0.399348E-02  0.105576E-03  0.209909E-06 -0.202348E-07
290.000  450.0000  0.806471E+03  0.590984E+00 -0.821573E+00  0.201165E+01  0.326496E-03  0.399729E-02  0.104170E-03  0.206810E-06 -0.174619E-07
290.000  460.0000  0.798246E+03  0.606264E+00 -0.823418E+00  0.205164E+01  0.305334E-03  0.400093E-02  0.102820E-03  0.204015E-06 -0.149983E-07
290.000  470.0000  0.790004E+03  0.621780E+00 -0.824887E+00  0.209167E+01  0.283590E-03  0.400436E-02  0.101519E-03  0.201498E-06 -0.128074E-07
290.000  480.0000  0.781750E+03  0.637508E+00 -0.825966E+00  0.213173E+01  0.261275E-03  0.400758E-02  0.100264E-03  0.199228E-06 -0.108565E-07
290.000  490.0000  0.773486E+03  0.653421E+00 -0.826645E+00  0.217182E+01  0.238405E-03  0.401057E-02  0.990518E-04  0.197178E-06 -0.911687E-08
290.000  500.0000  0.765218E+03  0.669490E+00 -0.826910E+00  0.221194E+01  0.214997E-03  0.401330E-02  0.978784E-04  0.195319E-06 -0.756290E-08
290.000  510.0000  0.756950E+03  0.685684E+00 -0.826748E+00  0.225208E+01  0.191079E-03  0.401576E-02  0.967410E-04  0.193621E-06 -0.617192E-08
290.000  520.0000  0.748685E+03  0.701967E+00 -0.826145E+00  0.229225E+01  0.166679E-03  0.401791E-02  0.956374E-04  0.192055E-06 -0.492379E-08
290.000  530.0000  0.740428E+03  0.718302E+00 -0.825089E+00  0.233244E+01  0.141836E-03  0.401972E-02  0.945653E-04  0.190592E-06 -0.380063E-08
290.000  540.0000  0.732184E+03  0.734649E+00 -0.823563E+00  0.237265E+01  0.116594E-03  0.402116E-02  0.935230E-04  0.189204E-06 -0.278655E-08
290.000  550.0000  0.723958E+03  0.750964E+00 -0.821555E+00  0.241286E+01  0.910039E-04  0.402218E-02  0.925091E-04  0.187864E-06 -0.186749E-08
290.000  560.0000  0.715755E+03  0.767201E+00 -0.819050E+00  0.245309E+01  0.651259E-04  0.402275E-02  0.915223E-04  0.186546E-06 -0.103097E-08
290.000  570.0000  0.707579E+03  0.783312E+00 -0.816036E+00  0.249332E+01  0.390264E-04  0.402283E-02  0.905618E-04  0.185223E-06 -0.265995E-09
290.000  580.0000  0.699436E+03  0.799246E+00 -0.812501E+00  0.253354E+01  0.127798E-04  0.402236E-02  0.896267E-04  0.183873E-06  0.437126E-09
290.000  590.0000  0.691331E+03  0.814953E+00 -0.808434E+00  0.257376E+01 -0.135327E-04  0.402130E-02  0.887165E-04  0.182474E-06  0.108690E-08
290.000  600.0000  0.683269E+03  0.830380E+00 -0.803828E+00  0.261397E+01 -0.398236E-04  0.401959E-02  0.878309E-04  0.181007E-06  0.169077E-08
300.000    0.0000  0.111245E+04  0.281284E+00 -0.429317E+00  0.264268E+00  0.804160E-03  0.367195E-02  0.177203E-02  0.351541E-05 -0.489652E-04
300.000   10.0000  0.110801E+04  0.276915E+00 -0.454480E+00  0.301535E+00  0.797697E-03  0.376984E-02  0.136041E-02  0.259685E-05 -0.314168E-04
300.000   20.0000  0.110339E+04  0.273174E+00 -0.468629E+00  0.339498E+00  0.793457E-03  0.381702E-02  0.108606E-02  0.201098E-05 -0.214550E-04
300.000   30.0000  0.109865E+04  0.270192E+00 -0.478994E+00  0.377794E+00  0.789907E-03  0.383940E-02  0.892858E-03  0.162620E-05 -0.153524E-04
300.000   40.0000  0.109381E+04  0.268020E+00 -0.488743E+00  0.416246E+00  0.786310E-03  0.384961E-02  0.750970E-03  0.136346E-05 -0.113796E-04
300.000   50.0000  0.108888E+04  0.266651E+00 -0.499060E+00  0.454767E+00  0.782359E-03  0.385383E-02  0.643348E-03  0.117670E-05 -0.866530E-05
300.000   60.0000  0.108383E+04  0.266045E+00 -0.510217E+00  0.493313E+00  0.777953E-03  0.385511E-02  0.559621E-03  0.103880E-05 -0.673847E-05
300.000   70.0000  0.107867E+04  0.266146E+00 -0.522111E+00  0.531864E+00  0.773087E-03  0.385504E-02  0.493145E-03  0.933371E-06 -0.532835E-05
300.000   80.0000  0.107339E+04  0.266900E+00 -0.534515E+00  0.570412E+00  0.767799E-03  0.385447E-02  0.439475E-03  0.850236E-06 -0.427094E-05
300.000   90.0000  0.106798E+04  0.268250E+00 -0.547189E+00  0.608954E+00  0.762128E-03  0.385387E-02  0.395528E-03  0.782864E-06 -0.346222E-05
300.000  100.0000  0.106244E+04  0.270150E+00 -0.559923E+00  0.647490E+00  0.756129E-03  0.385349E-02  0.359103E-03  0.726943E-06 -0.283358E-05
300.000  110.0000  0.105678E+04  0.272557E+00 -0.572552E+00  0.686025E+00  0.749837E-03  0.385349E-02  0.328589E-03  0.679545E-06 -0.233827E-05
300.000  120.0000  0.105099E+04  0.275437E+00 -0.584954E+00  0.724562E+00  0.743281E-03  0.385394E-02  0.302783E-03  0.638633E-06 -0.194348E-05
300.000  130.0000  0.104508E+04  0.278758E+00 -0.597044E+00  0.763105E+00  0.736483E-03  0.385485E-02  0.280770E-03  0.602755E-06 -0.162568E-05
300.000  140.0000  0.103905E+04  0.282498E+00 -0.608765E+00  0.801660E+00  0.729454E-03  0.385623E-02  0.261845E-03  0.570858E-06 -0.136760E-05
300.000  150.0000  0.103291E+04  0.286636E+00 -0.620087E+00  0.840231E+00  0.722203E-03  0.385805E-02  0.245457E-03  0.542165E-06 -0.115642E-05
300.000  160.0000  0.102665E+04  0.291157E+00 -0.630994E+00  0.878823E+00  0.714731E-03  0.386029E-02  0.231172E-03  0.516091E-06 -0.982396E-06
300.000  170.0000  0.102029E+04  0.296049E+00 -0.641484E+00  0.917438E+00  0.707034E-03  0.386290E-02  0.218643E-03  0.492195E-06 -0.838103E-06
300.000  180.0000  0.101382E+04  0.301302E+00 -0.651563E+00  0.956082E+00  0.699106E-03  0.386585E-02  0.207591E-03  0.470139E-06 -0.717776E-06
300.000  190.0000  0.100726E+04  0.306909E+00 -0.661243E+00  0.994756E+00  0.690937E-03  0.386910E-02  0.197790E-03  0.449659E-06 -0.616910E-06
300.000  200.0000  0.100060E+04  0.312864E+00 -0.670537E+00  0.103346E+01  0.682516E-03  0.387260E-02  0.189055E-03  0.430552E-06 -0.531950E-06
300.000  210.0000  0.993850E+03  0.319165E+00 -0.679465E+00  0.107221E+01  0.673829E-03  0.387634E-02  0.181233E-03  0.412658E-06 -0.460068E-06
300.000  220.0000  0.987012E+03  0.325808E+00 -0.688041E+00  0.111099E+01  0.664863E-03  0.388026E-02  0.174200E-03  0.395850E-06 -0.399001E-06
300.000  230.0000  0.980091E+03  0.332793E+00 -0.696285E+00  0.114981E+01  0.655600E-03  0.388435E-02  0.167848E-03  0.380029E-06 -0.346920E-06
300.000  240.0000  0.973088E+03  0.340119E+00 -0.704210E+00  0.118868E+01  0.646027E-03  0.388858E-02  0.162092E-03  0.365113E-06 -0.302343E-06
300.000  250.0000  0.966007E+03  0.347787E+00 -0.711832E+00  0.122759E+01  0.636124E-03  0.389291E-02  0.156855E-03  0.351039E-06 -0.264060E-06
300.000  260.0000  0.958852E+03  0.355797E+00 -0.719164E+00  0.126654E+01  0.625877E-03  0.389734E-02  0.152075E-03  0.337753E-06 -0.231079E-06
300.000  270.0000  0.951625E+03  0.364149E+00 -0.726215E+00  0.130553E+01  0.615269E-03  0.390184E-02  0.147697E-03  0.325212E-06 -0.202580E-06
300.000  280.0000  0.944329E+03  0.372846E+00 -0.732994E+00  0.134457E+01  0.604283E-03  0.390639E-02  0.143677E-03  0.313380E-06 -0.177886E-06
300.000  290.0000  0.936966E+03  0.381887E+00 -0.739509E+00  0.138366E+01  0.592902E-03  0.391097E-02  0.139973E-03  0.302226E-06 -0.156433E-06
300.000  300.0000  0.929539E+03  0.391273E+00 -0.745763E+00  0.142279E+01  0.581111E-03  0.391556E-02  0.136551E-03  0.291723E-06 -0.137750E-06
300.000  310.0000  0.922052E+03  0.401006E+00 -0.751759E+00  0.146197E+01  0.568897E-03  0.392017E-02  0.133382E-03  0.281847E-06 -0.121442E-06
300.000  320.0000  0.914505E+03  0.411083E+00 -0.757499E+00  0.150120E+01  0.556241E-03  0.392475E-02  0.130438E-03  0.272578E-06 -0.107176E-06
300.000  330.0000  0.906902E+03  0.421506E+00 -0.762981E+00  0.154047E+01  0.543132E-03  0.392930E-02  0.127697E-03  0.263894E-06 -0.946719E-07
300.000  340.0000  0.899246E+03  0.432271E+00 -0.768203E+00  0.157978E+01  0.529557E-03  0.393382E-02  0.125139E-03  0.255775E-06 -0.836913E-07
300.000  350.0000  0.891539E+03  0.443377E+00 -0.773161E+00  0.161914E+01  0.515504E-03  0.393827E-02  0.122744E-03  0.248204E-06 -0.740322E-07
300.000  360.0000  0.883784E+03  0.454821E+00 -0.777852E+00  0.165855E+01  0.500960E-03  0.394266E-02  0.120498E-03  0.241161E-06 -0.655218E-07
300.000  370.0000  0.875983E+03  0.466598E+00 -0.782269E+00  0.169800E+01  0.485917E-03  0.394696E-02  0.118386E-03  0.234628E-06 -0.580124E-07
300.000  380.0000  0.868140E+03  0.478702E+00 -0.786407E+00  0.173749E+01  0.470360E-03  0.395118E-02  0.116394E-03  0.228584E-06 -0.513773E-07
300.000  390.0000  0.860256E+03  0.491127E+00 -0.790256E+00  0.177702E+01  0.454297E-03  0.395528E-02  0.114513E-03  0.223013E-06 -0.455072E-07
300.000  400.0000  0.852335E+03  0.503864E+00 -0.793812E+00  0.181659E+01  0.437704E-03  0.395927E-02  0.112730E-03  0.217890E-06 -0.403077E-07
300.000  410.0000  0.844381E+03  0.516906E+00 -0.797064E+00  0.185621E+01  0.420583E-03  0.396313E-02  0.111038E-03  0.213196E-06 -0.356970E-07
300.000  420.0000  0.836395E+03  0.530240E+00 -0.800005E+00  0.189586E+01  0.402929E-03  0.396686E-02  0.109427E-03  0.208907E-06 -0.316041E-07
300.000  430.0000  0.828382E+03  0.543855E+00 -0.802627E+00  0.193554E+01  0.384740E-03  0.397043E-02  0.107891E-03  0.205002E-06 -0.279670E-07
300.000  440.0000  0.820344E+03  0.557736E+00 -0.804920E+00  0.197526E+01  0.366016E-03  0.397386E-02  0.106422E-03  0.201455E-06 -0.247315E-07
300.000  450.0000  0.812284E+03  0.571869E+00 -0.806877E+00  0.201502E+01  0.346757E-03  0.397711E-02  0.105014E-03  0.198243E-06 -0.218500E-07
300.000  460.0000  0.804207E+03  0.586235E+00 -0.808487E+00  0.205480E+01  0.326967E-03  0.398018E-02  0.103663E-03  0.195340E-06 -0.192807E-07
300.000  470.0000  0.796116E+03  0.600816E+00 -0.809741E+00  0.209462E+01  0.306654E-03  0.398307E-02  0.102362E-03  0.192718E-06 -0.169869E-07
300.000  480.0000  0.788014E+03  0.615590E+00 -0.810631E+00  0.213447E+01  0.285826E-03  0.398576E-02  0.101109E-03  0.190353E-06 -0.149359E-07
300.000  490.0000  0.779905E+03  0.630534E+00 -0.811145E+00  0.217434E+01  0.264496E-03  0.398822E-02  0.998985E-04  0.188216E-06 -0.130989E-07
300.000  500.0000  0.771792E+03  0.645621E+00 -0.811275E+00  0.221423E+01  0.242681E-03  0.399046E-02  0.987278E-04  0.186280E-06 -0.114505E-07
300.000  510.0000  0.763680E+03  0.660825E+00 -0.811008E+00  0.225414E+01  0.220402E-03  0.399244E-02  0.975940E-04  0.184517E-06 -0.996798E-08
300.000  520.0000  0.755573E+03  0.676114E+00 -0.810335E+00  0.229408E+01  0.197685E-03  0.399414E-02  0.964942E-04  0.182899E-06 -0.863122E-08
300.000  530.0000  0.747475E+03  0.691455E+00 -0.809245E+00  0.233403E+01  0.174562E-03  0.399555E-02  0.954265E-04  0.181400E-06 -0.742236E-08
300.000  540.0000  0.739390E+03  0.706814E+00 -0.807724E+00  0.237399E+01  0.151070E-03  0.399663E-02  0.943888E-04  0.179992E-06 -0.632552E-08
300.000  550.0000  0.731322E+03  0.722152E+00 -0.805763E+00  0.241396E+01  0.127253E-03  0.399734E-02  0.933796E-04  0.178650E-06 -0.532664E-08
300.000  560.0000  0.723276E+03  0.737430E+00 -0.803350E+00  0.245393E+01  0.103160E-03  0.399766E-02  0.923976E-04  0.177347E-06 -0.441323E-08
300.000  570.0000  0.715257E+03  0.752605E+00 -0.800473E+00  0.249391E+01  0.788494E-04  0.399755E-02  0.914417E-04  0.176060E-06 -0.357427E-08
300.000  580.0000  0.707268E+03  0.767633E+00 -0.797123E+00  0.253388E+01  0.543833E-04  0.399697E-02  0.905110E-04  0.174765E-06 -0.280002E-08
300.000  590.0000  0.699316E+03  0.782469E+00 -0.793289E+00  0.257385E+01  0.298316E-04  0.399587E-02  0.896049E-04  0.173442E-06 -0.208191E-08
300.000  600.0000  0.691404E+03  0.797068E+00 -0.788966E+00  0.261380E+01  0.526974E-05  0.399421E-02  0.887229E-04  0.172071E-06 -0.141244E-08
310.000    0.0000  0.111524E+04  0.277176E+00 -0.433776E+00  0.272295E+00  0.801404E-03  0.366360E-02  0.178624E-02  0.371863E-05 -0.493727E-04
310.000   10.0000  0.111076E+04  0.273097E+00 -0.458432E+00  0.309499E+00  0.795074E-03  0.376492E-02  0.137041E-02  0.272055E-05 -0.316426E-04
310.000   20.0000  0.110611E+04  0.269587E+00 -0.471903E+00  0.347420E+00  0.791002E-03  0.381339E-02  0.109356E-02  0.208710E-05 -0.215922E-04
310.000   30.0000  0.110134E+04  0.266778E+00 -0.481500E+00  0.385682E+00  0.787646E-03  0.383601E-02  0.898774E-03  0.167325E-05 -0.154429E-04
310.000   40.0000  0.109648E+04  0.264725E+00 -0.490461E+00  0.424099E+00  0.784262E-03  0.384598E-02  0.755825E-03  0.139230E-05 -0.114438E-04
310.000   50.0000  0.109153E+04  0.263428E+00 -0.500013E+00  0.462581E+00  0.780534E-03  0.384976E-02  0.647457E-03  0.119384E-05 -0.871357E-05
310.000   60.0000  0.108648E+04  0.262855E+00 -0.510451E+00  0.501085E+00  0.776349E-03  0.385058E-02  0.563183E-03  0.104824E-05 -0.677655E-05
310.000   70.0000  0.108131E+04  0.262959E+00 -0.521681E+00  0.539588E+00  0.771697E-03  0.385006E-02  0.496292E-03  0.937667E-06 -0.535955E-05
310.000   80.0000  0.107604E+04  0.263687E+00 -0.533474E+00  0.578084E+00  0.766623E-03  0.384909E-02  0.442298E-03  0.851036E-06 -0.429726E-05
310.000   90.0000  0.107064E+04  0.264989E+00 -0.545586E+00  0.616570E+00  0.761171E-03  0.384814E-02  0.398093E-03  0.781264E-06 -0.348494E-05
310.000  100.0000  0.106513E+04  0.266819E+00 -0.557803E+00  0.655048E+00  0.755386E-03  0.384745E-02  0.361457E-03  0.723685E-06 -0.285356E-05
310.000  110.0000  0.105949E+04  0.269139E+00 -0.569953E+00  0.693521E+00  0.749309E-03  0.384717E-02  0.330768E-03  0.675137E-06 -0.235609E-05
310.000  120.0000  0.105373E+04  0.271913E+00 -0.581907E+00  0.731993E+00  0.742969E-03  0.384737E-02  0.304814E-03  0.633428E-06 -0.195958E-05
310.000  130.0000  0.104785E+04  0.275113E+00 -0.593575E+00  0.770470E+00  0.736391E-03  0.384805E-02  0.282674E-03  0.597000E-06 -0.164036E-05
310.000  140.0000  0.104186E+04  0.278716E+00 -0.604896E+00  0.808956E+00  0.729588E-03  0.384920E-02  0.263640E-03  0.564727E-06 -0.138112E-05
310.000  150.0000  0.103575E+04  0.282702E+00 -0.615836E+00  0.847455E+00  0.722570E-03  0.385081E-02  0.247157E-03  0.535780E-06 -0.116894E-05
310.000  160.0000  0.102954E+04  0.287056E+00 -0.626374E+00  0.885973E+00  0.715338E-03  0.385283E-02  0.232787E-03  0.509538E-06 -0.994083E-06
310.000  170.0000  0.102323E+04  0.291765E+00 -0.636507E+00  0.924513E+00  0.707892E-03  0.385522E-02  0.220183E-03  0.485533E-06 -0.849069E-06
310.000  180.0000  0.101681E+04  0.296819E+00 -0.646236E+00  0.963079E+00  0.700227E-03  0.385794E-02  0.209064E-03  0.463408E-06 -0.728117E-06
310.000  190.0000  0.101031E+04  0.302212E+00 -0.655573E+00  0.100167E+01  0.692334E-03  0.386095E-02  0.199201E-03  0.442888E-06 -0.626706E-06
310.000  200.0000  0.100370E+04  0.307937E+00 -0.664530E+00  0.104030E+01  0.684204E-03  0.386420E-02  0.190411E-03  0.423757E-06 -0.541267E-06
310.000  210.0000  0.997016E+03  0.313990E+00 -0.673122E+00  0.107896E+01  0.675825E-03  0.386767E-02  0.182538E-03  0.405849E-06 -0.468962E-06
310.000  220.0000  0.990243E+03  0.320369E+00 -0.681365E+00  0.111765E+01  0.667184E-03  0.387132E-02  0.175458E-03  0.389033E-06 -0.407516E-06
310.000  230.0000  0.983390E+03  0.327071E+00 -0.689277E+00  0.115638E+01  0.658267E-03  0.387512E-02  0.169063E-03  0.373203E-06 -0.355096E-06
310.000  240.0000  0.976459E+03  0.334096E+00 -0.696871E+00  0.119516E+01  0.649059E-03  0.387903E-02  0.163267E-03  0.358278E-06 -0.310213E-06
310.000  250.0000  0.969453E+03  0.341442E+00 -0.704161E+00  0.123397E+01  0.639548E-03  0.388305E-02  0.157993E-03  0.344189E-06 -0.271652E-06
310.000  260.0000  0.962376E+03  0.349110E+00 -0.711161E+00  0.127282E+01  0.629714E-03  0.388713E-02  0.153178E-03  0.330884E-06 -0.238417E-06
310.000  270.0000  0.955231E+03  0.357100E+00 -0.717879E+00  0.131171E+01  0.619546E-03  0.389127E-02  0.148769E-03  0.318318E-06 -0.209684E-06
310.000  280.0000  0.948020E+03  0.365413E+00 -0.724326E+00  0.135064E+01  0.609028E-03  0.389545E-02  0.144719E-03  0.306454E-06 -0.184774E-06
310.000  290.0000  0.940745E+03  0.374047E+00 -0.730507E+00  0.138962E+01  0.598146E-03  0.389964E-02  0.140987E-03  0.295260E-06 -0.163119E-06
310.000  300.0000  0.933410E+03  0.383004E+00 -0.736427E+00  0.142863E+01  0.586886E-03  0.390384E-02  0.137540E-03  0.284710E-06 -0.144247E-06
310.000  310.0000  0.926018E+03  0.392283E+00 -0.742090E+00  0.146769E+01  0.575234E-03  0.390802E-02  0.134347E-03  0.274780E-06 -0.127761E-06
310.000  320.0000  0.918569E+03  0.401883E+00 -0.747497E+00  0.150680E+01  0.563177E-03  0.391218E-02  0.131382E-03  0.265449E-06 -0.113327E-06
310.000  330.0000  0.911069E+03  0.411802E+00 -0.752648E+00  0.154594E+01  0.550704E-03  0.391629E-02  0.128621E-03  0.256696E-06 -0.100663E-06
310.000  340.0000  0.903517E+03  0.422039E+00 -0.757541E+00  0.158512E+01  0.537802E-03  0.392036E-02  0.126043E-03  0.248503E-06 -0.895295E-07
310.000  350.0000  0.895919E+03  0.432590E+00 -0.762174E+00  0.162434E+01  0.524462E-03  0.392435E-02  0.123632E-03  0.240851E-06 -0.797239E-07
310.000  360.0000  0.888275E+03  0.443453E+00 -0.766543E+00  0.166361E+01  0.510675E-03  0.392826E-02  0.121371E-03  0.233721E-06 -0.710727E-07
310.000  370.0000  0.880589E+03  0.454622E+00 -0.770643E+00  0.170291E+01  0.496430E-03  0.393210E-02  0.119245E-03  0.227094E-06 -0.634275E-07
310.000  380.0000  0.872863E+03  0.466093E+00 -0.774469E+00  0.174225E+01  0.481722E-03  0.393581E-02  0.117242E-03  0.220956E-06 -0.566609E-07
310.000  390.0000  0.865100E+03  0.477858E+00 -0.778015E+00  0.178163E+01  0.466543E-03  0.393942E-02  0.115349E-03  0.215284E-06 -0.506632E-07
310.000  400.0000  0.857304E+03  0.489909E+00 -0.781275E+00  0.182104E+01  0.450888E-03  0.394290E-02  0.113558E-03  0.210058E-06 -0.453399E-07
310.000  410.0000  0.849476E+03  0.502238E+00 -0.784242E+00  0.186048E+01  0.434752E-03  0.394626E-02  0.111858E-03  0.205258E-06 -0.406088E-07
310.000  420.0000  0.841620E+03  0.514835E+00 -0.786909E+00  0.189996E+01  0.418134E-03  0.394947E-02  0.110241E-03  0.200863E-06 -0.363987E-07
310.000  430.0000  0.833739E+03  0.527688E+00 -0.789269E+00  0.193947E+01  0.401031E-03  0.395254E-02  0.108699E-03  0.196851E-06 -0.326473E-07
310.000  440.0000  0.825835E+03  0.540785E+00 -0.791315E+00  0.197901E+01  0.383443E-03  0.395545E-02  0.107226E-03  0.193199E-06 -0.293005E-07
310.000  450.0000  0.817913E+03  0.554110E+00 -0.793040E+00  0.201858E+01  0.365372E-03  0.395820E-02  0.105816E-03  0.189884E-06 -0.263104E-07
310.000  460.0000  0.809976E+03  0.567648E+00 -0.794435E+00  0.205818E+01  0.346822E-03  0.396077E-02  0.104462E-03  0.186881E-06 -0.236355E-07
310.000  470.0000  0.802026E+03  0.581383E+00 -0.795495E+00  0.209780E+01  0.327798E-03  0.396317E-02  0.103161E-03  0.184165E-06 -0.212386E-07
310.000  480.0000  0.794067E+03  0.595293E+00 -0.796210E+00  0.213744E+01  0.308309E-03  0.396537E-02  0.101908E-03  0.181711E-06 -0.190874E-07
310.000  490.0000  0.786103E+03  0.609360E+00 -0.796574E+00  0.217710E+01  0.288366E-03  0.396736E-02  0.100699E-03  0.179493E-06 -0.171531E-07
310.000  500.0000  0.778137E+03  0.623559E+00 -0.796578E+00  0.221678E+01  0.267984E-03  0.396915E-02  0.995301E-04  0.177484E-06 -0.154100E-07
310.000  510.0000  0.770172E+03  0.637867E+00 -0.796214E+00  0.225648E+01  0.247180E-03  0.397070E-02  0.983987E-04  0.175660E-06 -0.138357E-07
310.000  520.0000  0.762214E+03  0.652255E+00 -0.795472E+00  0.229620E+01  0.225977E-03  0.397200E-02  0.973020E-04  0.173993E-06 -0.124099E-07
310.000  530.0000  0.754264E+03  0.666696E+00 -0.794345E+00  0.233592E+01  0.204401E-03  0.397303E-02  0.962377E-04  0.172457E-06 -0.111148E-07
310.000  540.0000  0.746328E+03  0.681158E+00 -0.792823E+00  0.237566E+01  0.182484E-03  0.397377E-02  0.952038E-04  0.171026E-06 -0.993466E-08
310.000  550.0000  0.738409E+03  0.695609E+00 -0.790896E+00  0.241540E+01  0.160264E-03  0.397420E-02  0.941986E-04  0.169677E-06 -0.885526E-08
310.000  560.0000  0.730511E+03  0.710013E+00 -0.788556E+00  0.245514E+01  0.137783E-03  0.397427E-02  0.932207E-04  0.168383E-06 -0.786416E-08
310.000  570.0000  0.722639E+03  0.724333E+00 -0.785792E+00  0.249488E+01  0.115088E-03  0.397397E-02  0.922689E-04  0.167123E-06 -0.695029E-08
310.000  580.0000  0.714797E+03  0.738531E+00 -0.782596E+00  0.253462E+01  0.922345E-04  0.397326E-02  0.913422E-04  0.165873E-06 -0.610387E-08
310.000  590.0000  0.706989E+03  0.752567E+00 -0.778962E+00  0.257435E+01  0.692815E-04  0.397210E-02  0.904398E-04  0.164614E-06 -0.531631E-08
310.000  600.0000  0.699219E+03  0.766400E+00 -0.774880E+00  0.261406E+01  0.462942E-04  0.397046E-02  0.895612E-04  0.163325E-06 -0.458001E-08
320.000    0.0000  0.111799E+04  0.273211E+00 -0.437934E+00  0.280296E+00  0.798757E-03  0.365537E-02  0.180102E-02  0.392004E-05 -0.498144E-04
320.000   10.0000  0.111348E+04  0.269400E+00 -0.462131E+00  0.317437E+00  0.792548E-03  0.376013E-02  0.138072E-02  0.284253E-05 -0.318871E-04
320.000   20.0000  0.110878E+04  0.266108E+00 -0.474982E+00  0.355318E+00  0.788629E-03  0.380993E-02  0.110124E-02  0.216173E-05 -0.217405E-04
320.000   30.0000  0.110399E+04  0.263461E+00 -0.483866E+00  0.393547E+00  0.785454E-03  0.383281E-02  0.904787E-03  0.171905E-05 -0.155403E-04
320.000   40.0000  0.109911E+04  0.261521E+00 -0.492088E+00  0.431932E+00  0.782268E-03  0.384256E-02  0.760729E-03  0.142008E-05 -0.115123E-04
320.000   50.0000  0.109415E+04  0.260293E+00 -0.500916E+00  0.470377E+00  0.778742E-03  0.384592E-02  0.651586E-03  0.121008E-05 -0.876472E-05
320.000   60.0000  0.108909E+04  0.259754E+00 -0.510669E+00  0.508840E+00  0.774765E-03  0.384626E-02  0.566747E-03  0.105693E-05 -0.681658E-05
320.000   70.0000  0.108393E+04  0.259860E+00 -0.521262E+00  0.547298E+00  0.770326E-03  0.384530E-02  0.499430E-03  0.941316E-06 -0.539210E-05
320.000   80.0000  0.107866E+04  0.260565E+00 -0.532468E+00  0.585745E+00  0.765460E-03  0.384392E-02  0.445104E-03  0.851281E-06 -0.432455E-05
320.000   90.0000  0.107328E+04  0.261822E+00 -0.544041E+00  0.624177E+00  0.760213E-03  0.384261E-02  0.400635E-03  0.779186E-06 -0.350837E-05
320.000  100.0000  0.106778E+04  0.263587E+00 -0.555760E+00  0.662598E+00  0.754634E-03  0.384162E-02  0.363786E-03  0.720010E-06 -0.287407E-05
320.000  110.0000  0.106216E+04  0.265824E+00 -0.567447E+00  0.701011E+00  0.748762E-03  0.384107E-02  0.332920E-03  0.670365E-06 -0.237433E-05
320.000  120.0000  0.105643E+04  0.268499E+00 -0.578969E+00  0.739421E+00  0.742630E-03  0.384101E-02  0.306817E-03  0.627903E-06 -0.197600E-05
320.000  130.0000  0.105058E+04  0.271585E+00 -0.590231E+00  0.777833E+00  0.736262E-03  0.384146E-02  0.284551E-03  0.590963E-06 -0.165531E-05
320.000  140.0000  0.104463E+04  0.275059E+00 -0.601168E+00  0.816252E+00  0.729675E-03  0.384240E-02  0.265407E-03  0.558346E-06 -0.139485E-05
320.000  150.0000  0.103856E+04  0.278901E+00 -0.611739E+00  0.854682E+00  0.722878E-03  0.384380E-02  0.248828E-03  0.529172E-06 -0.118165E-05
320.000  160.0000  0.103239E+04  0.283098E+00 -0.621924E+00  0.893129E+00  0.715876E-03  0.384561E-02  0.234374E-03  0.502786E-06 -0.100593E-05
320.000  170.0000  0.102613E+04  0.287635E+00 -0.631714E+00  0.931596E+00  0.708670E-03  0.384779E-02  0.221695E-03  0.478695E-06 -0.860175E-06
320.000  180.0000  0.101976E+04  0.292503E+00 -0.641110E+00  0.970086E+00  0.701253E-03  0.385029E-02  0.210508E-03  0.456522E-06 -0.738585E-06
320.000  190.0000  0.101330E+04  0.297694E+00 -0.650119E+00  0.100860E+01  0.693623E-03  0.385307E-02  0.200585E-03  0.435979E-06 -0.636618E-06
320.000  200.0000  0.100676E+04  0.303203E+00 -0.658753E+00  0.104715E+01  0.685768E-03  0.385609E-02  0.191738E-03  0.416842E-06 -0.550692E-06
320.000  210.0000  0.100013E+04  0.309024E+00 -0.667027E+00  0.108573E+01  0.677680E-03  0.385932E-02  0.183815E-03  0.398937E-06 -0.477956E-06
320.000  220.0000  0.993421E+03  0.315155E+00 -0.674954E+00  0.112434E+01  0.669346E-03  0.386270E-02  0.176688E-03  0.382126E-06 -0.416127E-06
320.000  230.0000  0.986633E+03  0.321592E+00 -0.682552E+00  0.116298E+01  0.660754E-03  0.386622E-02  0.170250E-03  0.366303E-06 -0.363363E-06
320.000  240.0000  0.979771E+03  0.328335E+00 -0.689832E+00  0.120166E+01  0.651891E-03  0.386985E-02  0.164414E-03  0.351381E-06 -0.318170E-06
320.000  250.0000  0.972837E+03  0.335381E+00 -0.696810E+00  0.124038E+01  0.642744E-03  0.387356E-02  0.159103E-03  0.337292E-06 -0.279328E-06
320.000  260.0000  0.965835E+03  0.342731E+00 -0.703497E+00  0.127913E+01  0.633300E-03  0.387734E-02  0.154254E-03  0.323981E-06 -0.245836E-06
320.000  270.0000  0.958768E+03  0.350384E+00 -0.709904E+00  0.131792E+01  0.623544E-03  0.388115E-02  0.149812E-03  0.311402E-06 -0.216867E-06
320.000  280.0000  0.951638E+03  0.358339E+00 -0.716038E+00  0.135675E+01  0.613463E-03  0.388498E-02  0.145732E-03  0.299518E-06 -0.191738E-06
320.000  290.0000  0.944448E+03  0.366596E+00 -0.721907E+00  0.139562E+01  0.603046E-03  0.388882E-02  0.141973E-03  0.288297E-06 -0.169880E-06
320.000  300.0000  0.937201E+03  0.375155E+00 -0.727516E+00  0.143453E+01  0.592278E-03  0.389264E-02  0.138500E-03  0.277713E-06 -0.150818E-06
320.000  310.0000  0.929899E+03  0.384013E+00 -0.732869E+00  0.147348E+01  0.581149E-03  0.389644E-02  0.135282E-03  0.267741E-06 -0.134152E-06
320.000  320.0000  0.922544E+03  0.393171E+00 -0.737967E+00  0.151246E+01  0.569647E-03  0.390021E-02  0.132295E-03  0.258361E-06 -0.119549E-06
320.000  330.0000  0.915140E+03  0.402626E+00 -0.742810E+00  0.155148E+01  0.557761E-03  0.390392E-02  0.129513E-03  0.249552E-06 -0.106724E-06
320.000  340.0000  0.907689E+03  0.412376E+00 -0.747399E+00  0.159054E+01  0.545481E-03  0.390756E-02  0.126917E-03  0.241295E-06 -0.954371E-07
320.000  350.0000  0.900193E+03  0.422417E+00 -0.751731E+00  0.162963E+01  0.532799E-03  0.391113E-02  0.124489E-03  0.233574E-06 -0.854844E-07
320.000  360.0000  0.892655E+03  0.432746E+00 -0.755802E+00  0.166876E+01  0.519706E-03  0.391461E-02  0.122211E-03  0.226370E-06 -0.766918E-07
320.000  370.0000  0.885078E+03  0.443358E+00 -0.759611E+00  0.170792E+01  0.506195E-03  0.391799E-02  0.120071E-03  0.219665E-06 -0.689101E-07
320.000  380.0000  0.877464E+03  0.454247E+00 -0.763151E+00  0.174712E+01  0.492260E-03  0.392127E-02  0.118055E-03  0.213441E-06 -0.620117E-07
320.000  390.0000  0.869816E+03  0.465407E+00 -0.766418E+00  0.178635E+01  0.477895E-03  0.392442E-02  0.116151E-03  0.207679E-06 -0.558863E-07
320.000  400.0000  0.862137E+03  0.476831E+00 -0.769408E+00  0.182561E+01  0.463097E-03  0.392745E-02  0.114350E-03  0.202362E-06 -0.504389E-07
320.000  410.0000  0.854429E+03  0.488510E+00 -0.772113E+00  0.186490E+01  0.447861E-03  0.393035E-02  0.112641E-03  0.197468E-06 -0.455872E-07
320.000  420.0000  0.846695E+03  0.500434E+00 -0.774529E+00  0.190421E+01  0.432186E-03  0.393310E-02  0.111016E-03  0.192978E-06 -0.412597E-07
320.000  430.0000  0.838939E+03  0.512593E+00 -0.776650E+00  0.194356E+01  0.416070E-03  0.393571E-02  0.109469E-03  0.188870E-06 -0.373940E-07
320.000  440.0000  0.831163E+03  0.524974E+00 -0.778470E+00  0.198293E+01  0.399515E-03  0.393816E-02  0.107991E-03  0.185123E-06 -0.339357E-07
320.000  450.0000  0.823371E+03  0.537565E+00 -0.779983E+00  0.202232E+01  0.382522E-03  0.394045E-02  0.106577E-03  0.181714E-06 -0.308372E-07
320.000  460.0000  0.815565E+03  0.550351E+00 -0.781182E+00  0.206174E+01  0.365095E-03  0.394257E-02  0.105221E-03  0.178620E-06 -0.280564E-07
320.000  470.0000  0.807748E+03  0.563316E+00 -0.782063E+00  0.210117E+01  0.347239E-03  0.394451E-02  0.103918E-03  0.175818E-06 -0.255566E-07
320.000  480.0000  0.799924E+03  0.576442E+00 -0.782619E+00  0.214063E+01  0.328961E-03  0.394628E-02  0.102664E-03  0.173282E-06 -0.233051E-07
320.000  490.0000  0.792097E+03  0.589712E+00 -0.782844E+00  0.218010E+01  0.310272E-03  0.394785E-02  0.101455E-03  0.170989E-06 -0.212731E-07
320.000  500.0000  0.784269E+03  0.603105E+00 -0.782732E+00  0.221958E+01  0.291183E-03  0.394922E-02  0.100287E-03  0.168914E-06 -0.194352E-07
320.000  510.0000  0.776443E+03  0.616598E+00 -0.782276E+00  0.225908E+01  0.271711E-03  0.395037E-02  0.991573E-04  0.167031E-06 -0.177687E-07
320.000  520.0000  0.768624E+03  0.630169E+00 -0.781469E+00  0.229859E+01  0.251875E-03  0.395131E-02  0.980628E-04  0.165315E-06 -0.162536E-07
320.000  530.0000  0.760815E+03  0.643791E+00 -0.780304E+00  0.233811E+01  0.231696E-03  0.395200E-02  0.970011E-04  0.163743E-06 -0.148719E-07
320.000  540.0000  0.753019E+03  0.657437E+00 -0.778774E+00  0.237763E+01  0.211203E-03  0.395243E-02  0.959703E-04  0.162289E-06 -0.136079E-07
320.000  550.0000  0.745241E+03  0.671078E+00 -0.776871E+00  0.241715E+01  0.190427E-03  0.395258E-02  0.949684E-04  0.160929E-06 -0.124473E-07
320.000  560.0000  0.737483E+03  0.684683E+00 -0.774589E+00  0.245668E+01  0.169404E-03  0.395242E-02  0.939940E-04  0.159640E-06 -0.113778E-07
320.000  570.0000  0.729750E+03  0.698221E+00 -0.771918E+00  0.249620E+01  0.148175E-03  0.395193E-02  0.930457E-04  0.158400E-06 -0.103882E-07
320.000  580.0000  0.722046E+03  0.711656E+00 -0.768853E+00  0.253572E+01  0.126786E-03  0.395109E-02  0.921225E-04  0.157187E-06 -0.946878E-08
320.000  590.0000  0.714375E+03  0.724954E+00 -0.765387E+00  0.257522E+01  0.105288E-03  0.394986E-02  0.912235E-04  0.155980E-06 -0.861078E-08
320.000  600.0000  0.706740E+03  0.738079E+00 -0.761513E+00  0.261471E+01  0.837387E-04  0.394820E-02  0.903479E-04  0.154761E-06 -0.780661E-08
330.000    0.0000  0.112070E+04  0.269382E+00 -0.441814E+00  0.288271E+00  0.796211E-03  0.364724E-02  0.181635E-02  0.411959E-05 -0.502897E-04
330.000   10.0000  0.111615E+04  0.265819E+00 -0.465594E+00  0.325350E+00  0.790113E-03  0.375548E-02  0.139134E-02  0.296275E-05 -0.321501E-04
330.000   20.0000  0.111143E+04  0.262731E+00 -0.477877E+00  0.363193E+00  0.786335E-03  0.380664E-02  0.110908E-02  0.223483E-05 -0.218995E-04
330.000   30.0000  0.110661E+04  0.260238E+00 -0.486100E+00  0.401391E+00  0.783327E-03  0.382980E-02  0.910892E-03  0.176355E-05 -0.156443E-04
330.000   40.0000  0.110171E+04  0.258405E+00 -0.493626E+00  0.439744E+00  0.780325E-03  0.383933E-02  0.765679E-03  0.144677E-05 -0.115851E-04
330.000   50.0000  0.109673E+04  0.257244E+00 -0.501768E+00  0.478156E+00  0.776994E-03  0.384227E-02  0.655731E-03  0.122540E-05 -0.881869E-05
330.000   60.0000  0.109167E+04  0.256737E+00 -0.510869E+00  0.516580E+00  0.773215E-03  0.384215E-02  0.570309E-03  0.106484E-05 -0.685854E-05
330.000   70.0000  0.108651E+04  0.256847E+00 -0.520853E+00  0.554995E+00  0.768975E-03  0.384074E-02  0.502555E-03  0.944309E-06 -0.542600E-05
330.000   80.0000  0.108125E+04  0.257531E+00 -0.531496E+00  0.593394E+00  0.764306E-03  0.383896E-02  0.447892E-03  0.850964E-06 -0.435280E-05
330.000   90.0000  0.107588E+04  0.258746E+00 -0.542549E+00  0.631775E+00  0.759256E-03  0.383729E-02  0.403155E-03  0.776622E-06 -0.353251E-05
330.000  100.0000  0.107040E+04  0.260450E+00 -0.553788E+00  0.670141E+00  0.753873E-03  0.383598E-02  0.366089E-03  0.715914E-06 -0.289511E-05
330.000  110.0000  0.106481E+04  0.262609E+00 -0.565029E+00  0.708496E+00  0.748198E-03  0.383516E-02  0.335044E-03  0.665224E-06 -0.239297E-05
330.000  120.0000  0.105910E+04  0.265191E+00 -0.576135E+00  0.746845E+00  0.742264E-03  0.383486E-02  0.308792E-03  0.622054E-06 -0.199274E-05
330.000  130.0000  0.105328E+04  0.268169E+00 -0.587006E+00  0.785195E+00  0.736098E-03  0.383508E-02  0.286399E-03  0.584639E-06 -0.167051E-05
330.000  140.0000  0.104736E+04  0.271520E+00 -0.597572E+00  0.823549E+00  0.729718E-03  0.383581E-02  0.267145E-03  0.551710E-06 -0.140879E-05
330.000  150.0000  0.104133E+04  0.275228E+00 -0.607790E+00  0.861913E+00  0.723133E-03  0.383701E-02  0.250471E-03  0.522338E-06 -0.119454E-05
330.000  160.0000  0.103521E+04  0.279275E+00 -0.617634E+00  0.900290E+00  0.716351E-03  0.383862E-02  0.235933E-03  0.495834E-06 -0.101793E-05
330.000  170.0000  0.102898E+04  0.283650E+00 -0.627095E+00  0.938686E+00  0.709372E-03  0.384060E-02  0.223178E-03  0.471679E-06 -0.871416E-06
330.000  180.0000  0.102267E+04  0.288342E+00 -0.636171E+00  0.977103E+00  0.702193E-03  0.384289E-02  0.211924E-03  0.449479E-06 -0.749174E-06
330.000  190.0000  0.101626E+04  0.293344E+00 -0.644867E+00  0.101554E+01  0.694811E-03  0.384546E-02  0.201940E-03  0.428932E-06 -0.646641E-06
330.000  200.0000  0.100977E+04  0.298650E+00 -0.653194E+00  0.105401E+01  0.687218E-03  0.384826E-02  0.193038E-03  0.409805E-06 -0.560218E-06
330.000  210.0000  0.100320E+04  0.304253E+00 -0.661164E+00  0.109251E+01  0.679405E-03  0.385125E-02  0.185064E-03  0.391918E-06 -0.487045E-06
330.000  220.0000  0.996547E+03  0.310150E+00 -0.668792E+00  0.113104E+01  0.671361E-03  0.385439E-02  0.177890E-03  0.375128E-06 -0.424827E-06
330.000  230.0000  0.989822E+03  0.316340E+00 -0.676091E+00  0.116960E+01  0.663076E-03  0.385766E-02  0.171410E-03  0.359325E-06 -0.371716E-06
330.000  240.0000  0.983026E+03  0.322818E+00 -0.683075E+00  0.120819E+01  0.654538E-03  0.386102E-02  0.165533E-03  0.344421E-06 -0.326210E-06
330.000  250.0000  0.976162E+03  0.329584E+00 -0.689758E+00  0.124682E+01  0.645734E-03  0.386445E-02  0.160185E-03  0.330344E-06 -0.287083E-06
330.000  260.0000  0.969232E+03  0.336637E+00 -0.696151E+00  0.128548E+01  0.636654E-03  0.386793E-02  0.155301E-03  0.317039E-06 -0.253331E-06
330.000  270.0000  0.962240E+03  0.343975E+00 -0.702263E+00  0.132418E+01  0.627284E-03  0.387143E-02  0.150827E-03  0.304460E-06 -0.224124E-06
330.000  280.0000  0.955188E+03  0.351598E+00 -0.708105E+00  0.136291E+01  0.617613E-03  0.387495E-02  0.146717E-03  0.292568E-06 -0.198774E-06
330.000  290.0000  0.948078E+03  0.359504E+00 -0.713682E+00  0.140168E+01  0.607629E-03  0.387845E-02  0.142929E-03  0.281333E-06 -0.176711E-06
330.000  300.0000  0.940915E+03  0.367692E+00 -0.719000E+00  0.144048E+01  0.597321E-03  0.388194E-02  0.139430E-03  0.270726E-06 -0.157457E-06
330.000  310.0000  0.933699E+03  0.376161E+00 -0.724063E+00  0.147932E+01  0.586678E-03  0.388538E-02  0.136188E-03  0.260724E-06 -0.140612E-06
330.000  320.0000  0.926434E+03  0.384909E+00 -0.728872E+00  0.151819E+01  0.575690E-03  0.388878E-02  0.133178E-03  0.251306E-06 -0.125838E-06
330.000  330.0000  0.919123E+03  0.393935E+00 -0.733430E+00  0.155709E+01  0.564349E-03  0.389212E-02  0.130375E-03  0.242452E-06 -0.112851E-06
330.000  340.0000  0.911767E+03  0.403234E+00 -0.737736E+00  0.159603E+01  0.552645E-03  0.389538E-02  0.127760E-03  0.234145E-06 -0.101409E-06
330.000  350.0000  0.904369E+03  0.412804E+00 -0.741789E+00  0.163500E+01  0.540571E-03  0.389856E-02  0.125313E-03  0.226366E-06 -0.913087E-07
330.000  360.0000  0.896932E+03  0.422641E+00 -0.745586E+00  0.167400E+01  0.528119E-03  0.390164E-02  0.123020E-03  0.219098E-06 -0.823740E-07
330.000  370.0000  0.889458E+03  0.432739E+00 -0.749124E+00  0.171303E+01  0.515283E-03  0.390462E-02  0.120865E-03  0.212325E-06 -0.744554E-07
330.000  380.0000  0.881950E+03  0.443095E+00 -0.752401E+00  0.175209E+01  0.502059E-03  0.390749E-02  0.118835E-03  0.206027E-06 -0.674246E-07
330.000  390.0000  0.874411E+03  0.453700E+00 -0.755412E+00  0.179118E+01  0.488442E-03  0.391023E-02  0.116919E-03  0.200189E-06 -0.611710E-07
330.000  400.0000  0.866843E+03  0.464548E+00 -0.758152E+00  0.183030E+01  0.474428E-03  0.391284E-02  0.115107E-03  0.194790E-06 -0.555993E-07
330.000  410.0000  0.859249E+03  0.475631E+00 -0.760617E+00  0.186944E+01  0.460016E-03  0.391532E-02  0.113388E-03  0.189814E-06 -0.506267E-07
330.000  420.0000  0.851631E+03  0.486939E+00 -0.762803E+00  0.190860E+01  0.445202E-03  0.391766E-02  0.111756E-03  0.185238E-06 -0.461816E-07
330.000  430.0000  0.843994E+03  0.498463E+00 -0.764705E+00  0.194779E+01  0.429989E-03  0.391984E-02  0.110201E-03  0.181045E-06 -0.422014E-07
330.000  440.0000  0.836338E+03  0.510191E+00 -0.766318E+00  0.198700E+01  0.414375E-03  0.392187E-02  0.108718E-03  0.177212E-06 -0.386316E-07
330.000  450.0000  0.828668E+03  0.522111E+00 -0.767636E+00  0.202623E+01  0.398363E-03  0.392375E-02  0.107299E-03  0.173719E-06 -0.354244E-07
330.000  460.0000  0.820986E+03  0.534210E+00 -0.768657E+00  0.206547E+01  0.381957E-03  0.392545E-02  0.105939E-03  0.170543E-06 -0.325377E-07
330.000  470.0000  0.813296E+03  0.546474E+00 -0.769374E+00  0.210473E+01  0.365162E-03  0.392699E-02  0.104634E-03  0.167661E-06 -0.299347E-07
330.000  480.0000  0.805600E+03  0.558886E+00 -0.769783E+00  0.214401E+01  0.347983E-03  0.392836E-02  0.103379E-03  0.165051E-06 -0.275827E-07
330.000  490.0000  0.797901E+03  0.571430E+00 -0.769880E+00  0.218330E+01  0.330431E-03  0.392954E-02  0.102169E-03  0.162688E-06 -0.254530E-07
330.000  500.0000  0.790203E+03  0.584087E+00 -0.769660E+00  0.222260E+01  0.312516E-03  0.393054E-02  0.101001E-03  0.160550E-06 -0.235201E-07
330.000  510.0000  0.782509E+03  0.596839E+00 -0.769117E+00  0.226191E+01  0.294250E-03  0.393134E-02  0.998718E-04  0.158613E-06 -0.217612E-07
330.000  520.0000  0.774822E+03  0.609663E+00 -0.768247E+00  0.230123E+01  0.275652E-03  0.393193E-02  0.987786E-04  0.156852E-06 -0.201564E-07
330.000  530.0000  0.767145E+03  0.622538E+00 -0.767044E+00  0.234055E+01  0.256740E-03  0.393231E-02  0.977188E-04  0.155243E-06 -0.186877E-07
330.000  540.0000  0.759482E+03  0.635438E+00 -0.765502E+00  0.237987E+01  0.237538E-03  0.393245E-02  0.966903E-04  0.153765E-06 -0.173393E-07
330.000  550.0000  0.751837E+03  0.648339E+00 -0.763616E+00  0.241920E+01  0.218071E-03  0.393234E-02  0.956910E-04  0.152392E-06 -0.160971E-07
330.000  560.0000  0.744211E+03  0.661213E+00 -0.761380E+00  0.245852E+01  0.198372E-03  0.393196E-02  0.947195E-04  0.151104E-06 -0.149485E-07
330.000  570.0000  0.736610E+03  0.674032E+00 -0.758787E+00  0.249784E+01  0.178476E-03  0.393129E-02  0.937742E-04  0.149878E-06 -0.138825E-07
330.000  580.0000  0.729037E+03  0.686766E+00 -0.755831E+00  0.253714E+01  0.158421E-03  0.393031E-02  0.928540E-04  0.148694E-06 -0.128893E-07
330.000  590.0000  0.721495E+03  0.699382E+00 -0.752508E+00  0.257644E+01  0.138253E-03  0.392899E-02  0.919580E-04  0.147531E-06 -0.119600E-07
330.000  600.0000  0.713988E+03  0.711851E+00 -0.748812E+00  0.261572E+01  0.118019E-03  0.392731E-02  0.910853E-04  0.146372E-06 -0.110870E-07
340.000    0.0000  0.112338E+04  0.265682E+00 -0.445438E+00  0.296221E+00  0.793759E-03  0.363921E-02  0.183222E-02  0.431723E-05 -0.507978E-04
340.000   10.0000  0.111879E+04  0.262350E+00 -0.468837E+00  0.333239E+00  0.787764E-03  0.375095E-02  0.140225E-02  0.308113E-05 -0.324312E-04
340.000   20.0000  0.111404E+04  0.259451E+00 -0.480598E+00  0.371045E+00  0.784114E-03  0.380350E-02  0.111709E-02  0.230634E-05 -0.220692E-04
340.000   30.0000  0.110919E+04  0.257104E+00 -0.488206E+00  0.409214E+00  0.781261E-03  0.382697E-02  0.917083E-03  0.180671E-05 -0.157548E-04
340.000   40.0000  0.110428E+04  0.255373E+00 -0.495080E+00  0.447538E+00  0.778432E-03  0.383628E-02  0.770670E-03  0.147234E-05 -0.116621E-04
340.000   50.0000  0.109929E+04  0.254277E+00 -0.502573E+00  0.485918E+00  0.775284E-03  0.383882E-02  0.659891E-03  0.123979E-05 -0.887541E-05
340.000   60.0000  0.109422E+04  0.253802E+00 -0.511052E+00  0.524304E+00  0.771693E-03  0.383823E-02  0.573869E-03  0.107196E-05 -0.690236E-05
340.000   70.0000  0.108907E+04  0.253916E+00 -0.520453E+00  0.562678E+00  0.767641E-03  0.383637E-02  0.505666E-03  0.946633E-06 -0.546120E-05
340.000   80.0000  0.108381E+04  0.254581E+00 -0.530555E+00  0.601031E+00  0.763162E-03  0.383419E-02  0.450659E-03  0.850076E-06 -0.438198E-05
340.000   90.0000  0.107845E+04  0.255755E+00 -0.541108E+00  0.639362E+00  0.758300E-03  0.383216E-02  0.405651E-03  0.773567E-06 -0.355732E-05
340.000  100.0000  0.107299E+04  0.257403E+00 -0.551884E+00  0.677675E+00  0.753105E-03  0.383054E-02  0.368365E-03  0.711392E-06 -0.291666E-05
340.000  110.0000  0.106742E+04  0.259488E+00 -0.562695E+00  0.715975E+00  0.747619E-03  0.382944E-02  0.337141E-03  0.659711E-06 -0.241200E-05
340.000  120.0000  0.106174E+04  0.261982E+00 -0.573400E+00  0.754266E+00  0.741876E-03  0.382890E-02  0.310738E-03  0.615878E-06 -0.200979E-05
340.000  130.0000  0.105595E+04  0.264858E+00 -0.583892E+00  0.792555E+00  0.735903E-03  0.382891E-02  0.288217E-03  0.578026E-06 -0.168596E-05
340.000  140.0000  0.105006E+04  0.268095E+00 -0.594101E+00  0.830846E+00  0.729720E-03  0.382943E-02  0.268854E-03  0.544819E-06 -0.142293E-05
340.000  150.0000  0.104407E+04  0.271674E+00 -0.603978E+00  0.869145E+00  0.723338E-03  0.383043E-02  0.252084E-03  0.515278E-06 -0.120760E-05
340.000  160.0000  0.103798E+04  0.275581E+00 -0.613495E+00  0.907456E+00  0.716766E-03  0.383184E-02  0.237462E-03  0.488681E-06 -0.103007E-05
340.000  170.0000  0.103180E+04  0.279802E+00 -0.622640E+00  0.945783E+00  0.710003E-03  0.383363E-02  0.224633E-03  0.464484E-06 -0.882786E-06
340.000  180.0000  0.102553E+04  0.284329E+00 -0.631409E+00  0.984130E+00  0.703052E-03  0.383573E-02  0.213312E-03  0.442276E-06 -0.759878E-06
340.000  190.0000  0.101917E+04  0.289153E+00 -0.639806E+00  0.102250E+01  0.695906E-03  0.383810E-02  0.203267E-03  0.421743E-06 -0.656768E-06
340.000  200.0000  0.101273E+04  0.294266E+00 -0.647839E+00  0.106089E+01  0.688561E-03  0.384069E-02  0.194310E-03  0.402644E-06 -0.569842E-06
340.000  210.0000  0.100622E+04  0.299664E+00 -0.655520E+00  0.109931E+01  0.681009E-03  0.384346E-02  0.186286E-03  0.384791E-06 -0.496225E-06
340.000  220.0000  0.999624E+03  0.305343E+00 -0.662862E+00  0.113776E+01  0.673240E-03  0.384637E-02  0.179065E-03  0.368037E-06 -0.433613E-06
340.000  230.0000  0.992960E+03  0.311299E+00 -0.669878E+00  0.117624E+01  0.665245E-03  0.384940E-02  0.172541E-03  0.352268E-06 -0.380150E-06
340.000  240.0000  0.986228E+03  0.317530E+00 -0.676582E+00  0.121475E+01  0.657013E-03  0.385251E-02  0.166624E-03  0.337394E-06 -0.334327E-06
340.000  250.0000  0.979430E+03  0.324034E+00 -0.682985E+00  0.125329E+01  0.648533E-03  0.385568E-02  0.161239E-03  0.323343E-06 -0.294913E-06
340.000  260.0000  0.972569E+03  0.330808E+00 -0.689100E+00  0.129186E+01  0.639795E-03  0.385888E-02  0.156320E-03  0.310057E-06 -0.260899E-06
340.000  270.0000  0.965649E+03  0.337852E+00 -0.694936E+00  0.133047E+01  0.630787E-03  0.386210E-02  0.151814E-03  0.297489E-06 -0.231450E-06
340.000  280.0000  0.958671E+03  0.345164E+00 -0.700502E+00  0.136911E+01  0.621499E-03  0.386532E-02  0.147674E-03  0.285602E-06 -0.205879E-06
340.000  290.0000  0.951639E+03  0.352743E+00 -0.705804E+00  0.140778E+01  0.611920E-03  0.386852E-02  0.143858E-03  0.274363E-06 -0.183609E-06
340.000  300.0000  0.944556E+03  0.360587E+00 -0.710850E+00  0.144648E+01  0.602041E-03  0.387169E-02  0.140332E-03  0.263745E-06 -0.164161E-06
340.000  310.0000  0.937423E+03  0.368693E+00 -0.715641E+00  0.148521E+01  0.591852E-03  0.387481E-02  0.137065E-03  0.253724E-06 -0.147134E-06
340.000  320.0000  0.930244E+03  0.377061E+00 -0.720182E+00  0.152397E+01  0.581344E-03  0.387787E-02  0.134032E-03  0.244280E-06 -0.132188E-06
340.000  330.0000  0.923020E+03  0.385688E+00 -0.724474E+00  0.156277E+01  0.570508E-03  0.388086E-02  0.131208E-03  0.235393E-06 -0.119038E-06
340.000  340.0000  0.915755E+03  0.394570E+00 -0.728517E+00  0.160159E+01  0.559338E-03  0.388377E-02  0.128572E-03  0.227045E-06 -0.107441E-06
340.000  350.0000  0.908451E+03  0.403704E+00 -0.732310E+00  0.164044E+01  0.547827E-03  0.388659E-02  0.126107E-03  0.219220E-06 -0.971921E-07
340.000  360.0000  0.901110E+03  0.413086E+00 -0.735852E+00  0.167932E+01  0.535968E-03  0.388930E-02  0.123797E-03  0.211900E-06 -0.881145E-07
340.000  370.0000  0.893735E+03  0.422712E+00 -0.739141E+00  0.171823E+01  0.523756E-03  0.389192E-02  0.121626E-03  0.205068E-06 -0.800584E-07
340.000  380.0000  0.886328E+03  0.432574E+00 -0.742174E+00  0.175716E+01  0.511188E-03  0.389441E-02  0.119582E-03  0.198708E-06 -0.728946E-07
340.000  390.0000  0.878892E+03  0.442669E+00 -0.744947E+00  0.179611E+01  0.498259E-03  0.389677E-02  0.117654E-03  0.192803E-06 -0.665124E-07
340.000  400.0000  0.871430E+03  0.452987E+00 -0.747458E+00  0.183509E+01  0.484965E-03  0.389901E-02  0.115830E-03  0.187334E-06 -0.608159E-07
340.000  410.0000  0.863944E+03  0.463522E+00 -0.749703E+00  0.187409E+01  0.471310E-03  0.390110E-02  0.114102E-03  0.182284E-06 -0.557221E-07
340.000  420.0000  0.856437E+03  0.474265E+00 -0.751677E+00  0.191311E+01  0.457287E-03  0.390305E-02  0.112460E-03  0.177634E-06 -0.511591E-07
340.000  430.0000  0.848911E+03  0.485206E+00 -0.753377E+00  0.195215E+01  0.442898E-03  0.390486E-02  0.110898E-03  0.173364E-06 -0.470642E-07
340.000  440.0000  0.841370E+03  0.496336E+00 -0.754799E+00  0.199121E+01  0.428145E-03  0.390651E-02  0.109408E-03  0.169455E-06 -0.433826E-07
340.000  450.0000  0.833816E+03  0.507642E+00 -0.755940E+00  0.203028E+01  0.413030E-03  0.390800E-02  0.107984E-03  0.165885E-06 -0.400665E-07
340.000  460.0000  0.826252E+03  0.519112E+00 -0.756795E+00  0.206937E+01  0.397556E-03  0.390933E-02  0.106620E-03  0.162634E-06 -0.370738E-07
340.000  470.0000  0.818681E+03  0.530734E+00 -0.757362E+00  0.210847E+01  0.381727E-03  0.391050E-02  0.105311E-03  0.159681E-06 -0.343674E-07
340.000  480.0000  0.811106E+03  0.542493E+00 -0.757637E+00  0.214758E+01  0.365550E-03  0.391151E-02  0.104053E-03  0.157002E-06 -0.319149E-07
340.000  490.0000  0.803530E+03  0.554373E+00 -0.757615E+00  0.218670E+01  0.349032E-03  0.391234E-02  0.102842E-03  0.154576E-06 -0.296872E-07
340.000  500.0000  0.795955E+03  0.566359E+00 -0.757295E+00  0.222583E+01  0.332183E-03  0.391300E-02  0.101673E-03  0.152380E-06 -0.276589E-07
340.000  510.0000  0.788385E+03  0.578432E+00 -0.756671E+00  0.226496E+01  0.315016E-03  0.391347E-02  0.100544E-03  0.150391E-06 -0.258074E-07
340.000  520.0000  0.780822E+03  0.590574E+00 -0.755741E+00  0.230410E+01  0.297543E-03  0.391375E-02  0.994513E-04  0.148587E-06 -0.241125E-07
340.000  530.0000  0.773271E+03  0.602765E+00 -0.754499E+00  0.234323E+01  0.279783E-03  0.391383E-02  0.983927E-04  0.146944E-06 -0.225564E-07
340.000  540.0000  0.765733E+03  0.614982E+00 -0.752943E+00  0.238237E+01  0.261754E-03  0.391371E-02  0.973658E-04  0.145441E-06 -0.211233E-07
340.000  550.0000  0.758213E+03  0.627204E+00 -0.751067E+00  0.242151E+01  0.243479E-03  0.391336E-02  0.963685E-04  0.144054E-06 -0.197989E-07
340.000  560.0000  0.750713E+03  0.639407E+00 -0.748867E+00  0.246064E+01  0.224987E-03  0.391277E-02  0.953993E-04  0.142764E-06 -0.185708E-07
340.000  570.0000  0.743237E+03  0.651564E+00 -0.746338E+00  0.249976E+01  0.206305E-03  0.391193E-02  0.944565E-04  0.141548E-06 -0.174278E-07
340.000  580.0000  0.735787E+03  0.663650E+00 -0.743475E+00  0.253888E+01  0.187469E-03  0.391081E-02  0.935389E-04  0.140386E-06 -0.163600E-07
340.000  590.0000  0.728368E+03  0.675636E+00 -0.740274E+00  0.257798E+01  0.168516E-03  0.390940E-02  0.926454E-04  0.139260E-06 -0.153587E-07
340.000  600.0000  0.720983E+03  0.687495E+00 -0.736731E+00  0.261706E+01  0.149489E-03  0.390767E-02  0.917753E-04  0.138151E-06 -0.144161E-07
350.000    0.0000  0.112602E+04  0.262105E+00 -0.448828E+00  0.304146E+00  0.791394E-03  0.363127E-02  0.184861E-02  0.451290E-05 -0.513382E-04
350.000   10.0000  0.112140E+04  0.258986E+00 -0.471875E+00  0.341106E+00  0.785495E-03  0.374653E-02  0.141344E-02  0.319761E-05 -0.327299E-04
350.000   20.0000  0.111662E+04  0.256267E+00 -0.483157E+00  0.378876E+00  0.781964E-03  0.380049E-02  0.112525E-02  0.237622E-05 -0.222491E-04
350.000   30.0000  0.111175E+04  0.254056E+00 -0.490193E+00  0.417017E+00  0.779253E-03  0.382429E-02  0.923355E-03  0.184850E-05 -0.158717E-04
350.000   40.0000  0.110682E+04  0.252422E+00 -0.496454E+00  0.455313E+00  0.776587E-03  0.383342E-02  0.775698E-03  0.149677E-05 -0.117431E-04
350.000   50.0000  0.110182E+04  0.251388E+00 -0.503332E+00  0.493662E+00  0.773611E-03  0.383555E-02  0.664061E-03  0.125323E-05 -0.893481E-05
350.000   60.0000  0.109675E+04  0.250944E+00 -0.511218E+00  0.532014E+00  0.770197E-03  0.383450E-02  0.577423E-03  0.107829E-05 -0.694801E-05
350.000   70.0000  0.109159E+04  0.251063E+00 -0.520060E+00  0.570348E+00  0.766326E-03  0.383219E-02  0.508762E-03  0.948279E-06 -0.549767E-05
350.000   80.0000  0.108634E+04  0.251710E+00 -0.529643E+00  0.608657E+00  0.762027E-03  0.382960E-02  0.453404E-03  0.848610E-06 -0.441206E-05
350.000   90.0000  0.108100E+04  0.252848E+00 -0.539714E+00  0.646941E+00  0.757346E-03  0.382722E-02  0.408120E-03  0.770014E-06 -0.358280E-05
350.000  100.0000  0.107555E+04  0.254441E+00 -0.550043E+00  0.685203E+00  0.752331E-03  0.382529E-02  0.370614E-03  0.706439E-06 -0.293870E-05
350.000  110.0000  0.107000E+04  0.256457E+00 -0.560440E+00  0.723448E+00  0.747026E-03  0.382392E-02  0.339208E-03  0.653823E-06 -0.243141E-05
350.000  120.0000  0.106434E+04  0.258867E+00 -0.570756E+00  0.761683E+00  0.741466E-03  0.382313E-02  0.312655E-03  0.609372E-06 -0.202713E-05
350.000  130.0000  0.105858E+04  0.261647E+00 -0.580884E+00  0.799913E+00  0.735679E-03  0.382292E-02  0.290006E-03  0.571123E-06 -0.170165E-05
350.000  140.0000  0.105272E+04  0.264775E+00 -0.590748E+00  0.838143E+00  0.729685E-03  0.382324E-02  0.270533E-03  0.537671E-06 -0.143726E-05
350.000  150.0000  0.104677E+04  0.268233E+00 -0.600296E+00  0.876379E+00  0.723498E-03  0.382405E-02  0.253668E-03  0.507990E-06 -0.122082E-05
350.000  160.0000  0.104072E+04  0.272007E+00 -0.609499E+00  0.914626E+00  0.717126E-03  0.382528E-02  0.238962E-03  0.481324E-06 -0.104236E-05
350.000  170.0000  0.103458E+04  0.276084E+00 -0.618341E+00  0.952886E+00  0.710570E-03  0.382688E-02  0.226059E-03  0.457108E-06 -0.894280E-06
350.000  180.0000  0.102835E+04  0.280455E+00 -0.626815E+00  0.991164E+00  0.703835E-03  0.382879E-02  0.214670E-03  0.434913E-06 -0.770693E-06
350.000  190.0000  0.102204E+04  0.285109E+00 -0.634925E+00  0.102946E+01  0.696915E-03  0.383097E-02  0.204565E-03  0.414413E-06 -0.666996E-06
350.000  200.0000  0.101565E+04  0.290042E+00 -0.642677E+00  0.106778E+01  0.689806E-03  0.383336E-02  0.195554E-03  0.395358E-06 -0.579558E-06
350.000  210.0000  0.100919E+04  0.295247E+00 -0.650082E+00  0.110613E+01  0.682501E-03  0.383593E-02  0.187479E-03  0.377554E-06 -0.505491E-06
350.000  220.0000  0.100265E+04  0.300720E+00 -0.657151E+00  0.114450E+01  0.674992E-03  0.383863E-02  0.180212E-03  0.360851E-06 -0.442480E-06
350.000  230.0000  0.996049E+03  0.306457E+00 -0.663898E+00  0.118290E+01  0.667271E-03  0.384143E-02  0.173645E-03  0.345130E-06 -0.388660E-06
350.000  240.0000  0.989377E+03  0.312455E+00 -0.670335E+00  0.122133E+01  0.659328E-03  0.384431E-02  0.167688E-03  0.330300E-06 -0.342517E-06
350.000  250.0000  0.982643E+03  0.318713E+00 -0.676474E+00  0.125979E+01  0.651154E-03  0.384723E-02  0.162266E-03  0.316287E-06 -0.302813E-06
350.000  260.0000  0.975849E+03  0.325226E+00 -0.682326E+00  0.129828E+01  0.642738E-03  0.385018E-02  0.157312E-03  0.303032E-06 -0.268534E-06
350.000  270.0000  0.968998E+03  0.331995E+00 -0.687901E+00  0.133679E+01  0.634071E-03  0.385313E-02  0.152774E-03  0.290488E-06 -0.238843E-06
350.000  280.0000  0.962092E+03  0.339017E+00 -0.693207E+00  0.137534E+01  0.625142E-03  0.385607E-02  0.148602E-03  0.278616E-06 -0.213046E-06
350.000  290.0000  0.955134E+03  0.346290E+00 -0.698252E+00  0.141391E+01  0.615944E-03  0.385899E-02  0.144758E-03  0.267384E-06 -0.190568E-06
350.000  300.0000  0.948128E+03  0.353812E+00 -0.703041E+00  0.145252E+01  0.606521E-03  0.386220E-02  0.141205E-03  0.256726E-06 -0.170926E-06
350.000  310.0000  0.941074E+03  0.361581E+00 -0.707578E+00  0.149115E+01  0.596700E-03  0.386468E-02  0.137914E-03  0.246737E-06 -0.153715E-06
350.000  320.0000  0.933977E+03  0.369595E+00 -0.711868E+00  0.152981E+01  0.586639E-03  0.386743E-02  0.134857E-03  0.237277E-06 -0.138596E-06
350.000  330.0000  0.926838E+03  0.377852E+00 -0.715911E+00  0.156850E+01  0.576275E-03  0.387010E-02  0.132011E-03  0.228368E-06 -0.125282E-06
350.000  340.0000  0.919660E+03  0.386347E+00 -0.719708E+00  0.160721E+01  0.565601E-03  0.387269E-02  0.129355E-03  0.219990E-06 -0.113529E-06
350.000  350.0000  0.912444E+03  0.395077E+00 -0.723260E+00  0.164595E+01  0.554612E-03  0.387518E-02  0.126872E-03  0.212129E-06 -0.103130E-06
350.000  360.0000  0.905195E+03  0.404037E+00 -0.726565E+00  0.168472E+01  0.543303E-03  0.387756E-02  0.124544E-03  0.204767E-06 -0.939087E-07
350.000  370.0000  0.897914E+03  0.413225E+00 -0.729622E+00  0.172350E+01  0.531669E-03  0.387983E-02  0.122357E-03  0.197887E-06 -0.857142E-07
350.000  380.0000  0.890604E+03  0.422632E+00 -0.732429E+00  0.176231E+01  0.519706E-03  0.388197E-02  0.120299E-03  0.191475E-06 -0.784170E-07
350.000  390.0000  0.883266E+03  0.432254E+00 -0.734983E+00  0.180114E+01  0.507412E-03  0.388399E-02  0.118357E-03  0.185512E-06 -0.719055E-07
350.000  400.0000  0.875905E+03  0.442084E+00 -0.737282E+00  0.183999E+01  0.494785E-03  0.388588E-02  0.116521E-03  0.179983E-06 -0.660837E-07
350.000  410.0000  0.868521E+03  0.452115E+00 -0.739322E+00  0.187886E+01  0.481824E-03  0.388762E-02  0.114782E-03  0.174869E-06 -0.608684E-07
350.000  420.0000  0.861119E+03  0.462337E+00 -0.741101E+00  0.191774E+01  0.468528E-03  0.388922E-02  0.113131E-03  0.170153E-06 -0.561871E-07
350.000  430.0000  0.853700E+03  0.472743E+00 -0.742615E+00  0.195664E+01  0.454897E-03  0.389068E-02  0.111560E-03  0.165816E-06 -0.519771E-07
350.000  440.0000  0.846268E+03  0.483322E+00 -0.743862E+00  0.199556E+01  0.440934E-03  0.389198E-02  0.110062E-03  0.161838E-06 -0.481836E-07
350.000  450.0000  0.838824E+03  0.494064E+00 -0.744839E+00  0.203448E+01  0.426639E-03  0.389313E-02  0.108632E-03  0.158201E-06 -0.447583E-07
350.000  460.0000  0.831372E+03  0.504957E+00 -0.745542E+00  0.207342E+01  0.412018E-03  0.389412E-02  0.107263E-03  0.154883E-06 -0.416593E-07
350.000  470.0000  0.823914E+03  0.515990E+00 -0.745971E+00  0.211237E+01  0.397073E-03  0.389496E-02  0.105951E-03  0.151865E-06 -0.388494E-07
350.000  480.0000  0.816453E+03  0.527150E+00 -0.746121E+00  0.215132E+01  0.381810E-03  0.389563E-02  0.104689E-03  0.149124E-06 -0.362960E-07
350.000  490.0000  0.808993E+03  0.538422E+00 -0.745990E+00  0.219028E+01  0.366237E-03  0.389614E-02  0.103476E-03  0.146640E-06 -0.339702E-07
350.000  500.0000  0.801535E+03  0.549791E+00 -0.745576E+00  0.222924E+01  0.350362E-03  0.389649E-02  0.102305E-03  0.144391E-06 -0.318463E-07
350.000  510.0000  0.794082E+03  0.561243E+00 -0.744877E+00  0.226821E+01  0.334195E-03  0.389666E-02  0.101175E-03  0.142354E-06 -0.299019E-07
350.000  520.0000  0.786638E+03  0.572759E+00 -0.743889E+00  0.230717E+01  0.317749E-03  0.389666E-02  0.100083E-03  0.140509E-06 -0.281167E-07
350.000  530.0000  0.779205E+03  0.584321E+00 -0.742610E+00  0.234614E+01  0.301038E-03  0.389647E-02  0.990246E-04  0.138833E-06 -0.264729E-07
350.000  540.0000  0.771787E+03  0.595912E+00 -0.741037E+00  0.238510E+01  0.284080E-03  0.389610E-02  0.979986E-04  0.137305E-06 -0.249545E-07
350.000  550.0000  0.764385E+03  0.607509E+00 -0.739166E+00  0.242406E+01  0.266893E-03  0.389553E-02  0.970027E-04  0.135904E-06 -0.235476E-07
350.000  560.0000  0.757004E+03  0.619093E+00 -0.736994E+00  0.246301E+01  0.249502E-03  0.389474E-02  0.960352E-04  0.134609E-06 -0.222394E-07
350.000  570.0000  0.749647E+03  0.630640E+00 -0.734518E+00  0.250195E+01  0.231932E-03  0.389373E-02  0.950943E-04  0.133399E-06 -0.210188E-07
350.000  580.0000  0.742315E+03  0.642128E+00 -0.731734E+00  0.254089E+01  0.214211E-03  0.389248E-02  0.941789E-04  0.132256E-06 -0.198759E-07
350.000  590.0000  0.735013E+03  0.653530E+00 -0.728638E+00  0.257980E+01  0.196374E-03  0.389097E-02  0.932876E-04  0.131160E-06 -0.188020E-07
350.000  600.0000  0.727743E+03  0.664823E+00 -0.725227E+00  0.261870E+01  0.178455E-03  0.388918E-02  0.924197E-04  0.130094E-06 -0.177891E-07
